Frames,ThreadId,igToMmMsg_Send,Time,SensorId,RequestId,X,Y,Z,Roll,Pitch,Yaw,X Vel,Y Vel,Z Vel,RollVel,PitchVel,YawVel
1,140610502421504,true,1788547932.668797,2,19772,35.27,-116.64,15000.00,0.00,-10.30,26.53,0.0,0.0,0.0,0.0,0.0,0.0
1,140610502421504,false,1788547932.670,2,19772,-895.94,-56.01,-27.71,-26.52,-4.76,9.15,0.00,0.00,0.00,180.00,180.00,180.00
2,140610502421504,true,1788547932.685273,2,19772,35.27,-116.64,15000.00,0.00,-10.32,26.52,0.0,0.0,0.0,0.0,0.0,0.0
2,140610502421504,false,1788547932.686,2,19774,-895.44,-56.75,-27.67,-26.54,-4.82,9.09,0.00,0.00,0.00,180.00,180.00,180.00
3,140610502421504,true,1788547932.702175,2,19774,35.27,-116.64,15000.00,0.00,-10.28,26.54,0.0,0.0,0.0,0.0,0.0,0.0
3,140610502421504,false,1788547932.703,2,19774,-895.35,-57.11,-27.65,-26.54,-4.87,9.05,0.00,0.00,0.00,180.00,180.00,180.00
4,140610502421504,true,1788547932.718645,2,19774,35.27,-116.64,15000.00,0.00,-10.27,26.54,0.0,0.0,0.0,0.0,0.0,0.0
4,140610502421504,false,1788547932.720,2,19776,-895.02,-57.62,-27.65,-26.56,-4.95,8.97,0.00,0.00,0.00,180.00,180.00,180.00
5,140610502421504,true,1788547932.735307,2,19776,35.27,-116.64,15000.00,0.00,-10.24,26.56,0.0,0.0,0.0,0.0,0.0,0.0
5,140610502421504,false,1788547932.736,2,19776,-894.87,-57.82,-27.55,-26.56,-4.98,8.93,0.00,0.00,0.00,180.00,180.00,180.00
6,140610502421504,true,1788547932.751981,2,19776,35.27,-116.64,15000.00,0.00,-10.21,26.56,0.0,0.0,0.0,0.0,0.0,0.0
6,140610502421504,false,1788547932.753,2,19778,-894.80,-58.27,-27.44,-26.54,-4.99,8.87,0.00,0.00,0.00,180.00,180.00,180.00
7,140610502421504,true,1788547932.768628,2,19778,35.27,-116.64,15000.00,0.00,-10.16,26.54,0.0,0.0,0.0,0.0,0.0,0.0
7,140610502421504,false,1788547932.770,2,19778,-894.59,-58.25,-27.32,-26.54,-4.99,8.85,0.00,0.00,0.00,180.00,180.00,180.00
8,140610502421504,true,1788547932.785309,2,19778,35.27,-116.64,15000.00,0.00,-10.15,26.54,0.0,0.0,0.0,0.0,0.0,0.0
8,140610502421504,false,1788547932.786,2,19780,-894.25,-58.33,-27.46,-26.53,-4.97,8.86,0.00,0.00,0.00,180.00,180.00,180.00
9,140610502421504,true,1788547932.801973,2,19780,35.27,-116.64,15000.00,0.00,-10.15,26.53,0.0,0.0,0.0,0.0,0.0,0.0
9,140610502421504,false,1788547932.803,2,19780,-894.10,-58.44,-27.61,-26.53,-4.97,8.87,0.00,0.00,0.00,180.00,180.00,180.00
10,140610502421504,true,1788547932.818712,2,19780,35.27,-116.64,15000.00,0.00,-10.16,26.53,0.0,0.0,0.0,0.0,0.0,0.0
10,140610502421504,false,1788547932.820,2,19782,-893.68,-58.48,-27.98,-26.56,-4.95,8.93,0.00,0.00,0.00,180.00,180.00,180.00
11,140610502421504,true,1788547932.835611,2,19782,35.27,-116.64,15000.00,0.00,-10.20,26.56,0.0,0.0,0.0,0.0,0.0,0.0
11,140610502421504,false,1788547932.837,2,19782,-893.51,-58.55,-28.16,-26.56,-4.95,8.94,0.00,0.00,0.00,180.00,180.00,180.00
12,140610502421504,true,1788547932.851940,2,19782,35.27,-116.64,15000.00,0.00,-10.21,26.56,0.0,0.0,0.0,0.0,0.0,0.0
12,140610502421504,false,1788547932.853,2,19784,-893.15,-58.58,-28.35,-26.57,-4.97,8.93,0.00,0.00,0.00,180.00,180.00,180.00
13,140610502421504,true,1788547932.868734,2,19784,35.27,-116.64,15000.00,0.00,-10.21,26.57,0.0,0.0,0.0,0.0,0.0,0.0
13,140610502421504,false,1788547932.870,2,19784,-893.06,-58.58,-28.40,-26.57,-5.00,8.90,0.00,0.00,0.00,180.00,180.00,180.00
14,140610502421504,true,1788547932.885433,2,19784,35.27,-116.64,15000.00,0.00,-10.19,26.57,0.0,0.0,0.0,0.0,0.0,0.0
14,140610502421504,false,1788547932.886,2,19786,-892.90,-58.59,-28.30,-26.57,-5.07,8.82,0.00,0.00,0.00,180.00,180.00,180.00
15,140610502421504,true,1788547932.902115,2,19786,35.27,-116.64,15000.00,0.00,-10.15,26.57,0.0,0.0,0.0,0.0,0.0,0.0
15,140610502421504,false,1788547932.903,2,19786,-892.79,-58.67,-28.26,-26.56,-5.08,8.82,0.00,0.00,0.00,180.00,180.00,180.00
16,140610502421504,true,1788547932.918638,2,19786,35.27,-116.64,15000.00,0.00,-10.16,26.56,0.0,0.0,0.0,0.0,0.0,0.0
17,140610502421504,true,1788547932.935265,2,19786,35.27,-116.64,15000.00,0.00,-10.16,26.56,0.0,0.0,0.0,0.0,0.0,0.0
17,140610502421504,false,1788547932.936,2,19788,-892.38,-58.84,-28.27,-26.56,-5.12,8.82,0.00,0.00,0.00,180.00,180.00,180.00
18,140610502421504,true,1788547932.951970,2,19788,35.27,-116.64,15000.00,0.00,-10.17,26.56,0.0,0.0,0.0,0.0,0.0,0.0
18,140610502421504,false,1788547932.953,2,19789,-892.19,-59.02,-28.22,-26.57,-5.12,8.80,0.00,0.00,0.00,180.00,180.00,180.00
19,140610502421504,true,1788547932.968644,2,19789,35.27,-116.64,15000.00,0.00,-10.16,26.57,0.0,0.0,0.0,0.0,0.0,0.0
19,140610502421504,false,1788547932.970,2,19789,-892.08,-59.10,-28.16,-26.58,-5.12,8.79,0.00,0.00,0.00,180.00,180.00,180.00
20,140610502421504,true,1788547932.985930,2,19789,35.27,-116.64,15000.00,0.00,-10.15,26.58,0.0,0.0,0.0,0.0,0.0,0.0
20,140610502421504,false,1788547932.987,2,19791,-891.91,-59.23,-28.02,-26.61,-5.10,8.75,0.00,0.00,0.00,180.00,180.00,180.00
21,140610502421504,true,1788547933.001973,2,19791,35.27,-116.64,15000.00,0.00,-10.11,26.61,0.0,0.0,0.0,0.0,0.0,0.0
21,140610502421504,false,1788547933.003,2,19791,-891.87,-59.40,-27.93,-26.63,-5.09,8.74,0.00,0.00,0.00,180.00,180.00,180.00
22,140610502421504,true,1788547933.018659,2,19791,35.27,-116.64,15000.00,0.00,-10.09,26.63,0.0,0.0,0.0,0.0,0.0,0.0
22,140610502421504,false,1788547933.020,2,19793,-891.77,-59.70,-27.83,-26.70,-5.10,8.69,0.00,0.00,0.00,180.00,180.00,180.00
23,140610502421504,true,1788547933.035312,2,19793,35.27,-116.64,15000.00,0.00,-10.06,26.70,0.0,0.0,0.0,0.0,0.0,0.0
23,140610502421504,false,1788547933.036,2,19793,-891.59,-59.81,-27.74,-26.75,-5.12,8.67,0.00,0.00,0.00,180.00,180.00,180.00
24,140610502421504,true,1788547933.051967,2,19793,35.27,-116.64,15000.00,0.00,-10.05,26.75,0.0,0.0,0.0,0.0,0.0,0.0
24,140610502421504,false,1788547933.053,2,19795,-891.50,-60.10,-27.80,-26.78,-5.14,8.67,0.00,0.00,0.00,180.00,180.00,180.00
25,140610502421504,true,1788547933.068619,2,19795,35.27,-116.64,15000.00,0.00,-10.05,26.78,0.0,0.0,0.0,0.0,0.0,0.0
25,140610502421504,false,1788547933.070,2,19795,-891.39,-60.24,-27.79,-26.80,-5.15,8.67,0.00,0.00,0.00,180.00,180.00,180.00
26,140610502421504,true,1788547933.085300,2,19795,35.27,-116.64,15000.00,0.00,-10.06,26.80,0.0,0.0,0.0,0.0,0.0,0.0
26,140610502421504,false,1788547933.086,2,19797,-891.34,-60.48,-27.97,-26.84,-5.18,8.66,0.00,0.00,0.00,180.00,180.00,180.00
27,140610502421504,true,1788547933.101974,2,19797,35.27,-116.64,15000.00,0.00,-10.07,26.84,0.0,0.0,0.0,0.0,0.0,0.0
27,140610502421504,false,1788547933.103,2,19797,-891.19,-60.56,-27.96,-26.85,-5.17,8.67,0.00,0.00,0.00,180.00,180.00,180.00
28,140610502421504,true,1788547933.118787,2,19797,35.27,-116.64,15000.00,0.00,-10.07,26.85,0.0,0.0,0.0,0.0,0.0,0.0
28,140610502421504,false,1788547933.120,2,19799,-891.11,-60.73,-28.09,-26.85,-5.17,8.67,0.00,0.00,0.00,180.00,180.00,180.00
29,140610502421504,true,1788547933.135480,2,19799,35.27,-116.64,15000.00,0.00,-10.07,26.85,0.0,0.0,0.0,0.0,0.0,0.0
29,140610502421504,false,1788547933.136,2,19799,-891.05,-60.77,-28.11,-26.85,-5.18,8.67,0.00,0.00,0.00,180.00,180.00,180.00
30,140610502421504,true,1788547933.151960,2,19799,35.27,-116.64,15000.00,0.00,-10.07,26.85,0.0,0.0,0.0,0.0,0.0,0.0
31,140610502421504,true,1788547933.168569,2,19799,35.27,-116.64,15000.00,0.00,-10.07,26.85,0.0,0.0,0.0,0.0,0.0,0.0
31,140610502421504,false,1788547933.170,2,19801,-890.99,-61.13,-28.01,-26.84,-5.16,8.68,0.00,0.00,0.00,180.00,180.00,180.00
32,140610502421504,true,1788547933.185278,2,19801,35.27,-116.64,15000.00,0.00,-10.08,26.84,0.0,0.0,0.0,0.0,0.0,0.0
32,140610502421504,false,1788547933.186,2,19802,-890.94,-61.21,-28.07,-26.86,-5.19,8.69,0.00,0.00,0.00,180.00,180.00,180.00
33,140610502421504,true,1788547933.201977,2,19802,35.27,-116.64,15000.00,0.00,-10.10,26.86,0.0,0.0,0.0,0.0,0.0,0.0
33,140610502421504,false,1788547933.203,2,19802,-890.85,-61.28,-28.11,-26.87,-5.19,8.73,0.00,0.00,0.00,180.00,180.00,180.00
34,140610502421504,true,1788547933.218672,2,19802,35.27,-116.64,15000.00,0.00,-10.13,26.87,0.0,0.0,0.0,0.0,0.0,0.0
34,140610502421504,false,1788547933.220,2,19804,-890.88,-61.34,-28.36,-26.87,-5.19,8.77,0.00,0.00,0.00,180.00,180.00,180.00
35,140610502421504,true,1788547933.235264,2,19804,35.27,-116.64,15000.00,0.00,-10.16,26.87,0.0,0.0,0.0,0.0,0.0,0.0
35,140610502421504,false,1788547933.236,2,19804,-890.83,-61.28,-28.39,-26.87,-5.20,8.78,0.00,0.00,0.00,180.00,180.00,180.00
36,140610502421504,true,1788547933.252009,2,19804,35.27,-116.64,15000.00,0.00,-10.18,26.87,0.0,0.0,0.0,0.0,0.0,0.0
36,140610502421504,false,1788547933.253,2,19806,-890.93,-61.24,-28.61,-26.85,-5.22,8.79,0.00,0.00,0.00,180.00,180.00,180.00
37,140610502421504,true,1788547933.268549,2,19806,35.27,-116.64,15000.00,0.00,-10.20,26.85,0.0,0.0,0.0,0.0,0.0,0.0
37,140610502421504,false,1788547933.270,2,19806,-890.94,-61.21,-28.67,-26.82,-5.23,8.80,0.00,0.00,0.00,180.00,180.00,180.00
38,140610502421504,true,1788547933.285228,2,19806,35.27,-116.64,15000.00,0.00,-10.22,26.82,0.0,0.0,0.0,0.0,0.0,0.0
38,140610502421504,false,1788547933.286,2,19808,-891.10,-61.03,-28.87,-26.80,-5.22,8.82,0.00,0.00,0.00,180.00,180.00,180.00
39,140610502421504,true,1788547933.301980,2,19808,35.27,-116.64,15000.00,0.00,-10.23,26.80,0.0,0.0,0.0,0.0,0.0,0.0
39,140610502421504,false,1788547933.303,2,19808,-891.11,-60.96,-28.70,-26.79,-5.21,8.83,0.00,0.00,0.00,180.00,180.00,180.00
40,140610502421504,true,1788547933.318611,2,19808,35.27,-116.64,15000.00,0.00,-10.23,26.79,0.0,0.0,0.0,0.0,0.0,0.0
40,140610502421504,false,1788547933.320,2,19810,-891.43,-60.80,-28.85,-26.75,-5.18,8.83,0.00,0.00,0.00,180.00,180.00,180.00
41,140610502421504,true,1788547933.335261,2,19810,35.27,-116.64,15000.00,0.00,-10.22,26.75,0.0,0.0,0.0,0.0,0.0,0.0
41,140610502421504,false,1788547933.336,2,19810,-891.51,-60.64,-28.74,-26.74,-5.18,8.83,0.00,0.00,0.00,180.00,180.00,180.00
42,140610502421504,true,1788547933.351937,2,19810,35.27,-116.64,15000.00,0.00,-10.21,26.74,0.0,0.0,0.0,0.0,0.0,0.0
42,140610502421504,false,1788547933.353,2,19812,-891.84,-60.44,-28.74,-26.72,-5.16,8.83,0.00,0.00,0.00,180.00,180.00,180.00
43,140610502421504,true,1788547933.369266,2,19812,35.27,-116.64,15000.00,0.00,-10.21,26.72,0.0,0.0,0.0,0.0,0.0,0.0
43,140610502421504,false,1788547933.370,2,19812,-891.88,-60.32,-28.69,-26.71,-5.15,8.83,0.00,0.00,0.00,180.00,180.00,180.00
44,140610502421504,true,1788547933.385454,2,19812,35.27,-116.64,15000.00,0.00,-10.21,26.71,0.0,0.0,0.0,0.0,0.0,0.0
44,140610502421504,false,1788547933.386,2,19814,-892.18,-60.04,-28.80,-26.68,-5.15,8.85,0.00,0.00,0.00,180.00,180.00,180.00
45,140610502421504,true,1788547933.402089,2,19814,35.27,-116.64,15000.00,0.00,-10.22,26.68,0.0,0.0,0.0,0.0,0.0,0.0
45,140610502421504,false,1788547933.403,2,19814,-892.18,-59.95,-28.78,-26.66,-5.15,8.85,0.00,0.00,0.00,180.00,180.00,180.00
46,140610502421504,true,1788547933.418571,2,19814,35.27,-116.64,15000.00,0.00,-10.22,26.66,0.0,0.0,0.0,0.0,0.0,0.0
47,140610502421504,true,1788547933.435384,2,19814,35.27,-116.64,15000.00,0.00,-10.22,26.66,0.0,0.0,0.0,0.0,0.0,0.0
47,140610502421504,false,1788547933.436,2,19816,-892.62,-59.77,-28.81,-26.63,-5.14,8.85,0.00,0.00,0.00,180.00,180.00,180.00
48,140610502421504,true,1788547933.451924,2,19816,35.27,-116.64,15000.00,0.00,-10.21,26.63,0.0,0.0,0.0,0.0,0.0,0.0
49,140610502421504,true,1788547933.468600,2,19816,35.27,-116.64,15000.00,0.00,-10.21,26.63,0.0,0.0,0.0,0.0,0.0,0.0
49,140610502421504,false,1788547933.470,2,19817,-892.98,-59.76,-28.90,-26.61,-5.13,8.87,0.00,0.00,0.00,180.00,180.00,180.00
50,140610502421504,true,1788547933.485286,2,19817,35.27,-116.64,15000.00,0.00,-10.23,26.61,0.0,0.0,0.0,0.0,0.0,0.0
50,140610502421504,false,1788547933.486,2,19818,-893.24,-59.74,-29.06,-26.62,-5.14,8.89,0.00,0.00,0.00,180.00,180.00,180.00
51,140610502421504,true,1788547933.501985,2,19818,35.27,-116.64,15000.00,0.00,-10.25,26.62,0.0,0.0,0.0,0.0,0.0,0.0
51,140610502421504,false,1788547933.503,2,19818,-893.24,-59.81,-29.07,-26.61,-5.14,8.90,0.00,0.00,0.00,180.00,180.00,180.00
52,140610502421504,true,1788547933.518607,2,19818,35.27,-116.64,15000.00,0.00,-10.26,26.61,0.0,0.0,0.0,0.0,0.0,0.0
52,140610502421504,false,1788547933.520,2,19820,-893.40,-59.86,-29.22,-26.62,-5.15,8.91,0.00,0.00,0.00,180.00,180.00,180.00
53,140610502421504,true,1788547933.535267,2,19820,35.27,-116.64,15000.00,0.00,-10.27,26.62,0.0,0.0,0.0,0.0,0.0,0.0
53,140610502421504,false,1788547933.536,2,19820,-893.33,-59.91,-29.21,-26.63,-5.15,8.92,0.00,0.00,0.00,180.00,180.00,180.00
54,140610502421504,true,1788547933.551970,2,19820,35.27,-116.64,15000.00,0.00,-10.28,26.63,0.0,0.0,0.0,0.0,0.0,0.0
54,140610502421504,false,1788547933.553,2,19821,-893.38,-59.99,-29.33,-26.64,-5.16,8.93,0.00,0.00,0.00,180.00,180.00,180.00
55,140610502421504,true,1788547933.568737,2,19821,35.27,-116.64,15000.00,0.00,-10.29,26.64,0.0,0.0,0.0,0.0,0.0,0.0
55,140610502421504,false,1788547933.570,2,19822,-893.23,-60.07,-29.31,-26.66,-5.16,8.93,0.00,0.00,0.00,180.00,180.00,180.00
56,140610502421504,true,1788547933.585402,2,19822,35.27,-116.64,15000.00,0.00,-10.29,26.66,0.0,0.0,0.0,0.0,0.0,0.0
56,140610502421504,false,1788547933.586,2,19824,-893.25,-60.18,-29.40,-26.68,-5.16,8.93,0.00,0.00,0.00,180.00,180.00,180.00
57,140610502421504,true,1788547933.602091,2,19824,35.27,-116.64,15000.00,0.00,-10.29,26.68,0.0,0.0,0.0,0.0,0.0,0.0
57,140610502421504,false,1788547933.603,2,19824,-893.11,-60.30,-29.37,-26.69,-5.17,8.93,0.00,0.00,0.00,180.00,180.00,180.00
58,140610502421504,true,1788547933.618574,2,19824,35.27,-116.64,15000.00,0.00,-10.30,26.69,0.0,0.0,0.0,0.0,0.0,0.0
59,140610502421504,true,1788547933.635387,2,19824,35.27,-116.64,15000.00,0.00,-10.30,26.69,0.0,0.0,0.0,0.0,0.0,0.0
59,140610502421504,false,1788547933.636,2,19826,-892.94,-60.56,-29.44,-26.73,-5.17,8.93,0.00,0.00,0.00,180.00,180.00,180.00
60,140610502421504,true,1788547933.651944,2,19826,35.27,-116.64,15000.00,0.00,-10.30,26.73,0.0,0.0,0.0,0.0,0.0,0.0
61,140610502421504,true,1788547933.668551,2,19826,35.27,-116.64,15000.00,0.00,-10.30,26.73,0.0,0.0,0.0,0.0,0.0,0.0
61,140610502421504,false,1788547933.670,2,19827,-892.83,-60.81,-29.28,-26.75,-5.17,8.89,0.00,0.00,0.00,180.00,180.00,180.00
62,140610502421504,true,1788547933.685243,2,19827,35.27,-116.64,15000.00,0.00,-10.27,26.75,0.0,0.0,0.0,0.0,0.0,0.0
62,140610502421504,false,1788547933.686,2,19827,-892.84,-60.89,-29.21,-26.74,-5.16,8.88,0.00,0.00,0.00,180.00,180.00,180.00
63,140610502421504,true,1788547933.701953,2,19827,35.27,-116.64,15000.00,0.00,-10.26,26.74,0.0,0.0,0.0,0.0,0.0,0.0
63,140610502421504,false,1788547933.703,2,19829,-892.74,-60.96,-29.13,-26.74,-5.16,8.85,0.00,0.00,0.00,180.00,180.00,180.00
64,140610502421504,true,1788547933.718781,2,19829,35.27,-116.64,15000.00,0.00,-10.23,26.74,0.0,0.0,0.0,0.0,0.0,0.0
64,140610502421504,false,1788547933.720,2,19829,-892.81,-60.98,-28.99,-26.74,-5.16,8.82,0.00,0.00,0.00,180.00,180.00,180.00
65,140610502421504,true,1788547933.735369,2,19829,35.27,-116.64,15000.00,0.00,-10.20,26.74,0.0,0.0,0.0,0.0,0.0,0.0
65,140610502421504,false,1788547933.736,2,19831,-892.71,-61.00,-29.02,-26.71,-5.15,8.83,0.00,0.00,0.00,180.00,180.00,180.00
66,140610502421504,true,1788547933.752472,2,19831,35.27,-116.64,15000.00,0.00,-10.20,26.71,0.0,0.0,0.0,0.0,0.0,0.0
67,140610502421504,true,1788547933.768830,2,19831,35.27,-116.64,15000.00,0.00,-10.20,26.71,0.0,0.0,0.0,0.0,0.0,0.0
67,140610502421504,false,1788547933.770,2,19832,-892.47,-61.07,-29.02,-26.70,-5.11,8.85,0.00,0.00,0.00,180.00,180.00,180.00
68,140610502421504,true,1788547933.785418,2,19832,35.27,-116.64,15000.00,0.00,-10.20,26.70,0.0,0.0,0.0,0.0,0.0,0.0
68,140610502421504,false,1788547933.786,2,19832,-892.44,-61.00,-29.01,-26.72,-5.12,8.83,0.00,0.00,0.00,180.00,180.00,180.00
69,140610502421504,true,1788547933.802084,2,19832,35.27,-116.64,15000.00,0.00,-10.19,26.72,0.0,0.0,0.0,0.0,0.0,0.0
69,140610502421504,false,1788547933.803,2,19834,-892.35,-61.01,-28.87,-26.70,-5.11,8.82,0.00,0.00,0.00,180.00,180.00,180.00
70,140610502421504,true,1788547933.818573,2,19834,35.27,-116.64,15000.00,0.00,-10.17,26.70,0.0,0.0,0.0,0.0,0.0,0.0
71,140610502421504,true,1788547933.835161,2,19834,35.27,-116.64,15000.00,0.00,-10.17,26.70,0.0,0.0,0.0,0.0,0.0,0.0
71,140610502421504,false,1788547933.836,2,19835,-892.24,-60.96,-28.68,-26.69,-5.09,8.77,0.00,0.00,0.00,180.00,180.00,180.00
72,140610502421504,true,1788547933.851911,2,19835,35.27,-116.64,15000.00,0.00,-10.12,26.69,0.0,0.0,0.0,0.0,0.0,0.0
73,140610502421504,true,1788547933.868624,2,19835,35.27,-116.64,15000.00,0.00,-10.12,26.69,0.0,0.0,0.0,0.0,0.0,0.0
73,140610502421504,false,1788547933.869,2,19836,-892.18,-60.97,-28.66,-26.68,-5.09,8.74,0.00,0.00,0.00,180.00,180.00,180.00
74,140610502421504,true,1788547933.885463,2,19836,35.27,-116.64,15000.00,0.00,-10.09,26.68,0.0,0.0,0.0,0.0,0.0,0.0
74,140610502421504,false,1788547933.886,2,19836,-892.25,-61.01,-28.67,-26.68,-5.09,8.72,0.00,0.00,0.00,180.00,180.00,180.00
75,140610502421504,true,1788547933.902195,2,19836,35.27,-116.64,15000.00,0.00,-10.08,26.68,0.0,0.0,0.0,0.0,0.0,0.0
75,140610502421504,false,1788547933.903,2,19838,-892.28,-61.08,-28.72,-26.68,-5.10,8.71,0.00,0.00,0.00,180.00,180.00,180.00
76,140610502421504,true,1788547933.918617,2,19838,35.27,-116.64,15000.00,0.00,-10.08,26.68,0.0,0.0,0.0,0.0,0.0,0.0
76,140610502421504,false,1788547933.920,2,19838,-892.38,-61.11,-28.72,-26.68,-5.11,8.72,0.00,0.00,0.00,180.00,180.00,180.00
77,140610502421504,true,1788547933.935270,2,19838,35.27,-116.64,15000.00,0.00,-10.08,26.68,0.0,0.0,0.0,0.0,0.0,0.0
77,140610502421504,false,1788547933.936,2,19840,-892.51,-61.28,-28.69,-26.70,-5.11,8.74,0.00,0.00,0.00,180.00,180.00,180.00
78,140610502421504,true,1788547933.951939,2,19840,35.27,-116.64,15000.00,0.00,-10.10,26.70,0.0,0.0,0.0,0.0,0.0,0.0
78,140610502421504,false,1788547933.953,2,19840,-892.59,-61.32,-28.79,-26.71,-5.13,8.75,0.00,0.00,0.00,180.00,180.00,180.00
79,140610502421504,true,1788547933.968773,2,19840,35.27,-116.64,15000.00,0.00,-10.12,26.71,0.0,0.0,0.0,0.0,0.0,0.0
79,140610502421504,false,1788547933.970,2,19842,-892.66,-61.44,-28.89,-26.72,-5.13,8.82,0.00,0.00,0.00,180.00,180.00,180.00
80,140610502421504,true,1788547933.985127,2,19842,35.27,-116.64,15000.00,0.00,-10.18,26.72,0.0,0.0,0.0,0.0,0.0,0.0
81,140610502421504,true,1788547934.002025,2,19842,35.27,-116.64,15000.00,0.00,-10.18,26.72,0.0,0.0,0.0,0.0,0.0,0.0
81,140610502421504,false,1788547934.003,2,19843,-892.67,-61.43,-29.18,-26.73,-5.13,8.88,0.00,0.00,0.00,180.00,180.00,180.00
82,140610502421504,true,1788547934.018663,2,19843,35.27,-116.64,15000.00,0.00,-10.24,26.73,0.0,0.0,0.0,0.0,0.0,0.0
82,140610502421504,false,1788547934.020,2,19843,-892.63,-61.45,-29.35,-26.74,-5.13,8.89,0.00,0.00,0.00,180.00,180.00,180.00
83,140610502421504,true,1788547934.035253,2,19843,35.27,-116.64,15000.00,0.00,-10.25,26.74,0.0,0.0,0.0,0.0,0.0,0.0
83,140610502421504,false,1788547934.036,2,19845,-892.50,-61.48,-29.45,-26.77,-5.15,8.90,0.00,0.00,0.00,180.00,180.00,180.00
84,140610502421504,true,1788547934.052031,2,19845,35.27,-116.64,15000.00,0.00,-10.26,26.77,0.0,0.0,0.0,0.0,0.0,0.0
84,140610502421504,false,1788547934.053,2,19845,-892.59,-61.50,-29.50,-26.76,-5.17,8.88,0.00,0.00,0.00,180.00,180.00,180.00
85,140610502421504,true,1788547934.068616,2,19845,35.27,-116.64,15000.00,0.00,-10.26,26.76,0.0,0.0,0.0,0.0,0.0,0.0
85,140610502421504,false,1788547934.070,2,19847,-892.65,-61.45,-29.44,-26.74,-5.15,8.87,0.00,0.00,0.00,180.00,180.00,180.00
86,140610502421504,true,1788547934.085348,2,19847,35.27,-116.64,15000.00,0.00,-10.24,26.74,0.0,0.0,0.0,0.0,0.0,0.0
86,140610502421504,false,1788547934.086,2,19847,-892.76,-61.45,-29.42,-26.72,-5.14,8.86,0.00,0.00,0.00,180.00,180.00,180.00
87,140610502421504,true,1788547934.102245,2,19847,35.27,-116.64,15000.00,0.00,-10.23,26.72,0.0,0.0,0.0,0.0,0.0,0.0
87,140610502421504,false,1788547934.103,2,19849,-892.75,-61.38,-29.47,-26.72,-5.13,8.87,0.00,0.00,0.00,180.00,180.00,180.00
88,140610502421504,true,1788547934.118710,2,19849,35.27,-116.64,15000.00,0.00,-10.23,26.72,0.0,0.0,0.0,0.0,0.0,0.0
88,140610502421504,false,1788547934.120,2,19849,-892.84,-61.38,-29.47,-26.71,-5.12,8.88,0.00,0.00,0.00,180.00,180.00,180.00
89,140610502421504,true,1788547934.135275,2,19849,35.27,-116.64,15000.00,0.00,-10.24,26.71,0.0,0.0,0.0,0.0,0.0,0.0
89,140610502421504,false,1788547934.136,2,19851,-892.78,-61.40,-29.39,-26.71,-5.10,8.88,0.00,0.00,0.00,180.00,180.00,180.00
90,140610502421504,true,1788547934.152558,2,19851,35.27,-116.64,15000.00,0.00,-10.22,26.71,0.0,0.0,0.0,0.0,0.0,0.0
90,140610502421504,false,1788547934.153,2,19851,-892.85,-61.39,-29.48,-26.71,-5.13,8.87,0.00,0.00,0.00,180.00,180.00,180.00
91,140610502421504,true,1788547934.168794,2,19851,35.27,-116.64,15000.00,0.00,-10.23,26.71,0.0,0.0,0.0,0.0,0.0,0.0
91,140610502421504,false,1788547934.170,2,19853,-892.81,-61.46,-29.59,-26.67,-5.13,8.89,0.00,0.00,0.00,180.00,180.00,180.00
92,140610502421504,true,1788547934.185487,2,19853,35.27,-116.64,15000.00,0.00,-10.24,26.67,0.0,0.0,0.0,0.0,0.0,0.0
92,140610502421504,false,1788547934.186,2,19853,-892.87,-61.50,-29.66,-26.68,-5.12,8.89,0.00,0.00,0.00,180.00,180.00,180.00
93,140610502421504,true,1788547934.202231,2,19853,35.27,-116.64,15000.00,0.00,-10.25,26.68,0.0,0.0,0.0,0.0,0.0,0.0
93,140610502421504,false,1788547934.203,2,19855,-892.86,-61.60,-29.80,-26.68,-5.15,8.89,0.00,0.00,0.00,180.00,180.00,180.00
94,140610502421504,true,1788547934.218840,2,19855,35.27,-116.64,15000.00,0.00,-10.25,26.68,0.0,0.0,0.0,0.0,0.0,0.0
94,140610502421504,false,1788547934.220,2,19855,-892.92,-61.67,-29.85,-26.68,-5.16,8.90,0.00,0.00,0.00,180.00,180.00,180.00
95,140610502421504,true,1788547934.235264,2,19855,35.27,-116.64,15000.00,0.00,-10.27,26.68,0.0,0.0,0.0,0.0,0.0,0.0
96,140610502421504,true,1788547934.252119,2,19855,35.27,-116.64,15000.00,0.00,-10.27,26.68,0.0,0.0,0.0,0.0,0.0,0.0
96,140610502421504,false,1788547934.253,2,19857,-892.93,-61.90,-29.97,-26.69,-5.14,8.92,0.00,0.00,0.00,180.00,180.00,180.00
97,140610502421504,true,1788547934.268618,2,19857,35.27,-116.64,15000.00,0.00,-10.28,26.69,0.0,0.0,0.0,0.0,0.0,0.0
98,140610502421504,true,1788547934.285516,2,19857,35.27,-116.64,15000.00,0.00,-10.28,26.69,0.0,0.0,0.0,0.0,0.0,0.0
98,140610502421504,false,1788547934.286,2,19858,-892.87,-62.01,-30.18,-26.73,-5.15,8.95,0.00,0.00,0.00,180.00,180.00,180.00
99,140610502421504,true,1788547934.302217,2,19858,35.27,-116.64,15000.00,0.00,-10.31,26.73,0.0,0.0,0.0,0.0,0.0,0.0
99,140610502421504,false,1788547934.303,2,19859,-892.91,-62.06,-30.33,-26.72,-5.16,8.96,0.00,0.00,0.00,180.00,180.00,180.00
100,140610502421504,true,1788547934.318824,2,19859,35.27,-116.64,15000.00,0.00,-10.32,26.72,0.0,0.0,0.0,0.0,0.0,0.0
100,140610502421504,false,1788547934.320,2,19859,-893.02,-62.07,-30.50,-26.69,-5.17,8.97,0.00,0.00,0.00,180.00,180.00,180.00
101,140610502421504,true,1788547934.335260,2,19859,35.27,-116.64,15000.00,0.00,-10.34,26.69,0.0,0.0,0.0,0.0,0.0,0.0
102,140610502421504,true,1788547934.352100,2,19859,35.27,-116.64,15000.00,0.00,-10.34,26.69,0.0,0.0,0.0,0.0,0.0,0.0
102,140610502421504,false,1788547934.353,2,19861,-893.37,-61.91,-30.93,-26.58,-5.17,9.02,0.00,0.00,0.00,180.00,180.00,180.00
103,140610502421504,true,1788547934.368736,2,19861,35.27,-116.64,15000.00,0.00,-10.38,26.58,0.0,0.0,0.0,0.0,0.0,0.0
103,140610502421504,false,1788547934.370,2,19862,-893.75,-61.70,-31.24,-26.48,-5.15,9.07,0.00,0.00,0.00,180.00,180.00,180.00
104,140610502421504,true,1788547934.385467,2,19862,35.27,-116.64,15000.00,0.00,-10.41,26.48,0.0,0.0,0.0,0.0,0.0,0.0
104,140610502421504,false,1788547934.386,2,19862,-894.16,-61.47,-31.41,-26.40,-5.12,9.08,0.00,0.00,0.00,180.00,180.00,180.00
105,140610502421504,true,1788547934.402203,2,19862,35.27,-116.64,15000.00,0.00,-10.41,26.40,0.0,0.0,0.0,0.0,0.0,0.0
105,140610502421504,false,1788547934.403,2,19864,-895.39,-60.06,-31.51,-26.03,-5.04,9.06,0.00,0.00,0.00,180.00,180.00,180.00
106,140610502421504,true,1788547934.419001,2,19864,35.27,-116.64,15000.00,0.00,-10.35,26.03,0.0,0.0,0.0,0.0,0.0,0.0
106,140610502421504,false,1788547934.420,2,19864,-896.36,-58.74,-31.56,-25.62,-4.99,9.06,0.00,0.00,0.00,180.00,180.00,180.00
107,140610502421504,true,1788547934.435410,2,19864,35.27,-116.64,15000.00,0.00,-10.33,25.62,0.0,0.0,0.0,0.0,0.0,0.0
107,140610502421504,false,1788547934.436,2,19866,-898.46,-55.65,-31.28,-24.69,-4.90,9.07,0.00,0.00,0.00,180.00,180.00,180.00
108,140610502421504,true,1788547934.452123,2,19866,35.27,-116.64,15000.00,0.00,-10.28,24.69,0.0,0.0,0.0,0.0,0.0,0.0
108,140610502421504,false,1788547934.453,2,19866,-899.74,-53.71,-31.45,-24.19,-4.90,9.08,0.00,0.00,0.00,180.00,180.00,180.00
109,140610502421504,true,1788547934.468610,2,19866,35.27,-116.64,15000.00,0.00,-10.29,24.19,0.0,0.0,0.0,0.0,0.0,0.0
110,140610502421504,true,1788547934.485366,2,19866,35.27,-116.64,15000.00,0.00,-10.29,24.19,0.0,0.0,0.0,0.0,0.0,0.0
110,140610502421504,false,1788547934.486,2,19868,-903.62,-47.76,-31.98,-22.55,-4.67,9.25,0.00,0.00,0.00,180.00,180.00,180.00
111,140610502421504,true,1788547934.501975,2,19868,35.27,-116.64,15000.00,0.00,-10.34,22.55,0.0,0.0,0.0,0.0,0.0,0.0
111,140610502421504,false,1788547934.503,2,19869,-906.47,-43.34,-32.30,-21.36,-4.36,9.34,0.00,0.00,0.00,180.00,180.00,180.00
112,140610502421504,true,1788547934.518680,2,19869,35.27,-116.64,15000.00,0.00,-10.29,21.36,0.0,0.0,0.0,0.0,0.0,0.0
112,140610502421504,false,1788547934.520,2,19869,-908.18,-40.84,-32.22,-20.72,-4.25,9.33,0.00,0.00,0.00,180.00,180.00,180.00
113,140610502421504,true,1788547934.535899,2,19869,35.27,-116.64,15000.00,0.00,-10.23,20.72,0.0,0.0,0.0,0.0,0.0,0.0
113,140610502421504,false,1788547934.537,2,19871,-911.67,-35.41,-31.66,-19.19,-4.04,9.25,0.00,0.00,0.00,180.00,180.00,180.00
114,140610502421504,true,1788547934.551990,2,19871,35.27,-116.64,15000.00,0.00,-10.07,19.19,0.0,0.0,0.0,0.0,0.0,0.0
114,140610502421504,false,1788547934.553,2,19871,-913.44,-32.63,-31.55,-18.45,-3.97,9.22,0.00,0.00,0.00,180.00,180.00,180.00
115,140610502421504,true,1788547934.568597,2,19871,35.27,-116.64,15000.00,0.00,-10.00,18.45,0.0,0.0,0.0,0.0,0.0,0.0
115,140610502421504,false,1788547934.569,2,19873,-916.55,-27.26,-31.56,-17.02,-3.86,9.23,0.00,0.00,0.00,180.00,180.00,180.00
116,140610502421504,true,1788547934.585440,2,19873,35.27,-116.64,15000.00,0.00,-9.95,17.02,0.0,0.0,0.0,0.0,0.0,0.0
116,140610502421504,false,1788547934.586,2,19873,-918.03,-24.82,-31.88,-16.31,-3.75,9.27,0.00,0.00,0.00,180.00,180.00,180.00
117,140610502421504,true,1788547934.602129,2,19873,35.27,-116.64,15000.00,0.00,-9.95,16.31,0.0,0.0,0.0,0.0,0.0,0.0
117,140610502421504,false,1788547934.603,2,19875,-921.04,-19.75,-32.56,-14.89,-3.51,9.41,0.00,0.00,0.00,180.00,180.00,180.00
118,140610502421504,true,1788547934.618840,2,19875,35.27,-116.64,15000.00,0.00,-9.99,14.89,0.0,0.0,0.0,0.0,0.0,0.0
118,140610502421504,false,1788547934.620,2,19875,-922.63,-17.31,-32.94,-14.24,-3.38,9.42,0.00,0.00,0.00,180.00,180.00,180.00
119,140610502421504,true,1788547934.635631,2,19875,35.27,-116.64,15000.00,0.00,-9.96,14.24,0.0,0.0,0.0,0.0,0.0,0.0
119,140610502421504,false,1788547934.637,2,19877,-926.04,-11.80,-32.97,-12.72,-3.21,9.31,0.00,0.00,0.00,180.00,180.00,180.00
120,140610502421504,true,1788547934.651958,2,19877,35.27,-116.64,15000.00,0.00,-9.79,12.72,0.0,0.0,0.0,0.0,0.0,0.0
121,140610502421504,true,1788547934.668770,2,19877,35.27,-116.64,15000.00,0.00,-9.79,12.72,0.0,0.0,0.0,0.0,0.0,0.0
121,140610502421504,false,1788547934.670,2,19878,-931.73,-2.57,-32.37,-9.97,-2.67,9.13,0.00,0.00,0.00,180.00,180.00,180.00
122,140610502421504,true,1788547934.685457,2,19878,35.27,-116.64,15000.00,0.00,-9.46,9.97,0.0,0.0,0.0,0.0,0.0,0.0
122,140610502421504,false,1788547934.686,2,19878,-933.73,0.68,-32.39,-9.14,-2.56,9.10,0.00,0.00,0.00,180.00,180.00,180.00
123,140610502421504,true,1788547934.702112,2,19878,35.27,-116.64,15000.00,0.00,-9.39,9.14,0.0,0.0,0.0,0.0,0.0,0.0
123,140610502421504,false,1788547934.703,2,19880,-937.97,7.38,-32.42,-7.30,-2.36,8.96,0.00,0.00,0.00,180.00,180.00,180.00
124,140610502421504,true,1788547934.718657,2,19880,35.27,-116.64,15000.00,0.00,-9.19,7.30,0.0,0.0,0.0,0.0,0.0,0.0
125,140610502421504,true,1788547934.735287,2,19880,35.27,-116.64,15000.00,0.00,-9.19,7.30,0.0,0.0,0.0,0.0,0.0,0.0
125,140610502421504,false,1788547934.736,2,19881,-944.80,18.87,-32.15,-3.96,-1.86,8.70,0.00,0.00,0.00,180.00,180.00,180.00
126,140610502421504,true,1788547934.751981,2,19881,35.27,-116.64,15000.00,0.00,-8.81,3.96,0.0,0.0,0.0,0.0,0.0,0.0
126,140610502421504,false,1788547934.753,2,19881,-947.26,23.30,-32.43,-2.76,-1.71,8.64,0.00,0.00,0.00,180.00,180.00,180.00
127,140610502421504,true,1788547934.768807,2,19881,35.27,-116.64,15000.00,0.00,-8.71,2.76,0.0,0.0,0.0,0.0,0.0,0.0
127,140610502421504,false,1788547934.770,2,19883,-951.65,32.29,-33.18,-0.32,-1.50,8.51,0.00,0.00,0.00,180.00,180.00,180.00
128,140610502421504,true,1788547934.785326,2,19883,35.27,-116.64,15000.00,0.00,-8.52,0.32,0.0,0.0,0.0,0.0,0.0,0.0
129,140610502421504,true,1788547934.802100,2,19883,35.27,-116.64,15000.00,0.00,-8.52,0.32,0.0,0.0,0.0,0.0,0.0,0.0
129,140610502421504,false,1788547934.803,2,19884,-958.10,47.42,-33.78,3.90,-1.17,8.19,0.00,0.00,0.00,180.00,180.00,180.00
130,140610502421504,true,1788547934.818870,2,19884,35.27,-116.64,15000.00,0.00,-8.09,-3.90,0.0,0.0,0.0,0.0,0.0,0.0
130,140610502421504,false,1788547934.820,2,19884,-960.23,52.40,-33.99,5.23,-1.03,8.10,0.00,0.00,0.00,180.00,180.00,180.00
131,140610502421504,true,1788547934.835410,2,19884,35.27,-116.64,15000.00,0.00,-7.98,-5.23,0.0,0.0,0.0,0.0,0.0,0.0
131,140610502421504,false,1788547934.836,2,19885,-964.02,62.56,-34.99,7.87,-0.78,7.99,0.00,0.00,0.00,180.00,180.00,180.00
132,140610502421504,true,1788547934.851968,2,19885,35.27,-116.64,15000.00,0.00,-7.81,-7.87,0.0,0.0,0.0,0.0,0.0,0.0
133,140610502421504,true,1788547934.868654,2,19885,35.27,-116.64,15000.00,0.00,-7.81,-7.87,0.0,0.0,0.0,0.0,0.0,0.0
133,140610502421504,false,1788547934.870,2,19887,-969.44,78.55,-36.25,12.11,-0.32,7.59,0.00,0.00,0.00,180.00,180.00,180.00
134,140610502421504,true,1788547934.885337,2,19887,35.27,-116.64,15000.00,0.00,-7.35,-12.11,0.0,0.0,0.0,0.0,0.0,0.0
134,140610502421504,false,1788547934.886,2,19887,-971.18,83.86,-36.62,13.47,-0.22,7.43,0.00,0.00,0.00,180.00,180.00,180.00
135,140610502421504,true,1788547934.901973,2,19887,35.27,-116.64,15000.00,0.00,-7.17,-13.47,0.0,0.0,0.0,0.0,0.0,0.0
135,140610502421504,false,1788547934.903,2,19889,-974.23,95.09,-37.52,16.12,-0.06,7.17,0.00,0.00,0.00,180.00,180.00,180.00
136,140610502421504,true,1788547934.919243,2,19889,35.27,-116.64,15000.00,0.00,-6.87,-16.12,0.0,0.0,0.0,0.0,0.0,0.0
136,140610502421504,false,1788547934.920,2,19889,-975.28,101.35,-38.29,17.56,-0.03,7.10,0.00,0.00,0.00,180.00,180.00,180.00
137,140610502421504,true,1788547934.935279,2,19889,35.27,-116.64,15000.00,0.00,-6.76,-17.56,0.0,0.0,0.0,0.0,0.0,0.0
137,140610502421504,false,1788547934.936,2,19890,-977.02,113.57,-39.72,20.52,0.27,6.87,0.00,0.00,0.00,180.00,180.00,180.00
138,140610502421504,true,1788547934.952288,2,19890,35.27,-116.64,15000.00,0.00,-6.53,-20.52,0.0,0.0,0.0,0.0,0.0,0.0
138,140610502421504,false,1788547934.953,2,19891,-977.36,120.19,-40.49,21.88,0.42,6.86,0.00,0.00,0.00,180.00,180.00,180.00
139,140610502421504,true,1788547934.968637,2,19891,35.27,-116.64,15000.00,0.00,-6.52,-21.88,0.0,0.0,0.0,0.0,0.0,0.0
139,140610502421504,false,1788547934.970,2,19893,-978.00,132.78,-41.20,24.76,0.64,6.60,0.00,0.00,0.00,180.00,180.00,180.00
140,140610502421504,true,1788547934.985315,2,19893,35.27,-116.64,15000.00,0.00,-6.26,-24.76,0.0,0.0,0.0,0.0,0.0,0.0
140,140610502421504,false,1788547934.986,2,19893,-978.27,139.08,-41.22,26.03,0.70,6.40,0.00,0.00,0.00,180.00,180.00,180.00
141,140610502421504,true,1788547935.001974,2,19893,35.27,-116.64,15000.00,0.00,-6.06,-26.03,0.0,0.0,0.0,0.0,0.0,0.0
141,140610502421504,false,1788547935.003,2,19895,-978.65,151.15,-41.22,28.61,0.87,6.12,0.00,0.00,0.00,180.00,180.00,180.00
142,140610502421504,true,1788547935.018610,2,19895,35.27,-116.64,15000.00,0.00,-5.79,-28.61,0.0,0.0,0.0,0.0,0.0,0.0
142,140610502421504,false,1788547935.020,2,19895,-977.80,158.43,-41.48,29.99,0.91,6.16,0.00,0.00,0.00,180.00,180.00,180.00
143,140610502421504,true,1788547935.035293,2,19895,35.27,-116.64,15000.00,0.00,-5.79,-29.99,0.0,0.0,0.0,0.0,0.0,0.0
143,140610502421504,false,1788547935.036,2,19897,-976.09,170.67,-42.65,32.58,1.03,5.77,0.00,0.00,0.00,180.00,180.00,180.00
144,140610502421504,true,1788547935.051971,2,19897,35.27,-116.64,15000.00,0.00,-5.41,-32.58,0.0,0.0,0.0,0.0,0.0,0.0
144,140610502421504,false,1788547935.061,2,19897,-975.14,177.03,-43.54,33.80,1.29,5.77,0.00,0.00,0.00,180.00,180.00,180.00
145,140610502421504,true,1788547935.068738,2,19897,35.27,-116.64,15000.00,0.00,-5.51,-33.80,0.0,0.0,0.0,0.0,0.0,0.0
145,140610502421504,false,1788547935.070,2,19899,-972.48,188.32,-45.56,36.03,1.67,5.91,0.00,0.00,0.00,180.00,180.00,180.00
146,140610502421504,true,1788547935.085289,2,19899,35.27,-116.64,15000.00,0.00,-5.76,-36.03,0.0,0.0,0.0,0.0,0.0,0.0
146,140610502421504,false,1788547935.086,2,19899,-970.87,193.59,-47.51,37.08,1.93,5.98,0.00,0.00,0.00,180.00,180.00,180.00
147,140610502421504,true,1788547935.102094,2,19899,35.27,-116.64,15000.00,0.00,-5.94,-37.08,0.0,0.0,0.0,0.0,0.0,0.0
147,140610502421504,false,1788547935.103,2,19900,-968.70,203.09,-49.29,38.80,2.18,6.25,0.00,0.00,0.00,180.00,180.00,180.00
148,140610502421504,true,1788547935.118774,2,19900,35.27,-116.64,15000.00,0.00,-6.24,-38.80,0.0,0.0,0.0,0.0,0.0,0.0
148,140610502421504,false,1788547935.120,2,19901,-967.99,207.65,-49.16,39.61,2.17,6.19,0.00,0.00,0.00,180.00,180.00,180.00
149,140610502421504,true,1788547935.135515,2,19901,35.27,-116.64,15000.00,0.00,-6.15,-39.61,0.0,0.0,0.0,0.0,0.0,0.0
149,140610502421504,false,1788547935.136,2,19903,-966.68,216.14,-49.06,41.14,2.30,5.86,0.00,0.00,0.00,180.00,180.00,180.00
150,140610502421504,true,1788547935.151981,2,19903,35.27,-116.64,15000.00,0.00,-5.93,-41.14,0.0,0.0,0.0,0.0,0.0,0.0
151,140610502421504,true,1788547935.168641,2,19903,35.27,-116.64,15000.00,0.00,-5.93,-41.14,0.0,0.0,0.0,0.0,0.0,0.0
151,140610502421504,false,1788547935.170,2,19904,-964.14,227.73,-49.27,43.08,2.68,5.69,0.00,0.00,0.00,180.00,180.00,180.00
152,140610502421504,true,1788547935.185324,2,19904,35.27,-116.64,15000.00,0.00,-5.98,-43.08,0.0,0.0,0.0,0.0,0.0,0.0
152,140610502421504,false,1788547935.186,2,19904,-963.26,231.36,-49.35,43.64,2.74,5.64,0.00,0.00,0.00,180.00,180.00,180.00
153,140610502421504,true,1788547935.201973,2,19904,35.27,-116.64,15000.00,0.00,-5.97,-43.64,0.0,0.0,0.0,0.0,0.0,0.0
153,140610502421504,false,1788547935.203,2,19906,-960.97,239.48,-49.60,44.85,2.85,5.63,0.00,0.00,0.00,180.00,180.00,180.00
154,140610502421504,true,1788547935.218640,2,19906,35.27,-116.64,15000.00,0.00,-6.00,-44.85,0.0,0.0,0.0,0.0,0.0,0.0
154,140610502421504,false,1788547935.220,2,19906,-959.55,243.13,-49.71,45.47,2.90,5.54,0.00,0.00,0.00,180.00,180.00,180.00
155,140610502421504,true,1788547935.235353,2,19906,35.27,-116.64,15000.00,0.00,-5.96,-45.47,0.0,0.0,0.0,0.0,0.0,0.0
155,140610502421504,false,1788547935.236,2,19908,-956.54,250.76,-50.56,46.72,3.26,5.50,0.00,0.00,0.00,180.00,180.00,180.00
156,140610502421504,true,1788547935.252067,2,19908,35.27,-116.64,15000.00,0.00,-6.14,-46.72,0.0,0.0,0.0,0.0,0.0,0.0
156,140610502421504,false,1788547935.253,2,19908,-954.73,254.56,-51.06,47.32,3.41,5.52,0.00,0.00,0.00,180.00,180.00,180.00
157,140610502421504,true,1788547935.268679,2,19908,35.27,-116.64,15000.00,0.00,-6.25,-47.32,0.0,0.0,0.0,0.0,0.0,0.0
157,140610502421504,false,1788547935.270,2,19910,-951.50,262.69,-50.65,48.50,3.51,5.50,0.00,0.00,0.00,180.00,180.00,180.00
158,140610502421504,true,1788547935.285315,2,19910,35.27,-116.64,15000.00,0.00,-6.28,-48.50,0.0,0.0,0.0,0.0,0.0,0.0
158,140610502421504,false,1788547935.286,2,19910,-949.81,266.58,-49.90,49.10,3.48,5.36,0.00,0.00,0.00,180.00,180.00,180.00
159,140610502421504,true,1788547935.302534,2,19910,35.27,-116.64,15000.00,0.00,-6.14,-49.10,0.0,0.0,0.0,0.0,0.0,0.0
159,140610502421504,false,1788547935.304,2,19912,-946.47,274.50,-48.91,50.32,3.64,5.00,0.00,0.00,0.00,180.00,180.00,180.00
160,140610502421504,true,1788547935.318694,2,19912,35.27,-116.64,15000.00,0.00,-5.99,-50.32,0.0,0.0,0.0,0.0,0.0,0.0
160,140610502421504,false,1788547935.320,2,19912,-944.41,278.19,-48.75,50.88,3.75,4.88,0.00,0.00,0.00,180.00,180.00,180.00
161,140610502421504,true,1788547935.335265,2,19912,35.27,-116.64,15000.00,0.00,-5.99,-50.88,0.0,0.0,0.0,0.0,0.0,0.0
161,140610502421504,false,1788547935.336,2,19914,-940.53,285.67,-48.44,52.00,3.86,4.72,0.00,0.00,0.00,180.00,180.00,180.00
162,140610502421504,true,1788547935.352046,2,19914,35.27,-116.64,15000.00,0.00,-5.94,-52.00,0.0,0.0,0.0,0.0,0.0,0.0
162,140610502421504,false,1788547935.353,2,19914,-938.59,289.30,-48.14,52.57,3.92,4.64,0.00,0.00,0.00,180.00,180.00,180.00
163,140610502421504,true,1788547935.368639,2,19914,35.27,-116.64,15000.00,0.00,-5.93,-52.57,0.0,0.0,0.0,0.0,0.0,0.0
163,140610502421504,false,1788547935.370,2,19916,-935.75,295.83,-48.02,53.49,4.12,4.39,0.00,0.00,0.00,180.00,180.00,180.00
164,140610502421504,true,1788547935.385334,2,19916,35.27,-116.64,15000.00,0.00,-5.92,-53.49,0.0,0.0,0.0,0.0,0.0,0.0
164,140610502421504,false,1788547935.386,2,19916,-934.47,298.71,-48.13,53.84,4.29,4.39,0.00,0.00,0.00,180.00,180.00,180.00
165,140610502421504,true,1788547935.402018,2,19916,35.27,-116.64,15000.00,0.00,-6.05,-53.84,0.0,0.0,0.0,0.0,0.0,0.0
165,140610502421504,false,1788547935.403,2,19918,-931.75,304.88,-47.95,54.51,4.33,4.38,0.00,0.00,0.00,180.00,180.00,180.00
166,140610502421504,true,1788547935.418633,2,19918,35.27,-116.64,15000.00,0.00,-6.06,-54.51,0.0,0.0,0.0,0.0,0.0,0.0
166,140610502421504,false,1788547935.420,2,19918,-930.43,307.70,-47.87,54.90,4.36,4.30,0.00,0.00,0.00,180.00,180.00,180.00
167,140610502421504,true,1788547935.435299,2,19918,35.27,-116.64,15000.00,0.00,-6.04,-54.90,0.0,0.0,0.0,0.0,0.0,0.0
167,140610502421504,false,1788547935.436,2,19920,-928.32,313.09,-47.69,55.58,4.53,4.05,0.00,0.00,0.00,180.00,180.00,180.00
168,140610502421504,true,1788547935.452070,2,19920,35.27,-116.64,15000.00,0.00,-6.03,-55.58,0.0,0.0,0.0,0.0,0.0,0.0
168,140610502421504,false,1788547935.453,2,19920,-927.38,315.49,-47.95,55.84,4.70,3.96,0.00,0.00,0.00,180.00,180.00,180.00
169,140610502421504,true,1788547935.468914,2,19920,35.27,-116.64,15000.00,0.00,-6.12,-55.84,0.0,0.0,0.0,0.0,0.0,0.0
169,140610502421504,false,1788547935.470,2,19922,-925.49,320.40,-48.75,56.28,4.98,3.99,0.00,0.00,0.00,180.00,180.00,180.00
170,140610502421504,true,1788547935.485331,2,19922,35.27,-116.64,15000.00,0.00,-6.36,-56.28,0.0,0.0,0.0,0.0,0.0,0.0
170,140610502421504,false,1788547935.486,2,19922,-924.43,322.94,-48.84,56.53,5.02,4.01,0.00,0.00,0.00,180.00,180.00,180.00
171,140610502421504,true,1788547935.502139,2,19922,35.27,-116.64,15000.00,0.00,-6.40,-56.53,0.0,0.0,0.0,0.0,0.0,0.0
171,140610502421504,false,1788547935.503,2,19924,-922.67,327.69,-49.54,57.09,5.19,3.90,0.00,0.00,0.00,180.00,180.00,180.00
172,140610502421504,true,1788547935.518828,2,19924,35.27,-116.64,15000.00,0.00,-6.48,-57.09,0.0,0.0,0.0,0.0,0.0,0.0
172,140610502421504,false,1788547935.520,2,19924,-921.83,329.97,-49.85,57.31,5.37,3.90,0.00,0.00,0.00,180.00,180.00,180.00
173,140610502421504,true,1788547935.535303,2,19924,35.27,-116.64,15000.00,0.00,-6.63,-57.31,0.0,0.0,0.0,0.0,0.0,0.0
174,140610502421504,true,1788547935.552247,2,19924,35.27,-116.64,15000.00,0.00,-6.63,-57.31,0.0,0.0,0.0,0.0,0.0,0.0
174,140610502421504,false,1788547935.553,2,19926,-919.92,336.97,-51.55,57.81,5.78,3.99,0.00,0.00,0.00,180.00,180.00,180.00
175,140610502421504,true,1788547935.568630,2,19926,35.27,-116.64,15000.00,0.00,-7.02,-57.81,0.0,0.0,0.0,0.0,0.0,0.0
176,140610502421504,true,1788547935.585500,2,19926,35.27,-116.64,15000.00,0.00,-7.02,-57.81,0.0,0.0,0.0,0.0,0.0,0.0
176,140610502421504,false,1788547935.586,2,19927,-919.13,343.36,-54.06,58.19,6.35,3.88,0.00,0.00,0.00,180.00,180.00,180.00
177,140610502421504,true,1788547935.602159,2,19927,35.27,-116.64,15000.00,0.00,-7.44,-58.19,0.0,0.0,0.0,0.0,0.0,0.0
177,140610502421504,false,1788547935.603,2,19928,-919.79,346.99,-56.50,58.12,6.80,3.92,0.00,0.00,0.00,180.00,180.00,180.00
178,140610502421504,true,1788547935.618801,2,19928,35.27,-116.64,15000.00,0.00,-7.84,-58.12,0.0,0.0,0.0,0.0,0.0,0.0
178,140610502421504,false,1788547935.620,2,19928,-920.80,348.44,-57.33,57.89,6.93,3.93,0.00,0.00,0.00,180.00,180.00,180.00
179,140610502421504,true,1788547935.635454,2,19928,35.27,-116.64,15000.00,0.00,-7.96,-57.89,0.0,0.0,0.0,0.0,0.0,0.0
179,140610502421504,false,1788547935.636,2,19930,-921.97,350.95,-58.14,57.45,7.12,3.80,0.00,0.00,0.00,180.00,180.00,180.00
180,140610502421504,true,1788547935.652264,2,19930,35.27,-116.64,15000.00,0.00,-8.05,-57.45,0.0,0.0,0.0,0.0,0.0,0.0
180,140610502421504,false,1788547935.653,2,19930,-922.56,351.59,-58.54,57.32,7.24,3.64,0.00,0.00,0.00,180.00,180.00,180.00
181,140610502421504,true,1788547935.668623,2,19930,35.27,-116.64,15000.00,0.00,-8.06,-57.32,0.0,0.0,0.0,0.0,0.0,0.0
182,140610502421504,true,1788547935.686251,2,19930,35.27,-116.64,15000.00,0.00,-8.06,-57.32,0.0,0.0,0.0,0.0,0.0,0.0
182,140610502421504,false,1788547935.687,2,19932,-924.17,352.19,-59.24,56.87,7.65,3.52,0.00,0.00,0.00,180.00,180.00,180.00
183,140610502421504,true,1788547935.702127,2,19932,35.27,-116.64,15000.00,0.00,-8.33,-56.87,0.0,0.0,0.0,0.0,0.0,0.0
183,140610502421504,false,1788547935.703,2,19932,-924.69,351.91,-59.73,56.59,7.73,3.47,0.00,0.00,0.00,180.00,180.00,180.00
184,140610502421504,true,1788547935.718619,2,19932,35.27,-116.64,15000.00,0.00,-8.37,-56.59,0.0,0.0,0.0,0.0,0.0,0.0
185,140610502421504,true,1788547935.735431,2,19932,35.27,-116.64,15000.00,0.00,-8.37,-56.59,0.0,0.0,0.0,0.0,0.0,0.0
185,140610502421504,false,1788547935.736,2,19934,-924.31,351.63,-60.19,56.69,7.78,3.76,0.00,0.00,0.00,180.00,180.00,180.00
186,140610502421504,true,1788547935.751998,2,19934,35.27,-116.64,15000.00,0.00,-8.57,-56.69,0.0,0.0,0.0,0.0,0.0,0.0
187,140610502421504,true,1788547935.768786,2,19934,35.27,-116.64,15000.00,0.00,-8.57,-56.69,0.0,0.0,0.0,0.0,0.0,0.0
187,140610502421504,false,1788547935.770,2,19935,-924.21,351.07,-60.69,56.74,7.88,3.94,0.00,0.00,0.00,180.00,180.00,180.00
188,140610502421504,true,1788547935.785268,2,19935,35.27,-116.64,15000.00,0.00,-8.75,-56.74,0.0,0.0,0.0,0.0,0.0,0.0
189,140610502421504,true,1788547935.801973,2,19935,35.27,-116.64,15000.00,0.00,-8.75,-56.74,0.0,0.0,0.0,0.0,0.0,0.0
189,140610502421504,false,1788547935.803,2,19936,-924.00,350.37,-60.02,56.75,7.77,4.03,0.00,0.00,0.00,180.00,180.00,180.00
190,140610502421504,true,1788547935.818589,2,19936,35.27,-116.64,15000.00,0.00,-8.71,-56.75,0.0,0.0,0.0,0.0,0.0,0.0
190,140610502421504,false,1788547935.820,2,19936,-923.95,350.17,-59.46,56.79,7.68,3.93,0.00,0.00,0.00,180.00,180.00,180.00
191,140610502421504,true,1788547935.835298,2,19936,35.27,-116.64,15000.00,0.00,-8.58,-56.79,0.0,0.0,0.0,0.0,0.0,0.0
191,140610502421504,false,1788547935.836,2,19938,-923.46,349.47,-59.25,56.77,7.73,3.78,0.00,0.00,0.00,180.00,180.00,180.00
192,140610502421504,true,1788547935.851968,2,19938,35.27,-116.64,15000.00,0.00,-8.54,-56.77,0.0,0.0,0.0,0.0,0.0,0.0
192,140610502421504,false,1788547935.853,2,19938,-923.47,349.11,-59.22,56.72,7.71,3.79,0.00,0.00,0.00,180.00,180.00,180.00
193,140610502421504,true,1788547935.868551,2,19938,35.27,-116.64,15000.00,0.00,-8.53,-56.72,0.0,0.0,0.0,0.0,0.0,0.0
193,140610502421504,false,1788547935.870,2,19940,-923.35,348.52,-59.04,56.66,7.63,3.73,0.00,0.00,0.00,180.00,180.00,180.00
194,140610502421504,true,1788547935.885224,2,19940,35.27,-116.64,15000.00,0.00,-8.43,-56.66,0.0,0.0,0.0,0.0,0.0,0.0
194,140610502421504,false,1788547935.886,2,19940,-923.50,348.38,-58.78,56.61,7.62,3.73,0.00,0.00,0.00,180.00,180.00,180.00
195,140610502421504,true,1788547935.901981,2,19940,35.27,-116.64,15000.00,0.00,-8.42,-56.61,0.0,0.0,0.0,0.0,0.0,0.0
195,140610502421504,false,1788547935.903,2,19942,-923.20,348.03,-58.67,56.60,7.55,3.68,0.00,0.00,0.00,180.00,180.00,180.00
196,140610502421504,true,1788547935.918606,2,19942,35.27,-116.64,15000.00,0.00,-8.33,-56.60,0.0,0.0,0.0,0.0,0.0,0.0
196,140610502421504,false,1788547935.920,2,19942,-923.34,347.86,-58.93,56.59,7.55,3.67,0.00,0.00,0.00,180.00,180.00,180.00
197,140610502421504,true,1788547935.935216,2,19942,35.27,-116.64,15000.00,0.00,-8.32,-56.59,0.0,0.0,0.0,0.0,0.0,0.0
197,140610502421504,false,1788547935.936,2,19944,-922.87,347.45,-59.40,56.62,7.55,3.70,0.00,0.00,0.00,180.00,180.00,180.00
198,140610502421504,true,1788547935.951965,2,19944,35.27,-116.64,15000.00,0.00,-8.34,-56.62,0.0,0.0,0.0,0.0,0.0,0.0
198,140610502421504,false,1788547935.953,2,19944,-922.96,347.29,-59.60,56.66,7.54,3.68,0.00,0.00,0.00,180.00,180.00,180.00
199,140610502421504,true,1788547935.968847,2,19944,35.27,-116.64,15000.00,0.00,-8.32,-56.66,0.0,0.0,0.0,0.0,0.0,0.0
199,140610502421504,false,1788547935.970,2,19946,-922.85,346.77,-59.95,56.59,7.60,3.68,0.00,0.00,0.00,180.00,180.00,180.00
200,140610502421504,true,1788547935.985250,2,19946,35.27,-116.64,15000.00,0.00,-8.37,-56.59,0.0,0.0,0.0,0.0,0.0,0.0
201,140610502421504,true,1788547936.002209,2,19946,35.27,-116.64,15000.00,0.00,-8.37,-56.59,0.0,0.0,0.0,0.0,0.0,0.0
201,140610502421504,false,1788547936.003,2,19947,-923.01,346.40,-59.65,56.51,7.49,3.72,0.00,0.00,0.00,180.00,180.00,180.00
202,140610502421504,true,1788547936.018594,2,19947,35.27,-116.64,15000.00,0.00,-8.30,-56.51,0.0,0.0,0.0,0.0,0.0,0.0
202,140610502421504,false,1788547936.020,2,19947,-923.20,346.31,-59.67,56.52,7.49,3.70,0.00,0.00,0.00,180.00,180.00,180.00
203,140610502421504,true,1788547936.035285,2,19947,35.27,-116.64,15000.00,0.00,-8.28,-56.52,0.0,0.0,0.0,0.0,0.0,0.0
203,140610502421504,false,1788547936.036,2,19949,-922.59,346.04,-59.85,56.54,7.52,3.63,0.00,0.00,0.00,180.00,180.00,180.00
204,140610502421504,true,1788547936.051965,2,19949,35.27,-116.64,15000.00,0.00,-8.27,-56.54,0.0,0.0,0.0,0.0,0.0,0.0
204,140610502421504,false,1788547936.053,2,19949,-922.69,346.01,-59.81,56.56,7.54,3.63,0.00,0.00,0.00,180.00,180.00,180.00
205,140610502421504,true,1788547936.068710,2,19949,35.27,-116.64,15000.00,0.00,-8.29,-56.56,0.0,0.0,0.0,0.0,0.0,0.0
205,140610502421504,false,1788547936.070,2,19951,-922.19,346.11,-59.43,56.59,7.50,3.60,0.00,0.00,0.00,180.00,180.00,180.00
206,140610502421504,true,1788547936.085804,2,19951,35.27,-116.64,15000.00,0.00,-8.24,-56.59,0.0,0.0,0.0,0.0,0.0,0.0
207,140610502421504,true,1788547936.102046,2,19951,35.27,-116.64,15000.00,0.00,-8.24,-56.59,0.0,0.0,0.0,0.0,0.0,0.0
207,140610502421504,false,1788547936.103,2,19952,-921.42,346.36,-59.56,56.71,7.54,3.52,0.00,0.00,0.00,180.00,180.00,180.00
208,140610502421504,true,1788547936.118787,2,19952,35.27,-116.64,15000.00,0.00,-8.23,-56.71,0.0,0.0,0.0,0.0,0.0,0.0
208,140610502421504,false,1788547936.120,2,19952,-921.53,346.46,-59.56,56.72,7.55,3.52,0.00,0.00,0.00,180.00,180.00,180.00
209,140610502421504,true,1788547936.135255,2,19952,35.27,-116.64,15000.00,0.00,-8.24,-56.72,0.0,0.0,0.0,0.0,0.0,0.0
210,140610502421504,true,1788547936.151978,2,19952,35.27,-116.64,15000.00,0.00,-8.24,-56.72,0.0,0.0,0.0,0.0,0.0,0.0
210,140610502421504,false,1788547936.153,2,19954,-921.28,346.90,-59.85,56.80,7.54,3.49,0.00,0.00,0.00,180.00,180.00,180.00
211,140610502421504,true,1788547936.168774,2,19954,35.27,-116.64,15000.00,0.00,-8.22,-56.80,0.0,0.0,0.0,0.0,0.0,0.0
211,140610502421504,false,1788547936.170,2,19955,-920.88,347.28,-59.89,56.89,7.57,3.48,0.00,0.00,0.00,180.00,180.00,180.00
212,140610502421504,true,1788547936.185251,2,19955,35.27,-116.64,15000.00,0.00,-8.24,-56.89,0.0,0.0,0.0,0.0,0.0,0.0
213,140610502421504,true,1788547936.201962,2,19955,35.27,-116.64,15000.00,0.00,-8.24,-56.89,0.0,0.0,0.0,0.0,0.0,0.0
213,140610502421504,false,1788547936.203,2,19956,-921.21,347.49,-60.31,56.89,7.62,3.50,0.00,0.00,0.00,180.00,180.00,180.00
214,140610502421504,true,1788547936.218793,2,19956,35.27,-116.64,15000.00,0.00,-8.29,-56.89,0.0,0.0,0.0,0.0,0.0,0.0
214,140610502421504,false,1788547936.220,2,19956,-921.77,347.58,-60.47,56.86,7.60,3.52,0.00,0.00,0.00,180.00,180.00,180.00
215,140610502421504,true,1788547936.235436,2,19956,35.27,-116.64,15000.00,0.00,-8.29,-56.86,0.0,0.0,0.0,0.0,0.0,0.0
215,140610502421504,false,1788547936.236,2,19958,-921.90,347.44,-60.73,56.83,7.59,3.52,0.00,0.00,0.00,180.00,180.00,180.00
216,140610502421504,true,1788547936.251982,2,19958,35.27,-116.64,15000.00,0.00,-8.28,-56.83,0.0,0.0,0.0,0.0,0.0,0.0
217,140610502421504,true,1788547936.268643,2,19958,35.27,-116.64,15000.00,0.00,-8.28,-56.83,0.0,0.0,0.0,0.0,0.0,0.0
217,140610502421504,false,1788547936.270,2,19959,-923.20,347.52,-60.78,56.74,7.63,3.59,0.00,0.00,0.00,180.00,180.00,180.00
218,140610502421504,true,1788547936.285312,2,19959,35.27,-116.64,15000.00,0.00,-8.35,-56.74,0.0,0.0,0.0,0.0,0.0,0.0
218,140610502421504,false,1788547936.286,2,19959,-923.76,347.48,-60.87,56.70,7.64,3.61,0.00,0.00,0.00,180.00,180.00,180.00
219,140610502421504,true,1788547936.301975,2,19959,35.27,-116.64,15000.00,0.00,-8.37,-56.70,0.0,0.0,0.0,0.0,0.0,0.0
219,140610502421504,false,1788547936.303,2,19961,-924.07,347.21,-61.24,56.62,7.65,3.68,0.00,0.00,0.00,180.00,180.00,180.00
220,140610502421504,true,1788547936.318692,2,19961,35.27,-116.64,15000.00,0.00,-8.41,-56.62,0.0,0.0,0.0,0.0,0.0,0.0
220,140610502421504,false,1788547936.320,2,19961,-924.50,347.13,-61.43,56.59,7.65,3.70,0.00,0.00,0.00,180.00,180.00,180.00
221,140610502421504,true,1788547936.335277,2,19961,35.27,-116.64,15000.00,0.00,-8.42,-56.59,0.0,0.0,0.0,0.0,0.0,0.0
221,140610502421504,false,1788547936.336,2,19963,-924.63,347.05,-61.47,56.53,7.64,3.74,0.00,0.00,0.00,180.00,180.00,180.00
222,140610502421504,true,1788547936.352057,2,19963,35.27,-116.64,15000.00,0.00,-8.43,-56.53,0.0,0.0,0.0,0.0,0.0,0.0
222,140610502421504,false,1788547936.353,2,19963,-924.90,347.08,-61.52,56.54,7.64,3.72,0.00,0.00,0.00,180.00,180.00,180.00
223,140610502421504,true,1788547936.368655,2,19963,35.27,-116.64,15000.00,0.00,-8.42,-56.54,0.0,0.0,0.0,0.0,0.0,0.0
223,140610502421504,false,1788547936.370,2,19965,-924.72,347.01,-61.60,56.55,7.64,3.72,0.00,0.00,0.00,180.00,180.00,180.00
224,140610502421504,true,1788547936.385300,2,19965,35.27,-116.64,15000.00,0.00,-8.42,-56.55,0.0,0.0,0.0,0.0,0.0,0.0
224,140610502421504,false,1788547936.386,2,19965,-924.98,346.99,-61.70,56.55,7.63,3.72,0.00,0.00,0.00,180.00,180.00,180.00
225,140610502421504,true,1788547936.401983,2,19965,35.27,-116.64,15000.00,0.00,-8.41,-56.55,0.0,0.0,0.0,0.0,0.0,0.0
225,140610502421504,false,1788547936.403,2,19967,-924.88,346.63,-61.83,56.56,7.60,3.73,0.00,0.00,0.00,180.00,180.00,180.00
226,140610502421504,true,1788547936.418664,2,19967,35.27,-116.64,15000.00,0.00,-8.39,-56.56,0.0,0.0,0.0,0.0,0.0,0.0
226,140610502421504,false,1788547936.420,2,19967,-925.12,346.55,-61.82,56.57,7.60,3.70,0.00,0.00,0.00,180.00,180.00,180.00
227,140610502421504,true,1788547936.435328,2,19967,35.27,-116.64,15000.00,0.00,-8.38,-56.57,0.0,0.0,0.0,0.0,0.0,0.0
227,140610502421504,false,1788547936.436,2,19969,-925.15,346.10,-61.43,56.53,7.57,3.70,0.00,0.00,0.00,180.00,180.00,180.00
228,140610502421504,true,1788547936.451982,2,19969,35.27,-116.64,15000.00,0.00,-8.36,-56.53,0.0,0.0,0.0,0.0,0.0,0.0
228,140610502421504,false,1788547936.453,2,19969,-925.57,345.86,-61.42,56.49,7.56,3.71,0.00,0.00,0.00,180.00,180.00,180.00
229,140610502421504,true,1788547936.469248,2,19969,35.27,-116.64,15000.00,0.00,-8.35,-56.49,0.0,0.0,0.0,0.0,0.0,0.0
229,140610502421504,false,1788547936.470,2,19971,-925.56,345.02,-61.60,56.42,7.54,3.67,0.00,0.00,0.00,180.00,180.00,180.00
230,140610502421504,true,1788547936.485290,2,19971,35.27,-116.64,15000.00,0.00,-8.31,-56.42,0.0,0.0,0.0,0.0,0.0,0.0
230,140610502421504,false,1788547936.486,2,19971,-925.70,344.83,-61.60,56.42,7.53,3.68,0.00,0.00,0.00,180.00,180.00,180.00
231,140610502421504,true,1788547936.501973,2,19971,35.27,-116.64,15000.00,0.00,-8.31,-56.42,0.0,0.0,0.0,0.0,0.0,0.0
231,140610502421504,false,1788547936.503,2,19973,-925.58,344.25,-61.26,56.40,7.50,3.67,0.00,0.00,0.00,180.00,180.00,180.00
232,140610502421504,true,1788547936.518684,2,19973,35.27,-116.64,15000.00,0.00,-8.28,-56.40,0.0,0.0,0.0,0.0,0.0,0.0
232,140610502421504,false,1788547936.520,2,19973,-925.83,344.10,-61.19,56.39,7.51,3.63,0.00,0.00,0.00,180.00,180.00,180.00
233,140610502421504,true,1788547936.535520,2,19973,35.27,-116.64,15000.00,0.00,-8.26,-56.39,0.0,0.0,0.0,0.0,0.0,0.0
233,140610502421504,false,1788547936.536,2,19975,-925.59,343.66,-61.00,56.37,7.47,3.64,0.00,0.00,0.00,180.00,180.00,180.00
234,140610502421504,true,1788547936.551971,2,19975,35.27,-116.64,15000.00,0.00,-8.24,-56.37,0.0,0.0,0.0,0.0,0.0,0.0
235,140610502421504,true,1788547936.568774,2,19975,35.27,-116.64,15000.00,0.00,-8.24,-56.37,0.0,0.0,0.0,0.0,0.0,0.0
235,140610502421504,false,1788547936.570,2,19976,-925.61,343.26,-60.77,56.32,7.43,3.62,0.00,0.00,0.00,180.00,180.00,180.00
236,140610502421504,true,1788547936.585259,2,19976,35.27,-116.64,15000.00,0.00,-8.19,-56.32,0.0,0.0,0.0,0.0,0.0,0.0
237,140610502421504,true,1788547936.602175,2,19976,35.27,-116.64,15000.00,0.00,-8.19,-56.32,0.0,0.0,0.0,0.0,0.0,0.0
237,140610502421504,false,1788547936.603,2,19977,-925.63,343.08,-60.84,56.28,7.41,3.64,0.00,0.00,0.00,180.00,180.00,180.00
238,140610502421504,true,1788547936.618782,2,19977,35.27,-116.64,15000.00,0.00,-8.18,-56.28,0.0,0.0,0.0,0.0,0.0,0.0
238,140610502421504,false,1788547936.620,2,19977,-925.87,343.25,-60.79,56.28,7.41,3.63,0.00,0.00,0.00,180.00,180.00,180.00
239,140610502421504,true,1788547936.635284,2,19977,35.27,-116.64,15000.00,0.00,-8.18,-56.28,0.0,0.0,0.0,0.0,0.0,0.0
240,140610502421504,true,1788547936.652131,2,19977,35.27,-116.64,15000.00,0.00,-8.18,-56.28,0.0,0.0,0.0,0.0,0.0,0.0
240,140610502421504,false,1788547936.653,2,19979,-926.04,343.28,-61.01,56.17,7.46,3.66,0.00,0.00,0.00,180.00,180.00,180.00
241,140610502421504,true,1788547936.668645,2,19979,35.27,-116.64,15000.00,0.00,-8.23,-56.17,0.0,0.0,0.0,0.0,0.0,0.0
242,140610502421504,true,1788547936.685288,2,19979,35.27,-116.64,15000.00,0.00,-8.23,-56.17,0.0,0.0,0.0,0.0,0.0,0.0
242,140610502421504,false,1788547936.686,2,19980,-926.29,343.43,-61.28,56.06,7.49,3.73,0.00,0.00,0.00,180.00,180.00,180.00
243,140610502421504,true,1788547936.702192,2,19980,35.27,-116.64,15000.00,0.00,-8.29,-56.06,0.0,0.0,0.0,0.0,0.0,0.0
243,140610502421504,false,1788547936.703,2,19981,-926.57,343.23,-61.30,55.93,7.50,3.71,0.00,0.00,0.00,180.00,180.00,180.00
244,140610502421504,true,1788547936.718627,2,19981,35.27,-116.64,15000.00,0.00,-8.29,-55.93,0.0,0.0,0.0,0.0,0.0,0.0
245,140610502421504,true,1788547936.735457,2,19981,35.27,-116.64,15000.00,0.00,-8.29,-55.93,0.0,0.0,0.0,0.0,0.0,0.0
245,140610502421504,false,1788547936.736,2,19982,-927.55,342.60,-61.70,55.68,7.60,3.73,0.00,0.00,0.00,180.00,180.00,180.00
246,140610502421504,true,1788547936.751960,2,19982,35.27,-116.64,15000.00,0.00,-8.38,-55.68,0.0,0.0,0.0,0.0,0.0,0.0
247,140610502421504,true,1788547936.768621,2,19982,35.27,-116.64,15000.00,0.00,-8.38,-55.68,0.0,0.0,0.0,0.0,0.0,0.0
247,140610502421504,false,1788547936.770,2,19983,-929.55,341.56,-61.71,55.27,7.61,3.82,0.00,0.00,0.00,180.00,180.00,180.00
248,140610502421504,true,1788547936.785443,2,19983,35.27,-116.64,15000.00,0.00,-8.44,-55.27,0.0,0.0,0.0,0.0,0.0,0.0
248,140610502421504,false,1788547936.786,2,19983,-930.34,341.05,-61.68,55.11,7.59,3.85,0.00,0.00,0.00,180.00,180.00,180.00
249,140610502421504,true,1788547936.802031,2,19983,35.27,-116.64,15000.00,0.00,-8.43,-55.11,0.0,0.0,0.0,0.0,0.0,0.0
249,140610502421504,false,1788547936.803,2,19985,-931.89,339.40,-61.78,54.77,7.58,3.86,0.00,0.00,0.00,180.00,180.00,180.00
250,140610502421504,true,1788547936.818682,2,19985,35.27,-116.64,15000.00,0.00,-8.42,-54.77,0.0,0.0,0.0,0.0,0.0,0.0
250,140610502421504,false,1788547936.820,2,19985,-933.04,338.42,-61.88,54.53,7.61,3.91,0.00,0.00,0.00,180.00,180.00,180.00
251,140610502421504,true,1788547936.835320,2,19985,35.27,-116.64,15000.00,0.00,-8.47,-54.53,0.0,0.0,0.0,0.0,0.0,0.0
251,140610502421504,false,1788547936.836,2,19987,-935.40,335.64,-61.85,53.93,7.55,4.02,0.00,0.00,0.00,180.00,180.00,180.00
252,140610502421504,true,1788547936.852589,2,19987,35.27,-116.64,15000.00,0.00,-8.47,-53.93,0.0,0.0,0.0,0.0,0.0,0.0
252,140610502421504,false,1788547936.854,2,19987,-937.02,334.26,-61.83,53.60,7.51,4.05,0.00,0.00,0.00,180.00,180.00,180.00
253,140610502421504,true,1788547936.868688,2,19987,35.27,-116.64,15000.00,0.00,-8.45,-53.60,0.0,0.0,0.0,0.0,0.0,0.0
253,140610502421504,false,1788547936.870,2,19989,-939.83,331.37,-61.26,52.98,7.42,4.06,0.00,0.00,0.00,180.00,180.00,180.00
254,140610502421504,true,1788547936.885293,2,19989,35.27,-116.64,15000.00,0.00,-8.37,-52.98,0.0,0.0,0.0,0.0,0.0,0.0
254,140610502421504,false,1788547936.886,2,19989,-941.56,329.89,-61.04,52.68,7.39,4.02,0.00,0.00,0.00,180.00,180.00,180.00
255,140610502421504,true,1788547936.902000,2,19989,35.27,-116.64,15000.00,0.00,-8.31,-52.68,0.0,0.0,0.0,0.0,0.0,0.0
255,140610502421504,false,1788547936.903,2,19991,-944.85,326.08,-61.10,51.93,7.45,4.02,0.00,0.00,0.00,180.00,180.00,180.00
256,140610502421504,true,1788547936.918670,2,19991,35.27,-116.64,15000.00,0.00,-8.34,-51.93,0.0,0.0,0.0,0.0,0.0,0.0
256,140610502421504,false,1788547936.920,2,19991,-947.00,323.87,-61.26,51.43,7.46,4.10,0.00,0.00,0.00,180.00,180.00,180.00
257,140610502421504,true,1788547936.935285,2,19991,35.27,-116.64,15000.00,0.00,-8.39,-51.43,0.0,0.0,0.0,0.0,0.0,0.0
257,140610502421504,false,1788547936.936,2,19993,-951.46,318.65,-61.31,50.31,7.42,4.24,0.00,0.00,0.00,180.00,180.00,180.00
258,140610502421504,true,1788547936.951972,2,19993,35.27,-116.64,15000.00,0.00,-8.41,-50.31,0.0,0.0,0.0,0.0,0.0,0.0
258,140610502421504,false,1788547936.953,2,19993,-954.22,315.90,-61.39,49.70,7.42,4.29,0.00,0.00,0.00,180.00,180.00,180.00
259,140610502421504,true,1788547936.968627,2,19993,35.27,-116.64,15000.00,0.00,-8.43,-49.70,0.0,0.0,0.0,0.0,0.0,0.0
259,140610502421504,false,1788547936.970,2,19995,-960.16,308.96,-62.04,48.32,7.52,4.41,0.00,0.00,0.00,180.00,180.00,180.00
260,140610502421504,true,1788547936.985305,2,19995,35.27,-116.64,15000.00,0.00,-8.55,-48.32,0.0,0.0,0.0,0.0,0.0,0.0
260,140610502421504,false,1788547936.986,2,19995,-963.60,305.13,-62.38,47.45,7.59,4.59,0.00,0.00,0.00,180.00,180.00,180.00
261,140610502421504,true,1788547937.001984,2,19995,35.27,-116.64,15000.00,0.00,-8.69,-47.45,0.0,0.0,0.0,0.0,0.0,0.0
261,140610502421504,false,1788547937.003,2,19997,-971.31,295.66,-62.76,45.23,7.52,5.04,0.00,0.00,0.00,180.00,180.00,180.00
262,140610502421504,true,1788547937.018607,2,19997,35.27,-116.64,15000.00,0.00,-8.89,-45.23,0.0,0.0,0.0,0.0,0.0,0.0
262,140610502421504,false,1788547937.020,2,19997,-976.13,290.06,-62.77,43.95,7.43,5.20,0.00,0.00,0.00,180.00,180.00,180.00
263,140610502421504,true,1788547937.035288,2,19997,35.27,-116.64,15000.00,0.00,-8.90,-43.95,0.0,0.0,0.0,0.0,0.0,0.0
263,140610502421504,false,1788547937.036,2,19999,-985.86,277.44,-63.03,41.25,7.35,5.57,0.00,0.00,0.00,180.00,180.00,180.00
264,140610502421504,true,1788547937.052208,2,19999,35.27,-116.64,15000.00,0.00,-9.03,-41.25,0.0,0.0,0.0,0.0,0.0,0.0
264,140610502421504,false,1788547937.053,2,19999,-990.73,271.09,-63.08,39.85,7.28,5.82,0.00,0.00,0.00,180.00,180.00,180.00
265,140610502421504,true,1788547937.068710,2,19999,35.27,-116.64,15000.00,0.00,-9.14,-39.85,0.0,0.0,0.0,0.0,0.0,0.0
265,140610502421504,false,1788547937.070,2,20001,-1001.02,256.80,-62.81,36.59,6.94,6.21,0.00,0.00,0.00,180.00,180.00,180.00
266,140610502421504,true,1788547937.085475,2,20001,35.27,-116.64,15000.00,0.00,-9.12,-36.59,0.0,0.0,0.0,0.0,0.0,0.0
266,140610502421504,false,1788547937.086,2,20001,-1006.29,249.17,-62.60,34.90,6.80,6.27,0.00,0.00,0.00,180.00,180.00,180.00
267,140610502421504,true,1788547937.102054,2,20001,35.27,-116.64,15000.00,0.00,-9.03,-34.90,0.0,0.0,0.0,0.0,0.0,0.0
267,140610502421504,false,1788547937.103,2,20003,-1015.57,233.48,-63.03,31.65,6.75,6.63,0.00,0.00,0.00,180.00,180.00,180.00
268,140610502421504,true,1788547937.118926,2,20003,35.27,-116.64,15000.00,0.00,-9.18,-31.65,0.0,0.0,0.0,0.0,0.0,0.0
268,140610502421504,false,1788547937.120,2,20003,-1019.87,225.31,-63.62,30.01,6.67,6.94,0.00,0.00,0.00,180.00,180.00,180.00
269,140610502421504,true,1788547937.135251,2,20003,35.27,-116.64,15000.00,0.00,-9.35,-30.01,0.0,0.0,0.0,0.0,0.0,0.0
270,140610502421504,true,1788547937.152062,2,20003,35.27,-116.64,15000.00,0.00,-9.35,-30.01,0.0,0.0,0.0,0.0,0.0,0.0
270,140610502421504,false,1788547937.153,2,20005,-1032.43,198.64,-64.31,24.62,6.07,7.54,0.00,0.00,0.00,180.00,180.00,180.00
271,140610502421504,true,1788547937.168700,2,20005,35.27,-116.64,15000.00,0.00,-9.39,-24.62,0.0,0.0,0.0,0.0,0.0,0.0
271,140610502421504,false,1788547937.170,2,20006,-1039.77,180.36,-63.93,21.25,6.00,7.61,0.00,0.00,0.00,180.00,180.00,180.00
272,140610502421504,true,1788547937.185374,2,20006,35.27,-116.64,15000.00,0.00,-9.27,-21.25,0.0,0.0,0.0,0.0,0.0,0.0
272,140610502421504,false,1788547937.186,2,20006,-1042.60,171.47,-64.06,19.63,6.04,7.74,0.00,0.00,0.00,180.00,180.00,180.00
273,140610502421504,true,1788547937.202094,2,20006,35.27,-116.64,15000.00,0.00,-9.32,-19.63,0.0,0.0,0.0,0.0,0.0,0.0
273,140610502421504,false,1788547937.203,2,20008,-1046.80,154.05,-64.85,16.44,6.07,8.20,0.00,0.00,0.00,180.00,180.00,180.00
274,140610502421504,true,1788547937.218858,2,20008,35.27,-116.64,15000.00,0.00,-9.58,-16.44,0.0,0.0,0.0,0.0,0.0,0.0
274,140610502421504,false,1788547937.220,2,20008,-1048.62,145.59,-64.96,14.71,5.99,8.44,0.00,0.00,0.00,180.00,180.00,180.00
275,140610502421504,true,1788547937.236009,2,20008,35.27,-116.64,15000.00,0.00,-9.68,-14.71,0.0,0.0,0.0,0.0,0.0,0.0
275,140610502421504,false,1788547937.237,2,20010,-1052.31,128.36,-63.74,11.44,5.68,8.65,0.00,0.00,0.00,180.00,180.00,180.00
276,140610502421504,true,1788547937.251916,2,20010,35.27,-116.64,15000.00,0.00,-9.60,-11.44,0.0,0.0,0.0,0.0,0.0,0.0
277,140610502421504,true,1788547937.268724,2,20010,35.27,-116.64,15000.00,0.00,-9.60,-11.44,0.0,0.0,0.0,0.0,0.0,0.0
277,140610502421504,false,1788547937.270,2,20011,-1055.98,103.19,-61.49,6.88,5.08,8.77,0.00,0.00,0.00,180.00,180.00,180.00
278,140610502421504,true,1788547937.285487,2,20011,35.27,-116.64,15000.00,0.00,-9.32,-6.88,0.0,0.0,0.0,0.0,0.0,0.0
278,140610502421504,false,1788547937.286,2,20011,-1056.87,94.56,-61.04,5.27,4.83,8.82,0.00,0.00,0.00,180.00,180.00,180.00
279,140610502421504,true,1788547937.302118,2,20011,35.27,-116.64,15000.00,0.00,-9.22,-5.27,0.0,0.0,0.0,0.0,0.0,0.0
279,140610502421504,false,1788547937.303,2,20013,-1057.20,77.43,-60.31,2.21,4.52,8.90,0.00,0.00,0.00,180.00,180.00,180.00
280,140610502421504,true,1788547937.318588,2,20013,35.27,-116.64,15000.00,0.00,-9.07,-2.21,0.0,0.0,0.0,0.0,0.0,0.0
281,140610502421504,true,1788547937.335264,2,20013,35.27,-116.64,15000.00,0.00,-9.07,-2.21,0.0,0.0,0.0,0.0,0.0,0.0
281,140610502421504,false,1788547937.336,2,20014,-1056.15,51.72,-59.59,-2.55,3.95,9.32,0.00,0.00,0.00,180.00,180.00,180.00
282,140610502421504,true,1788547937.352077,2,20014,35.27,-116.64,15000.00,0.00,-9.14,2.55,0.0,0.0,0.0,0.0,0.0,0.0
282,140610502421504,false,1788547937.353,2,20014,-1055.31,43.84,-59.50,-4.13,3.71,9.53,0.00,0.00,0.00,180.00,180.00,180.00
283,140610502421504,true,1788547937.368545,2,20014,35.27,-116.64,15000.00,0.00,-9.24,4.13,0.0,0.0,0.0,0.0,0.0,0.0
284,140610502421504,true,1788547937.385389,2,20014,35.27,-116.64,15000.00,0.00,-9.24,4.13,0.0,0.0,0.0,0.0,0.0,0.0
284,140610502421504,false,1788547937.386,2,20016,-1051.22,18.01,-60.21,-9.43,2.99,10.23,0.00,0.00,0.00,180.00,180.00,180.00
285,140610502421504,true,1788547937.401931,2,20016,35.27,-116.64,15000.00,0.00,-9.60,9.43,0.0,0.0,0.0,0.0,0.0,0.0
286,140610502421504,true,1788547937.418837,2,20016,35.27,-116.64,15000.00,0.00,-9.60,9.43,0.0,0.0,0.0,0.0,0.0,0.0
286,140610502421504,false,1788547937.420,2,20017,-1044.95,-7.59,-60.27,-14.70,1.72,10.74,0.00,0.00,0.00,180.00,180.00,180.00
287,140610502421504,true,1788547937.435353,2,20017,35.27,-116.64,15000.00,0.00,-9.95,14.70,0.0,0.0,0.0,0.0,0.0,0.0
287,140610502421504,false,1788547937.436,2,20018,-1039.84,-25.98,-58.45,-18.50,0.85,10.69,0.00,0.00,0.00,180.00,180.00,180.00
288,140610502421504,true,1788547937.452019,2,20018,35.27,-116.64,15000.00,0.00,-9.87,18.50,0.0,0.0,0.0,0.0,0.0,0.0
288,140610502421504,false,1788547937.453,2,20018,-1037.20,-34.66,-57.02,-20.34,0.52,10.57,0.00,0.00,0.00,180.00,180.00,180.00
289,140610502421504,true,1788547937.468552,2,20018,35.27,-116.64,15000.00,0.00,-9.73,20.34,0.0,0.0,0.0,0.0,0.0,0.0
290,140610502421504,true,1788547937.485429,2,20018,35.27,-116.64,15000.00,0.00,-9.73,20.34,0.0,0.0,0.0,0.0,0.0,0.0
290,140610502421504,false,1788547937.486,2,20020,-1027.48,-60.65,-54.47,-25.71,-0.47,10.30,0.00,0.00,0.00,180.00,180.00,180.00
291,140610502421504,true,1788547937.502080,2,20020,35.27,-116.64,15000.00,0.00,-9.48,25.71,0.0,0.0,0.0,0.0,0.0,0.0
291,140610502421504,false,1788547937.503,2,20021,-1018.93,-78.20,-53.39,-29.54,-1.21,10.10,0.00,0.00,0.00,180.00,180.00,180.00
292,140610502421504,true,1788547937.518869,2,20021,35.27,-116.64,15000.00,0.00,-9.38,29.54,0.0,0.0,0.0,0.0,0.0,0.0
292,140610502421504,false,1788547937.520,2,20021,-1014.50,-86.93,-52.59,-31.61,-1.63,9.92,0.00,0.00,0.00,180.00,180.00,180.00
293,140610502421504,true,1788547937.535240,2,20021,35.27,-116.64,15000.00,0.00,-9.31,31.61,0.0,0.0,0.0,0.0,0.0,0.0
294,140610502421504,true,1788547937.551919,2,20021,35.27,-116.64,15000.00,0.00,-9.31,31.61,0.0,0.0,0.0,0.0,0.0,0.0
294,140610502421504,false,1788547937.553,2,20023,-999.12,-111.77,-52.44,-37.36,-2.77,9.75,0.00,0.00,0.00,180.00,180.00,180.00
295,140610502421504,true,1788547937.568858,2,20023,35.27,-116.64,15000.00,0.00,-9.43,37.36,0.0,0.0,0.0,0.0,0.0,0.0
295,140610502421504,false,1788547937.570,2,20024,-987.26,-126.69,-53.17,-41.11,-3.46,9.59,0.00,0.00,0.00,180.00,180.00,180.00
296,140610502421504,true,1788547937.585261,2,20024,35.27,-116.64,15000.00,0.00,-9.50,41.11,0.0,0.0,0.0,0.0,0.0,0.0
296,140610502421504,false,1788547937.586,2,20024,-982.14,-133.61,-52.64,-42.87,-3.72,9.37,0.00,0.00,0.00,180.00,180.00,180.00
297,140610502421504,true,1788547937.602534,2,20024,35.27,-116.64,15000.00,0.00,-9.40,42.87,0.0,0.0,0.0,0.0,0.0,0.0
297,140610502421504,false,1788547937.603,2,20026,-971.44,-147.45,-50.70,-46.48,-4.19,8.72,0.00,0.00,0.00,180.00,180.00,180.00
298,140610502421504,true,1788547937.618656,2,20026,35.27,-116.64,15000.00,0.00,-9.04,46.48,0.0,0.0,0.0,0.0,0.0,0.0
298,140610502421504,false,1788547937.620,2,20026,-965.92,-153.72,-49.72,-48.21,-4.42,8.37,0.00,0.00,0.00,180.00,180.00,180.00
299,140610502421504,true,1788547937.635284,2,20026,35.27,-116.64,15000.00,0.00,-8.88,48.21,0.0,0.0,0.0,0.0,0.0,0.0
299,140610502421504,false,1788547937.636,2,20028,-955.08,-165.09,-47.92,-51.56,-4.91,7.70,0.00,0.00,0.00,180.00,180.00,180.00
300,140610502421504,true,1788547937.651941,2,20028,35.27,-116.64,15000.00,0.00,-8.63,51.56,0.0,0.0,0.0,0.0,0.0,0.0
300,140610502421504,false,1788547937.653,2,20028,-949.03,-170.39,-47.18,-53.08,-5.02,7.53,0.00,0.00,0.00,180.00,180.00,180.00
301,140610502421504,true,1788547937.668619,2,20028,35.27,-116.64,15000.00,0.00,-8.54,53.08,0.0,0.0,0.0,0.0,0.0,0.0
301,140610502421504,false,1788547937.669,2,20030,-937.89,-180.03,-45.80,-56.24,-5.44,6.81,0.00,0.00,0.00,180.00,180.00,180.00
302,140610502421504,true,1788547937.685493,2,20030,35.27,-116.64,15000.00,0.00,-8.31,56.24,0.0,0.0,0.0,0.0,0.0,0.0
302,140610502421504,false,1788547937.686,2,20030,-931.06,-184.96,-45.19,-58.01,-5.74,6.46,0.00,0.00,0.00,180.00,180.00,180.00
303,140610502421504,true,1788547937.701973,2,20030,35.27,-116.64,15000.00,0.00,-8.29,58.01,0.0,0.0,0.0,0.0,0.0,0.0
303,140610502421504,false,1788547937.703,2,20032,-918.70,-193.35,-43.81,-61.01,-6.11,6.01,0.00,0.00,0.00,180.00,180.00,180.00
304,140610502421504,true,1788547937.718613,2,20032,35.27,-116.64,15000.00,0.00,-8.26,61.01,0.0,0.0,0.0,0.0,0.0,0.0
304,140610502421504,false,1788547937.720,2,20032,-912.10,-197.46,-43.42,-62.53,-6.28,5.84,0.00,0.00,0.00,180.00,180.00,180.00
305,140610502421504,true,1788547937.735291,2,20032,35.27,-116.64,15000.00,0.00,-8.27,62.53,0.0,0.0,0.0,0.0,0.0,0.0
305,140610502421504,false,1788547937.736,2,20034,-898.41,-205.10,-42.66,-65.83,-6.55,5.27,0.00,0.00,0.00,180.00,180.00,180.00
306,140610502421504,true,1788547937.752000,2,20034,35.27,-116.64,15000.00,0.00,-8.14,65.83,0.0,0.0,0.0,0.0,0.0,0.0
306,140610502421504,false,1788547937.753,2,20034,-891.38,-208.83,-42.49,-67.40,-6.79,4.99,0.00,0.00,0.00,180.00,180.00,180.00
307,140610502421504,true,1788547937.768594,2,20034,35.27,-116.64,15000.00,0.00,-8.19,67.40,0.0,0.0,0.0,0.0,0.0,0.0
307,140610502421504,false,1788547937.770,2,20036,-876.40,-214.78,-42.12,-70.57,-7.15,4.56,0.00,0.00,0.00,180.00,180.00,180.00
308,140610502421504,true,1788547937.785309,2,20036,35.27,-116.64,15000.00,0.00,-8.26,70.57,0.0,0.0,0.0,0.0,0.0,0.0
308,140610502421504,false,1788547937.786,2,20036,-868.30,-217.84,-42.69,-72.21,-7.36,4.32,0.00,0.00,0.00,180.00,180.00,180.00
309,140610502421504,true,1788547937.802016,2,20036,35.27,-116.64,15000.00,0.00,-8.33,72.21,0.0,0.0,0.0,0.0,0.0,0.0
309,140610502421504,false,1788547937.803,2,20038,-851.65,-222.64,-44.07,-75.54,-7.92,4.09,0.00,0.00,0.00,180.00,180.00,180.00
310,140610502421504,true,1788547937.818882,2,20038,35.27,-116.64,15000.00,0.00,-8.69,75.54,0.0,0.0,0.0,0.0,0.0,0.0
310,140610502421504,false,1788547937.820,2,20038,-843.29,-225.02,-45.02,-77.27,-8.01,3.84,0.00,0.00,0.00,180.00,180.00,180.00
311,140610502421504,true,1788547937.835251,2,20038,35.27,-116.64,15000.00,0.00,-8.66,77.27,0.0,0.0,0.0,0.0,0.0,0.0
311,140610502421504,false,1788547937.836,2,20040,-827.50,-228.19,-48.29,-80.53,-8.73,3.11,0.00,0.00,0.00,180.00,180.00,180.00
312,140610502421504,true,1788547937.851960,2,20040,35.27,-116.64,15000.00,0.00,-9.13,80.53,0.0,0.0,0.0,0.0,0.0,0.0
312,140610502421504,false,1788547937.853,2,20040,-820.01,-229.36,-50.66,-82.10,-9.12,2.76,0.00,0.00,0.00,180.00,180.00,180.00
313,140610502421504,true,1788547937.868582,2,20040,35.27,-116.64,15000.00,0.00,-9.42,82.10,0.0,0.0,0.0,0.0,0.0,0.0
313,140610502421504,false,1788547937.870,2,20042,-804.56,-231.08,-54.24,-85.12,-10.05,2.29,0.00,0.00,0.00,180.00,180.00,180.00
314,140610502421504,true,1788547937.885321,2,20042,35.27,-116.64,15000.00,0.00,-10.20,85.12,0.0,0.0,0.0,0.0,0.0,0.0
314,140610502421504,false,1788547937.886,2,20042,-796.75,-232.12,-55.66,-86.59,-10.37,2.11,0.00,0.00,0.00,180.00,180.00,180.00
315,140610502421504,true,1788547937.902020,2,20042,35.27,-116.64,15000.00,0.00,-10.48,86.59,0.0,0.0,0.0,0.0,0.0,0.0
315,140610502421504,false,1788547937.903,2,20044,-782.50,-233.11,-57.55,-89.14,-10.80,1.87,0.00,0.00,0.00,180.00,180.00,180.00
316,140610502421504,true,1788547937.918618,2,20044,35.27,-116.64,15000.00,0.00,-10.83,89.14,0.0,0.0,0.0,0.0,0.0,0.0
316,140610502421504,false,1788547937.920,2,20044,-774.98,-233.65,-58.66,-90.48,-10.94,1.74,0.00,0.00,0.00,180.00,180.00,180.00
317,140610502421504,true,1788547937.935296,2,20044,35.27,-116.64,15000.00,0.00,-10.93,90.48,0.0,0.0,0.0,0.0,0.0,0.0
317,140610502421504,false,1788547937.936,2,20046,-760.25,-233.92,-60.86,-93.07,-11.15,1.44,0.00,0.00,0.00,180.00,180.00,180.00
318,140610502421504,true,1788547937.951967,2,20046,35.27,-116.64,15000.00,0.00,-11.06,93.07,0.0,0.0,0.0,0.0,0.0,0.0
318,140610502421504,false,1788547937.953,2,20046,-752.83,-233.87,-61.86,-94.35,-11.26,1.22,0.00,0.00,0.00,180.00,180.00,180.00
319,140610502421504,true,1788547937.969253,2,20046,35.27,-116.64,15000.00,0.00,-11.13,94.35,0.0,0.0,0.0,0.0,0.0,0.0
319,140610502421504,false,1788547937.970,2,20048,-738.36,-233.17,-63.42,-96.86,-11.39,0.81,0.00,0.00,0.00,180.00,180.00,180.00
320,140610502421504,true,1788547937.985375,2,20048,35.27,-116.64,15000.00,0.00,-11.21,96.86,0.0,0.0,0.0,0.0,0.0,0.0
320,140610502421504,false,1788547937.986,2,20048,-731.67,-232.55,-64.13,-98.03,-11.46,0.61,0.00,0.00,0.00,180.00,180.00,180.00
321,140610502421504,true,1788547938.001972,2,20048,35.27,-116.64,15000.00,0.00,-11.27,98.03,0.0,0.0,0.0,0.0,0.0,0.0
321,140610502421504,false,1788547938.003,2,20050,-718.22,-230.83,-65.10,-100.28,-11.53,0.25,0.00,0.00,0.00,180.00,180.00,180.00
322,140610502421504,true,1788547938.018670,2,20050,35.27,-116.64,15000.00,0.00,-11.30,100.28,0.0,0.0,0.0,0.0,0.0,0.0
322,140610502421504,false,1788547938.020,2,20050,-711.75,-229.70,-65.49,-101.34,-11.54,0.08,0.00,0.00,0.00,180.00,180.00,180.00
323,140610502421504,true,1788547938.035255,2,20050,35.27,-116.64,15000.00,0.00,-11.30,101.34,0.0,0.0,0.0,0.0,0.0,0.0
323,140610502421504,false,1788547938.036,2,20052,-700.03,-227.72,-65.72,-103.26,-11.44,-0.17,0.00,0.00,0.00,180.00,180.00,180.00
324,140610502421504,true,1788547938.051982,2,20052,35.27,-116.64,15000.00,0.00,-11.18,103.26,0.0,0.0,0.0,0.0,0.0,0.0
324,140610502421504,false,1788547938.053,2,20052,-694.46,-226.49,-65.93,-104.13,-11.40,-0.36,0.00,0.00,0.00,180.00,180.00,180.00
325,140610502421504,true,1788547938.068885,2,20052,35.27,-116.64,15000.00,0.00,-11.14,104.13,0.0,0.0,0.0,0.0,0.0,0.0
325,140610502421504,false,1788547938.070,2,20054,-683.38,-224.32,-65.98,-105.81,-11.23,-0.63,0.00,0.00,0.00,180.00,180.00,180.00
326,140610502421504,true,1788547938.085313,2,20054,35.27,-116.64,15000.00,0.00,-10.98,105.81,0.0,0.0,0.0,0.0,0.0,0.0
326,140610502421504,false,1788547938.086,2,20054,-678.46,-223.02,-65.95,-106.52,-11.17,-0.75,0.00,0.00,0.00,180.00,180.00,180.00
327,140610502421504,true,1788547938.101980,2,20054,35.27,-116.64,15000.00,0.00,-10.92,106.52,0.0,0.0,0.0,0.0,0.0,0.0
327,140610502421504,false,1788547938.103,2,20056,-668.61,-220.47,-65.38,-107.95,-10.95,-1.01,0.00,0.00,0.00,180.00,180.00,180.00
328,140610502421504,true,1788547938.118642,2,20056,35.27,-116.64,15000.00,0.00,-10.72,107.95,0.0,0.0,0.0,0.0,0.0,0.0
328,140610502421504,false,1788547938.120,2,20056,-664.50,-219.10,-65.37,-108.52,-10.86,-1.13,0.00,0.00,0.00,180.00,180.00,180.00
329,140610502421504,true,1788547938.135301,2,20056,35.27,-116.64,15000.00,0.00,-10.65,108.52,0.0,0.0,0.0,0.0,0.0,0.0
329,140610502421504,false,1788547938.136,2,20058,-656.36,-216.06,-64.98,-109.71,-10.64,-1.32,0.00,0.00,0.00,180.00,180.00,180.00
330,140610502421504,true,1788547938.151938,2,20058,35.27,-116.64,15000.00,0.00,-10.46,109.71,0.0,0.0,0.0,0.0,0.0,0.0
330,140610502421504,false,1788547938.153,2,20058,-652.56,-214.62,-64.84,-110.24,-10.54,-1.44,0.00,0.00,0.00,180.00,180.00,180.00
331,140610502421504,true,1788547938.168672,2,20058,35.27,-116.64,15000.00,0.00,-10.39,110.24,0.0,0.0,0.0,0.0,0.0,0.0
331,140610502421504,false,1788547938.170,2,20060,-646.72,-211.94,-63.55,-111.04,-10.37,-1.60,0.00,0.00,0.00,180.00,180.00,180.00
332,140610502421504,true,1788547938.185276,2,20060,35.27,-116.64,15000.00,0.00,-10.25,111.04,0.0,0.0,0.0,0.0,0.0,0.0
332,140610502421504,false,1788547938.186,2,20060,-643.87,-210.62,-63.30,-111.42,-10.25,-1.62,0.00,0.00,0.00,180.00,180.00,180.00
333,140610502421504,true,1788547938.201972,2,20060,35.27,-116.64,15000.00,0.00,-10.14,111.42,0.0,0.0,0.0,0.0,0.0,0.0
333,140610502421504,false,1788547938.203,2,20062,-639.32,-208.13,-61.32,-112.06,-10.15,-1.74,0.00,0.00,0.00,180.00,180.00,180.00
334,140610502421504,true,1788547938.218621,2,20062,35.27,-116.64,15000.00,0.00,-10.06,112.06,0.0,0.0,0.0,0.0,0.0,0.0
334,140610502421504,false,1788547938.220,2,20062,-636.98,-207.00,-60.90,-112.34,-10.02,-1.67,0.00,0.00,0.00,180.00,180.00,180.00
335,140610502421504,true,1788547938.235296,2,20062,35.27,-116.64,15000.00,0.00,-9.91,112.34,0.0,0.0,0.0,0.0,0.0,0.0
335,140610502421504,false,1788547938.236,2,20064,-632.12,-204.00,-58.25,-113.07,-9.70,-1.63,0.00,0.00,0.00,180.00,180.00,180.00
336,140610502421504,true,1788547938.251966,2,20064,35.27,-116.64,15000.00,0.00,-9.57,113.07,0.0,0.0,0.0,0.0,0.0,0.0
336,140610502421504,false,1788547938.253,2,20064,-630.07,-202.97,-57.65,-113.34,-9.56,-1.65,0.00,0.00,0.00,180.00,180.00,180.00
337,140610502421504,true,1788547938.268654,2,20064,35.27,-116.64,15000.00,0.00,-9.43,113.34,0.0,0.0,0.0,0.0,0.0,0.0
337,140610502421504,false,1788547938.270,2,20066,-626.30,-200.54,-55.92,-113.95,-9.34,-1.64,0.00,0.00,0.00,180.00,180.00,180.00
338,140610502421504,true,1788547938.285283,2,20066,35.27,-116.64,15000.00,0.00,-9.21,113.95,0.0,0.0,0.0,0.0,0.0,0.0
338,140610502421504,false,1788547938.286,2,20066,-624.41,-199.50,-55.06,-114.23,-9.17,-1.68,0.00,0.00,0.00,180.00,180.00,180.00
339,140610502421504,true,1788547938.302017,2,20066,35.27,-116.64,15000.00,0.00,-9.06,114.23,0.0,0.0,0.0,0.0,0.0,0.0
339,140610502421504,false,1788547938.303,2,20068,-621.38,-197.51,-53.25,-114.77,-8.92,-1.65,0.00,0.00,0.00,180.00,180.00,180.00
340,140610502421504,true,1788547938.318592,2,20068,35.27,-116.64,15000.00,0.00,-8.79,114.77,0.0,0.0,0.0,0.0,0.0,0.0
340,140610502421504,false,1788547938.320,2,20068,-619.97,-196.67,-52.90,-115.01,-8.81,-1.64,0.00,0.00,0.00,180.00,180.00,180.00
341,140610502421504,true,1788547938.335876,2,20068,35.27,-116.64,15000.00,0.00,-8.68,115.01,0.0,0.0,0.0,0.0,0.0,0.0
341,140610502421504,false,1788547938.337,2,20070,-617.83,-195.35,-51.86,-115.40,-8.65,-1.66,0.00,0.00,0.00,180.00,180.00,180.00
342,140610502421504,true,1788547938.351985,2,20070,35.27,-116.64,15000.00,0.00,-8.53,115.40,0.0,0.0,0.0,0.0,0.0,0.0
342,140610502421504,false,1788547938.353,2,20070,-616.77,-194.85,-51.39,-115.54,-8.61,-1.68,0.00,0.00,0.00,180.00,180.00,180.00
343,140610502421504,true,1788547938.368676,2,20070,35.27,-116.64,15000.00,0.00,-8.50,115.54,0.0,0.0,0.0,0.0,0.0,0.0
343,140610502421504,false,1788547938.370,2,20072,-615.50,-194.07,-51.07,-115.81,-8.55,-1.64,0.00,0.00,0.00,180.00,180.00,180.00
344,140610502421504,true,1788547938.385298,2,20072,35.27,-116.64,15000.00,0.00,-8.41,115.81,0.0,0.0,0.0,0.0,0.0,0.0
344,140610502421504,false,1788547938.386,2,20072,-614.75,-193.82,-51.04,-115.90,-8.52,-1.61,0.00,0.00,0.00,180.00,180.00,180.00
345,140610502421504,true,1788547938.401973,2,20072,35.27,-116.64,15000.00,0.00,-8.37,115.90,0.0,0.0,0.0,0.0,0.0,0.0
345,140610502421504,false,1788547938.403,2,20074,-613.97,-193.75,-50.98,-116.01,-8.51,-1.58,0.00,0.00,0.00,180.00,180.00,180.00
346,140610502421504,true,1788547938.418664,2,20074,35.27,-116.64,15000.00,0.00,-8.34,116.01,0.0,0.0,0.0,0.0,0.0,0.0
346,140610502421504,false,1788547938.420,2,20074,-613.54,-193.80,-51.06,-116.05,-8.52,-1.53,0.00,0.00,0.00,180.00,180.00,180.00
347,140610502421504,true,1788547938.435308,2,20074,35.27,-116.64,15000.00,0.00,-8.33,116.05,0.0,0.0,0.0,0.0,0.0,0.0
347,140610502421504,false,1788547938.436,2,20076,-612.76,-193.94,-51.18,-116.13,-8.57,-1.51,0.00,0.00,0.00,180.00,180.00,180.00
348,140610502421504,true,1788547938.451982,2,20076,35.27,-116.64,15000.00,0.00,-8.36,116.13,0.0,0.0,0.0,0.0,0.0,0.0
348,140610502421504,false,1788547938.453,2,20076,-612.15,-194.01,-51.09,-116.19,-8.57,-1.48,0.00,0.00,0.00,180.00,180.00,180.00
349,140610502421504,true,1788547938.468627,2,20076,35.27,-116.64,15000.00,0.00,-8.34,116.19,0.0,0.0,0.0,0.0,0.0,0.0
349,140610502421504,false,1788547938.470,2,20078,-611.38,-194.12,-51.37,-116.36,-8.57,-1.48,0.00,0.00,0.00,180.00,180.00,180.00
350,140610502421504,true,1788547938.485338,2,20078,35.27,-116.64,15000.00,0.00,-8.33,116.36,0.0,0.0,0.0,0.0,0.0,0.0
350,140610502421504,false,1788547938.486,2,20078,-610.80,-194.18,-51.89,-116.44,-8.59,-1.47,0.00,0.00,0.00,180.00,180.00,180.00
351,140610502421504,true,1788547938.502034,2,20078,35.27,-116.64,15000.00,0.00,-8.35,116.44,0.0,0.0,0.0,0.0,0.0,0.0
351,140610502421504,false,1788547938.503,2,20080,-610.20,-194.73,-53.08,-116.61,-8.68,-1.40,0.00,0.00,0.00,180.00,180.00,180.00
352,140610502421504,true,1788547938.518664,2,20080,35.27,-116.64,15000.00,0.00,-8.39,116.61,0.0,0.0,0.0,0.0,0.0,0.0
352,140610502421504,false,1788547938.520,2,20080,-609.62,-194.84,-53.68,-116.69,-8.71,-1.40,0.00,0.00,0.00,180.00,180.00,180.00
353,140610502421504,true,1788547938.535262,2,20080,35.27,-116.64,15000.00,0.00,-8.41,116.69,0.0,0.0,0.0,0.0,0.0,0.0
353,140610502421504,false,1788547938.536,2,20082,-609.23,-195.72,-54.84,-116.86,-8.82,-1.45,0.00,0.00,0.00,180.00,180.00,180.00
354,140610502421504,true,1788547938.552179,2,20082,35.27,-116.64,15000.00,0.00,-8.52,116.86,0.0,0.0,0.0,0.0,0.0,0.0
354,140610502421504,false,1788547938.553,2,20082,-609.03,-196.13,-55.09,-116.89,-8.91,-1.49,0.00,0.00,0.00,180.00,180.00,180.00
355,140610502421504,true,1788547938.568839,2,20082,35.27,-116.64,15000.00,0.00,-8.62,116.89,0.0,0.0,0.0,0.0,0.0,0.0
356,140610502421504,true,1788547938.585442,2,20082,35.27,-116.64,15000.00,0.00,-8.62,116.89,0.0,0.0,0.0,0.0,0.0,0.0
356,140610502421504,false,1788547938.586,2,20084,-609.19,-197.32,-55.47,-116.86,-8.97,-1.45,0.00,0.00,0.00,180.00,180.00,180.00
357,140610502421504,true,1788547938.602094,2,20084,35.27,-116.64,15000.00,0.00,-8.66,116.86,0.0,0.0,0.0,0.0,0.0,0.0
357,140610502421504,false,1788547938.603,2,20085,-609.29,-197.99,-55.29,-116.80,-8.90,-1.50,0.00,0.00,0.00,180.00,180.00,180.00
358,140610502421504,true,1788547938.618786,2,20085,35.27,-116.64,15000.00,0.00,-8.62,116.80,0.0,0.0,0.0,0.0,0.0,0.0
358,140610502421504,false,1788547938.620,2,20085,-609.34,-198.10,-55.16,-116.78,-8.86,-1.51,0.00,0.00,0.00,180.00,180.00,180.00
359,140610502421504,true,1788547938.635270,2,20085,35.27,-116.64,15000.00,0.00,-8.59,116.78,0.0,0.0,0.0,0.0,0.0,0.0
360,140610502421504,true,1788547938.651985,2,20085,35.27,-116.64,15000.00,0.00,-8.59,116.78,0.0,0.0,0.0,0.0,0.0,0.0
360,140610502421504,false,1788547938.653,2,20087,-609.55,-198.67,-54.77,-116.77,-8.87,-1.49,0.00,0.00,0.00,180.00,180.00,180.00
361,140610502421504,true,1788547938.668638,2,20087,35.27,-116.64,15000.00,0.00,-8.59,116.77,0.0,0.0,0.0,0.0,0.0,0.0
361,140610502421504,false,1788547938.670,2,20088,-609.72,-199.13,-54.41,-116.80,-8.86,-1.35,0.00,0.00,0.00,180.00,180.00,180.00
362,140610502421504,true,1788547938.685305,2,20088,35.27,-116.64,15000.00,0.00,-8.52,116.80,0.0,0.0,0.0,0.0,0.0,0.0
362,140610502421504,false,1788547938.686,2,20088,-609.59,-199.07,-54.27,-116.87,-8.81,-1.26,0.00,0.00,0.00,180.00,180.00,180.00
363,140610502421504,true,1788547938.702027,2,20088,35.27,-116.64,15000.00,0.00,-8.43,116.87,0.0,0.0,0.0,0.0,0.0,0.0
363,140610502421504,false,1788547938.703,2,20090,-609.56,-199.36,-53.94,-116.96,-8.77,-1.28,0.00,0.00,0.00,180.00,180.00,180.00
364,140610502421504,true,1788547938.719265,2,20090,35.27,-116.64,15000.00,0.00,-8.40,116.96,0.0,0.0,0.0,0.0,0.0,0.0
364,140610502421504,false,1788547938.720,2,20090,-609.52,-199.38,-53.86,-117.00,-8.73,-1.24,0.00,0.00,0.00,180.00,180.00,180.00
365,140610502421504,true,1788547938.735335,2,20090,35.27,-116.64,15000.00,0.00,-8.34,117.00,0.0,0.0,0.0,0.0,0.0,0.0
365,140610502421504,false,1788547938.736,2,20092,-609.48,-199.80,-53.81,-117.03,-8.72,-1.23,0.00,0.00,0.00,180.00,180.00,180.00
366,140610502421504,true,1788547938.751975,2,20092,35.27,-116.64,15000.00,0.00,-8.33,117.03,0.0,0.0,0.0,0.0,0.0,0.0
366,140610502421504,false,1788547938.753,2,20092,-609.33,-199.74,-53.70,-117.03,-8.71,-1.20,0.00,0.00,0.00,180.00,180.00,180.00
367,140610502421504,true,1788547938.768797,2,20092,35.27,-116.64,15000.00,0.00,-8.31,117.03,0.0,0.0,0.0,0.0,0.0,0.0
367,140610502421504,false,1788547938.770,2,20094,-608.95,-199.91,-53.87,-117.08,-8.67,-1.27,0.00,0.00,0.00,180.00,180.00,180.00
368,140610502421504,true,1788547938.785383,2,20094,35.27,-116.64,15000.00,0.00,-8.30,117.08,0.0,0.0,0.0,0.0,0.0,0.0
369,140610502421504,true,1788547938.802106,2,20094,35.27,-116.64,15000.00,0.00,-8.30,117.08,0.0,0.0,0.0,0.0,0.0,0.0
369,140610502421504,false,1788547938.803,2,20095,-608.51,-200.16,-54.39,-117.12,-8.73,-1.28,0.00,0.00,0.00,180.00,180.00,180.00
370,140610502421504,true,1788547938.818797,2,20095,35.27,-116.64,15000.00,0.00,-8.35,117.12,0.0,0.0,0.0,0.0,0.0,0.0
370,140610502421504,false,1788547938.820,2,20095,-608.33,-200.11,-54.52,-117.13,-8.75,-1.28,0.00,0.00,0.00,180.00,180.00,180.00
371,140610502421504,true,1788547938.835433,2,20095,35.27,-116.64,15000.00,0.00,-8.36,117.13,0.0,0.0,0.0,0.0,0.0,0.0
371,140610502421504,false,1788547938.836,2,20097,-607.88,-200.48,-54.92,-117.14,-8.78,-1.36,0.00,0.00,0.00,180.00,180.00,180.00
372,140610502421504,true,1788547938.852170,2,20097,35.27,-116.64,15000.00,0.00,-8.44,117.14,0.0,0.0,0.0,0.0,0.0,0.0
373,140610502421504,true,1788547938.868814,2,20097,35.27,-116.64,15000.00,0.00,-8.44,117.14,0.0,0.0,0.0,0.0,0.0,0.0
373,140610502421504,false,1788547938.870,2,20098,-607.13,-200.86,-55.58,-117.17,-8.82,-1.33,0.00,0.00,0.00,180.00,180.00,180.00
374,140610502421504,true,1788547938.885440,2,20098,35.27,-116.64,15000.00,0.00,-8.46,117.17,0.0,0.0,0.0,0.0,0.0,0.0
374,140610502421504,false,1788547938.886,2,20098,-606.85,-200.80,-55.73,-117.20,-8.85,-1.36,0.00,0.00,0.00,180.00,180.00,180.00
375,140610502421504,true,1788547938.902107,2,20098,35.27,-116.64,15000.00,0.00,-8.49,117.20,0.0,0.0,0.0,0.0,0.0,0.0
375,140610502421504,false,1788547938.903,2,20100,-606.15,-201.01,-55.95,-117.26,-8.89,-1.40,0.00,0.00,0.00,180.00,180.00,180.00
376,140610502421504,true,1788547938.918675,2,20100,35.27,-116.64,15000.00,0.00,-8.54,117.26,0.0,0.0,0.0,0.0,0.0,0.0
377,140610502421504,true,1788547938.935442,2,20100,35.27,-116.64,15000.00,0.00,-8.54,117.26,0.0,0.0,0.0,0.0,0.0,0.0
377,140610502421504,false,1788547938.936,2,20101,-605.14,-201.08,-56.03,-117.37,-8.86,-1.47,0.00,0.00,0.00,180.00,180.00,180.00
378,140610502421504,true,1788547938.951972,2,20101,35.27,-116.64,15000.00,0.00,-8.55,117.37,0.0,0.0,0.0,0.0,0.0,0.0
379,140610502421504,true,1788547938.968684,2,20101,35.27,-116.64,15000.00,0.00,-8.55,117.37,0.0,0.0,0.0,0.0,0.0,0.0
379,140610502421504,false,1788547938.970,2,20102,-604.75,-201.41,-55.75,-117.34,-8.85,-1.54,0.00,0.00,0.00,180.00,180.00,180.00
380,140610502421504,true,1788547938.985361,2,20102,35.27,-116.64,15000.00,0.00,-8.57,117.34,0.0,0.0,0.0,0.0,0.0,0.0
380,140610502421504,false,1788547938.986,2,20102,-604.73,-201.42,-55.77,-117.34,-8.83,-1.54,0.00,0.00,0.00,180.00,180.00,180.00
381,140610502421504,true,1788547939.001973,2,20102,35.27,-116.64,15000.00,0.00,-8.55,117.34,0.0,0.0,0.0,0.0,0.0,0.0
381,140610502421504,false,1788547939.003,2,20104,-604.62,-201.82,-55.85,-117.36,-8.84,-1.56,0.00,0.00,0.00,180.00,180.00,180.00
382,140610502421504,true,1788547939.018689,2,20104,35.27,-116.64,15000.00,0.00,-8.57,117.36,0.0,0.0,0.0,0.0,0.0,0.0
382,140610502421504,false,1788547939.020,2,20104,-604.66,-201.89,-55.72,-117.36,-8.88,-1.58,0.00,0.00,0.00,180.00,180.00,180.00
383,140610502421504,true,1788547939.035285,2,20104,35.27,-116.64,15000.00,0.00,-8.61,117.36,0.0,0.0,0.0,0.0,0.0,0.0
383,140610502421504,false,1788547939.036,2,20106,-604.77,-202.34,-55.81,-117.33,-8.87,-1.49,0.00,0.00,0.00,180.00,180.00,180.00
384,140610502421504,true,1788547939.052047,2,20106,35.27,-116.64,15000.00,0.00,-8.56,117.33,0.0,0.0,0.0,0.0,0.0,0.0
384,140610502421504,false,1788547939.053,2,20106,-604.84,-202.34,-55.86,-117.33,-8.85,-1.47,0.00,0.00,0.00,180.00,180.00,180.00
385,140610502421504,true,1788547939.068633,2,20106,35.27,-116.64,15000.00,0.00,-8.54,117.33,0.0,0.0,0.0,0.0,0.0,0.0
385,140610502421504,false,1788547939.070,2,20108,-604.86,-202.70,-55.78,-117.33,-8.85,-1.51,0.00,0.00,0.00,180.00,180.00,180.00
386,140610502421504,true,1788547939.085307,2,20108,35.27,-116.64,15000.00,0.00,-8.56,117.33,0.0,0.0,0.0,0.0,0.0,0.0
386,140610502421504,false,1788547939.086,2,20108,-604.93,-202.73,-55.61,-117.32,-8.84,-1.52,0.00,0.00,0.00,180.00,180.00,180.00
387,140610502421504,true,1788547939.102735,2,20108,35.27,-116.64,15000.00,0.00,-8.55,117.32,0.0,0.0,0.0,0.0,0.0,0.0
387,140610502421504,false,1788547939.104,2,20110,-605.07,-202.99,-55.78,-117.31,-8.81,-1.46,0.00,0.00,0.00,180.00,180.00,180.00
388,140610502421504,true,1788547939.118633,2,20110,35.27,-116.64,15000.00,0.00,-8.50,117.31,0.0,0.0,0.0,0.0,0.0,0.0
388,140610502421504,false,1788547939.120,2,20110,-605.18,-202.96,-55.78,-117.31,-8.79,-1.46,0.00,0.00,0.00,180.00,180.00,180.00
389,140610502421504,true,1788547939.135304,2,20110,35.27,-116.64,15000.00,0.00,-8.48,117.31,0.0,0.0,0.0,0.0,0.0,0.0
389,140610502421504,false,1788547939.136,2,20112,-605.25,-203.08,-55.87,-117.33,-8.78,-1.49,0.00,0.00,0.00,180.00,180.00,180.00
390,140610502421504,true,1788547939.151967,2,20112,35.27,-116.64,15000.00,0.00,-8.49,117.33,0.0,0.0,0.0,0.0,0.0,0.0
390,140610502421504,false,1788547939.153,2,20112,-605.30,-203.01,-55.81,-117.34,-8.79,-1.49,0.00,0.00,0.00,180.00,180.00,180.00
391,140610502421504,true,1788547939.168876,2,20112,35.27,-116.64,15000.00,0.00,-8.49,117.34,0.0,0.0,0.0,0.0,0.0,0.0
391,140610502421504,false,1788547939.170,2,20114,-605.41,-203.24,-55.68,-117.36,-8.77,-1.47,0.00,0.00,0.00,180.00,180.00,180.00
392,140610502421504,true,1788547939.185328,2,20114,35.27,-116.64,15000.00,0.00,-8.47,117.36,0.0,0.0,0.0,0.0,0.0,0.0
393,140610502421504,true,1788547939.201973,2,20114,35.27,-116.64,15000.00,0.00,-8.47,117.36,0.0,0.0,0.0,0.0,0.0,0.0
393,140610502421504,false,1788547939.203,2,20115,-605.78,-203.30,-55.59,-117.33,-8.72,-1.43,0.00,0.00,0.00,180.00,180.00,180.00
394,140610502421504,true,1788547939.218672,2,20115,35.27,-116.64,15000.00,0.00,-8.40,117.33,0.0,0.0,0.0,0.0,0.0,0.0
394,140610502421504,false,1788547939.220,2,20115,-605.90,-203.19,-55.54,-117.34,-8.70,-1.43,0.00,0.00,0.00,180.00,180.00,180.00
395,140610502421504,true,1788547939.235280,2,20115,35.27,-116.64,15000.00,0.00,-8.39,117.34,0.0,0.0,0.0,0.0,0.0,0.0
395,140610502421504,false,1788547939.236,2,20117,-606.01,-203.36,-55.44,-117.32,-8.70,-1.47,0.00,0.00,0.00,180.00,180.00,180.00
396,140610502421504,true,1788547939.252042,2,20117,35.27,-116.64,15000.00,0.00,-8.41,117.32,0.0,0.0,0.0,0.0,0.0,0.0
396,140610502421504,false,1788547939.253,2,20117,-606.24,-203.33,-55.41,-117.30,-8.70,-1.43,0.00,0.00,0.00,180.00,180.00,180.00
397,140610502421504,true,1788547939.268648,2,20117,35.27,-116.64,15000.00,0.00,-8.39,117.30,0.0,0.0,0.0,0.0,0.0,0.0
397,140610502421504,false,1788547939.270,2,20119,-606.42,-203.39,-55.52,-117.30,-8.67,-1.39,0.00,0.00,0.00,180.00,180.00,180.00
398,140610502421504,true,1788547939.285334,2,20119,35.27,-116.64,15000.00,0.00,-8.34,117.30,0.0,0.0,0.0,0.0,0.0,0.0
398,140610502421504,false,1788547939.286,2,20119,-606.61,-203.39,-55.47,-117.28,-8.69,-1.42,0.00,0.00,0.00,180.00,180.00,180.00
399,140610502421504,true,1788547939.301979,2,20119,35.27,-116.64,15000.00,0.00,-8.38,117.28,0.0,0.0,0.0,0.0,0.0,0.0
399,140610502421504,false,1788547939.303,2,20121,-606.92,-203.55,-55.55,-117.22,-8.69,-1.42,0.00,0.00,0.00,180.00,180.00,180.00
400,140610502421504,true,1788547939.318634,2,20121,35.27,-116.64,15000.00,0.00,-8.37,117.22,0.0,0.0,0.0,0.0,0.0,0.0
400,140610502421504,false,1788547939.319,2,20121,-607.18,-203.58,-55.63,-117.18,-8.69,-1.40,0.00,0.00,0.00,180.00,180.00,180.00
401,140610502421504,true,1788547939.335481,2,20121,35.27,-116.64,15000.00,0.00,-8.37,117.18,0.0,0.0,0.0,0.0,0.0,0.0
401,140610502421504,false,1788547939.336,2,20123,-607.34,-203.74,-55.66,-117.15,-8.74,-1.42,0.00,0.00,0.00,180.00,180.00,180.00
402,140610502421504,true,1788547939.351978,2,20123,35.27,-116.64,15000.00,0.00,-8.42,117.15,0.0,0.0,0.0,0.0,0.0,0.0
403,140610502421504,true,1788547939.368739,2,20123,35.27,-116.64,15000.00,0.00,-8.42,117.15,0.0,0.0,0.0,0.0,0.0,0.0
403,140610502421504,false,1788547939.370,2,20124,-607.63,-203.82,-55.65,-117.12,-8.76,-1.33,0.00,0.00,0.00,180.00,180.00,180.00
404,140610502421504,true,1788547939.385264,2,20124,35.27,-116.64,15000.00,0.00,-8.40,117.12,0.0,0.0,0.0,0.0,0.0,0.0
405,140610502421504,true,1788547939.402087,2,20124,35.27,-116.64,15000.00,0.00,-8.40,117.12,0.0,0.0,0.0,0.0,0.0,0.0
405,140610502421504,false,1788547939.403,2,20125,-607.60,-203.78,-55.32,-117.14,-8.73,-1.30,0.00,0.00,0.00,180.00,180.00,180.00
406,140610502421504,true,1788547939.418782,2,20125,35.27,-116.64,15000.00,0.00,-8.36,117.14,0.0,0.0,0.0,0.0,0.0,0.0
406,140610502421504,false,1788547939.420,2,20125,-607.69,-203.80,-55.20,-117.13,-8.70,-1.29,0.00,0.00,0.00,180.00,180.00,180.00
407,140610502421504,true,1788547939.435230,2,20125,35.27,-116.64,15000.00,0.00,-8.33,117.13,0.0,0.0,0.0,0.0,0.0,0.0
408,140610502421504,true,1788547939.452078,2,20125,35.27,-116.64,15000.00,0.00,-8.33,117.13,0.0,0.0,0.0,0.0,0.0,0.0
408,140610502421504,false,1788547939.453,2,20127,-608.18,-204.12,-55.47,-117.02,-8.67,-1.28,0.00,0.00,0.00,180.00,180.00,180.00
409,140610502421504,true,1788547939.468599,2,20127,35.27,-116.64,15000.00,0.00,-8.30,117.02,0.0,0.0,0.0,0.0,0.0,0.0
410,140610502421504,true,1788547939.485499,2,20127,35.27,-116.64,15000.00,0.00,-8.30,117.02,0.0,0.0,0.0,0.0,0.0,0.0
410,140610502421504,false,1788547939.486,2,20128,-608.96,-204.94,-55.78,-116.86,-8.67,-1.34,0.00,0.00,0.00,180.00,180.00,180.00
411,140610502421504,true,1788547939.502640,2,20128,35.27,-116.64,15000.00,0.00,-8.34,116.86,0.0,0.0,0.0,0.0,0.0,0.0
411,140610502421504,false,1788547939.504,2,20129,-609.59,-205.60,-56.22,-116.75,-8.70,-1.32,0.00,0.00,0.00,180.00,180.00,180.00
412,140610502421504,true,1788547939.518815,2,20129,35.27,-116.64,15000.00,0.00,-8.37,116.75,0.0,0.0,0.0,0.0,0.0,0.0
412,140610502421504,false,1788547939.520,2,20129,-609.92,-205.83,-56.43,-116.71,-8.71,-1.33,0.00,0.00,0.00,180.00,180.00,180.00
413,140610502421504,true,1788547939.535274,2,20129,35.27,-116.64,15000.00,0.00,-8.38,116.71,0.0,0.0,0.0,0.0,0.0,0.0
414,140610502421504,true,1788547939.552135,2,20129,35.27,-116.64,15000.00,0.00,-8.38,116.71,0.0,0.0,0.0,0.0,0.0,0.0
414,140610502421504,false,1788547939.553,2,20131,-610.87,-206.46,-56.89,-116.66,-8.81,-1.38,0.00,0.00,0.00,180.00,180.00,180.00
415,140610502421504,true,1788547939.568549,2,20131,35.27,-116.64,15000.00,0.00,-8.49,116.66,0.0,0.0,0.0,0.0,0.0,0.0
416,140610502421504,true,1788547939.585473,2,20131,35.27,-116.64,15000.00,0.00,-8.49,116.66,0.0,0.0,0.0,0.0,0.0,0.0
416,140610502421504,false,1788547939.586,2,20132,-611.70,-207.17,-57.14,-116.55,-8.90,-1.25,0.00,0.00,0.00,180.00,180.00,180.00
417,140610502421504,true,1788547939.602051,2,20132,35.27,-116.64,15000.00,0.00,-8.52,116.55,0.0,0.0,0.0,0.0,0.0,0.0
417,140610502421504,false,1788547939.603,2,20133,-612.03,-207.47,-57.18,-116.50,-8.92,-1.22,0.00,0.00,0.00,180.00,180.00,180.00
418,140610502421504,true,1788547939.618727,2,20133,35.27,-116.64,15000.00,0.00,-8.53,116.50,0.0,0.0,0.0,0.0,0.0,0.0
418,140610502421504,false,1788547939.620,2,20133,-612.12,-207.61,-57.04,-116.47,-8.91,-1.23,0.00,0.00,0.00,180.00,180.00,180.00
419,140610502421504,true,1788547939.635443,2,20133,35.27,-116.64,15000.00,0.00,-8.52,116.47,0.0,0.0,0.0,0.0,0.0,0.0
420,140610502421504,true,1788547939.652100,2,20133,35.27,-116.64,15000.00,0.00,-8.52,116.47,0.0,0.0,0.0,0.0,0.0,0.0
420,140610502421504,false,1788547939.653,2,20135,-612.74,-208.06,-57.25,-116.40,-8.89,-1.20,0.00,0.00,0.00,180.00,180.00,180.00
421,140610502421504,true,1788547939.668583,2,20135,35.27,-116.64,15000.00,0.00,-8.50,116.40,0.0,0.0,0.0,0.0,0.0,0.0
422,140610502421504,true,1788547939.685485,2,20135,35.27,-116.64,15000.00,0.00,-8.50,116.40,0.0,0.0,0.0,0.0,0.0,0.0
422,140610502421504,false,1788547939.686,2,20136,-613.91,-209.01,-57.77,-116.11,-8.83,-1.21,0.00,0.00,0.00,180.00,180.00,180.00
423,140610502421504,true,1788547939.702067,2,20136,35.27,-116.64,15000.00,0.00,-8.46,116.11,0.0,0.0,0.0,0.0,0.0,0.0
423,140610502421504,false,1788547939.703,2,20137,-615.67,-210.11,-58.99,-115.69,-8.81,-1.43,0.00,0.00,0.00,180.00,180.00,180.00
424,140610502421504,true,1788547939.718636,2,20137,35.27,-116.64,15000.00,0.00,-8.56,115.69,0.0,0.0,0.0,0.0,0.0,0.0
425,140610502421504,true,1788547939.735434,2,20137,35.27,-116.64,15000.00,0.00,-8.56,115.69,0.0,0.0,0.0,0.0,0.0,0.0
425,140610502421504,false,1788547939.736,2,20138,-620.04,-212.56,-60.50,-114.64,-9.00,-1.60,0.00,0.00,0.00,180.00,180.00,180.00
426,140610502421504,true,1788547939.751983,2,20138,35.27,-116.64,15000.00,0.00,-8.85,114.64,0.0,0.0,0.0,0.0,0.0,0.0
427,140610502421504,true,1788547939.768580,2,20138,35.27,-116.64,15000.00,0.00,-8.85,114.64,0.0,0.0,0.0,0.0,0.0,0.0
427,140610502421504,false,1788547939.770,2,20139,-625.52,-215.31,-61.03,-113.39,-9.07,-1.76,0.00,0.00,0.00,180.00,180.00,180.00
428,140610502421504,true,1788547939.785468,2,20139,35.27,-116.64,15000.00,0.00,-9.02,113.39,0.0,0.0,0.0,0.0,0.0,0.0
428,140610502421504,false,1788547939.786,2,20139,-627.35,-216.18,-60.97,-112.97,-9.06,-1.80,0.00,0.00,0.00,180.00,180.00,180.00
429,140610502421504,true,1788547939.802074,2,20139,35.27,-116.64,15000.00,0.00,-9.04,112.97,0.0,0.0,0.0,0.0,0.0,0.0
429,140610502421504,false,1788547939.803,2,20141,-630.97,-217.87,-60.64,-112.18,-9.09,-1.81,0.00,0.00,0.00,180.00,180.00,180.00
430,140610502421504,true,1788547939.818619,2,20141,35.27,-116.64,15000.00,0.00,-9.10,112.18,0.0,0.0,0.0,0.0,0.0,0.0
431,140610502421504,true,1788547939.835438,2,20141,35.27,-116.64,15000.00,0.00,-9.10,112.18,0.0,0.0,0.0,0.0,0.0,0.0
431,140610502421504,false,1788547939.836,2,20142,-638.32,-221.29,-60.33,-110.71,-9.10,-1.82,0.00,0.00,0.00,180.00,180.00,180.00
432,140610502421504,true,1788547939.851930,2,20142,35.27,-116.64,15000.00,0.00,-9.15,110.71,0.0,0.0,0.0,0.0,0.0,0.0
433,140610502421504,true,1788547939.869228,2,20142,35.27,-116.64,15000.00,0.00,-9.15,110.71,0.0,0.0,0.0,0.0,0.0,0.0
433,140610502421504,false,1788547939.870,2,20143,-647.46,-225.35,-59.68,-108.80,-9.10,-1.70,0.00,0.00,0.00,180.00,180.00,180.00
434,140610502421504,true,1788547939.885237,2,20143,35.27,-116.64,15000.00,0.00,-9.17,108.80,0.0,0.0,0.0,0.0,0.0,0.0
434,140610502421504,false,1788547939.886,2,20143,-650.82,-226.83,-59.10,-108.15,-9.06,-1.70,0.00,0.00,0.00,180.00,180.00,180.00
435,140610502421504,true,1788547939.902151,2,20143,35.27,-116.64,15000.00,0.00,-9.14,108.15,0.0,0.0,0.0,0.0,0.0,0.0
435,140610502421504,false,1788547939.903,2,20145,-657.88,-229.91,-58.46,-106.83,-8.96,-1.71,0.00,0.00,0.00,180.00,180.00,180.00
436,140610502421504,true,1788547939.918736,2,20145,35.27,-116.64,15000.00,0.00,-9.07,106.83,0.0,0.0,0.0,0.0,0.0,0.0
436,140610502421504,false,1788547939.920,2,20145,-662.08,-231.33,-58.48,-106.02,-8.97,-1.73,0.00,0.00,0.00,180.00,180.00,180.00
437,140610502421504,true,1788547939.935445,2,20145,35.27,-116.64,15000.00,0.00,-9.10,106.02,0.0,0.0,0.0,0.0,0.0,0.0
438,140610502421504,true,1788547939.951976,2,20145,35.27,-116.64,15000.00,0.00,-9.10,106.02,0.0,0.0,0.0,0.0,0.0,0.0
438,140610502421504,false,1788547939.953,2,20147,-675.68,-235.89,-58.22,-103.10,-8.98,-1.58,0.00,0.00,0.00,180.00,180.00,180.00
439,140610502421504,true,1788547939.968768,2,20147,35.27,-116.64,15000.00,0.00,-9.10,103.10,0.0,0.0,0.0,0.0,0.0,0.0
439,140610502421504,false,1788547939.970,2,20148,-684.72,-238.93,-57.26,-101.07,-9.01,-1.66,0.00,0.00,0.00,180.00,180.00,180.00
440,140610502421504,true,1788547939.985278,2,20148,35.27,-116.64,15000.00,0.00,-9.17,101.07,0.0,0.0,0.0,0.0,0.0,0.0
441,140610502421504,true,1788547940.002148,2,20148,35.27,-116.64,15000.00,0.00,-9.17,101.07,0.0,0.0,0.0,0.0,0.0,0.0
441,140610502421504,false,1788547940.003,2,20149,-699.97,-242.21,-55.91,-97.45,-9.13,-1.64,0.00,0.00,0.00,180.00,180.00,180.00
442,140610502421504,true,1788547940.018800,2,20149,35.27,-116.64,15000.00,0.00,-9.27,97.45,0.0,0.0,0.0,0.0,0.0,0.0
442,140610502421504,false,1788547940.020,2,20149,-705.57,-242.93,-55.71,-96.15,-9.21,-1.62,0.00,0.00,0.00,180.00,180.00,180.00
443,140610502421504,true,1788547940.035435,2,20149,35.27,-116.64,15000.00,0.00,-9.33,96.15,0.0,0.0,0.0,0.0,0.0,0.0
443,140610502421504,false,1788547940.036,2,20151,-715.91,-244.34,-55.22,-93.66,-9.53,-1.42,0.00,0.00,0.00,180.00,180.00,180.00
444,140610502421504,true,1788547940.052101,2,20151,35.27,-116.64,15000.00,0.00,-9.61,93.66,0.0,0.0,0.0,0.0,0.0,0.0
444,140610502421504,false,1788547940.053,2,20151,-721.13,-244.86,-54.79,-92.43,-9.59,-1.25,0.00,0.00,0.00,180.00,180.00,180.00
445,140610502421504,true,1788547940.068576,2,20151,35.27,-116.64,15000.00,0.00,-9.63,92.43,0.0,0.0,0.0,0.0,0.0,0.0
446,140610502421504,true,1788547940.085316,2,20151,35.27,-116.64,15000.00,0.00,-9.63,92.43,0.0,0.0,0.0,0.0,0.0,0.0
446,140610502421504,false,1788547940.086,2,20153,-738.10,-247.06,-52.04,-88.35,-9.43,-0.85,0.00,0.00,0.00,180.00,180.00,180.00
447,140610502421504,true,1788547940.101975,2,20153,35.27,-116.64,15000.00,0.00,-9.40,88.35,0.0,0.0,0.0,0.0,0.0,0.0
447,140610502421504,false,1788547940.103,2,20154,-750.30,-248.43,-49.66,-85.39,-9.37,-0.68,0.00,0.00,0.00,180.00,180.00,180.00
448,140610502421504,true,1788547940.118643,2,20154,35.27,-116.64,15000.00,0.00,-9.28,85.39,0.0,0.0,0.0,0.0,0.0,0.0
448,140610502421504,false,1788547940.120,2,20154,-756.13,-248.55,-49.13,-84.02,-9.30,-0.52,0.00,0.00,0.00,180.00,180.00,180.00
449,140610502421504,true,1788547940.135304,2,20154,35.27,-116.64,15000.00,0.00,-9.20,84.02,0.0,0.0,0.0,0.0,0.0,0.0
449,140610502421504,false,1788547940.136,2,20156,-768.22,-248.17,-48.67,-81.12,-9.40,-0.17,0.00,0.00,0.00,180.00,180.00,180.00
450,140610502421504,true,1788547940.152268,2,20156,35.27,-116.64,15000.00,0.00,-9.26,81.12,0.0,0.0,0.0,0.0,0.0,0.0
450,140610502421504,false,1788547940.153,2,20156,-774.87,-247.33,-49.07,-79.56,-9.46,0.02,0.00,0.00,0.00,180.00,180.00,180.00
451,140610502421504,true,1788547940.168740,2,20156,35.27,-116.64,15000.00,0.00,-9.30,79.56,0.0,0.0,0.0,0.0,0.0,0.0
451,140610502421504,false,1788547940.170,2,20158,-788.32,-246.64,-48.09,-76.47,-9.51,0.54,0.00,0.00,0.00,180.00,180.00,180.00
452,140610502421504,true,1788547940.185319,2,20158,35.27,-116.64,15000.00,0.00,-9.37,76.47,0.0,0.0,0.0,0.0,0.0,0.0
453,140610502421504,true,1788547940.202122,2,20158,35.27,-116.64,15000.00,0.00,-9.37,76.47,0.0,0.0,0.0,0.0,0.0,0.0
453,140610502421504,false,1788547940.203,2,20159,-808.21,-244.95,-46.33,-71.81,-9.48,1.05,0.00,0.00,0.00,180.00,180.00,180.00
454,140610502421504,true,1788547940.218912,2,20159,35.27,-116.64,15000.00,0.00,-9.34,71.81,0.0,0.0,0.0,0.0,0.0,0.0
454,140610502421504,false,1788547940.220,2,20159,-814.79,-243.33,-46.33,-70.32,-9.48,1.17,0.00,0.00,0.00,180.00,180.00,180.00
455,140610502421504,true,1788547940.235448,2,20159,35.27,-116.64,15000.00,0.00,-9.32,70.32,0.0,0.0,0.0,0.0,0.0,0.0
455,140610502421504,false,1788547940.236,2,20161,-828.30,-240.40,-45.67,-67.12,-9.40,1.86,0.00,0.00,0.00,180.00,180.00,180.00
456,140610502421504,true,1788547940.252653,2,20161,35.27,-116.64,15000.00,0.00,-9.38,67.12,0.0,0.0,0.0,0.0,0.0,0.0
456,140610502421504,false,1788547940.254,2,20161,-834.47,-238.56,-45.81,-65.61,-9.41,2.20,0.00,0.00,0.00,180.00,180.00,180.00
457,140610502421504,true,1788547940.268805,2,20161,35.27,-116.64,15000.00,0.00,-9.48,65.61,0.0,0.0,0.0,0.0,0.0,0.0
457,140610502421504,false,1788547940.270,2,20163,-848.55,-234.57,-45.52,-62.42,-9.20,2.83,0.00,0.00,0.00,180.00,180.00,180.00
458,140610502421504,true,1788547940.285267,2,20163,35.27,-116.64,15000.00,0.00,-9.46,62.42,0.0,0.0,0.0,0.0,0.0,0.0
459,140610502421504,true,1788547940.302072,2,20163,35.27,-116.64,15000.00,0.00,-9.46,62.42,0.0,0.0,0.0,0.0,0.0,0.0
459,140610502421504,false,1788547940.303,2,20164,-868.72,-226.90,-45.83,-57.76,-9.16,3.63,0.00,0.00,0.00,180.00,180.00,180.00
460,140610502421504,true,1788547940.318598,2,20164,35.27,-116.64,15000.00,0.00,-9.69,57.76,0.0,0.0,0.0,0.0,0.0,0.0
461,140610502421504,true,1788547940.335261,2,20164,35.27,-116.64,15000.00,0.00,-9.69,57.76,0.0,0.0,0.0,0.0,0.0,0.0
461,140610502421504,false,1788547940.336,2,20165,-889.58,-218.98,-42.33,-52.75,-8.30,4.14,0.00,0.00,0.00,180.00,180.00,180.00
462,140610502421504,true,1788547940.352120,2,20165,35.27,-116.64,15000.00,0.00,-9.11,52.75,0.0,0.0,0.0,0.0,0.0,0.0
462,140610502421504,false,1788547940.353,2,20165,-896.02,-215.53,-41.53,-51.02,-8.15,4.27,0.00,0.00,0.00,180.00,180.00,180.00
463,140610502421504,true,1788547940.368699,2,20165,35.27,-116.64,15000.00,0.00,-9.02,51.02,0.0,0.0,0.0,0.0,0.0,0.0
463,140610502421504,false,1788547940.370,2,20167,-908.85,-207.60,-40.84,-47.93,-7.78,4.36,0.00,0.00,0.00,180.00,180.00,180.00
464,140610502421504,true,1788547940.385401,2,20167,35.27,-116.64,15000.00,0.00,-8.70,47.93,0.0,0.0,0.0,0.0,0.0,0.0
464,140610502421504,false,1788547940.386,2,20167,-915.08,-203.64,-39.87,-46.25,-7.66,4.49,0.00,0.00,0.00,180.00,180.00,180.00
465,140610502421504,true,1788547940.402052,2,20167,35.27,-116.64,15000.00,0.00,-8.64,46.25,0.0,0.0,0.0,0.0,0.0,0.0
465,140610502421504,false,1788547940.403,2,20169,-927.35,-194.35,-38.12,-42.74,-7.29,4.65,0.00,0.00,0.00,180.00,180.00,180.00
466,140610502421504,true,1788547940.418852,2,20169,35.27,-116.64,15000.00,0.00,-8.36,42.74,0.0,0.0,0.0,0.0,0.0,0.0
466,140610502421504,false,1788547940.420,2,20169,-933.26,-189.57,-37.51,-41.01,-7.09,4.79,0.00,0.00,0.00,180.00,180.00,180.00
467,140610502421504,true,1788547940.435417,2,20169,35.27,-116.64,15000.00,0.00,-8.26,41.01,0.0,0.0,0.0,0.0,0.0,0.0
467,140610502421504,false,1788547940.436,2,20171,-944.37,-179.36,-36.53,-37.66,-6.62,5.06,0.00,0.00,0.00,180.00,180.00,180.00
468,140610502421504,true,1788547940.452060,2,20171,35.27,-116.64,15000.00,0.00,-8.05,37.66,0.0,0.0,0.0,0.0,0.0,0.0
468,140610502421504,false,1788547940.453,2,20171,-949.33,-174.51,-36.69,-36.13,-6.47,5.17,0.00,0.00,0.00,180.00,180.00,180.00
469,140610502421504,true,1788547940.468564,2,20171,35.27,-116.64,15000.00,0.00,-7.99,36.13,0.0,0.0,0.0,0.0,0.0,0.0
470,140610502421504,true,1788547940.485420,2,20171,35.27,-116.64,15000.00,0.00,-7.99,36.13,0.0,0.0,0.0,0.0,0.0,0.0
470,140610502421504,false,1788547940.486,2,20173,-963.51,-157.50,-37.76,-31.17,-6.17,5.68,0.00,0.00,0.00,180.00,180.00,180.00
471,140610502421504,true,1788547940.502092,2,20173,35.27,-116.64,15000.00,0.00,-8.06,31.17,0.0,0.0,0.0,0.0,0.0,0.0
471,140610502421504,false,1788547940.503,2,20174,-972.13,-146.53,-37.28,-27.91,-5.89,5.86,0.00,0.00,0.00,180.00,180.00,180.00
472,140610502421504,true,1788547940.518857,2,20174,35.27,-116.64,15000.00,0.00,-7.93,27.91,0.0,0.0,0.0,0.0,0.0,0.0
472,140610502421504,false,1788547940.520,2,20174,-976.33,-140.63,-37.27,-26.26,-5.77,5.93,0.00,0.00,0.00,180.00,180.00,180.00
473,140610502421504,true,1788547940.535234,2,20174,35.27,-116.64,15000.00,0.00,-7.87,26.26,0.0,0.0,0.0,0.0,0.0,0.0
474,140610502421504,true,1788547940.551919,2,20174,35.27,-116.64,15000.00,0.00,-7.87,26.26,0.0,0.0,0.0,0.0,0.0,0.0
474,140610502421504,false,1788547940.553,2,20176,-987.15,-123.30,-37.07,-21.57,-5.44,6.12,0.00,0.00,0.00,180.00,180.00,180.00
475,140610502421504,true,1788547940.568587,2,20176,35.27,-116.64,15000.00,0.00,-7.69,21.57,0.0,0.0,0.0,0.0,0.0,0.0
475,140610502421504,false,1788547940.570,2,20176,-990.47,-117.46,-37.07,-19.99,-5.26,6.23,0.00,0.00,0.00,180.00,180.00,180.00
476,140610502421504,true,1788547940.585267,2,20176,35.27,-116.64,15000.00,0.00,-7.65,19.99,0.0,0.0,0.0,0.0,0.0,0.0
476,140610502421504,false,1788547940.586,2,20178,-997.60,-102.50,-35.98,-16.31,-5.02,6.21,0.00,0.00,0.00,180.00,180.00,180.00
477,140610502421504,true,1788547940.601969,2,20178,35.27,-116.64,15000.00,0.00,-7.37,16.31,0.0,0.0,0.0,0.0,0.0,0.0
477,140610502421504,false,1788547940.603,2,20178,-1000.11,-96.29,-35.34,-14.88,-5.04,6.19,0.00,0.00,0.00,180.00,180.00,180.00
478,140610502421504,true,1788547940.618643,2,20178,35.27,-116.64,15000.00,0.00,-7.28,14.88,0.0,0.0,0.0,0.0,0.0,0.0
478,140610502421504,false,1788547940.620,2,20180,-1005.04,-83.39,-35.19,-12.04,-4.75,6.27,0.00,0.00,0.00,180.00,180.00,180.00
479,140610502421504,true,1788547940.635833,2,20180,35.27,-116.64,15000.00,0.00,-7.13,12.04,0.0,0.0,0.0,0.0,0.0,0.0
479,140610502421504,false,1788547940.637,2,20180,-1006.63,-77.20,-34.64,-10.52,-4.52,6.36,0.00,0.00,0.00,180.00,180.00,180.00
480,140610502421504,true,1788547940.651946,2,20180,35.27,-116.64,15000.00,0.00,-7.08,10.52,0.0,0.0,0.0,0.0,0.0,0.0
480,140610502421504,false,1788547940.653,2,20182,-1010.62,-63.03,-34.01,-7.42,-4.34,6.44,0.00,0.00,0.00,180.00,180.00,180.00
481,140610502421504,true,1788547940.668796,2,20182,35.27,-116.64,15000.00,0.00,-6.95,7.42,0.0,0.0,0.0,0.0,0.0,0.0
481,140610502421504,false,1788547940.670,2,20182,-1012.28,-56.37,-33.85,-5.97,-4.23,6.52,0.00,0.00,0.00,180.00,180.00,180.00
482,140610502421504,true,1788547940.685304,2,20182,35.27,-116.64,15000.00,0.00,-6.92,5.97,0.0,0.0,0.0,0.0,0.0,0.0
482,140610502421504,false,1788547940.686,2,20184,-1014.54,-43.28,-33.12,-3.14,-3.91,6.57,0.00,0.00,0.00,180.00,180.00,180.00
483,140610502421504,true,1788547940.701983,2,20184,35.27,-116.64,15000.00,0.00,-6.77,3.14,0.0,0.0,0.0,0.0,0.0,0.0
483,140610502421504,false,1788547940.703,2,20184,-1015.77,-36.65,-33.01,-1.77,-3.87,6.59,0.00,0.00,0.00,180.00,180.00,180.00
484,140610502421504,true,1788547940.718645,2,20184,35.27,-116.64,15000.00,0.00,-6.70,1.77,0.0,0.0,0.0,0.0,0.0,0.0
484,140610502421504,false,1788547940.720,2,20186,-1017.53,-26.61,-32.92,0.34,-3.53,6.70,0.00,0.00,0.00,180.00,180.00,180.00
485,140610502421504,true,1788547940.735218,2,20186,35.27,-116.64,15000.00,0.00,-6.68,-0.34,0.0,0.0,0.0,0.0,0.0,0.0
485,140610502421504,false,1788547940.736,2,20186,-1018.57,-20.31,-32.81,1.66,-3.36,6.72,0.00,0.00,0.00,180.00,180.00,180.00
486,140610502421504,true,1788547940.751976,2,20186,35.27,-116.64,15000.00,0.00,-6.62,-1.66,0.0,0.0,0.0,0.0,0.0,0.0
486,140610502421504,false,1788547940.753,2,20188,-1018.78,-7.91,-33.24,4.15,-3.04,6.80,0.00,0.00,0.00,180.00,180.00,180.00
487,140610502421504,true,1788547940.768555,2,20188,35.27,-116.64,15000.00,0.00,-6.56,-4.15,0.0,0.0,0.0,0.0,0.0,0.0
487,140610502421504,false,1788547940.770,2,20188,-1019.21,-2.25,-33.33,5.27,-2.91,6.83,0.00,0.00,0.00,180.00,180.00,180.00
488,140610502421504,true,1788547940.785259,2,20188,35.27,-116.64,15000.00,0.00,-6.53,-5.27,0.0,0.0,0.0,0.0,0.0,0.0
488,140610502421504,false,1788547940.786,2,20190,-1019.10,9.90,-33.89,7.51,-2.64,6.73,0.00,0.00,0.00,180.00,180.00,180.00
489,140610502421504,true,1788547940.801976,2,20190,35.27,-116.64,15000.00,0.00,-6.33,-7.51,0.0,0.0,0.0,0.0,0.0,0.0
489,140610502421504,false,1788547940.803,2,20190,-1018.90,15.54,-34.17,8.61,-2.51,6.67,0.00,0.00,0.00,180.00,180.00,180.00
490,140610502421504,true,1788547940.818638,2,20190,35.27,-116.64,15000.00,0.00,-6.22,-8.61,0.0,0.0,0.0,0.0,0.0,0.0
490,140610502421504,false,1788547940.820,2,20192,-1018.91,28.15,-34.34,11.02,-2.23,6.49,0.00,0.00,0.00,180.00,180.00,180.00
491,140610502421504,true,1788547940.835277,2,20192,35.27,-116.64,15000.00,0.00,-5.94,-11.02,0.0,0.0,0.0,0.0,0.0,0.0
491,140610502421504,false,1788547940.836,2,20192,-1019.07,34.13,-34.32,12.19,-2.08,6.43,0.00,0.00,0.00,180.00,180.00,180.00
492,140610502421504,true,1788547940.851912,2,20192,35.27,-116.64,15000.00,0.00,-5.84,-12.19,0.0,0.0,0.0,0.0,0.0,0.0
492,140610502421504,false,1788547940.853,2,20194,-1017.98,45.90,-35.09,14.45,-1.66,6.36,0.00,0.00,0.00,180.00,180.00,180.00
493,140610502421504,true,1788547940.868683,2,20194,35.27,-116.64,15000.00,0.00,-5.74,-14.45,0.0,0.0,0.0,0.0,0.0,0.0
493,140610502421504,false,1788547940.870,2,20194,-1017.69,51.73,-35.18,15.60,-1.60,6.37,0.00,0.00,0.00,180.00,180.00,180.00
494,140610502421504,true,1788547940.885397,2,20194,35.27,-116.64,15000.00,0.00,-5.70,-15.60,0.0,0.0,0.0,0.0,0.0,0.0
494,140610502421504,false,1788547940.886,2,20196,-1016.39,63.45,-34.81,18.01,-1.43,6.27,0.00,0.00,0.00,180.00,180.00,180.00
495,140610502421504,true,1788547940.902081,2,20196,35.27,-116.64,15000.00,0.00,-5.52,-18.01,0.0,0.0,0.0,0.0,0.0,0.0
495,140610502421504,false,1788547940.903,2,20196,-1015.95,68.83,-34.79,19.17,-1.25,6.15,0.00,0.00,0.00,180.00,180.00,180.00
496,140610502421504,true,1788547940.918783,2,20196,35.27,-116.64,15000.00,0.00,-5.40,-19.17,0.0,0.0,0.0,0.0,0.0,0.0
496,140610502421504,false,1788547940.920,2,20198,-1014.06,80.01,-36.13,21.43,-0.90,6.22,0.00,0.00,0.00,180.00,180.00,180.00
497,140610502421504,true,1788547940.935434,2,20198,35.27,-116.64,15000.00,0.00,-5.46,-21.43,0.0,0.0,0.0,0.0,0.0,0.0
497,140610502421504,false,1788547940.936,2,20198,-1012.78,85.72,-36.95,22.63,-0.77,6.22,0.00,0.00,0.00,180.00,180.00,180.00
498,140610502421504,true,1788547940.951940,2,20198,35.27,-116.64,15000.00,0.00,-5.44,-22.63,0.0,0.0,0.0,0.0,0.0,0.0
499,140610502421504,true,1788547940.968575,2,20198,35.27,-116.64,15000.00,0.00,-5.44,-22.63,0.0,0.0,0.0,0.0,0.0,0.0
499,140610502421504,false,1788547940.969,2,20200,-1008.50,102.26,-38.82,26.13,-0.32,6.08,0.00,0.00,0.00,180.00,180.00,180.00
500,140610502421504,true,1788547940.985671,2,20200,35.27,-116.64,15000.00,0.00,-5.32,-26.13,0.0,0.0,0.0,0.0,0.0,0.0
500,140610502421504,false,1788547940.987,2,20201,-1005.26,113.60,-38.95,28.52,0.00,5.83,0.00,0.00,0.00,180.00,180.00,180.00
501,140610502421504,true,1788547941.001960,2,20201,35.27,-116.64,15000.00,0.00,-5.13,-28.52,0.0,0.0,0.0,0.0,0.0,0.0
501,140610502421504,false,1788547941.003,2,20201,-1003.67,118.67,-38.91,29.57,0.14,5.71,0.00,0.00,0.00,180.00,180.00,180.00
502,140610502421504,true,1788547941.019234,2,20201,35.27,-116.64,15000.00,0.00,-5.04,-29.57,0.0,0.0,0.0,0.0,0.0,0.0
502,140610502421504,false,1788547941.020,2,20203,-999.42,129.04,-39.66,31.63,0.43,5.56,0.00,0.00,0.00,180.00,180.00,180.00
503,140610502421504,true,1788547941.035256,2,20203,35.27,-116.64,15000.00,0.00,-4.96,-31.63,0.0,0.0,0.0,0.0,0.0,0.0
503,140610502421504,false,1788547941.036,2,20203,-997.11,133.61,-39.81,32.58,0.52,5.50,0.00,0.00,0.00,180.00,180.00,180.00
504,140610502421504,true,1788547941.052164,2,20203,35.27,-116.64,15000.00,0.00,-4.91,-32.58,0.0,0.0,0.0,0.0,0.0,0.0
504,140610502421504,false,1788547941.053,2,20205,-993.31,141.78,-39.83,34.27,0.66,5.36,0.00,0.00,0.00,180.00,180.00,180.00
505,140610502421504,true,1788547941.068710,2,20205,35.27,-116.64,15000.00,0.00,-4.80,-34.27,0.0,0.0,0.0,0.0,0.0,0.0
505,140610502421504,false,1788547941.070,2,20205,-991.33,145.68,-40.11,35.04,0.73,5.32,0.00,0.00,0.00,180.00,180.00,180.00
506,140610502421504,true,1788547941.085415,2,20205,35.27,-116.64,15000.00,0.00,-4.78,-35.04,0.0,0.0,0.0,0.0,0.0,0.0
506,140610502421504,false,1788547941.086,2,20207,-987.61,152.60,-40.81,36.31,0.81,5.19,0.00,0.00,0.00,180.00,180.00,180.00
507,140610502421504,true,1788547941.102092,2,20207,35.27,-116.64,15000.00,0.00,-4.66,-36.31,0.0,0.0,0.0,0.0,0.0,0.0
507,140610502421504,false,1788547941.103,2,20207,-986.21,156.07,-40.84,36.93,0.86,5.09,0.00,0.00,0.00,180.00,180.00,180.00
508,140610502421504,true,1788547941.118607,2,20207,35.27,-116.64,15000.00,0.00,-4.58,-36.93,0.0,0.0,0.0,0.0,0.0,0.0
509,140610502421504,true,1788547941.135432,2,20207,35.27,-116.64,15000.00,0.00,-4.58,-36.93,0.0,0.0,0.0,0.0,0.0,0.0
509,140610502421504,false,1788547941.136,2,20209,-981.17,166.22,-40.45,38.48,0.87,4.93,0.00,0.00,0.00,180.00,180.00,180.00
510,140610502421504,true,1788547941.151929,2,20209,35.27,-116.64,15000.00,0.00,-4.40,-38.48,0.0,0.0,0.0,0.0,0.0,0.0
511,140610502421504,true,1788547941.168699,2,20209,35.27,-116.64,15000.00,0.00,-4.40,-38.48,0.0,0.0,0.0,0.0,0.0,0.0
511,140610502421504,false,1788547941.170,2,20210,-975.76,177.71,-42.36,40.04,1.25,4.62,0.00,0.00,0.00,180.00,180.00,180.00
512,140610502421504,true,1788547941.185262,2,20210,35.27,-116.64,15000.00,0.00,-4.35,-40.04,0.0,0.0,0.0,0.0,0.0,0.0
513,140610502421504,true,1788547941.202457,2,20210,35.27,-116.64,15000.00,0.00,-4.35,-40.04,0.0,0.0,0.0,0.0,0.0,0.0
513,140610502421504,false,1788547941.203,2,20211,-968.65,190.69,-44.83,41.78,2.02,4.37,0.00,0.00,0.00,180.00,180.00,180.00
514,140610502421504,true,1788547941.218781,2,20211,35.27,-116.64,15000.00,0.00,-4.61,-41.78,0.0,0.0,0.0,0.0,0.0,0.0
514,140610502421504,false,1788547941.220,2,20212,-963.74,200.14,-47.11,43.04,2.72,4.21,0.00,0.00,0.00,180.00,180.00,180.00
515,140610502421504,true,1788547941.235233,2,20212,35.27,-116.64,15000.00,0.00,-4.93,-43.04,0.0,0.0,0.0,0.0,0.0,0.0
516,140610502421504,true,1788547941.251974,2,20212,35.27,-116.64,15000.00,0.00,-4.93,-43.04,0.0,0.0,0.0,0.0,0.0,0.0
516,140610502421504,false,1788547941.253,2,20213,-956.01,214.92,-50.30,44.90,3.68,4.30,0.00,0.00,0.00,180.00,180.00,180.00
517,140610502421504,true,1788547941.268586,2,20213,35.27,-116.64,15000.00,0.00,-5.64,-44.90,0.0,0.0,0.0,0.0,0.0,0.0
517,140610502421504,false,1788547941.278,2,20213,-953.38,220.02,-51.50,45.61,3.94,4.27,0.00,0.00,0.00,180.00,180.00,180.00
518,140610502421504,true,1788547941.285506,2,20213,35.27,-116.64,15000.00,0.00,-5.80,-45.61,0.0,0.0,0.0,0.0,0.0,0.0
518,140610502421504,false,1788547941.286,2,20215,-947.61,229.84,-53.89,47.13,4.66,4.11,0.00,0.00,0.00,180.00,180.00,180.00
519,140610502421504,true,1788547941.302122,2,20215,35.27,-116.64,15000.00,0.00,-6.21,-47.13,0.0,0.0,0.0,0.0,0.0,0.0
519,140610502421504,false,1788547941.303,2,20215,-944.92,234.47,-55.09,47.79,5.06,4.13,0.00,0.00,0.00,180.00,180.00,180.00
520,140610502421504,true,1788547941.318816,2,20215,35.27,-116.64,15000.00,0.00,-6.52,-47.79,0.0,0.0,0.0,0.0,0.0,0.0
520,140610502421504,false,1788547941.320,2,20217,-940.44,243.29,-57.46,48.88,5.60,4.31,0.00,0.00,0.00,180.00,180.00,180.00
521,140610502421504,true,1788547941.335259,2,20217,35.27,-116.64,15000.00,0.00,-7.05,-48.88,0.0,0.0,0.0,0.0,0.0,0.0
522,140610502421504,true,1788547941.352205,2,20217,35.27,-116.64,15000.00,0.00,-7.05,-48.88,0.0,0.0,0.0,0.0,0.0,0.0
522,140610502421504,false,1788547941.353,2,20218,-935.29,254.95,-59.74,50.25,6.10,4.38,0.00,0.00,0.00,180.00,180.00,180.00
523,140610502421504,true,1788547941.368727,2,20218,35.27,-116.64,15000.00,0.00,-7.49,-50.25,0.0,0.0,0.0,0.0,0.0,0.0
523,140610502421504,false,1788547941.370,2,20218,-933.96,258.30,-60.30,50.61,6.21,4.42,0.00,0.00,0.00,180.00,180.00,180.00
524,140610502421504,true,1788547941.385464,2,20218,35.27,-116.64,15000.00,0.00,-7.61,-50.61,0.0,0.0,0.0,0.0,0.0,0.0
524,140610502421504,false,1788547941.386,2,20220,-931.51,264.70,-61.93,51.33,6.46,4.37,0.00,0.00,0.00,180.00,180.00,180.00
525,140610502421504,true,1788547941.402702,2,20220,35.27,-116.64,15000.00,0.00,-7.78,-51.33,0.0,0.0,0.0,0.0,0.0,0.0
525,140610502421504,false,1788547941.404,2,20220,-930.47,268.12,-62.76,51.69,6.62,4.40,0.00,0.00,0.00,180.00,180.00,180.00
526,140610502421504,true,1788547941.418808,2,20220,35.27,-116.64,15000.00,0.00,-7.92,-51.69,0.0,0.0,0.0,0.0,0.0,0.0
526,140610502421504,false,1788547941.420,2,20221,-928.40,273.24,-63.60,52.25,6.82,4.52,0.00,0.00,0.00,180.00,180.00,180.00
527,140610502421504,true,1788547941.435428,2,20221,35.27,-116.64,15000.00,0.00,-8.16,-52.25,0.0,0.0,0.0,0.0,0.0,0.0
527,140610502421504,false,1788547941.436,2,20222,-927.89,276.19,-63.95,52.53,6.86,4.53,0.00,0.00,0.00,180.00,180.00,180.00
528,140610502421504,true,1788547941.451975,2,20222,35.27,-116.64,15000.00,0.00,-8.20,-52.53,0.0,0.0,0.0,0.0,0.0,0.0
529,140610502421504,true,1788547941.468768,2,20222,35.27,-116.64,15000.00,0.00,-8.20,-52.53,0.0,0.0,0.0,0.0,0.0,0.0
529,140610502421504,false,1788547941.470,2,20224,-927.28,281.57,-64.65,53.05,7.04,4.49,0.00,0.00,0.00,180.00,180.00,180.00
530,140610502421504,true,1788547941.485462,2,20224,35.27,-116.64,15000.00,0.00,-8.32,-53.05,0.0,0.0,0.0,0.0,0.0,0.0
530,140610502421504,false,1788547941.486,2,20225,-927.62,283.48,-64.82,53.01,7.08,4.58,0.00,0.00,0.00,180.00,180.00,180.00
531,140610502421504,true,1788547941.502125,2,20225,35.27,-116.64,15000.00,0.00,-8.41,-53.01,0.0,0.0,0.0,0.0,0.0,0.0
531,140610502421504,false,1788547941.503,2,20225,-928.37,284.54,-65.10,53.02,7.06,4.57,0.00,0.00,0.00,180.00,180.00,180.00
532,140610502421504,true,1788547941.518818,2,20225,35.27,-116.64,15000.00,0.00,-8.39,-53.02,0.0,0.0,0.0,0.0,0.0,0.0
532,140610502421504,false,1788547941.520,2,20227,-930.09,284.84,-65.22,52.84,7.03,4.56,0.00,0.00,0.00,180.00,180.00,180.00
533,140610502421504,true,1788547941.535285,2,20227,35.27,-116.64,15000.00,0.00,-8.35,-52.84,0.0,0.0,0.0,0.0,0.0,0.0
534,140610502421504,true,1788547941.551982,2,20227,35.27,-116.64,15000.00,0.00,-8.35,-52.84,0.0,0.0,0.0,0.0,0.0,0.0
534,140610502421504,false,1788547941.553,2,20228,-933.41,285.07,-65.45,52.36,7.09,4.63,0.00,0.00,0.00,180.00,180.00,180.00
535,140610502421504,true,1788547941.568684,2,20228,35.27,-116.64,15000.00,0.00,-8.44,-52.36,0.0,0.0,0.0,0.0,0.0,0.0
535,140610502421504,false,1788547941.570,2,20228,-934.33,285.65,-65.52,52.30,7.03,4.67,0.00,0.00,0.00,180.00,180.00,180.00
536,140610502421504,true,1788547941.585349,2,20228,35.27,-116.64,15000.00,0.00,-8.42,-52.30,0.0,0.0,0.0,0.0,0.0,0.0
536,140610502421504,false,1788547941.586,2,20230,-935.94,285.39,-65.25,52.27,7.01,4.61,0.00,0.00,0.00,180.00,180.00,180.00
537,140610502421504,true,1788547941.602029,2,20230,35.27,-116.64,15000.00,0.00,-8.37,-52.27,0.0,0.0,0.0,0.0,0.0,0.0
537,140610502421504,false,1788547941.603,2,20230,-936.69,285.80,-65.41,52.25,7.05,4.59,0.00,0.00,0.00,180.00,180.00,180.00
538,140610502421504,true,1788547941.618618,2,20230,35.27,-116.64,15000.00,0.00,-8.38,-52.25,0.0,0.0,0.0,0.0,0.0,0.0
538,140610502421504,false,1788547941.620,2,20232,-936.92,285.89,-65.83,52.29,7.10,4.66,0.00,0.00,0.00,180.00,180.00,180.00
539,140610502421504,true,1788547941.635305,2,20232,35.27,-116.64,15000.00,0.00,-8.46,-52.29,0.0,0.0,0.0,0.0,0.0,0.0
539,140610502421504,false,1788547941.636,2,20232,-937.13,286.53,-65.80,52.37,7.06,4.66,0.00,0.00,0.00,180.00,180.00,180.00
540,140610502421504,true,1788547941.651994,2,20232,35.27,-116.64,15000.00,0.00,-8.43,-52.37,0.0,0.0,0.0,0.0,0.0,0.0
540,140610502421504,false,1788547941.653,2,20234,-937.27,286.56,-65.86,52.52,7.07,4.62,0.00,0.00,0.00,180.00,180.00,180.00
541,140610502421504,true,1788547941.668653,2,20234,35.27,-116.64,15000.00,0.00,-8.42,-52.52,0.0,0.0,0.0,0.0,0.0,0.0
541,140610502421504,false,1788547941.670,2,20234,-937.18,286.57,-65.97,52.57,7.05,4.61,0.00,0.00,0.00,180.00,180.00,180.00
542,140610502421504,true,1788547941.685283,2,20234,35.27,-116.64,15000.00,0.00,-8.40,-52.57,0.0,0.0,0.0,0.0,0.0,0.0
542,140610502421504,false,1788547941.686,2,20236,-937.22,286.43,-65.96,52.64,7.02,4.55,0.00,0.00,0.00,180.00,180.00,180.00
543,140610502421504,true,1788547941.702244,2,20236,35.27,-116.64,15000.00,0.00,-8.34,-52.64,0.0,0.0,0.0,0.0,0.0,0.0
543,140610502421504,false,1788547941.703,2,20236,-937.23,286.39,-65.77,52.64,6.99,4.51,0.00,0.00,0.00,180.00,180.00,180.00
544,140610502421504,true,1788547941.718702,2,20236,35.27,-116.64,15000.00,0.00,-8.29,-52.64,0.0,0.0,0.0,0.0,0.0,0.0
544,140610502421504,false,1788547941.720,2,20238,-937.31,285.17,-64.88,52.52,6.86,4.37,0.00,0.00,0.00,180.00,180.00,180.00
545,140610502421504,true,1788547941.735293,2,20238,35.27,-116.64,15000.00,0.00,-8.10,-52.52,0.0,0.0,0.0,0.0,0.0,0.0
545,140610502421504,false,1788547941.736,2,20238,-937.24,284.98,-64.26,52.44,6.78,4.26,0.00,0.00,0.00,180.00,180.00,180.00
546,140610502421504,true,1788547941.751952,2,20238,35.27,-116.64,15000.00,0.00,-7.97,-52.44,0.0,0.0,0.0,0.0,0.0,0.0
546,140610502421504,false,1788547941.753,2,20240,-937.32,282.97,-61.85,52.21,6.44,4.04,0.00,0.00,0.00,180.00,180.00,180.00
547,140610502421504,true,1788547941.769200,2,20240,35.27,-116.64,15000.00,0.00,-7.57,-52.21,0.0,0.0,0.0,0.0,0.0,0.0
547,140610502421504,false,1788547941.770,2,20240,-937.41,282.10,-60.41,52.10,6.23,3.86,0.00,0.00,0.00,180.00,180.00,180.00
548,140610502421504,true,1788547941.785344,2,20240,35.27,-116.64,15000.00,0.00,-7.29,-52.10,0.0,0.0,0.0,0.0,0.0,0.0
548,140610502421504,false,1788547941.786,2,20242,-937.12,280.37,-55.27,51.81,5.52,3.47,0.00,0.00,0.00,180.00,180.00,180.00
549,140610502421504,true,1788547941.801966,2,20242,35.27,-116.64,15000.00,0.00,-6.48,-51.81,0.0,0.0,0.0,0.0,0.0,0.0
549,140610502421504,false,1788547941.803,2,20242,-936.75,279.39,-52.25,51.70,5.06,3.15,0.00,0.00,0.00,180.00,180.00,180.00
550,140610502421504,true,1788547941.818658,2,20242,35.27,-116.64,15000.00,0.00,-5.92,-51.70,0.0,0.0,0.0,0.0,0.0,0.0
550,140610502421504,false,1788547941.820,2,20244,-936.14,276.44,-45.35,51.46,4.04,2.35,0.00,0.00,0.00,180.00,180.00,180.00
551,140610502421504,true,1788547941.835258,2,20244,35.27,-116.64,15000.00,0.00,-4.62,-51.46,0.0,0.0,0.0,0.0,0.0,0.0
551,140610502421504,false,1788547941.836,2,20244,-935.60,275.20,-41.64,51.32,3.56,1.88,0.00,0.00,0.00,180.00,180.00,180.00
552,140610502421504,true,1788547941.851981,2,20244,35.27,-116.64,15000.00,0.00,-3.95,-51.32,0.0,0.0,0.0,0.0,0.0,0.0
552,140610502421504,false,1788547941.853,2,20246,-933.96,271.87,-33.77,50.97,2.50,0.87,0.00,0.00,0.00,180.00,180.00,180.00
553,140610502421504,true,1788547941.868697,2,20246,35.27,-116.64,15000.00,0.00,-2.49,-50.97,0.0,0.0,0.0,0.0,0.0,0.0
553,140610502421504,false,1788547941.870,2,20246,-932.67,270.36,-29.61,50.80,1.92,0.32,0.00,0.00,0.00,180.00,180.00,180.00
554,140610502421504,true,1788547941.885286,2,20246,35.27,-116.64,15000.00,0.00,-1.69,-50.80,0.0,0.0,0.0,0.0,0.0,0.0
554,140610502421504,false,1788547941.886,2,20248,-930.17,266.40,-20.64,50.41,0.72,-0.90,0.00,0.00,0.00,180.00,180.00,180.00
555,140610502421504,true,1788547941.901975,2,20248,35.27,-116.64,15000.00,0.00,0.02,-50.41,0.0,0.0,0.0,0.0,0.0,0.0
555,140610502421504,false,1788547941.903,2,20248,-928.39,264.38,-15.96,50.21,0.11,-1.61,0.00,0.00,0.00,180.00,180.00,180.00
556,140610502421504,true,1788547941.918601,2,20248,35.27,-116.64,15000.00,0.00,0.95,-50.21,0.0,0.0,0.0,0.0,0.0,0.0
556,140610502421504,false,1788547941.920,2,20250,-924.92,259.77,-7.14,49.75,-1.03,-3.03,0.00,0.00,0.00,180.00,180.00,180.00
557,140610502421504,true,1788547941.935301,2,20250,35.27,-116.64,15000.00,0.00,2.74,-49.75,0.0,0.0,0.0,0.0,0.0,0.0
557,140610502421504,false,1788547941.936,2,20250,-922.74,257.57,-3.09,49.54,-1.58,-3.68,0.00,0.00,0.00,180.00,180.00,180.00
558,140610502421504,true,1788547941.951971,2,20250,35.27,-116.64,15000.00,0.00,3.60,-49.54,0.0,0.0,0.0,0.0,0.0,0.0
558,140610502421504,false,1788547941.953,2,20252,-918.35,252.28,4.60,49.05,-2.73,-5.09,0.00,0.00,0.00,180.00,180.00,180.00
559,140610502421504,true,1788547941.968864,2,20252,35.27,-116.64,15000.00,0.00,5.39,-49.05,0.0,0.0,0.0,0.0,0.0,0.0
559,140610502421504,false,1788547941.970,2,20252,-916.07,249.77,8.22,48.82,-3.22,-5.68,0.00,0.00,0.00,180.00,180.00,180.00
560,140610502421504,true,1788547941.985302,2,20252,35.27,-116.64,15000.00,0.00,6.16,-48.82,0.0,0.0,0.0,0.0,0.0,0.0
561,140610502421504,true,1788547942.002024,2,20252,35.27,-116.64,15000.00,0.00,6.16,-48.82,0.0,0.0,0.0,0.0,0.0,0.0
561,140610502421504,false,1788547942.003,2,20254,-907.62,242.03,23.75,48.10,-5.52,-7.82,0.00,0.00,0.00,180.00,180.00,180.00
562,140610502421504,true,1788547942.018654,2,20254,35.27,-116.64,15000.00,0.00,9.33,-48.10,0.0,0.0,0.0,0.0,0.0,0.0
562,140610502421504,false,1788547942.020,2,20255,-900.73,236.77,31.03,47.83,-6.53,-9.31,0.00,0.00,0.00,180.00,180.00,180.00
563,140610502421504,true,1788547942.035491,2,20255,35.27,-116.64,15000.00,0.00,11.09,-47.83,0.0,0.0,0.0,0.0,0.0,0.0
563,140610502421504,false,1788547942.036,2,20255,-896.80,233.91,34.45,47.69,-7.14,-9.94,0.00,0.00,0.00,180.00,180.00,180.00
564,140610502421504,true,1788547942.051975,2,20255,35.27,-116.64,15000.00,0.00,11.97,-47.69,0.0,0.0,0.0,0.0,0.0,0.0
564,140610502421504,false,1788547942.053,2,20257,-890.15,228.80,40.60,47.43,-7.94,-11.20,0.00,0.00,0.00,180.00,180.00,180.00
565,140610502421504,true,1788547942.068783,2,20257,35.27,-116.64,15000.00,0.00,13.42,-47.43,0.0,0.0,0.0,0.0,0.0,0.0
565,140610502421504,false,1788547942.070,2,20257,-887.04,226.39,43.33,47.29,-8.32,-11.75,0.00,0.00,0.00,180.00,180.00,180.00
566,140610502421504,true,1788547942.085572,2,20257,35.27,-116.64,15000.00,0.00,14.09,-47.29,0.0,0.0,0.0,0.0,0.0,0.0
566,140610502421504,false,1788547942.086,2,20259,-880.76,222.10,46.68,46.96,-8.71,-12.74,0.00,0.00,0.00,180.00,180.00,180.00
567,140610502421504,true,1788547942.101924,2,20259,35.27,-116.64,15000.00,0.00,15.06,-46.96,0.0,0.0,0.0,0.0,0.0,0.0
567,140610502421504,false,1788547942.103,2,20259,-877.68,220.38,48.00,46.80,-8.87,-13.15,0.00,0.00,0.00,180.00,180.00,180.00
568,140610502421504,true,1788547942.118833,2,20259,35.27,-116.64,15000.00,0.00,15.47,-46.80,0.0,0.0,0.0,0.0,0.0,0.0
568,140610502421504,false,1788547942.120,2,20261,-871.14,216.72,51.90,46.52,-9.41,-14.05,0.00,0.00,0.00,180.00,180.00,180.00
569,140610502421504,true,1788547942.135283,2,20261,35.27,-116.64,15000.00,0.00,16.50,-46.52,0.0,0.0,0.0,0.0,0.0,0.0
570,140610502421504,true,1788547942.152695,2,20261,35.27,-116.64,15000.00,0.00,16.50,-46.52,0.0,0.0,0.0,0.0,0.0,0.0
570,140610502421504,false,1788547942.154,2,20262,-862.12,212.01,56.79,46.22,-10.10,-15.03,0.00,0.00,0.00,180.00,180.00,180.00
571,140610502421504,true,1788547942.168775,2,20262,35.27,-116.64,15000.00,0.00,17.69,-46.22,0.0,0.0,0.0,0.0,0.0,0.0
571,140610502421504,false,1788547942.170,2,20262,-858.89,210.27,57.62,46.07,-10.04,-15.62,0.00,0.00,0.00,180.00,180.00,180.00
572,140610502421504,true,1788547942.185569,2,20262,35.27,-116.64,15000.00,0.00,18.07,-46.07,0.0,0.0,0.0,0.0,0.0,0.0
572,140610502421504,false,1788547942.186,2,20264,-853.43,207.17,59.76,45.86,-10.38,-16.25,0.00,0.00,0.00,180.00,180.00,180.00
573,140610502421504,true,1788547942.201959,2,20264,35.27,-116.64,15000.00,0.00,18.77,-45.86,0.0,0.0,0.0,0.0,0.0,0.0
573,140610502421504,false,1788547942.203,2,20264,-850.11,205.34,61.18,45.76,-10.52,-16.58,0.00,0.00,0.00,180.00,180.00,180.00
574,140610502421504,true,1788547942.219144,2,20264,35.27,-116.64,15000.00,0.00,19.10,-45.76,0.0,0.0,0.0,0.0,0.0,0.0
574,140610502421504,false,1788547942.220,2,20266,-844.72,201.98,64.03,45.55,-10.91,-17.20,0.00,0.00,0.00,180.00,180.00,180.00
575,140610502421504,true,1788547942.235263,2,20266,35.27,-116.64,15000.00,0.00,19.83,-45.55,0.0,0.0,0.0,0.0,0.0,0.0
575,140610502421504,false,1788547942.236,2,20266,-840.99,199.57,66.06,45.43,-11.22,-17.52,0.00,0.00,0.00,180.00,180.00,180.00
576,140610502421504,true,1788547942.252232,2,20266,35.27,-116.64,15000.00,0.00,20.29,-45.43,0.0,0.0,0.0,0.0,0.0,0.0
576,140610502421504,false,1788547942.253,2,20268,-835.82,194.74,70.49,44.99,-11.96,-18.24,0.00,0.00,0.00,180.00,180.00,180.00
577,140610502421504,true,1788547942.268652,2,20268,35.27,-116.64,15000.00,0.00,21.35,-44.99,0.0,0.0,0.0,0.0,0.0,0.0
578,140610502421504,true,1788547942.285579,2,20268,35.27,-116.64,15000.00,0.00,21.35,-44.99,0.0,0.0,0.0,0.0,0.0,0.0
578,140610502421504,false,1788547942.286,2,20269,-826.48,183.62,78.34,43.98,-13.39,-19.50,0.00,0.00,0.00,180.00,180.00,180.00
579,140610502421504,true,1788547942.301990,2,20269,35.27,-116.64,15000.00,0.00,23.33,-43.98,0.0,0.0,0.0,0.0,0.0,0.0
579,140610502421504,false,1788547942.303,2,20269,-823.07,179.48,81.04,43.58,-13.86,-20.00,0.00,0.00,0.00,180.00,180.00,180.00
580,140610502421504,true,1788547942.318649,2,20269,35.27,-116.64,15000.00,0.00,24.04,-43.58,0.0,0.0,0.0,0.0,0.0,0.0
581,140610502421504,true,1788547942.335498,2,20269,35.27,-116.64,15000.00,0.00,24.04,-43.58,0.0,0.0,0.0,0.0,0.0,0.0
581,140610502421504,false,1788547942.336,2,20271,-814.12,166.53,88.66,42.06,-15.00,-21.82,0.00,0.00,0.00,180.00,180.00,180.00
582,140610502421504,true,1788547942.351972,2,20271,35.27,-116.64,15000.00,0.00,26.25,-42.06,0.0,0.0,0.0,0.0,0.0,0.0
583,140610502421504,true,1788547942.368812,2,20271,35.27,-116.64,15000.00,0.00,26.25,-42.06,0.0,0.0,0.0,0.0,0.0,0.0
583,140610502421504,false,1788547942.370,2,20272,-804.83,156.86,93.34,41.24,-15.68,-23.21,0.00,0.00,0.00,180.00,180.00,180.00
584,140610502421504,true,1788547942.385544,2,20272,35.27,-116.64,15000.00,0.00,27.79,-41.24,0.0,0.0,0.0,0.0,0.0,0.0
584,140610502421504,false,1788547942.394,2,20273,-799.46,151.29,96.30,40.87,-15.99,-24.02,0.00,0.00,0.00,180.00,180.00,180.00
585,140610502421504,true,1788547942.402225,2,20273,35.27,-116.64,15000.00,0.00,28.63,-40.87,0.0,0.0,0.0,0.0,0.0,0.0
585,140610502421504,false,1788547942.403,2,20273,-796.51,149.37,97.23,40.80,-16.07,-24.33,0.00,0.00,0.00,180.00,180.00,180.00
586,140610502421504,true,1788547942.418821,2,20273,35.27,-116.64,15000.00,0.00,28.92,-40.80,0.0,0.0,0.0,0.0,0.0,0.0
586,140610502421504,false,1788547942.420,2,20275,-791.45,146.74,98.60,40.77,-16.27,-24.76,0.00,0.00,0.00,180.00,180.00,180.00
587,140610502421504,true,1788547942.435466,2,20275,35.27,-116.64,15000.00,0.00,29.38,-40.77,0.0,0.0,0.0,0.0,0.0,0.0
587,140610502421504,false,1788547942.436,2,20275,-788.43,145.81,98.85,40.78,-16.30,-24.99,0.00,0.00,0.00,180.00,180.00,180.00
588,140610502421504,true,1788547942.452141,2,20275,35.27,-116.64,15000.00,0.00,29.57,-40.78,0.0,0.0,0.0,0.0,0.0,0.0
588,140610502421504,false,1788547942.453,2,20277,-784.12,143.94,98.60,40.85,-16.21,-25.24,0.00,0.00,0.00,180.00,180.00,180.00
589,140610502421504,true,1788547942.468650,2,20277,35.27,-116.64,15000.00,0.00,29.69,-40.85,0.0,0.0,0.0,0.0,0.0,0.0
590,140610502421504,true,1788547942.485389,2,20277,35.27,-116.64,15000.00,0.00,29.69,-40.85,0.0,0.0,0.0,0.0,0.0,0.0
590,140610502421504,false,1788547942.486,2,20278,-776.66,142.96,99.34,40.83,-16.15,-25.63,0.00,0.00,0.00,180.00,180.00,180.00
591,140610502421504,true,1788547942.502148,2,20278,35.27,-116.64,15000.00,0.00,29.96,-40.83,0.0,0.0,0.0,0.0,0.0,0.0
591,140610502421504,false,1788547942.503,2,20278,-773.09,142.69,99.76,40.86,-16.23,-25.83,0.00,0.00,0.00,180.00,180.00,180.00
592,140610502421504,true,1788547942.519249,2,20278,35.27,-116.64,15000.00,0.00,30.15,-40.86,0.0,0.0,0.0,0.0,0.0,0.0
593,140610502421504,true,1788547942.535469,2,20278,35.27,-116.64,15000.00,0.00,30.15,-40.86,0.0,0.0,0.0,0.0,0.0,0.0
593,140610502421504,false,1788547942.536,2,20280,-762.68,142.52,100.35,41.00,-16.17,-26.55,0.00,0.00,0.00,180.00,180.00,180.00
594,140610502421504,true,1788547942.551982,2,20280,35.27,-116.64,15000.00,0.00,30.64,-41.00,0.0,0.0,0.0,0.0,0.0,0.0
595,140610502421504,true,1788547942.568692,2,20280,35.27,-116.64,15000.00,0.00,30.64,-41.00,0.0,0.0,0.0,0.0,0.0,0.0
595,140610502421504,false,1788547942.570,2,20281,-752.13,141.14,102.32,40.86,-16.30,-27.32,0.00,0.00,0.00,180.00,180.00,180.00
596,140610502421504,true,1788547942.585341,2,20281,35.27,-116.64,15000.00,0.00,31.33,-40.86,0.0,0.0,0.0,0.0,0.0,0.0
596,140610502421504,false,1788547942.586,2,20282,-744.17,140.05,103.95,40.82,-16.32,-28.02,0.00,0.00,0.00,180.00,180.00,180.00
597,140610502421504,true,1788547942.602030,2,20282,35.27,-116.64,15000.00,0.00,31.87,-40.82,0.0,0.0,0.0,0.0,0.0,0.0
597,140610502421504,false,1788547942.603,2,20282,-739.52,139.20,104.70,40.80,-16.32,-28.38,0.00,0.00,0.00,180.00,180.00,180.00
598,140610502421504,true,1788547942.618683,2,20282,35.27,-116.64,15000.00,0.00,32.14,-40.80,0.0,0.0,0.0,0.0,0.0,0.0
598,140610502421504,false,1788547942.620,2,20284,-732.58,138.42,104.47,40.84,-16.15,-28.94,0.00,0.00,0.00,180.00,180.00,180.00
599,140610502421504,true,1788547942.635343,2,20284,35.27,-116.64,15000.00,0.00,32.45,-40.84,0.0,0.0,0.0,0.0,0.0,0.0
599,140610502421504,false,1788547942.636,2,20284,-728.70,137.42,104.93,40.86,-16.12,-29.08,0.00,0.00,0.00,180.00,180.00,180.00
600,140610502421504,true,1788547942.651978,2,20284,35.27,-116.64,15000.00,0.00,32.54,-40.86,0.0,0.0,0.0,0.0,0.0,0.0
600,140610502421504,false,1788547942.653,2,20286,-722.70,135.70,105.76,40.64,-16.10,-29.55,0.00,0.00,0.00,180.00,180.00,180.00
601,140610502421504,true,1788547942.668685,2,20286,35.27,-116.64,15000.00,0.00,32.91,-40.64,0.0,0.0,0.0,0.0,0.0,0.0
601,140610502421504,false,1788547942.669,2,20286,-719.22,134.37,106.34,40.58,-16.08,-29.75,0.00,0.00,0.00,180.00,180.00,180.00
602,140610502421504,true,1788547942.685498,2,20286,35.27,-116.64,15000.00,0.00,33.06,-40.58,0.0,0.0,0.0,0.0,0.0,0.0
602,140610502421504,false,1788547942.687,2,20288,-713.21,132.43,107.67,40.40,-16.24,-30.24,0.00,0.00,0.00,180.00,180.00,180.00
603,140610502421504,true,1788547942.701818,2,20288,35.27,-116.64,15000.00,0.00,33.55,-40.40,0.0,0.0,0.0,0.0,0.0,0.0
603,140610502421504,false,1788547942.703,2,20288,-709.75,130.88,108.60,40.20,-16.28,-30.50,0.00,0.00,0.00,180.00,180.00,180.00
604,140610502421504,true,1788547942.718702,2,20288,35.27,-116.64,15000.00,0.00,33.80,-40.20,0.0,0.0,0.0,0.0,0.0,0.0
604,140610502421504,false,1788547942.720,2,20290,-704.94,128.13,109.06,39.75,-16.31,-31.01,0.00,0.00,0.00,180.00,180.00,180.00
605,140610502421504,true,1788547942.735528,2,20290,35.27,-116.64,15000.00,0.00,34.27,-39.75,0.0,0.0,0.0,0.0,0.0,0.0
605,140610502421504,false,1788547942.736,2,20290,-701.84,126.53,109.72,39.55,-16.35,-31.26,0.00,0.00,0.00,180.00,180.00,180.00
606,140610502421504,true,1788547942.752178,2,20290,35.27,-116.64,15000.00,0.00,34.51,-39.55,0.0,0.0,0.0,0.0,0.0,0.0
606,140610502421504,false,1788547942.753,2,20292,-697.96,123.98,110.34,39.08,-16.46,-31.62,0.00,0.00,0.00,180.00,180.00,180.00
607,140610502421504,true,1788547942.768680,2,20292,35.27,-116.64,15000.00,0.00,34.93,-39.08,0.0,0.0,0.0,0.0,0.0,0.0
608,140610502421504,true,1788547942.785315,2,20292,35.27,-116.64,15000.00,0.00,34.93,-39.08,0.0,0.0,0.0,0.0,0.0,0.0
608,140610502421504,false,1788547942.794,2,20293,-691.42,119.65,111.45,38.37,-16.43,-32.30,0.00,0.00,0.00,180.00,180.00,180.00
609,140610502421504,true,1788547942.802329,2,20293,35.27,-116.64,15000.00,0.00,35.52,-38.37,0.0,0.0,0.0,0.0,0.0,0.0
609,140610502421504,false,1788547942.803,2,20293,-690.04,119.01,111.37,38.24,-16.40,-32.43,0.00,0.00,0.00,180.00,180.00,180.00
610,140610502421504,true,1788547942.818788,2,20293,35.27,-116.64,15000.00,0.00,35.62,-38.24,0.0,0.0,0.0,0.0,0.0,0.0
610,140610502421504,false,1788547942.820,2,20295,-687.19,117.82,111.50,38.12,-16.31,-32.68,0.00,0.00,0.00,180.00,180.00,180.00
611,140610502421504,true,1788547942.835269,2,20295,35.27,-116.64,15000.00,0.00,35.78,-38.12,0.0,0.0,0.0,0.0,0.0,0.0
611,140610502421504,false,1788547942.836,2,20295,-686.33,117.72,111.36,38.16,-16.23,-32.72,0.00,0.00,0.00,180.00,180.00,180.00
612,140610502421504,true,1788547942.851982,2,20295,35.27,-116.64,15000.00,0.00,35.75,-38.16,0.0,0.0,0.0,0.0,0.0,0.0
613,140610502421504,true,1788547942.868785,2,20295,35.27,-116.64,15000.00,0.00,35.75,-38.16,0.0,0.0,0.0,0.0,0.0,0.0
613,140610502421504,false,1788547942.870,2,20297,-684.24,117.53,110.68,38.24,-16.10,-32.81,0.00,0.00,0.00,180.00,180.00,180.00
614,140610502421504,true,1788547942.885319,2,20297,35.27,-116.64,15000.00,0.00,35.74,-38.24,0.0,0.0,0.0,0.0,0.0,0.0
615,140610502421504,true,1788547942.902159,2,20297,35.27,-116.64,15000.00,0.00,35.74,-38.24,0.0,0.0,0.0,0.0,0.0,0.0
615,140610502421504,false,1788547942.903,2,20298,-683.42,117.00,110.48,38.46,-16.19,-32.68,0.00,0.00,0.00,180.00,180.00,180.00
616,140610502421504,true,1788547942.919198,2,20298,35.27,-116.64,15000.00,0.00,35.66,-38.46,0.0,0.0,0.0,0.0,0.0,0.0
617,140610502421504,true,1788547942.935472,2,20298,35.27,-116.64,15000.00,0.00,35.66,-38.46,0.0,0.0,0.0,0.0,0.0,0.0
617,140610502421504,false,1788547942.936,2,20299,-684.17,116.84,110.55,38.48,-16.26,-32.57,0.00,0.00,0.00,180.00,180.00,180.00
618,140610502421504,true,1788547942.952115,2,20299,35.27,-116.64,15000.00,0.00,35.61,-38.48,0.0,0.0,0.0,0.0,0.0,0.0
618,140610502421504,false,1788547942.953,2,20300,-685.31,116.51,110.51,38.34,-16.20,-32.72,0.00,0.00,0.00,180.00,180.00,180.00
619,140610502421504,true,1788547942.968779,2,20300,35.27,-116.64,15000.00,0.00,35.71,-38.34,0.0,0.0,0.0,0.0,0.0,0.0
619,140610502421504,false,1788547942.970,2,20300,-686.59,116.90,109.79,38.44,-16.04,-32.62,0.00,0.00,0.00,180.00,180.00,180.00
620,140610502421504,true,1788547942.985307,2,20300,35.27,-116.64,15000.00,0.00,35.52,-38.44,0.0,0.0,0.0,0.0,0.0,0.0
620,140610502421504,false,1788547942.986,2,20302,-689.20,117.94,109.28,38.54,-16.14,-32.29,0.00,0.00,0.00,180.00,180.00,180.00
621,140610502421504,true,1788547943.002183,2,20302,35.27,-116.64,15000.00,0.00,35.32,-38.54,0.0,0.0,0.0,0.0,0.0,0.0
621,140610502421504,false,1788547943.003,2,20302,-689.75,117.80,109.94,38.51,-16.17,-32.24,0.00,0.00,0.00,180.00,180.00,180.00
622,140610502421504,true,1788547943.018807,2,20302,35.27,-116.64,15000.00,0.00,35.29,-38.51,0.0,0.0,0.0,0.0,0.0,0.0
622,140610502421504,false,1788547943.020,2,20304,-693.90,120.31,108.36,38.71,-15.96,-32.04,0.00,0.00,0.00,180.00,180.00,180.00
623,140610502421504,true,1788547943.035122,2,20304,35.27,-116.64,15000.00,0.00,34.98,-38.71,0.0,0.0,0.0,0.0,0.0,0.0
624,140610502421504,true,1788547943.052099,2,20304,35.27,-116.64,15000.00,0.00,34.98,-38.71,0.0,0.0,0.0,0.0,0.0,0.0
624,140610502421504,false,1788547943.053,2,20305,-700.00,123.09,107.79,38.94,-15.71,-31.35,0.00,0.00,0.00,180.00,180.00,180.00
625,140610502421504,true,1788547943.068736,2,20305,35.27,-116.64,15000.00,0.00,34.25,-38.94,0.0,0.0,0.0,0.0,0.0,0.0
625,140610502421504,false,1788547943.070,2,20305,-702.67,124.33,107.25,38.98,-15.69,-31.05,0.00,0.00,0.00,180.00,180.00,180.00
626,140610502421504,true,1788547943.085466,2,20305,35.27,-116.64,15000.00,0.00,34.01,-38.98,0.0,0.0,0.0,0.0,0.0,0.0
627,140610502421504,true,1788547943.102144,2,20305,35.27,-116.64,15000.00,0.00,34.01,-38.98,0.0,0.0,0.0,0.0,0.0,0.0
627,140610502421504,false,1788547943.103,2,20307,-712.34,128.26,105.22,39.08,-15.14,-30.18,0.00,0.00,0.00,180.00,180.00,180.00
628,140610502421504,true,1788547943.118728,2,20307,35.27,-116.64,15000.00,0.00,32.97,-39.08,0.0,0.0,0.0,0.0,0.0,0.0
628,140610502421504,false,1788547943.120,2,20308,-720.61,131.20,102.74,39.09,-14.43,-29.32,0.00,0.00,0.00,180.00,180.00,180.00
629,140610502421504,true,1788547943.135395,2,20308,35.27,-116.64,15000.00,0.00,31.86,-39.09,0.0,0.0,0.0,0.0,0.0,0.0
629,140610502421504,false,1788547943.136,2,20308,-725.44,133.60,100.86,39.16,-14.04,-28.79,0.00,0.00,0.00,180.00,180.00,180.00
630,140610502421504,true,1788547943.151982,2,20308,35.27,-116.64,15000.00,0.00,31.19,-39.16,0.0,0.0,0.0,0.0,0.0,0.0
631,140610502421504,true,1788547943.168577,2,20308,35.27,-116.64,15000.00,0.00,31.19,-39.16,0.0,0.0,0.0,0.0,0.0,0.0
631,140610502421504,false,1788547943.170,2,20310,-738.45,140.74,96.26,39.58,-12.90,-27.28,0.00,0.00,0.00,180.00,180.00,180.00
632,140610502421504,true,1788547943.185386,2,20310,35.27,-116.64,15000.00,0.00,29.24,-39.58,0.0,0.0,0.0,0.0,0.0,0.0
632,140610502421504,false,1788547943.186,2,20311,-749.70,146.83,92.06,40.09,-11.80,-25.84,0.00,0.00,0.00,180.00,180.00,180.00
633,140610502421504,true,1788547943.202195,2,20311,35.27,-116.64,15000.00,0.00,27.37,-40.09,0.0,0.0,0.0,0.0,0.0,0.0
633,140610502421504,false,1788547943.203,2,20311,-755.83,149.97,89.49,40.31,-11.31,-24.93,0.00,0.00,0.00,180.00,180.00,180.00
634,140610502421504,true,1788547943.218730,2,20311,35.27,-116.64,15000.00,0.00,26.32,-40.31,0.0,0.0,0.0,0.0,0.0,0.0
634,140610502421504,false,1788547943.220,2,20313,-768.90,155.94,84.11,40.58,-10.38,-23.17,0.00,0.00,0.00,180.00,180.00,180.00
635,140610502421504,true,1788547943.235704,2,20313,35.27,-116.64,15000.00,0.00,24.35,-40.58,0.0,0.0,0.0,0.0,0.0,0.0
635,140610502421504,false,1788547943.237,2,20313,-775.35,158.59,81.28,40.67,-9.81,-22.34,0.00,0.00,0.00,180.00,180.00,180.00
636,140610502421504,true,1788547943.251795,2,20313,35.27,-116.64,15000.00,0.00,23.34,-40.67,0.0,0.0,0.0,0.0,0.0,0.0
637,140610502421504,true,1788547943.268743,2,20313,35.27,-116.64,15000.00,0.00,23.34,-40.67,0.0,0.0,0.0,0.0,0.0,0.0
637,140610502421504,false,1788547943.270,2,20315,-794.04,167.86,70.96,41.44,-8.21,-19.68,0.00,0.00,0.00,180.00,180.00,180.00
638,140610502421504,true,1788547943.286048,2,20315,35.27,-116.64,15000.00,0.00,20.19,-41.44,0.0,0.0,0.0,0.0,0.0,0.0
638,140610502421504,false,1788547943.287,2,20316,-805.67,174.47,64.38,42.11,-7.32,-17.94,0.00,0.00,0.00,180.00,180.00,180.00
639,140610502421504,true,1788547943.302130,2,20316,35.27,-116.64,15000.00,0.00,18.22,-42.11,0.0,0.0,0.0,0.0,0.0,0.0
639,140610502421504,false,1788547943.303,2,20316,-811.50,177.72,61.10,42.37,-6.89,-17.08,0.00,0.00,0.00,180.00,180.00,180.00
640,140610502421504,true,1788547943.318737,2,20316,35.27,-116.64,15000.00,0.00,17.26,-42.37,0.0,0.0,0.0,0.0,0.0,0.0
640,140610502421504,false,1788547943.320,2,20317,-817.82,181.61,57.76,42.67,-6.27,-16.25,0.00,0.00,0.00,180.00,180.00,180.00
641,140610502421504,true,1788547943.335208,2,20317,35.27,-116.64,15000.00,0.00,16.20,-42.67,0.0,0.0,0.0,0.0,0.0,0.0
642,140610502421504,true,1788547943.352086,2,20317,35.27,-116.64,15000.00,0.00,16.20,-42.67,0.0,0.0,0.0,0.0,0.0,0.0
642,140610502421504,false,1788547943.353,2,20319,-833.34,191.70,46.24,43.55,-4.99,-13.83,0.00,0.00,0.00,180.00,180.00,180.00
643,140610502421504,true,1788547943.368568,2,20319,35.27,-116.64,15000.00,0.00,13.46,-43.55,0.0,0.0,0.0,0.0,0.0,0.0
644,140610502421504,true,1788547943.385401,2,20319,35.27,-116.64,15000.00,0.00,13.46,-43.55,0.0,0.0,0.0,0.0,0.0,0.0
644,140610502421504,false,1788547943.386,2,20320,-848.49,202.77,34.11,44.68,-3.49,-11.03,0.00,0.00,0.00,180.00,180.00,180.00
645,140610502421504,true,1788547943.402126,2,20320,35.27,-116.64,15000.00,0.00,10.30,-44.68,0.0,0.0,0.0,0.0,0.0,0.0
645,140610502421504,false,1788547943.403,2,20321,-858.33,210.38,27.03,45.22,-2.34,-9.72,0.00,0.00,0.00,180.00,180.00,180.00
646,140610502421504,true,1788547943.418714,2,20321,35.27,-116.64,15000.00,0.00,8.51,-45.22,0.0,0.0,0.0,0.0,0.0,0.0
646,140610502421504,false,1788547943.420,2,20321,-863.36,214.15,22.80,45.47,-1.97,-8.83,0.00,0.00,0.00,180.00,180.00,180.00
647,140610502421504,true,1788547943.435256,2,20321,35.27,-116.64,15000.00,0.00,7.60,-45.47,0.0,0.0,0.0,0.0,0.0,0.0
648,140610502421504,true,1788547943.452098,2,20321,35.27,-116.64,15000.00,0.00,7.60,-45.47,0.0,0.0,0.0,0.0,0.0,0.0
648,140610502421504,false,1788547943.453,2,20323,-878.07,224.91,7.79,46.16,-0.13,-6.57,0.00,0.00,0.00,180.00,180.00,180.00
649,140610502421504,true,1788547943.468563,2,20323,35.27,-116.64,15000.00,0.00,4.64,-46.16,0.0,0.0,0.0,0.0,0.0,0.0
650,140610502421504,true,1788547943.485256,2,20323,35.27,-116.64,15000.00,0.00,4.64,-46.16,0.0,0.0,0.0,0.0,0.0,0.0
650,140610502421504,false,1788547943.486,2,20324,-891.78,236.66,-7.21,46.69,1.94,-4.12,0.00,0.00,0.00,180.00,180.00,180.00
651,140610502421504,true,1788547943.502146,2,20324,35.27,-116.64,15000.00,0.00,1.42,-46.69,0.0,0.0,0.0,0.0,0.0,0.0
651,140610502421504,false,1788547943.503,2,20325,-900.49,245.83,-18.15,47.04,3.24,-2.56,0.00,0.00,0.00,180.00,180.00,180.00
652,140610502421504,true,1788547943.518572,2,20325,35.27,-116.64,15000.00,0.00,-0.63,-47.04,0.0,0.0,0.0,0.0,0.0,0.0
653,140610502421504,true,1788547943.535310,2,20325,35.27,-116.64,15000.00,0.00,-0.63,-47.04,0.0,0.0,0.0,0.0,0.0,0.0
653,140610502421504,false,1788547943.536,2,20326,-912.15,260.31,-37.90,47.79,5.73,0.23,0.00,0.00,0.00,180.00,180.00,180.00
654,140610502421504,true,1788547943.552116,2,20326,35.27,-116.64,15000.00,0.00,-4.40,-47.79,0.0,0.0,0.0,0.0,0.0,0.0
654,140610502421504,false,1788547943.553,2,20326,-916.28,264.88,-45.05,47.94,6.80,0.68,0.00,0.00,0.00,180.00,180.00,180.00
655,140610502421504,true,1788547943.568739,2,20326,35.27,-116.64,15000.00,0.00,-5.50,-47.94,0.0,0.0,0.0,0.0,0.0,0.0
655,140610502421504,false,1788547943.570,2,20328,-924.09,273.28,-59.70,47.95,8.60,2.84,0.00,0.00,0.00,180.00,180.00,180.00
656,140610502421504,true,1788547943.585231,2,20328,35.27,-116.64,15000.00,0.00,-8.28,-47.95,0.0,0.0,0.0,0.0,0.0,0.0
657,140610502421504,true,1788547943.602140,2,20328,35.27,-116.64,15000.00,0.00,-8.28,-47.95,0.0,0.0,0.0,0.0,0.0,0.0
657,140610502421504,false,1788547943.603,2,20329,-935.55,283.92,-81.35,47.64,11.09,5.63,0.00,0.00,0.00,180.00,180.00,180.00
658,140610502421504,true,1788547943.618576,2,20329,35.27,-116.64,15000.00,0.00,-11.99,-47.64,0.0,0.0,0.0,0.0,0.0,0.0
659,140610502421504,true,1788547943.636007,2,20329,35.27,-116.64,15000.00,0.00,-11.99,-47.64,0.0,0.0,0.0,0.0,0.0,0.0
659,140610502421504,false,1788547943.637,2,20330,-944.65,292.30,-103.03,47.04,13.43,8.38,0.00,0.00,0.00,180.00,180.00,180.00
660,140610502421504,true,1788547943.651930,2,20330,35.27,-116.64,15000.00,0.00,-15.54,-47.04,0.0,0.0,0.0,0.0,0.0,0.0
661,140610502421504,true,1788547943.668704,2,20330,35.27,-116.64,15000.00,0.00,-15.54,-47.04,0.0,0.0,0.0,0.0,0.0,0.0
661,140610502421504,false,1788547943.670,2,20331,-954.33,299.61,-119.31,46.16,15.29,10.77,0.00,0.00,0.00,180.00,180.00,180.00
662,140610502421504,true,1788547943.685247,2,20331,35.27,-116.64,15000.00,0.00,-18.49,-46.16,0.0,0.0,0.0,0.0,0.0,0.0
663,140610502421504,true,1788547943.702149,2,20331,35.27,-116.64,15000.00,0.00,-18.49,-46.16,0.0,0.0,0.0,0.0,0.0,0.0
663,140610502421504,false,1788547943.703,2,20332,-962.77,305.43,-134.37,45.45,16.87,12.50,0.00,0.00,0.00,180.00,180.00,180.00
664,140610502421504,true,1788547943.718730,2,20332,35.27,-116.64,15000.00,0.00,-20.79,-45.45,0.0,0.0,0.0,0.0,0.0,0.0
664,140610502421504,false,1788547943.720,2,20332,-965.25,306.93,-138.96,45.25,17.44,13.07,0.00,0.00,0.00,180.00,180.00,180.00
665,140610502421504,true,1788547943.735620,2,20332,35.27,-116.64,15000.00,0.00,-21.58,-45.25,0.0,0.0,0.0,0.0,0.0,0.0
665,140610502421504,false,1788547943.736,2,20334,-970.89,310.04,-146.35,44.57,18.35,14.35,0.00,0.00,0.00,180.00,180.00,180.00
666,140610502421504,true,1788547943.751953,2,20334,35.27,-116.64,15000.00,0.00,-23.10,-44.57,0.0,0.0,0.0,0.0,0.0,0.0
667,140610502421504,true,1788547943.768584,2,20334,35.27,-116.64,15000.00,0.00,-23.10,-44.57,0.0,0.0,0.0,0.0,0.0,0.0
667,140610502421504,false,1788547943.770,2,20335,-977.99,313.95,-156.94,43.81,19.19,15.93,0.00,0.00,0.00,180.00,180.00,180.00
668,140610502421504,true,1788547943.785238,2,20335,35.27,-116.64,15000.00,0.00,-24.78,-43.81,0.0,0.0,0.0,0.0,0.0,0.0
668,140610502421504,false,1788547943.786,2,20335,-980.55,315.10,-161.01,43.58,19.62,16.43,0.00,0.00,0.00,180.00,180.00,180.00
669,140610502421504,true,1788547943.802137,2,20335,35.27,-116.64,15000.00,0.00,-25.43,-43.58,0.0,0.0,0.0,0.0,0.0,0.0
669,140610502421504,false,1788547943.803,2,20337,-985.71,316.65,-168.33,42.95,20.39,17.53,0.00,0.00,0.00,180.00,180.00,180.00
670,140610502421504,true,1788547943.818791,2,20337,35.27,-116.64,15000.00,0.00,-26.72,-42.95,0.0,0.0,0.0,0.0,0.0,0.0
670,140610502421504,false,1788547943.820,2,20337,-987.47,316.84,-172.71,42.53,20.76,18.19,0.00,0.00,0.00,180.00,180.00,180.00
671,140610502421504,true,1788547943.835398,2,20337,35.27,-116.64,15000.00,0.00,-27.44,-42.53,0.0,0.0,0.0,0.0,0.0,0.0
671,140610502421504,false,1788547943.836,2,20339,-992.56,318.45,-180.00,41.83,21.16,19.53,0.00,0.00,0.00,180.00,180.00,180.00
672,140610502421504,true,1788547943.851959,2,20339,35.27,-116.64,15000.00,0.00,-28.66,-41.83,0.0,0.0,0.0,0.0,0.0,0.0
673,140610502421504,true,1788547943.868606,2,20339,35.27,-116.64,15000.00,0.00,-28.66,-41.83,0.0,0.0,0.0,0.0,0.0,0.0
673,140610502421504,false,1788547943.870,2,20340,-1000.87,319.99,-192.90,40.92,21.87,21.35,0.00,0.00,0.00,180.00,180.00,180.00
674,140610502421504,true,1788547943.885236,2,20340,35.27,-116.64,15000.00,0.00,-30.46,-40.92,0.0,0.0,0.0,0.0,0.0,0.0
674,140610502421504,false,1788547943.886,2,20340,-1002.52,320.37,-198.14,40.64,22.14,22.11,0.00,0.00,0.00,180.00,180.00,180.00
675,140610502421504,true,1788547943.902057,2,20340,35.27,-116.64,15000.00,0.00,-31.20,-40.64,0.0,0.0,0.0,0.0,0.0,0.0
675,140610502421504,false,1788547943.903,2,20342,-1008.03,322.59,-206.98,40.17,22.51,23.65,0.00,0.00,0.00,180.00,180.00,180.00
676,140610502421504,true,1788547943.918596,2,20342,35.27,-116.64,15000.00,0.00,-32.59,-40.17,0.0,0.0,0.0,0.0,0.0,0.0
677,140610502421504,true,1788547943.935284,2,20342,35.27,-116.64,15000.00,0.00,-32.59,-40.17,0.0,0.0,0.0,0.0,0.0,0.0
677,140610502421504,false,1788547943.936,2,20343,-1014.56,325.48,-222.60,39.69,23.14,25.73,0.00,0.00,0.00,180.00,180.00,180.00
678,140610502421504,true,1788547943.952108,2,20343,35.27,-116.64,15000.00,0.00,-34.58,-39.69,0.0,0.0,0.0,0.0,0.0,0.0
678,140610502421504,false,1788547943.953,2,20343,-1016.22,326.74,-227.91,39.70,23.23,26.43,0.00,0.00,0.00,180.00,180.00,180.00
679,140610502421504,true,1788547943.968586,2,20343,35.27,-116.64,15000.00,0.00,-35.17,-39.70,0.0,0.0,0.0,0.0,0.0,0.0
680,140610502421504,true,1788547943.985301,2,20343,35.27,-116.64,15000.00,0.00,-35.17,-39.70,0.0,0.0,0.0,0.0,0.0,0.0
680,140610502421504,false,1788547943.986,2,20345,-1024.80,331.30,-241.74,39.41,23.78,27.91,0.00,0.00,0.00,180.00,180.00,180.00
681,140610502421504,true,1788547944.001973,2,20345,35.27,-116.64,15000.00,0.00,-36.66,-39.41,0.0,0.0,0.0,0.0,0.0,0.0
681,140610502421504,false,1788547944.003,2,20346,-1029.23,334.68,-251.33,39.19,24.16,29.04,0.00,0.00,0.00,180.00,180.00,180.00
682,140610502421504,true,1788547944.018618,2,20346,35.27,-116.64,15000.00,0.00,-37.77,-39.19,0.0,0.0,0.0,0.0,0.0,0.0
682,140610502421504,false,1788547944.020,2,20346,-1031.24,336.03,-256.04,39.20,24.36,29.56,0.00,0.00,0.00,180.00,180.00,180.00
683,140610502421504,true,1788547944.035830,2,20346,35.27,-116.64,15000.00,0.00,-38.30,-39.20,0.0,0.0,0.0,0.0,0.0,0.0
683,140610502421504,false,1788547944.037,2,20348,-1036.17,338.79,-264.39,38.98,24.85,30.51,0.00,0.00,0.00,180.00,180.00,180.00
684,140610502421504,true,1788547944.051934,2,20348,35.27,-116.64,15000.00,0.00,-39.34,-38.98,0.0,0.0,0.0,0.0,0.0,0.0
684,140610502421504,false,1788547944.053,2,20348,-1037.07,339.73,-268.25,38.84,25.05,31.00,0.00,0.00,0.00,180.00,180.00,180.00
685,140610502421504,true,1788547944.068605,2,20348,35.27,-116.64,15000.00,0.00,-39.85,-38.84,0.0,0.0,0.0,0.0,0.0,0.0
685,140610502421504,false,1788547944.069,2,20350,-1041.09,342.93,-274.87,38.66,25.21,31.94,0.00,0.00,0.00,180.00,180.00,180.00
686,140610502421504,true,1788547944.085402,2,20350,35.27,-116.64,15000.00,0.00,-40.69,-38.66,0.0,0.0,0.0,0.0,0.0,0.0
686,140610502421504,false,1788547944.086,2,20350,-1042.72,343.90,-276.61,38.65,25.25,32.17,0.00,0.00,0.00,180.00,180.00,180.00
687,140610502421504,true,1788547944.102041,2,20350,35.27,-116.64,15000.00,0.00,-40.90,-38.65,0.0,0.0,0.0,0.0,0.0,0.0
687,140610502421504,false,1788547944.103,2,20352,-1046.31,345.98,-280.39,38.59,25.48,32.59,0.00,0.00,0.00,180.00,180.00,180.00
688,140610502421504,true,1788547944.118931,2,20352,35.27,-116.64,15000.00,0.00,-41.36,-38.59,0.0,0.0,0.0,0.0,0.0,0.0
688,140610502421504,false,1788547944.120,2,20352,-1047.74,347.24,-282.45,38.54,25.60,32.85,0.00,0.00,0.00,180.00,180.00,180.00
689,140610502421504,true,1788547944.135239,2,20352,35.27,-116.64,15000.00,0.00,-41.65,-38.54,0.0,0.0,0.0,0.0,0.0,0.0
690,140610502421504,true,1788547944.152049,2,20352,35.27,-116.64,15000.00,0.00,-41.65,-38.54,0.0,0.0,0.0,0.0,0.0,0.0
690,140610502421504,false,1788547944.153,2,20354,-1052.59,350.57,-283.58,38.65,25.51,33.11,0.00,0.00,0.00,180.00,180.00,180.00
691,140610502421504,true,1788547944.168567,2,20354,35.27,-116.64,15000.00,0.00,-41.79,-38.65,0.0,0.0,0.0,0.0,0.0,0.0
692,140610502421504,true,1788547944.185288,2,20354,35.27,-116.64,15000.00,0.00,-41.79,-38.65,0.0,0.0,0.0,0.0,0.0,0.0
692,140610502421504,false,1788547944.186,2,20355,-1055.54,352.70,-283.91,38.72,25.50,33.17,0.00,0.00,0.00,180.00,180.00,180.00
693,140610502421504,true,1788547944.201963,2,20355,35.27,-116.64,15000.00,0.00,-41.83,-38.72,0.0,0.0,0.0,0.0,0.0,0.0
693,140610502421504,false,1788547944.203,2,20356,-1057.92,353.99,-283.63,38.77,25.41,33.21,0.00,0.00,0.00,180.00,180.00,180.00
694,140610502421504,true,1788547944.218562,2,20356,35.27,-116.64,15000.00,0.00,-41.80,-38.77,0.0,0.0,0.0,0.0,0.0,0.0
694,140610502421504,false,1788547944.220,2,20356,-1057.82,353.95,-283.36,38.75,25.42,33.21,0.00,0.00,0.00,180.00,180.00,180.00
695,140610502421504,true,1788547944.235296,2,20356,35.27,-116.64,15000.00,0.00,-41.82,-38.75,0.0,0.0,0.0,0.0,0.0,0.0
695,140610502421504,false,1788547944.236,2,20358,-1058.39,354.46,-283.22,38.76,25.38,33.26,0.00,0.00,0.00,180.00,180.00,180.00
696,140610502421504,true,1788547944.251982,2,20358,35.27,-116.64,15000.00,0.00,-41.82,-38.76,0.0,0.0,0.0,0.0,0.0,0.0
696,140610502421504,false,1788547944.253,2,20358,-1058.04,354.44,-282.83,38.72,25.33,33.27,0.00,0.00,0.00,180.00,180.00,180.00
697,140610502421504,true,1788547944.268597,2,20358,35.27,-116.64,15000.00,0.00,-41.81,-38.72,0.0,0.0,0.0,0.0,0.0,0.0
697,140610502421504,false,1788547944.270,2,20360,-1058.58,355.25,-281.92,38.71,25.28,33.15,0.00,0.00,0.00,180.00,180.00,180.00
698,140610502421504,true,1788547944.285516,2,20360,35.27,-116.64,15000.00,0.00,-41.67,-38.71,0.0,0.0,0.0,0.0,0.0,0.0
698,140610502421504,false,1788547944.286,2,20360,-1057.93,355.06,-281.53,38.72,25.28,33.06,0.00,0.00,0.00,180.00,180.00,180.00
699,140610502421504,true,1788547944.301913,2,20360,35.27,-116.64,15000.00,0.00,-41.61,-38.72,0.0,0.0,0.0,0.0,0.0,0.0
699,140610502421504,false,1788547944.303,2,20362,-1057.27,354.94,-281.10,38.74,25.29,32.92,0.00,0.00,0.00,180.00,180.00,180.00
700,140610502421504,true,1788547944.318638,2,20362,35.27,-116.64,15000.00,0.00,-41.51,-38.74,0.0,0.0,0.0,0.0,0.0,0.0
700,140610502421504,false,1788547944.320,2,20362,-1055.94,354.51,-280.58,38.75,25.33,32.85,0.00,0.00,0.00,180.00,180.00,180.00
701,140610502421504,true,1788547944.335270,2,20362,35.27,-116.64,15000.00,0.00,-41.48,-38.75,0.0,0.0,0.0,0.0,0.0,0.0
701,140610502421504,false,1788547944.336,2,20364,-1055.04,354.58,-279.25,38.76,25.28,32.73,0.00,0.00,0.00,180.00,180.00,180.00
702,140610502421504,true,1788547944.351997,2,20364,35.27,-116.64,15000.00,0.00,-41.35,-38.76,0.0,0.0,0.0,0.0,0.0,0.0
702,140610502421504,false,1788547944.353,2,20364,-1053.89,354.05,-278.48,38.77,25.25,32.64,0.00,0.00,0.00,180.00,180.00,180.00
703,140610502421504,true,1788547944.368601,2,20364,35.27,-116.64,15000.00,0.00,-41.26,-38.77,0.0,0.0,0.0,0.0,0.0,0.0
703,140610502421504,false,1788547944.370,2,20366,-1053.08,352.95,-277.36,38.83,25.19,32.45,0.00,0.00,0.00,180.00,180.00,180.00
704,140610502421504,true,1788547944.385284,2,20366,35.27,-116.64,15000.00,0.00,-41.08,-38.83,0.0,0.0,0.0,0.0,0.0,0.0
704,140610502421504,false,1788547944.386,2,20366,-1051.98,351.99,-276.80,38.79,25.18,32.40,0.00,0.00,0.00,180.00,180.00,180.00
705,140610502421504,true,1788547944.401973,2,20366,35.27,-116.64,15000.00,0.00,-41.03,-38.79,0.0,0.0,0.0,0.0,0.0,0.0
705,140610502421504,false,1788547944.403,2,20368,-1051.44,350.88,-275.40,38.67,25.01,32.30,0.00,0.00,0.00,180.00,180.00,180.00
706,140610502421504,true,1788547944.419248,2,20368,35.27,-116.64,15000.00,0.00,-40.84,-38.67,0.0,0.0,0.0,0.0,0.0,0.0
706,140610502421504,false,1788547944.420,2,20368,-1050.80,349.89,-274.54,38.65,24.92,32.20,0.00,0.00,0.00,180.00,180.00,180.00
707,140610502421504,true,1788547944.435309,2,20368,35.27,-116.64,15000.00,0.00,-40.71,-38.65,0.0,0.0,0.0,0.0,0.0,0.0
707,140610502421504,false,1788547944.436,2,20370,-1051.03,348.37,-273.29,38.52,24.81,32.02,0.00,0.00,0.00,180.00,180.00,180.00
708,140610502421504,true,1788547944.452208,2,20370,35.27,-116.64,15000.00,0.00,-40.50,-38.52,0.0,0.0,0.0,0.0,0.0,0.0
708,140610502421504,false,1788547944.453,2,20370,-1050.48,347.20,-272.48,38.41,24.69,31.95,0.00,0.00,0.00,180.00,180.00,180.00
709,140610502421504,true,1788547944.468562,2,20370,35.27,-116.64,15000.00,0.00,-40.37,-38.41,0.0,0.0,0.0,0.0,0.0,0.0
709,140610502421504,false,1788547944.470,2,20372,-1051.12,345.72,-270.46,38.31,24.43,31.69,0.00,0.00,0.00,180.00,180.00,180.00
710,140610502421504,true,1788547944.485277,2,20372,35.27,-116.64,15000.00,0.00,-40.01,-38.31,0.0,0.0,0.0,0.0,0.0,0.0
710,140610502421504,false,1788547944.486,2,20372,-1050.84,344.63,-269.02,38.25,24.36,31.51,0.00,0.00,0.00,180.00,180.00,180.00
711,140610502421504,true,1788547944.501971,2,20372,35.27,-116.64,15000.00,0.00,-39.83,-38.25,0.0,0.0,0.0,0.0,0.0,0.0
711,140610502421504,false,1788547944.503,2,20374,-1051.22,343.46,-266.06,38.18,24.17,31.14,0.00,0.00,0.00,180.00,180.00,180.00
712,140610502421504,true,1788547944.518596,2,20374,35.27,-116.64,15000.00,0.00,-39.42,-38.18,0.0,0.0,0.0,0.0,0.0,0.0
712,140610502421504,false,1788547944.520,2,20374,-1050.58,342.60,-264.15,38.18,24.06,30.97,0.00,0.00,0.00,180.00,180.00,180.00
713,140610502421504,true,1788547944.535259,2,20374,35.27,-116.64,15000.00,0.00,-39.22,-38.18,0.0,0.0,0.0,0.0,0.0,0.0
713,140610502421504,false,1788547944.536,2,20376,-1050.77,341.84,-259.39,38.24,23.77,30.54,0.00,0.00,0.00,180.00,180.00,180.00
714,140610502421504,true,1788547944.551957,2,20376,35.27,-116.64,15000.00,0.00,-38.70,-38.24,0.0,0.0,0.0,0.0,0.0,0.0
714,140610502421504,false,1788547944.553,2,20376,-1050.29,341.25,-256.58,38.26,23.55,30.26,0.00,0.00,0.00,180.00,180.00,180.00
715,140610502421504,true,1788547944.568602,2,20376,35.27,-116.64,15000.00,0.00,-38.34,-38.26,0.0,0.0,0.0,0.0,0.0,0.0
715,140610502421504,false,1788547944.570,2,20378,-1051.12,340.63,-250.76,38.36,23.07,29.45,0.00,0.00,0.00,180.00,180.00,180.00
716,140610502421504,true,1788547944.585232,2,20378,35.27,-116.64,15000.00,0.00,-37.41,-38.36,0.0,0.0,0.0,0.0,0.0,0.0
716,140610502421504,false,1788547944.586,2,20378,-1050.99,339.69,-247.59,38.33,22.86,28.97,0.00,0.00,0.00,180.00,180.00,180.00
717,140610502421504,true,1788547944.601977,2,20378,35.27,-116.64,15000.00,0.00,-36.91,-38.33,0.0,0.0,0.0,0.0,0.0,0.0
717,140610502421504,false,1788547944.603,2,20380,-1052.37,339.00,-239.91,38.10,22.27,28.09,0.00,0.00,0.00,180.00,180.00,180.00
718,140610502421504,true,1788547944.618646,2,20380,35.27,-116.64,15000.00,0.00,-35.85,-38.10,0.0,0.0,0.0,0.0,0.0,0.0
718,140610502421504,false,1788547944.620,2,20380,-1052.67,338.28,-235.27,38.07,21.86,27.49,0.00,0.00,0.00,180.00,180.00,180.00
719,140610502421504,true,1788547944.635293,2,20380,35.27,-116.64,15000.00,0.00,-35.12,-38.07,0.0,0.0,0.0,0.0,0.0,0.0
719,140610502421504,false,1788547944.636,2,20382,-1053.55,336.83,-227.21,37.99,21.40,26.25,0.00,0.00,0.00,180.00,180.00,180.00
720,140610502421504,true,1788547944.651951,2,20382,35.27,-116.64,15000.00,0.00,-33.87,-37.99,0.0,0.0,0.0,0.0,0.0,0.0
720,140610502421504,false,1788547944.653,2,20382,-1052.67,336.10,-223.00,37.86,21.19,25.76,0.00,0.00,0.00,180.00,180.00,180.00
721,140610502421504,true,1788547944.668608,2,20382,35.27,-116.64,15000.00,0.00,-33.35,-37.86,0.0,0.0,0.0,0.0,0.0,0.0
721,140610502421504,false,1788547944.670,2,20384,-1051.65,335.56,-214.63,37.86,20.65,24.68,0.00,0.00,0.00,180.00,180.00,180.00
722,140610502421504,true,1788547944.685289,2,20384,35.27,-116.64,15000.00,0.00,-32.16,-37.86,0.0,0.0,0.0,0.0,0.0,0.0
722,140610502421504,false,1788547944.686,2,20384,-1050.44,335.16,-210.31,37.89,20.46,24.09,0.00,0.00,0.00,180.00,180.00,180.00
723,140610502421504,true,1788547944.701973,2,20384,35.27,-116.64,15000.00,0.00,-31.58,-37.89,0.0,0.0,0.0,0.0,0.0,0.0
723,140610502421504,false,1788547944.703,2,20386,-1048.71,335.35,-201.11,38.04,19.98,22.72,0.00,0.00,0.00,180.00,180.00,180.00
724,140610502421504,true,1788547944.718683,2,20386,35.27,-116.64,15000.00,0.00,-30.20,-38.04,0.0,0.0,0.0,0.0,0.0,0.0
724,140610502421504,false,1788547944.720,2,20386,-1047.18,335.18,-196.23,38.08,19.78,21.98,0.00,0.00,0.00,180.00,180.00,180.00
725,140610502421504,true,1788547944.735303,2,20386,35.27,-116.64,15000.00,0.00,-29.50,-38.08,0.0,0.0,0.0,0.0,0.0,0.0
725,140610502421504,false,1788547944.736,2,20388,-1044.59,335.22,-186.99,38.19,19.47,20.37,0.00,0.00,0.00,180.00,180.00,180.00
726,140610502421504,true,1788547944.752183,2,20388,35.27,-116.64,15000.00,0.00,-28.05,-38.19,0.0,0.0,0.0,0.0,0.0,0.0
726,140610502421504,false,1788547944.753,2,20388,-1042.50,334.78,-182.85,38.18,19.43,19.68,0.00,0.00,0.00,180.00,180.00,180.00
727,140610502421504,true,1788547944.768742,2,20388,35.27,-116.64,15000.00,0.00,-27.48,-38.18,0.0,0.0,0.0,0.0,0.0,0.0
727,140610502421504,false,1788547944.770,2,20390,-1038.54,334.27,-176.26,38.20,19.34,18.55,0.00,0.00,0.00,180.00,180.00,180.00
728,140610502421504,true,1788547944.786131,2,20390,35.27,-116.64,15000.00,0.00,-26.54,-38.20,0.0,0.0,0.0,0.0,0.0,0.0
728,140610502421504,false,1788547944.787,2,20390,-1036.00,333.82,-172.46,38.17,19.17,18.03,0.00,0.00,0.00,180.00,180.00,180.00
729,140610502421504,true,1788547944.802071,2,20390,35.27,-116.64,15000.00,0.00,-26.02,-38.17,0.0,0.0,0.0,0.0,0.0,0.0
729,140610502421504,false,1788547944.803,2,20392,-1032.41,333.54,-163.46,38.24,18.50,16.77,0.00,0.00,0.00,180.00,180.00,180.00
730,140610502421504,true,1788547944.818841,2,20392,35.27,-116.64,15000.00,0.00,-24.62,-38.24,0.0,0.0,0.0,0.0,0.0,0.0
730,140610502421504,false,1788547944.820,2,20392,-1030.10,332.93,-158.00,38.34,18.18,15.90,0.00,0.00,0.00,180.00,180.00,180.00
731,140610502421504,true,1788547944.835441,2,20392,35.27,-116.64,15000.00,0.00,-23.75,-38.34,0.0,0.0,0.0,0.0,0.0,0.0
731,140610502421504,false,1788547944.836,2,20394,-1026.37,331.57,-147.73,38.45,17.87,14.15,0.00,0.00,0.00,180.00,180.00,180.00
732,140610502421504,true,1788547944.851979,2,20394,35.27,-116.64,15000.00,0.00,-22.20,-38.45,0.0,0.0,0.0,0.0,0.0,0.0
733,140610502421504,true,1788547944.868647,2,20394,35.27,-116.64,15000.00,0.00,-22.20,-38.45,0.0,0.0,0.0,0.0,0.0,0.0
733,140610502421504,false,1788547944.870,2,20395,-1019.65,327.81,-135.71,38.18,17.64,12.34,0.00,0.00,0.00,180.00,180.00,180.00
734,140610502421504,true,1788547944.885290,2,20395,35.27,-116.64,15000.00,0.00,-20.61,-38.18,0.0,0.0,0.0,0.0,0.0,0.0
734,140610502421504,false,1788547944.886,2,20395,-1017.36,325.94,-132.79,38.03,17.61,11.95,0.00,0.00,0.00,180.00,180.00,180.00
735,140610502421504,true,1788547944.902017,2,20395,35.27,-116.64,15000.00,0.00,-20.26,-38.03,0.0,0.0,0.0,0.0,0.0,0.0
735,140610502421504,false,1788547944.903,2,20397,-1013.63,322.30,-128.71,37.70,17.51,11.41,0.00,0.00,0.00,180.00,180.00,180.00
736,140610502421504,true,1788547944.918658,2,20397,35.27,-116.64,15000.00,0.00,-19.73,-37.70,0.0,0.0,0.0,0.0,0.0,0.0
736,140610502421504,false,1788547944.920,2,20397,-1011.54,320.35,-127.12,37.53,17.46,11.32,0.00,0.00,0.00,180.00,180.00,180.00
737,140610502421504,true,1788547944.935317,2,20397,35.27,-116.64,15000.00,0.00,-19.62,-37.53,0.0,0.0,0.0,0.0,0.0,0.0
737,140610502421504,false,1788547944.936,2,20399,-1008.94,317.71,-123.52,37.30,17.17,11.14,0.00,0.00,0.00,180.00,180.00,180.00
738,140610502421504,true,1788547944.951982,2,20399,35.27,-116.64,15000.00,0.00,-19.26,-37.30,0.0,0.0,0.0,0.0,0.0,0.0
738,140610502421504,false,1788547944.953,2,20399,-1007.77,316.00,-121.58,37.19,17.01,11.00,0.00,0.00,0.00,180.00,180.00,180.00
739,140610502421504,true,1788547944.968597,2,20399,35.27,-116.64,15000.00,0.00,-19.05,-37.19,0.0,0.0,0.0,0.0,0.0,0.0
739,140610502421504,false,1788547944.970,2,20401,-1006.18,312.67,-119.46,36.84,16.85,10.89,0.00,0.00,0.00,180.00,180.00,180.00
740,140610502421504,true,1788547944.985329,2,20401,35.27,-116.64,15000.00,0.00,-18.82,-36.84,0.0,0.0,0.0,0.0,0.0,0.0
740,140610502421504,false,1788547944.986,2,20401,-1005.15,310.56,-118.92,36.66,16.78,10.88,0.00,0.00,0.00,180.00,180.00,180.00
741,140610502421504,true,1788547945.002019,2,20401,35.27,-116.64,15000.00,0.00,-18.75,-36.66,0.0,0.0,0.0,0.0,0.0,0.0
741,140610502421504,false,1788547945.003,2,20403,-1004.30,307.34,-117.94,36.52,16.59,10.82,0.00,0.00,0.00,180.00,180.00,180.00
742,140610502421504,true,1788547945.018707,2,20403,35.27,-116.64,15000.00,0.00,-18.57,-36.52,0.0,0.0,0.0,0.0,0.0,0.0
742,140610502421504,false,1788547945.020,2,20403,-1004.01,305.51,-116.96,36.45,16.55,10.75,0.00,0.00,0.00,180.00,180.00,180.00
743,140610502421504,true,1788547945.035326,2,20403,35.27,-116.64,15000.00,0.00,-18.48,-36.45,0.0,0.0,0.0,0.0,0.0,0.0
743,140610502421504,false,1788547945.036,2,20405,-1004.51,302.04,-116.53,36.13,16.55,10.84,0.00,0.00,0.00,180.00,180.00,180.00
744,140610502421504,true,1788547945.051980,2,20405,35.27,-116.64,15000.00,0.00,-18.52,-36.13,0.0,0.0,0.0,0.0,0.0,0.0
744,140610502421504,false,1788547945.053,2,20405,-1004.61,299.42,-116.46,35.90,16.45,11.01,0.00,0.00,0.00,180.00,180.00,180.00
745,140610502421504,true,1788547945.068875,2,20405,35.27,-116.64,15000.00,0.00,-18.56,-35.90,0.0,0.0,0.0,0.0,0.0,0.0
745,140610502421504,false,1788547945.070,2,20407,-1006.84,293.63,-116.69,35.08,16.21,11.42,0.00,0.00,0.00,180.00,180.00,180.00
746,140610502421504,true,1788547945.085473,2,20407,35.27,-116.64,15000.00,0.00,-18.66,-35.08,0.0,0.0,0.0,0.0,0.0,0.0
746,140610502421504,false,1788547945.086,2,20407,-1008.76,290.13,-115.97,34.58,15.90,11.58,0.00,0.00,0.00,180.00,180.00,180.00
747,140610502421504,true,1788547945.102165,2,20407,35.27,-116.64,15000.00,0.00,-18.56,-34.58,0.0,0.0,0.0,0.0,0.0,0.0
747,140610502421504,false,1788547945.103,2,20409,-1014.33,283.50,-113.34,33.49,15.38,11.65,0.00,0.00,0.00,180.00,180.00,180.00
748,140610502421504,true,1788547945.118814,2,20409,35.27,-116.64,15000.00,0.00,-18.20,-33.49,0.0,0.0,0.0,0.0,0.0,0.0
748,140610502421504,false,1788547945.120,2,20409,-1017.43,278.74,-112.30,32.82,15.18,11.73,0.00,0.00,0.00,180.00,180.00,180.00
749,140610502421504,true,1788547945.135303,2,20409,35.27,-116.64,15000.00,0.00,-18.09,-32.82,0.0,0.0,0.0,0.0,0.0,0.0
750,140610502421504,true,1788547945.151980,2,20409,35.27,-116.64,15000.00,0.00,-18.09,-32.82,0.0,0.0,0.0,0.0,0.0,0.0
750,140610502421504,false,1788547945.153,2,20411,-1027.70,261.93,-110.57,29.74,14.26,12.73,0.00,0.00,0.00,180.00,180.00,180.00
751,140610502421504,true,1788547945.168640,2,20411,35.27,-116.64,15000.00,0.00,-18.13,-29.74,0.0,0.0,0.0,0.0,0.0,0.0
751,140610502421504,false,1788547945.169,2,20412,-1036.82,248.36,-108.69,27.30,13.50,13.15,0.00,0.00,0.00,180.00,180.00,180.00
752,140610502421504,true,1788547945.186288,2,20412,35.27,-116.64,15000.00,0.00,-17.87,-27.30,0.0,0.0,0.0,0.0,0.0,0.0
752,140610502421504,false,1788547945.187,2,20412,-1041.15,239.26,-109.27,25.82,13.31,13.55,0.00,0.00,0.00,180.00,180.00,180.00
753,140610502421504,true,1788547945.202126,2,20412,35.27,-116.64,15000.00,0.00,-18.00,-25.82,0.0,0.0,0.0,0.0,0.0,0.0
753,140610502421504,false,1788547945.203,2,20414,-1050.14,221.42,-110.56,22.39,12.50,14.83,0.00,0.00,0.00,180.00,180.00,180.00
754,140610502421504,true,1788547945.218665,2,20414,35.27,-116.64,15000.00,0.00,-18.47,-22.39,0.0,0.0,0.0,0.0,0.0,0.0
755,140610502421504,true,1788547945.235345,2,20414,35.27,-116.64,15000.00,0.00,-18.47,-22.39,0.0,0.0,0.0,0.0,0.0,0.0
755,140610502421504,false,1788547945.236,2,20415,-1066.47,190.42,-107.33,16.82,10.62,15.48,0.00,0.00,0.00,180.00,180.00,180.00
756,140610502421504,true,1788547945.251982,2,20415,35.27,-116.64,15000.00,0.00,-17.89,-16.82,0.0,0.0,0.0,0.0,0.0,0.0
756,140610502421504,false,1788547945.253,2,20415,-1071.19,178.39,-106.48,14.84,10.25,15.61,0.00,0.00,0.00,180.00,180.00,180.00
757,140610502421504,true,1788547945.268780,2,20415,35.27,-116.64,15000.00,0.00,-17.71,-14.84,0.0,0.0,0.0,0.0,0.0,0.0
757,140610502421504,false,1788547945.270,2,20417,-1080.45,156.35,-104.14,11.16,9.14,15.87,0.00,0.00,0.00,180.00,180.00,180.00
758,140610502421504,true,1788547945.285488,2,20417,35.27,-116.64,15000.00,0.00,-17.34,-11.16,0.0,0.0,0.0,0.0,0.0,0.0
758,140610502421504,false,1788547945.286,2,20417,-1083.88,143.99,-103.03,9.31,8.71,15.90,0.00,0.00,0.00,180.00,180.00,180.00
759,140610502421504,true,1788547945.302208,2,20417,35.27,-116.64,15000.00,0.00,-17.10,-9.31,0.0,0.0,0.0,0.0,0.0,0.0
759,140610502421504,false,1788547945.303,2,20419,-1090.21,118.18,-102.47,5.14,7.90,16.15,0.00,0.00,0.00,180.00,180.00,180.00
760,140610502421504,true,1788547945.318850,2,20419,35.27,-116.64,15000.00,0.00,-16.80,-5.14,0.0,0.0,0.0,0.0,0.0,0.0
760,140610502421504,false,1788547945.320,2,20419,-1092.68,105.13,-101.56,3.03,7.39,16.19,0.00,0.00,0.00,180.00,180.00,180.00
761,140610502421504,true,1788547945.335291,2,20419,35.27,-116.64,15000.00,0.00,-16.55,-3.03,0.0,0.0,0.0,0.0,0.0,0.0
762,140610502421504,true,1788547945.352286,2,20419,35.27,-116.64,15000.00,0.00,-16.55,-3.03,0.0,0.0,0.0,0.0,0.0,0.0
762,140610502421504,false,1788547945.353,2,20421,-1099.31,66.75,-98.03,-2.64,5.76,15.89,0.00,0.00,0.00,180.00,180.00,180.00
763,140610502421504,true,1788547945.368647,2,20421,35.27,-116.64,15000.00,0.00,-15.61,2.64,0.0,0.0,0.0,0.0,0.0,0.0
763,140610502421504,false,1788547945.370,2,20422,-1102.00,40.63,-96.10,-6.34,5.23,15.62,0.00,0.00,0.00,180.00,180.00,180.00
764,140610502421504,true,1788547945.385351,2,20422,35.27,-116.64,15000.00,0.00,-14.95,6.34,0.0,0.0,0.0,0.0,0.0,0.0
764,140610502421504,false,1788547945.386,2,20422,-1102.76,27.95,-95.42,-8.30,4.88,15.59,0.00,0.00,0.00,180.00,180.00,180.00
765,140610502421504,true,1788547945.401972,2,20422,35.27,-116.64,15000.00,0.00,-14.72,8.30,0.0,0.0,0.0,0.0,0.0,0.0
765,140610502421504,false,1788547945.403,2,20424,-1103.13,2.71,-95.00,-12.25,3.93,15.63,0.00,0.00,0.00,180.00,180.00,180.00
766,140610502421504,true,1788547945.418612,2,20424,35.27,-116.64,15000.00,0.00,-14.44,12.25,0.0,0.0,0.0,0.0,0.0,0.0
766,140610502421504,false,1788547945.420,2,20424,-1102.96,-10.06,-94.55,-14.13,3.44,15.65,0.00,0.00,0.00,180.00,180.00,180.00
767,140610502421504,true,1788547945.435312,2,20424,35.27,-116.64,15000.00,0.00,-14.33,14.13,0.0,0.0,0.0,0.0,0.0,0.0
767,140610502421504,false,1788547945.436,2,20426,-1101.78,-33.82,-94.47,-17.63,2.48,15.65,0.00,0.00,0.00,180.00,180.00,180.00
768,140610502421504,true,1788547945.451980,2,20426,35.27,-116.64,15000.00,0.00,-14.16,17.63,0.0,0.0,0.0,0.0,0.0,0.0
768,140610502421504,false,1788547945.453,2,20426,-1100.46,-45.84,-94.77,-19.44,1.96,15.69,0.00,0.00,0.00,180.00,180.00,180.00
769,140610502421504,true,1788547945.468793,2,20426,35.27,-116.64,15000.00,0.00,-14.14,19.44,0.0,0.0,0.0,0.0,0.0,0.0
769,140610502421504,false,1788547945.470,2,20428,-1096.68,-69.99,-95.62,-23.21,0.86,15.68,0.00,0.00,0.00,180.00,180.00,180.00
770,140610502421504,true,1788547945.485280,2,20428,35.27,-116.64,15000.00,0.00,-14.07,23.21,0.0,0.0,0.0,0.0,0.0,0.0
771,140610502421504,true,1788547945.501962,2,20428,35.27,-116.64,15000.00,0.00,-14.07,23.21,0.0,0.0,0.0,0.0,0.0,0.0
771,140610502421504,false,1788547945.503,2,20429,-1087.15,-107.56,-96.25,-29.07,-0.50,15.76,0.00,0.00,0.00,180.00,180.00,180.00
772,140610502421504,true,1788547945.518934,2,20429,35.27,-116.64,15000.00,0.00,-14.02,29.07,0.0,0.0,0.0,0.0,0.0,0.0
772,140610502421504,false,1788547945.520,2,20429,-1083.60,-119.71,-95.93,-31.11,-0.98,15.67,0.00,0.00,0.00,180.00,180.00,180.00
773,140610502421504,true,1788547945.535253,2,20429,35.27,-116.64,15000.00,0.00,-13.93,31.11,0.0,0.0,0.0,0.0,0.0,0.0
774,140610502421504,true,1788547945.551964,2,20429,35.27,-116.64,15000.00,0.00,-13.93,31.11,0.0,0.0,0.0,0.0,0.0,0.0
774,140610502421504,false,1788547945.553,2,20431,-1068.47,-157.76,-94.76,-37.80,-2.54,14.98,0.00,0.00,0.00,180.00,180.00,180.00
775,140610502421504,true,1788547945.568661,2,20431,35.27,-116.64,15000.00,0.00,-13.40,37.80,0.0,0.0,0.0,0.0,0.0,0.0
775,140610502421504,false,1788547945.570,2,20432,-1054.75,-181.76,-95.38,-42.41,-3.76,14.45,0.00,0.00,0.00,180.00,180.00,180.00
776,140610502421504,true,1788547945.585304,2,20432,35.27,-116.64,15000.00,0.00,-13.21,42.41,0.0,0.0,0.0,0.0,0.0,0.0
776,140610502421504,false,1788547945.586,2,20432,-1047.36,-193.27,-95.67,-44.77,-4.36,14.18,0.00,0.00,0.00,180.00,180.00,180.00
777,140610502421504,true,1788547945.602537,2,20432,35.27,-116.64,15000.00,0.00,-13.14,44.77,0.0,0.0,0.0,0.0,0.0,0.0
777,140610502421504,false,1788547945.604,2,20434,-1031.37,-214.13,-96.37,-49.14,-5.52,13.56,0.00,0.00,0.00,180.00,180.00,180.00
778,140610502421504,true,1788547945.618677,2,20434,35.27,-116.64,15000.00,0.00,-13.05,49.14,0.0,0.0,0.0,0.0,0.0,0.0
778,140610502421504,false,1788547945.620,2,20434,-1022.97,-224.14,-96.56,-51.39,-6.00,13.21,0.00,0.00,0.00,180.00,180.00,180.00
779,140610502421504,true,1788547945.635301,2,20434,35.27,-116.64,15000.00,0.00,-12.94,51.39,0.0,0.0,0.0,0.0,0.0,0.0
779,140610502421504,false,1788547945.636,2,20436,-1006.21,-240.94,-96.28,-55.46,-6.73,12.55,0.00,0.00,0.00,180.00,180.00,180.00
780,140610502421504,true,1788547945.651981,2,20436,35.27,-116.64,15000.00,0.00,-12.65,55.46,0.0,0.0,0.0,0.0,0.0,0.0
780,140610502421504,false,1788547945.653,2,20436,-996.84,-250.63,-95.81,-57.79,-7.14,12.16,0.00,0.00,0.00,180.00,180.00,180.00
781,140610502421504,true,1788547945.668623,2,20436,35.27,-116.64,15000.00,0.00,-12.53,57.79,0.0,0.0,0.0,0.0,0.0,0.0
781,140610502421504,false,1788547945.670,2,20438,-978.08,-265.04,-95.97,-61.76,-7.68,11.54,0.00,0.00,0.00,180.00,180.00,180.00
782,140610502421504,true,1788547945.685360,2,20438,35.27,-116.64,15000.00,0.00,-12.23,61.76,0.0,0.0,0.0,0.0,0.0,0.0
782,140610502421504,false,1788547945.686,2,20438,-970.33,-271.83,-96.38,-63.62,-7.90,11.32,0.00,0.00,0.00,180.00,180.00,180.00
783,140610502421504,true,1788547945.701973,2,20438,35.27,-116.64,15000.00,0.00,-12.11,63.62,0.0,0.0,0.0,0.0,0.0,0.0
783,140610502421504,false,1788547945.703,2,20440,-957.78,-280.09,-96.95,-66.38,-8.31,10.75,0.00,0.00,0.00,180.00,180.00,180.00
784,140610502421504,true,1788547945.718624,2,20440,35.27,-116.64,15000.00,0.00,-11.92,66.38,0.0,0.0,0.0,0.0,0.0,0.0
784,140610502421504,false,1788547945.720,2,20440,-947.67,-287.06,-96.99,-68.71,-8.65,10.27,0.00,0.00,0.00,180.00,180.00,180.00
785,140610502421504,true,1788547945.735296,2,20440,35.27,-116.64,15000.00,0.00,-11.79,68.71,0.0,0.0,0.0,0.0,0.0,0.0
785,140610502421504,false,1788547945.736,2,20442,-931.38,-296.18,-97.03,-72.02,-9.10,9.74,0.00,0.00,0.00,180.00,180.00,180.00
786,140610502421504,true,1788547945.751981,2,20442,35.27,-116.64,15000.00,0.00,-11.66,72.02,0.0,0.0,0.0,0.0,0.0,0.0
786,140610502421504,false,1788547945.753,2,20442,-923.93,-300.73,-97.42,-73.64,-9.26,9.44,0.00,0.00,0.00,180.00,180.00,180.00
787,140610502421504,true,1788547945.768649,2,20442,35.27,-116.64,15000.00,0.00,-11.55,73.64,0.0,0.0,0.0,0.0,0.0,0.0
787,140610502421504,false,1788547945.770,2,20444,-906.53,-307.91,-98.23,-76.92,-9.65,9.04,0.00,0.00,0.00,180.00,180.00,180.00
788,140610502421504,true,1788547945.785307,2,20444,35.27,-116.64,15000.00,0.00,-11.44,76.92,0.0,0.0,0.0,0.0,0.0,0.0
788,140610502421504,false,1788547945.786,2,20444,-898.08,-312.10,-98.33,-78.69,-9.71,8.80,0.00,0.00,0.00,180.00,180.00,180.00
789,140610502421504,true,1788547945.801964,2,20444,35.27,-116.64,15000.00,0.00,-11.25,78.69,0.0,0.0,0.0,0.0,0.0,0.0
789,140610502421504,false,1788547945.803,2,20446,-881.40,-317.45,-99.44,-81.78,-9.93,8.40,0.00,0.00,0.00,180.00,180.00,180.00
790,140610502421504,true,1788547945.818651,2,20446,35.27,-116.64,15000.00,0.00,-11.03,81.78,0.0,0.0,0.0,0.0,0.0,0.0
790,140610502421504,false,1788547945.820,2,20446,-876.29,-319.64,-99.82,-82.85,-10.07,8.18,0.00,0.00,0.00,180.00,180.00,180.00
791,140610502421504,true,1788547945.835300,2,20446,35.27,-116.64,15000.00,0.00,-11.01,82.85,0.0,0.0,0.0,0.0,0.0,0.0
791,140610502421504,false,1788547945.836,2,20448,-858.34,-324.53,-100.70,-86.06,-10.23,7.94,0.00,0.00,0.00,180.00,180.00,180.00
792,140610502421504,true,1788547945.851981,2,20448,35.27,-116.64,15000.00,0.00,-10.75,86.06,0.0,0.0,0.0,0.0,0.0,0.0
792,140610502421504,false,1788547945.853,2,20448,-851.98,-326.28,-100.41,-87.27,-10.24,7.74,0.00,0.00,0.00,180.00,180.00,180.00
793,140610502421504,true,1788547945.868874,2,20448,35.27,-116.64,15000.00,0.00,-10.59,87.27,0.0,0.0,0.0,0.0,0.0,0.0
793,140610502421504,false,1788547945.870,2,20450,-837.11,-328.82,-101.07,-89.74,-10.38,7.32,0.00,0.00,0.00,180.00,180.00,180.00
794,140610502421504,true,1788547945.885307,2,20450,35.27,-116.64,15000.00,0.00,-10.42,89.74,0.0,0.0,0.0,0.0,0.0,0.0
794,140610502421504,false,1788547945.886,2,20450,-831.28,-330.17,-101.39,-90.75,-10.43,7.18,0.00,0.00,0.00,180.00,180.00,180.00
795,140610502421504,true,1788547945.901964,2,20450,35.27,-116.64,15000.00,0.00,-10.34,90.75,0.0,0.0,0.0,0.0,0.0,0.0
795,140610502421504,false,1788547945.903,2,20452,-817.97,-331.72,-102.17,-92.92,-10.55,6.88,0.00,0.00,0.00,180.00,180.00,180.00
796,140610502421504,true,1788547945.918685,2,20452,35.27,-116.64,15000.00,0.00,-10.19,92.92,0.0,0.0,0.0,0.0,0.0,0.0
796,140610502421504,false,1788547945.920,2,20452,-810.96,-332.64,-102.29,-93.98,-10.64,6.62,0.00,0.00,0.00,180.00,180.00,180.00
797,140610502421504,true,1788547945.935254,2,20452,35.27,-116.64,15000.00,0.00,-10.16,93.98,0.0,0.0,0.0,0.0,0.0,0.0
797,140610502421504,false,1788547945.936,2,20454,-797.18,-334.27,-101.91,-95.94,-10.70,6.15,0.00,0.00,0.00,180.00,180.00,180.00
798,140610502421504,true,1788547945.951972,2,20454,35.27,-116.64,15000.00,0.00,-10.00,95.94,0.0,0.0,0.0,0.0,0.0,0.0
798,140610502421504,false,1788547945.953,2,20454,-792.33,-335.37,-101.90,-96.63,-10.75,5.95,0.00,0.00,0.00,180.00,180.00,180.00
799,140610502421504,true,1788547945.968788,2,20454,35.27,-116.64,15000.00,0.00,-9.99,96.63,0.0,0.0,0.0,0.0,0.0,0.0
799,140610502421504,false,1788547945.970,2,20456,-781.40,-336.04,-102.68,-98.04,-10.92,5.57,0.00,0.00,0.00,180.00,180.00,180.00
800,140610502421504,true,1788547945.986035,2,20456,35.27,-116.64,15000.00,0.00,-10.03,98.04,0.0,0.0,0.0,0.0,0.0,0.0
800,140610502421504,false,1788547945.987,2,20456,-775.78,-336.40,-103.19,-98.80,-11.03,5.33,0.00,0.00,0.00,180.00,180.00,180.00
801,140610502421504,true,1788547946.002068,2,20456,35.27,-116.64,15000.00,0.00,-10.08,98.80,0.0,0.0,0.0,0.0,0.0,0.0
801,140610502421504,false,1788547946.003,2,20458,-765.52,-336.30,-103.12,-100.17,-11.38,4.91,0.00,0.00,0.00,180.00,180.00,180.00
802,140610502421504,true,1788547946.018785,2,20458,35.27,-116.64,15000.00,0.00,-10.33,100.17,0.0,0.0,0.0,0.0,0.0,0.0
802,140610502421504,false,1788547946.020,2,20458,-760.71,-336.67,-102.93,-100.80,-11.50,4.70,0.00,0.00,0.00,180.00,180.00,180.00
803,140610502421504,true,1788547946.035278,2,20458,35.27,-116.64,15000.00,0.00,-10.41,100.80,0.0,0.0,0.0,0.0,0.0,0.0
804,140610502421504,true,1788547946.052122,2,20458,35.27,-116.64,15000.00,0.00,-10.41,100.80,0.0,0.0,0.0,0.0,0.0,0.0
804,140610502421504,false,1788547946.053,2,20460,-746.02,-336.05,-101.94,-102.67,-11.62,4.19,0.00,0.00,0.00,180.00,180.00,180.00
805,140610502421504,true,1788547946.068611,2,20460,35.27,-116.64,15000.00,0.00,-10.42,102.67,0.0,0.0,0.0,0.0,0.0,0.0
806,140610502421504,true,1788547946.085274,2,20460,35.27,-116.64,15000.00,0.00,-10.42,102.67,0.0,0.0,0.0,0.0,0.0,0.0
806,140610502421504,false,1788547946.086,2,20461,-731.46,-334.43,-101.22,-104.61,-11.63,3.55,0.00,0.00,0.00,180.00,180.00,180.00
807,140610502421504,true,1788547946.102105,2,20461,35.27,-116.64,15000.00,0.00,-10.35,104.61,0.0,0.0,0.0,0.0,0.0,0.0
807,140610502421504,false,1788547946.103,2,20462,-722.35,-332.97,-100.71,-105.85,-11.56,3.14,0.00,0.00,0.00,180.00,180.00,180.00
808,140610502421504,true,1788547946.118611,2,20462,35.27,-116.64,15000.00,0.00,-10.26,105.85,0.0,0.0,0.0,0.0,0.0,0.0
809,140610502421504,true,1788547946.135555,2,20462,35.27,-116.64,15000.00,0.00,-10.26,105.85,0.0,0.0,0.0,0.0,0.0,0.0
809,140610502421504,false,1788547946.136,2,20463,-709.14,-331.48,-99.67,-107.51,-11.30,2.67,0.00,0.00,0.00,180.00,180.00,180.00
810,140610502421504,true,1788547946.151972,2,20463,35.27,-116.64,15000.00,0.00,-9.98,107.51,0.0,0.0,0.0,0.0,0.0,0.0
811,140610502421504,true,1788547946.168679,2,20463,35.27,-116.64,15000.00,0.00,-9.98,107.51,0.0,0.0,0.0,0.0,0.0,0.0
811,140610502421504,false,1788547946.170,2,20464,-698.46,-327.81,-98.61,-109.01,-11.13,2.29,0.00,0.00,0.00,180.00,180.00,180.00
812,140610502421504,true,1788547946.185352,2,20464,35.27,-116.64,15000.00,0.00,-9.77,109.01,0.0,0.0,0.0,0.0,0.0,0.0
812,140610502421504,false,1788547946.186,2,20464,-696.29,-327.78,-98.52,-109.26,-11.08,2.16,0.00,0.00,0.00,180.00,180.00,180.00
813,140610502421504,true,1788547946.201973,2,20464,35.27,-116.64,15000.00,0.00,-9.75,109.26,0.0,0.0,0.0,0.0,0.0,0.0
813,140610502421504,false,1788547946.203,2,20465,-693.42,-327.26,-98.19,-109.58,-11.01,2.12,0.00,0.00,0.00,180.00,180.00,180.00
814,140610502421504,true,1788547946.218671,2,20465,35.27,-116.64,15000.00,0.00,-9.66,109.58,0.0,0.0,0.0,0.0,0.0,0.0
814,140610502421504,false,1788547946.220,2,20467,-687.84,-325.02,-97.09,-110.24,-10.94,1.98,0.00,0.00,0.00,180.00,180.00,180.00
815,140610502421504,true,1788547946.235273,2,20467,35.27,-116.64,15000.00,0.00,-9.58,110.24,0.0,0.0,0.0,0.0,0.0,0.0
815,140610502421504,false,1788547946.236,2,20467,-685.06,-323.33,-96.41,-110.58,-10.82,1.97,0.00,0.00,0.00,180.00,180.00,180.00
816,140610502421504,true,1788547946.252207,2,20467,35.27,-116.64,15000.00,0.00,-9.43,110.58,0.0,0.0,0.0,0.0,0.0,0.0
816,140610502421504,false,1788547946.253,2,20468,-680.03,-320.81,-95.22,-111.14,-10.67,1.82,0.00,0.00,0.00,180.00,180.00,180.00
817,140610502421504,true,1788547946.268623,2,20468,35.27,-116.64,15000.00,0.00,-9.30,111.14,0.0,0.0,0.0,0.0,0.0,0.0
818,140610502421504,true,1788547946.285506,2,20468,35.27,-116.64,15000.00,0.00,-9.30,111.14,0.0,0.0,0.0,0.0,0.0,0.0
818,140610502421504,false,1788547946.286,2,20470,-672.50,-315.84,-92.65,-111.94,-10.35,1.63,0.00,0.00,0.00,180.00,180.00,180.00
819,140610502421504,true,1788547946.301979,2,20470,35.27,-116.64,15000.00,0.00,-8.99,111.94,0.0,0.0,0.0,0.0,0.0,0.0
819,140610502421504,false,1788547946.303,2,20470,-669.17,-313.05,-91.42,-112.31,-10.30,1.64,0.00,0.00,0.00,180.00,180.00,180.00
820,140610502421504,true,1788547946.318619,2,20470,35.27,-116.64,15000.00,0.00,-8.90,112.31,0.0,0.0,0.0,0.0,0.0,0.0
820,140610502421504,false,1788547946.320,2,20472,-662.54,-309.28,-89.71,-112.99,-10.07,1.66,0.00,0.00,0.00,180.00,180.00,180.00
821,140610502421504,true,1788547946.335333,2,20472,35.27,-116.64,15000.00,0.00,-8.62,112.99,0.0,0.0,0.0,0.0,0.0,0.0
821,140610502421504,false,1788547946.336,2,20472,-659.67,-307.16,-88.60,-113.41,-9.91,1.52,0.00,0.00,0.00,180.00,180.00,180.00
822,140610502421504,true,1788547946.352063,2,20472,35.27,-116.64,15000.00,0.00,-8.49,113.41,0.0,0.0,0.0,0.0,0.0,0.0
822,140610502421504,false,1788547946.353,2,20474,-653.03,-304.26,-86.44,-114.12,-9.65,1.36,0.00,0.00,0.00,180.00,180.00,180.00
823,140610502421504,true,1788547946.369247,2,20474,35.27,-116.64,15000.00,0.00,-8.25,114.12,0.0,0.0,0.0,0.0,0.0,0.0
823,140610502421504,false,1788547946.370,2,20475,-647.47,-301.76,-84.27,-114.71,-9.38,1.29,0.00,0.00,0.00,180.00,180.00,180.00
824,140610502421504,true,1788547946.385367,2,20475,35.27,-116.64,15000.00,0.00,-7.98,114.71,0.0,0.0,0.0,0.0,0.0,0.0
824,140610502421504,false,1788547946.386,2,20475,-644.93,-301.05,-83.40,-114.94,-9.22,1.23,0.00,0.00,0.00,180.00,180.00,180.00
825,140610502421504,true,1788547946.402207,2,20475,35.27,-116.64,15000.00,0.00,-7.85,114.94,0.0,0.0,0.0,0.0,0.0,0.0
825,140610502421504,false,1788547946.403,2,20476,-643.03,-300.24,-82.37,-115.16,-9.09,1.14,0.00,0.00,0.00,180.00,180.00,180.00
826,140610502421504,true,1788547946.418710,2,20476,35.27,-116.64,15000.00,0.00,-7.74,115.16,0.0,0.0,0.0,0.0,0.0,0.0
826,140610502421504,false,1788547946.420,2,20477,-639.99,-300.17,-80.85,-115.28,-8.99,0.81,0.00,0.00,0.00,180.00,180.00,180.00
827,140610502421504,true,1788547946.435318,2,20477,35.27,-116.64,15000.00,0.00,-7.79,115.28,0.0,0.0,0.0,0.0,0.0,0.0
827,140610502421504,false,1788547946.436,2,20478,-639.17,-299.79,-80.63,-115.24,-8.99,0.80,0.00,0.00,0.00,180.00,180.00,180.00
828,140610502421504,true,1788547946.451979,2,20478,35.27,-116.64,15000.00,0.00,-7.79,115.24,0.0,0.0,0.0,0.0,0.0,0.0
828,140610502421504,false,1788547946.453,2,20480,-637.69,-299.99,-81.25,-115.17,-9.00,0.94,0.00,0.00,0.00,180.00,180.00,180.00
829,140610502421504,true,1788547946.468888,2,20480,35.27,-116.64,15000.00,0.00,-7.74,115.17,0.0,0.0,0.0,0.0,0.0,0.0
829,140610502421504,false,1788547946.470,2,20480,-637.58,-300.13,-81.29,-115.14,-9.08,0.79,0.00,0.00,0.00,180.00,180.00,180.00
830,140610502421504,true,1788547946.485449,2,20480,35.27,-116.64,15000.00,0.00,-7.89,115.14,0.0,0.0,0.0,0.0,0.0,0.0
830,140610502421504,false,1788547946.486,2,20481,-638.19,-301.79,-81.85,-114.77,-9.24,0.57,0.00,0.00,0.00,180.00,180.00,180.00
831,140610502421504,true,1788547946.502102,2,20481,35.27,-116.64,15000.00,0.00,-8.15,114.77,0.0,0.0,0.0,0.0,0.0,0.0
831,140610502421504,false,1788547946.503,2,20482,-638.77,-302.21,-82.93,-114.58,-9.34,0.60,0.00,0.00,0.00,180.00,180.00,180.00
832,140610502421504,true,1788547946.518807,2,20482,35.27,-116.64,15000.00,0.00,-8.24,114.58,0.0,0.0,0.0,0.0,0.0,0.0
832,140610502421504,false,1788547946.520,2,20483,-638.84,-303.32,-84.40,-114.40,-9.54,0.68,0.00,0.00,0.00,180.00,180.00,180.00
833,140610502421504,true,1788547946.535467,2,20483,35.27,-116.64,15000.00,0.00,-8.41,114.40,0.0,0.0,0.0,0.0,0.0,0.0
833,140610502421504,false,1788547946.536,2,20484,-639.15,-303.51,-84.94,-114.41,-9.63,0.58,0.00,0.00,0.00,180.00,180.00,180.00
834,140610502421504,true,1788547946.551980,2,20484,35.27,-116.64,15000.00,0.00,-8.53,114.41,0.0,0.0,0.0,0.0,0.0,0.0
835,140610502421504,true,1788547946.568885,2,20484,35.27,-116.64,15000.00,0.00,-8.53,114.41,0.0,0.0,0.0,0.0,0.0,0.0
835,140610502421504,false,1788547946.570,2,20486,-639.31,-304.78,-85.48,-114.51,-9.84,0.64,0.00,0.00,0.00,180.00,180.00,180.00
836,140610502421504,true,1788547946.585449,2,20486,35.27,-116.64,15000.00,0.00,-8.69,114.51,0.0,0.0,0.0,0.0,0.0,0.0
836,140610502421504,false,1788547946.586,2,20486,-639.42,-305.75,-85.38,-114.58,-9.80,0.70,0.00,0.00,0.00,180.00,180.00,180.00
837,140610502421504,true,1788547946.602105,2,20486,35.27,-116.64,15000.00,0.00,-8.62,114.58,0.0,0.0,0.0,0.0,0.0,0.0
837,140610502421504,false,1788547946.603,2,20487,-639.52,-306.27,-85.35,-114.59,-9.80,0.68,0.00,0.00,0.00,180.00,180.00,180.00
838,140610502421504,true,1788547946.618790,2,20487,35.27,-116.64,15000.00,0.00,-8.63,114.59,0.0,0.0,0.0,0.0,0.0,0.0
838,140610502421504,false,1788547946.620,2,20488,-640.28,-307.13,-85.40,-114.57,-9.81,0.72,0.00,0.00,0.00,180.00,180.00,180.00
839,140610502421504,true,1788547946.635311,2,20488,35.27,-116.64,15000.00,0.00,-8.62,114.57,0.0,0.0,0.0,0.0,0.0,0.0
840,140610502421504,true,1788547946.652132,2,20488,35.27,-116.64,15000.00,0.00,-8.62,114.57,0.0,0.0,0.0,0.0,0.0,0.0
840,140610502421504,false,1788547946.653,2,20490,-641.59,-308.49,-85.17,-114.52,-9.69,0.66,0.00,0.00,0.00,180.00,180.00,180.00
841,140610502421504,true,1788547946.668810,2,20490,35.27,-116.64,15000.00,0.00,-8.54,114.52,0.0,0.0,0.0,0.0,0.0,0.0
841,140610502421504,false,1788547946.670,2,20490,-642.05,-308.81,-85.43,-114.48,-9.70,0.65,0.00,0.00,0.00,180.00,180.00,180.00
842,140610502421504,true,1788547946.685264,2,20490,35.27,-116.64,15000.00,0.00,-8.56,114.48,0.0,0.0,0.0,0.0,0.0,0.0
843,140610502421504,true,1788547946.702142,2,20490,35.27,-116.64,15000.00,0.00,-8.56,114.48,0.0,0.0,0.0,0.0,0.0,0.0
843,140610502421504,false,1788547946.703,2,20492,-643.74,-309.56,-84.39,-114.41,-9.54,0.80,0.00,0.00,0.00,180.00,180.00,180.00
844,140610502421504,true,1788547946.718804,2,20492,35.27,-116.64,15000.00,0.00,-8.36,114.41,0.0,0.0,0.0,0.0,0.0,0.0
844,140610502421504,false,1788547946.720,2,20492,-645.34,-309.64,-81.84,-114.29,-9.26,1.06,0.00,0.00,0.00,180.00,180.00,180.00
845,140610502421504,true,1788547946.736003,2,20492,35.27,-116.64,15000.00,0.00,-8.00,114.29,0.0,0.0,0.0,0.0,0.0,0.0
845,140610502421504,false,1788547946.737,2,20494,-647.31,-309.23,-78.24,-114.16,-8.55,1.14,0.00,0.00,0.00,180.00,180.00,180.00
846,140610502421504,true,1788547946.752118,2,20494,35.27,-116.64,15000.00,0.00,-7.34,114.16,0.0,0.0,0.0,0.0,0.0,0.0
846,140610502421504,false,1788547946.753,2,20494,-648.57,-308.68,-75.73,-114.01,-8.37,1.39,0.00,0.00,0.00,180.00,180.00,180.00
847,140610502421504,true,1788547946.768866,2,20494,35.27,-116.64,15000.00,0.00,-7.08,114.01,0.0,0.0,0.0,0.0,0.0,0.0
847,140610502421504,false,1788547946.770,2,20495,-649.97,-307.85,-72.89,-113.88,-7.92,1.62,0.00,0.00,0.00,180.00,180.00,180.00
848,140610502421504,true,1788547946.785257,2,20495,35.27,-116.64,15000.00,0.00,-6.59,113.88,0.0,0.0,0.0,0.0,0.0,0.0
849,140610502421504,true,1788547946.802096,2,20495,35.27,-116.64,15000.00,0.00,-6.59,113.88,0.0,0.0,0.0,0.0,0.0,0.0
849,140610502421504,false,1788547946.803,2,20497,-654.67,-304.42,-63.52,-113.47,-6.27,2.15,0.00,0.00,0.00,180.00,180.00,180.00
850,140610502421504,true,1788547946.818804,2,20497,35.27,-116.64,15000.00,0.00,-4.89,113.47,0.0,0.0,0.0,0.0,0.0,0.0
850,140610502421504,false,1788547946.820,2,20497,-658.82,-301.08,-56.50,-113.08,-5.40,2.76,0.00,0.00,0.00,180.00,180.00,180.00
851,140610502421504,true,1788547946.835268,2,20497,35.27,-116.64,15000.00,0.00,-3.89,113.08,0.0,0.0,0.0,0.0,0.0,0.0
852,140610502421504,true,1788547946.852107,2,20497,35.27,-116.64,15000.00,0.00,-3.89,113.08,0.0,0.0,0.0,0.0,0.0,0.0
852,140610502421504,false,1788547946.853,2,20499,-665.20,-295.01,-46.89,-112.61,-3.99,3.59,0.00,0.00,0.00,180.00,180.00,180.00
853,140610502421504,true,1788547946.868890,2,20499,35.27,-116.64,15000.00,0.00,-2.30,112.61,0.0,0.0,0.0,0.0,0.0,0.0
853,140610502421504,false,1788547946.870,2,20499,-667.54,-292.85,-44.06,-112.42,-3.49,3.90,0.00,0.00,0.00,180.00,180.00,180.00
854,140610502421504,true,1788547946.885427,2,20499,35.27,-116.64,15000.00,0.00,-1.74,112.42,0.0,0.0,0.0,0.0,0.0,0.0
854,140610502421504,false,1788547946.886,2,20500,-673.33,-287.73,-37.72,-111.86,-2.58,4.59,0.00,0.00,0.00,180.00,180.00,180.00
855,140610502421504,true,1788547946.902067,2,20500,35.27,-116.64,15000.00,0.00,-0.68,111.86,0.0,0.0,0.0,0.0,0.0,0.0
855,140610502421504,false,1788547946.903,2,20501,-675.55,-284.92,-34.85,-111.67,-1.85,4.91,0.00,0.00,0.00,180.00,180.00,180.00
856,140610502421504,true,1788547946.919003,2,20501,35.27,-116.64,15000.00,0.00,0.10,111.67,0.0,0.0,0.0,0.0,0.0,0.0
856,140610502421504,false,1788547946.920,2,20503,-679.96,-278.90,-28.01,-111.45,-0.99,5.63,0.00,0.00,0.00,180.00,180.00,180.00
857,140610502421504,true,1788547946.935261,2,20503,35.27,-116.64,15000.00,0.00,1.14,111.45,0.0,0.0,0.0,0.0,0.0,0.0
858,140610502421504,true,1788547946.952036,2,20503,35.27,-116.64,15000.00,0.00,1.14,111.45,0.0,0.0,0.0,0.0,0.0,0.0
858,140610502421504,false,1788547946.953,2,20504,-686.78,-267.96,-15.69,-111.23,0.92,6.67,0.00,0.00,0.00,180.00,180.00,180.00
859,140610502421504,true,1788547946.968645,2,20504,35.27,-116.64,15000.00,0.00,3.28,111.23,0.0,0.0,0.0,0.0,0.0,0.0
859,140610502421504,false,1788547946.970,2,20504,-689.06,-263.39,-11.20,-111.25,1.78,7.08,0.00,0.00,0.00,180.00,180.00,180.00
860,140610502421504,true,1788547946.985323,2,20504,35.27,-116.64,15000.00,0.00,4.23,111.25,0.0,0.0,0.0,0.0,0.0,0.0
860,140610502421504,false,1788547946.986,2,20506,-691.96,-253.82,-2.79,-111.59,3.34,7.82,0.00,0.00,0.00,180.00,180.00,180.00
861,140610502421504,true,1788547947.001973,2,20506,35.27,-116.64,15000.00,0.00,5.98,111.59,0.0,0.0,0.0,0.0,0.0,0.0
861,140610502421504,false,1788547947.003,2,20506,-693.16,-248.62,1.90,-111.85,4.59,8.03,0.00,0.00,0.00,180.00,180.00,180.00
862,140610502421504,true,1788547947.018628,2,20506,35.27,-116.64,15000.00,0.00,7.25,111.85,0.0,0.0,0.0,0.0,0.0,0.0
862,140610502421504,false,1788547947.020,2,20508,-696.22,-238.15,12.99,-112.18,5.49,9.27,0.00,0.00,0.00,180.00,180.00,180.00
863,140610502421504,true,1788547947.035322,2,20508,35.27,-116.64,15000.00,0.00,8.58,112.18,0.0,0.0,0.0,0.0,0.0,0.0
863,140610502421504,false,1788547947.036,2,20508,-697.41,-232.31,18.75,-112.41,7.16,9.55,0.00,0.00,0.00,180.00,180.00,180.00
864,140610502421504,true,1788547947.051983,2,20508,35.27,-116.64,15000.00,0.00,10.26,112.41,0.0,0.0,0.0,0.0,0.0,0.0
864,140610502421504,false,1788547947.053,2,20510,-700.23,-220.90,28.15,-112.89,9.18,10.35,0.00,0.00,0.00,180.00,180.00,180.00
865,140610502421504,true,1788547947.068660,2,20510,35.27,-116.64,15000.00,0.00,12.48,112.89,0.0,0.0,0.0,0.0,0.0,0.0
865,140610502421504,false,1788547947.070,2,20510,-701.38,-216.77,30.86,-112.98,9.84,10.47,0.00,0.00,0.00,180.00,180.00,180.00
866,140610502421504,true,1788547947.085352,2,20510,35.27,-116.64,15000.00,0.00,13.15,112.98,0.0,0.0,0.0,0.0,0.0,0.0
866,140610502421504,false,1788547947.086,2,20512,-705.37,-203.90,39.26,-113.32,11.52,11.08,0.00,0.00,0.00,180.00,180.00,180.00
867,140610502421504,true,1788547947.101973,2,20512,35.27,-116.64,15000.00,0.00,14.96,113.32,0.0,0.0,0.0,0.0,0.0,0.0
867,140610502421504,false,1788547947.103,2,20512,-707.06,-197.95,42.41,-113.45,12.92,11.02,0.00,0.00,0.00,180.00,180.00,180.00
868,140610502421504,true,1788547947.119236,2,20512,35.27,-116.64,15000.00,0.00,16.24,113.45,0.0,0.0,0.0,0.0,0.0,0.0
868,140610502421504,false,1788547947.120,2,20514,-710.85,-187.30,47.91,-113.57,13.92,11.50,0.00,0.00,0.00,180.00,180.00,180.00
869,140610502421504,true,1788547947.135332,2,20514,35.27,-116.64,15000.00,0.00,17.36,113.57,0.0,0.0,0.0,0.0,0.0,0.0
869,140610502421504,false,1788547947.136,2,20514,-712.53,-181.19,50.37,-113.60,14.52,11.62,0.00,0.00,0.00,180.00,180.00,180.00
870,140610502421504,true,1788547947.151989,2,20514,35.27,-116.64,15000.00,0.00,17.96,113.60,0.0,0.0,0.0,0.0,0.0,0.0
870,140610502421504,false,1788547947.153,2,20516,-715.89,-169.84,55.75,-113.67,15.45,12.17,0.00,0.00,0.00,180.00,180.00,180.00
871,140610502421504,true,1788547947.168591,2,20516,35.27,-116.64,15000.00,0.00,19.03,113.67,0.0,0.0,0.0,0.0,0.0,0.0
871,140610502421504,false,1788547947.169,2,20516,-717.03,-165.08,57.88,-113.65,16.20,12.12,0.00,0.00,0.00,180.00,180.00,180.00
872,140610502421504,true,1788547947.185541,2,20516,35.27,-116.64,15000.00,0.00,19.70,113.65,0.0,0.0,0.0,0.0,0.0,0.0
872,140610502421504,false,1788547947.186,2,20518,-720.91,-150.87,65.07,-113.62,17.73,12.32,0.00,0.00,0.00,180.00,180.00,180.00
873,140610502421504,true,1788547947.202116,2,20518,35.27,-116.64,15000.00,0.00,21.18,113.62,0.0,0.0,0.0,0.0,0.0,0.0
873,140610502421504,false,1788547947.203,2,20518,-722.41,-144.02,67.86,-113.61,18.43,12.43,0.00,0.00,0.00,180.00,180.00,180.00
874,140610502421504,true,1788547947.218805,2,20518,35.27,-116.64,15000.00,0.00,21.87,113.61,0.0,0.0,0.0,0.0,0.0,0.0
874,140610502421504,false,1788547947.220,2,20520,-725.50,-129.60,73.80,-113.65,19.48,12.91,0.00,0.00,0.00,180.00,180.00,180.00
875,140610502421504,true,1788547947.235442,2,20520,35.27,-116.64,15000.00,0.00,23.02,113.65,0.0,0.0,0.0,0.0,0.0,0.0
875,140610502421504,false,1788547947.236,2,20520,-726.76,-122.27,75.99,-113.65,20.60,12.76,0.00,0.00,0.00,180.00,180.00,180.00
876,140610502421504,true,1788547947.251984,2,20520,35.27,-116.64,15000.00,0.00,23.99,113.65,0.0,0.0,0.0,0.0,0.0,0.0
877,140610502421504,true,1788547947.268774,2,20520,35.27,-116.64,15000.00,0.00,23.99,113.65,0.0,0.0,0.0,0.0,0.0,0.0
877,140610502421504,false,1788547947.270,2,20522,-730.08,-100.84,82.91,-113.78,22.50,13.21,0.00,0.00,0.00,180.00,180.00,180.00
878,140610502421504,true,1788547947.285526,2,20522,35.27,-116.64,15000.00,0.00,25.92,113.78,0.0,0.0,0.0,0.0,0.0,0.0
878,140610502421504,false,1788547947.286,2,20523,-731.55,-85.94,86.69,-113.89,23.93,13.27,0.00,0.00,0.00,180.00,180.00,180.00
879,140610502421504,true,1788547947.301978,2,20523,35.27,-116.64,15000.00,0.00,27.26,113.89,0.0,0.0,0.0,0.0,0.0,0.0
880,140610502421504,true,1788547947.318964,2,20523,35.27,-116.64,15000.00,0.00,27.26,113.89,0.0,0.0,0.0,0.0,0.0,0.0
880,140610502421504,false,1788547947.320,2,20524,-733.50,-65.57,91.19,-113.88,25.68,13.27,0.00,0.00,0.00,180.00,180.00,180.00
881,140610502421504,true,1788547947.335422,2,20524,35.27,-116.64,15000.00,0.00,28.85,113.88,0.0,0.0,0.0,0.0,0.0,0.0
881,140610502421504,false,1788547947.336,2,20524,-733.98,-58.96,92.19,-113.84,25.92,13.25,0.00,0.00,0.00,180.00,180.00,180.00
882,140610502421504,true,1788547947.352146,2,20524,35.27,-116.64,15000.00,0.00,29.07,113.84,0.0,0.0,0.0,0.0,0.0,0.0
882,140610502421504,false,1788547947.353,2,20525,-734.91,-47.09,93.86,-113.57,26.73,13.02,0.00,0.00,0.00,180.00,180.00,180.00
883,140610502421504,true,1788547947.368582,2,20525,35.27,-116.64,15000.00,0.00,29.71,113.57,0.0,0.0,0.0,0.0,0.0,0.0
884,140610502421504,true,1788547947.385324,2,20525,35.27,-116.64,15000.00,0.00,29.71,113.57,0.0,0.0,0.0,0.0,0.0,0.0
884,140610502421504,false,1788547947.386,2,20527,-734.63,-30.31,92.99,-113.36,27.62,12.76,0.00,0.00,0.00,180.00,180.00,180.00
885,140610502421504,true,1788547947.401956,2,20527,35.27,-116.64,15000.00,0.00,30.42,113.36,0.0,0.0,0.0,0.0,0.0,0.0
885,140610502421504,false,1788547947.403,2,20527,-734.56,-25.12,92.99,-113.37,27.69,12.48,0.00,0.00,0.00,180.00,180.00,180.00
886,140610502421504,true,1788547947.418630,2,20527,35.27,-116.64,15000.00,0.00,30.37,113.37,0.0,0.0,0.0,0.0,0.0,0.0
886,140610502421504,false,1788547947.420,2,20529,-734.59,-14.19,94.11,-113.44,27.85,12.25,0.00,0.00,0.00,180.00,180.00,180.00
887,140610502421504,true,1788547947.435578,2,20529,35.27,-116.64,15000.00,0.00,30.42,113.44,0.0,0.0,0.0,0.0,0.0,0.0
887,140610502421504,false,1788547947.436,2,20529,-734.92,-6.19,95.11,-113.45,28.18,12.37,0.00,0.00,0.00,180.00,180.00,180.00
888,140610502421504,true,1788547947.452029,2,20529,35.27,-116.64,15000.00,0.00,30.78,113.45,0.0,0.0,0.0,0.0,0.0,0.0
888,140610502421504,false,1788547947.453,2,20530,-736.03,5.95,96.64,-113.43,28.85,12.66,0.00,0.00,0.00,180.00,180.00,180.00
889,140610502421504,true,1788547947.468655,2,20530,35.27,-116.64,15000.00,0.00,31.50,113.43,0.0,0.0,0.0,0.0,0.0,0.0
889,140610502421504,false,1788547947.469,2,20531,-736.60,12.24,97.22,-113.51,29.10,12.90,0.00,0.00,0.00,180.00,180.00,180.00
890,140610502421504,true,1788547947.485268,2,20531,35.27,-116.64,15000.00,0.00,31.83,113.51,0.0,0.0,0.0,0.0,0.0,0.0
890,140610502421504,false,1788547947.486,2,20533,-738.01,23.95,98.43,-113.62,29.95,12.91,0.00,0.00,0.00,180.00,180.00,180.00
891,140610502421504,true,1788547947.502542,2,20533,35.27,-116.64,15000.00,0.00,32.61,113.62,0.0,0.0,0.0,0.0,0.0,0.0
891,140610502421504,false,1788547947.504,2,20534,-739.59,36.97,100.20,-113.69,30.63,13.03,0.00,0.00,0.00,180.00,180.00,180.00
892,140610502421504,true,1788547947.518708,2,20534,35.27,-116.64,15000.00,0.00,33.28,113.69,0.0,0.0,0.0,0.0,0.0,0.0
892,140610502421504,false,1788547947.520,2,20534,-740.40,42.31,100.92,-113.72,31.02,13.18,0.00,0.00,0.00,180.00,180.00,180.00
893,140610502421504,true,1788547947.535264,2,20534,35.27,-116.64,15000.00,0.00,33.71,113.72,0.0,0.0,0.0,0.0,0.0,0.0
893,140610502421504,false,1788547947.536,2,20535,-741.32,48.24,101.65,-113.70,31.62,13.20,0.00,0.00,0.00,180.00,180.00,180.00
894,140610502421504,true,1788547947.552120,2,20535,35.27,-116.64,15000.00,0.00,34.26,113.70,0.0,0.0,0.0,0.0,0.0,0.0
894,140610502421504,false,1788547947.553,2,20537,-744.33,63.09,103.07,-113.61,32.41,13.36,0.00,0.00,0.00,180.00,180.00,180.00
895,140610502421504,true,1788547947.568550,2,20537,35.27,-116.64,15000.00,0.00,35.05,113.61,0.0,0.0,0.0,0.0,0.0,0.0
896,140610502421504,true,1788547947.585303,2,20537,35.27,-116.64,15000.00,0.00,35.05,113.61,0.0,0.0,0.0,0.0,0.0,0.0
896,140610502421504,false,1788547947.586,2,20538,-747.60,76.39,103.76,-113.41,33.18,13.23,0.00,0.00,0.00,180.00,180.00,180.00
897,140610502421504,true,1788547947.601960,2,20538,35.27,-116.64,15000.00,0.00,35.70,113.41,0.0,0.0,0.0,0.0,0.0,0.0
897,140610502421504,false,1788547947.603,2,20538,-748.63,81.31,104.09,-113.43,33.35,13.33,0.00,0.00,0.00,180.00,180.00,180.00
898,140610502421504,true,1788547947.618661,2,20538,35.27,-116.64,15000.00,0.00,35.90,113.43,0.0,0.0,0.0,0.0,0.0,0.0
898,140610502421504,false,1788547947.620,2,20540,-749.51,87.25,104.30,-113.09,34.24,13.13,0.00,0.00,0.00,180.00,180.00,180.00
899,140610502421504,true,1788547947.635262,2,20540,35.27,-116.64,15000.00,0.00,36.65,113.09,0.0,0.0,0.0,0.0,0.0,0.0
899,140610502421504,false,1788547947.636,2,20540,-750.62,91.02,104.12,-112.63,33.96,11.53,0.00,0.00,0.00,180.00,180.00,180.00
900,140610502421504,true,1788547947.651974,2,20540,35.27,-116.64,15000.00,0.00,35.78,112.63,0.0,0.0,0.0,0.0,0.0,0.0
900,140610502421504,false,1788547947.653,2,20542,-750.78,98.47,104.71,-113.51,34.21,14.56,0.00,0.00,0.00,180.00,180.00,180.00
901,140610502421504,true,1788547947.668583,2,20542,35.27,-116.64,15000.00,0.00,37.18,113.51,0.0,0.0,0.0,0.0,0.0,0.0
901,140610502421504,false,1788547947.670,2,20542,-752.97,102.27,105.38,-113.51,34.82,14.35,0.00,0.00,0.00,180.00,180.00,180.00
902,140610502421504,true,1788547947.685246,2,20542,35.27,-116.64,15000.00,0.00,37.66,113.51,0.0,0.0,0.0,0.0,0.0,0.0
902,140610502421504,false,1788547947.686,2,20544,-755.20,106.71,104.69,-113.18,35.12,13.54,0.00,0.00,0.00,180.00,180.00,180.00
903,140610502421504,true,1788547947.701959,2,20544,35.27,-116.64,15000.00,0.00,37.62,113.18,0.0,0.0,0.0,0.0,0.0,0.0
903,140610502421504,false,1788547947.703,2,20544,-755.82,109.91,104.84,-113.08,35.11,13.22,0.00,0.00,0.00,180.00,180.00,180.00
904,140610502421504,true,1788547947.718592,2,20544,35.27,-116.64,15000.00,0.00,37.48,113.08,0.0,0.0,0.0,0.0,0.0,0.0
904,140610502421504,false,1788547947.719,2,20546,-757.70,112.45,104.47,-112.99,35.36,13.51,0.00,0.00,0.00,180.00,180.00,180.00
905,140610502421504,true,1788547947.735425,2,20546,35.27,-116.64,15000.00,0.00,37.83,112.99,0.0,0.0,0.0,0.0,0.0,0.0
905,140610502421504,false,1788547947.736,2,20546,-758.14,113.96,103.96,-112.80,35.50,13.27,0.00,0.00,0.00,180.00,180.00,180.00
906,140610502421504,true,1788547947.751974,2,20546,35.27,-116.64,15000.00,0.00,37.87,112.80,0.0,0.0,0.0,0.0,0.0,0.0
907,140610502421504,true,1788547947.768740,2,20546,35.27,-116.64,15000.00,0.00,37.87,112.80,0.0,0.0,0.0,0.0,0.0,0.0
907,140610502421504,false,1788547947.770,2,20548,-759.00,116.73,103.66,-112.88,35.57,13.24,0.00,0.00,0.00,180.00,180.00,180.00
908,140610502421504,true,1788547947.785307,2,20548,35.27,-116.64,15000.00,0.00,37.91,112.88,0.0,0.0,0.0,0.0,0.0,0.0
909,140610502421504,true,1788547947.802069,2,20548,35.27,-116.64,15000.00,0.00,37.91,112.88,0.0,0.0,0.0,0.0,0.0,0.0
909,140610502421504,false,1788547947.803,2,20549,-759.82,117.95,103.39,-112.96,35.69,13.22,0.00,0.00,0.00,180.00,180.00,180.00
910,140610502421504,true,1788547947.818601,2,20549,35.27,-116.64,15000.00,0.00,38.02,112.96,0.0,0.0,0.0,0.0,0.0,0.0
911,140610502421504,true,1788547947.835274,2,20549,35.27,-116.64,15000.00,0.00,38.02,112.96,0.0,0.0,0.0,0.0,0.0,0.0
911,140610502421504,false,1788547947.836,2,20550,-760.29,116.32,102.85,-112.94,35.70,13.25,0.00,0.00,0.00,180.00,180.00,180.00
912,140610502421504,true,1788547947.852066,2,20550,35.27,-116.64,15000.00,0.00,38.04,112.94,0.0,0.0,0.0,0.0,0.0,0.0
912,140610502421504,false,1788547947.853,2,20551,-761.02,114.05,102.24,-112.85,35.67,13.23,0.00,0.00,0.00,180.00,180.00,180.00
913,140610502421504,true,1788547947.868547,2,20551,35.27,-116.64,15000.00,0.00,38.01,112.85,0.0,0.0,0.0,0.0,0.0,0.0
914,140610502421504,true,1788547947.885236,2,20551,35.27,-116.64,15000.00,0.00,38.01,112.85,0.0,0.0,0.0,0.0,0.0,0.0
914,140610502421504,false,1788547947.886,2,20552,-761.35,110.13,101.88,-112.70,35.52,13.15,0.00,0.00,0.00,180.00,180.00,180.00
915,140610502421504,true,1788547947.902517,2,20552,35.27,-116.64,15000.00,0.00,37.84,112.70,0.0,0.0,0.0,0.0,0.0,0.0
915,140610502421504,false,1788547947.903,2,20552,-761.10,109.13,101.97,-112.61,35.43,13.10,0.00,0.00,0.00,180.00,180.00,180.00
916,140610502421504,true,1788547947.918592,2,20552,35.27,-116.64,15000.00,0.00,37.75,112.61,0.0,0.0,0.0,0.0,0.0,0.0
916,140610502421504,false,1788547947.920,2,20554,-760.90,105.20,101.17,-112.58,35.23,13.16,0.00,0.00,0.00,180.00,180.00,180.00
917,140610502421504,true,1788547947.935309,2,20554,35.27,-116.64,15000.00,0.00,37.59,112.58,0.0,0.0,0.0,0.0,0.0,0.0
917,140610502421504,false,1788547947.936,2,20554,-760.27,103.79,101.16,-112.60,35.21,13.15,0.00,0.00,0.00,180.00,180.00,180.00
918,140610502421504,true,1788547947.951966,2,20554,35.27,-116.64,15000.00,0.00,37.55,112.60,0.0,0.0,0.0,0.0,0.0,0.0
918,140610502421504,false,1788547947.953,2,20556,-759.59,98.98,100.20,-112.54,34.87,12.99,0.00,0.00,0.00,180.00,180.00,180.00
919,140610502421504,true,1788547947.968809,2,20556,35.27,-116.64,15000.00,0.00,37.19,112.54,0.0,0.0,0.0,0.0,0.0,0.0
919,140610502421504,false,1788547947.970,2,20556,-758.83,97.42,99.84,-112.53,34.75,12.96,0.00,0.00,0.00,180.00,180.00,180.00
920,140610502421504,true,1788547947.985425,2,20556,35.27,-116.64,15000.00,0.00,37.07,112.53,0.0,0.0,0.0,0.0,0.0,0.0
920,140610502421504,false,1788547947.986,2,20558,-757.45,92.46,98.83,-112.54,34.32,12.77,0.00,0.00,0.00,180.00,180.00,180.00
921,140610502421504,true,1788547948.002052,2,20558,35.27,-116.64,15000.00,0.00,36.60,112.54,0.0,0.0,0.0,0.0,0.0,0.0
921,140610502421504,false,1788547948.003,2,20558,-756.41,90.88,98.79,-112.60,34.14,12.72,0.00,0.00,0.00,180.00,180.00,180.00
922,140610502421504,true,1788547948.018774,2,20558,35.27,-116.64,15000.00,0.00,36.40,112.60,0.0,0.0,0.0,0.0,0.0,0.0
922,140610502421504,false,1788547948.020,2,20560,-755.44,85.52,97.54,-112.63,33.86,12.73,0.00,0.00,0.00,180.00,180.00,180.00
923,140610502421504,true,1788547948.035261,2,20560,35.27,-116.64,15000.00,0.00,36.15,112.63,0.0,0.0,0.0,0.0,0.0,0.0
924,140610502421504,true,1788547948.051863,2,20560,35.27,-116.64,15000.00,0.00,36.15,112.63,0.0,0.0,0.0,0.0,0.0,0.0
924,140610502421504,false,1788547948.053,2,20561,-753.22,78.05,96.32,-112.48,33.10,12.36,0.00,0.00,0.00,180.00,180.00,180.00
925,140610502421504,true,1788547948.068675,2,20561,35.27,-116.64,15000.00,0.00,35.31,112.48,0.0,0.0,0.0,0.0,0.0,0.0
925,140610502421504,false,1788547948.070,2,20561,-753.00,75.46,95.71,-112.48,32.85,12.29,0.00,0.00,0.00,180.00,180.00,180.00
926,140610502421504,true,1788547948.085373,2,20561,35.27,-116.64,15000.00,0.00,35.05,112.48,0.0,0.0,0.0,0.0,0.0,0.0
926,140610502421504,false,1788547948.086,2,20563,-752.07,68.67,93.72,-112.36,32.31,12.03,0.00,0.00,0.00,180.00,180.00,180.00
927,140610502421504,true,1788547948.102041,2,20563,35.27,-116.64,15000.00,0.00,34.46,112.36,0.0,0.0,0.0,0.0,0.0,0.0
927,140610502421504,false,1788547948.103,2,20563,-750.94,65.54,93.00,-112.22,31.94,11.82,0.00,0.00,0.00,180.00,180.00,180.00
928,140610502421504,true,1788547948.118715,2,20563,35.27,-116.64,15000.00,0.00,34.04,112.22,0.0,0.0,0.0,0.0,0.0,0.0
928,140610502421504,false,1788547948.120,2,20565,-749.84,56.46,90.16,-111.94,31.07,11.46,0.00,0.00,0.00,180.00,180.00,180.00
929,140610502421504,true,1788547948.135245,2,20565,35.27,-116.64,15000.00,0.00,33.10,111.94,0.0,0.0,0.0,0.0,0.0,0.0
930,140610502421504,true,1788547948.151981,2,20565,35.27,-116.64,15000.00,0.00,33.10,111.94,0.0,0.0,0.0,0.0,0.0,0.0
930,140610502421504,false,1788547948.153,2,20566,-747.28,41.41,86.18,-111.43,29.42,10.84,0.00,0.00,0.00,180.00,180.00,180.00
931,140610502421504,true,1788547948.168532,2,20566,35.27,-116.64,15000.00,0.00,31.35,111.43,0.0,0.0,0.0,0.0,0.0,0.0
931,140610502421504,false,1788547948.169,2,20566,-745.61,37.06,85.54,-111.29,28.84,10.71,0.00,0.00,0.00,180.00,180.00,180.00
932,140610502421504,true,1788547948.185392,2,20566,35.27,-116.64,15000.00,0.00,30.76,111.29,0.0,0.0,0.0,0.0,0.0,0.0
932,140610502421504,false,1788547948.186,2,20568,-742.67,25.24,83.10,-111.14,27.87,10.42,0.00,0.00,0.00,180.00,180.00,180.00
933,140610502421504,true,1788547948.201925,2,20568,35.27,-116.64,15000.00,0.00,29.75,111.14,0.0,0.0,0.0,0.0,0.0,0.0
934,140610502421504,true,1788547948.218582,2,20568,35.27,-116.64,15000.00,0.00,29.75,111.14,0.0,0.0,0.0,0.0,0.0,0.0
934,140610502421504,false,1788547948.220,2,20569,-736.86,8.20,80.65,-110.94,26.52,9.76,0.00,0.00,0.00,180.00,180.00,180.00
935,140610502421504,true,1788547948.235393,2,20569,35.27,-116.64,15000.00,0.00,28.26,110.94,0.0,0.0,0.0,0.0,0.0,0.0
935,140610502421504,false,1788547948.236,2,20569,-734.36,2.59,80.12,-110.83,26.04,9.56,0.00,0.00,0.00,180.00,180.00,180.00
936,140610502421504,true,1788547948.251904,2,20569,35.27,-116.64,15000.00,0.00,27.74,110.83,0.0,0.0,0.0,0.0,0.0,0.0
937,140610502421504,true,1788547948.268674,2,20569,35.27,-116.64,15000.00,0.00,27.74,110.83,0.0,0.0,0.0,0.0,0.0,0.0
937,140610502421504,false,1788547948.270,2,20571,-727.36,-16.48,77.24,-110.33,24.61,8.94,0.00,0.00,0.00,180.00,180.00,180.00
938,140610502421504,true,1788547948.285201,2,20571,35.27,-116.64,15000.00,0.00,26.18,110.33,0.0,0.0,0.0,0.0,0.0,0.0
939,140610502421504,true,1788547948.302616,2,20571,35.27,-116.64,15000.00,0.00,26.18,110.33,0.0,0.0,0.0,0.0,0.0,0.0
939,140610502421504,false,1788547948.304,2,20572,-718.73,-36.83,72.88,-109.80,23.11,8.07,0.00,0.00,0.00,180.00,180.00,180.00
940,140610502421504,true,1788547948.318731,2,20572,35.27,-116.64,15000.00,0.00,24.48,109.80,0.0,0.0,0.0,0.0,0.0,0.0
940,140610502421504,false,1788547948.320,2,20573,-712.93,-52.70,67.66,-109.43,21.59,7.31,0.00,0.00,0.00,180.00,180.00,180.00
941,140610502421504,true,1788547948.335380,2,20573,35.27,-116.64,15000.00,0.00,22.79,109.43,0.0,0.0,0.0,0.0,0.0,0.0
941,140610502421504,false,1788547948.336,2,20573,-709.64,-60.66,65.12,-109.09,21.20,6.77,0.00,0.00,0.00,180.00,180.00,180.00
942,140610502421504,true,1788547948.352127,2,20573,35.27,-116.64,15000.00,0.00,22.25,109.09,0.0,0.0,0.0,0.0,0.0,0.0
942,140610502421504,false,1788547948.353,2,20575,-704.80,-77.54,59.24,-108.58,19.07,6.10,0.00,0.00,0.00,180.00,180.00,180.00
943,140610502421504,true,1788547948.368675,2,20575,35.27,-116.64,15000.00,0.00,20.02,108.58,0.0,0.0,0.0,0.0,0.0,0.0
943,140610502421504,false,1788547948.370,2,20575,-701.58,-86.05,55.42,-108.25,18.26,5.46,0.00,0.00,0.00,180.00,180.00,180.00
944,140610502421504,true,1788547948.385351,2,20575,35.27,-116.64,15000.00,0.00,19.06,108.25,0.0,0.0,0.0,0.0,0.0,0.0
944,140610502421504,false,1788547948.386,2,20577,-695.73,-105.09,45.48,-107.67,15.67,4.82,0.00,0.00,0.00,180.00,180.00,180.00
945,140610502421504,true,1788547948.402198,2,20577,35.27,-116.64,15000.00,0.00,16.39,107.67,0.0,0.0,0.0,0.0,0.0,0.0
945,140610502421504,false,1788547948.403,2,20577,-693.26,-114.86,39.52,-107.36,14.37,4.31,0.00,0.00,0.00,180.00,180.00,180.00
946,140610502421504,true,1788547948.418725,2,20577,35.27,-116.64,15000.00,0.00,15.00,107.36,0.0,0.0,0.0,0.0,0.0,0.0
946,140610502421504,false,1788547948.420,2,20579,-689.42,-132.17,28.18,-106.79,11.79,3.45,0.00,0.00,0.00,180.00,180.00,180.00
947,140610502421504,true,1788547948.435379,2,20579,35.27,-116.64,15000.00,0.00,12.29,106.79,0.0,0.0,0.0,0.0,0.0,0.0
947,140610502421504,false,1788547948.436,2,20579,-687.42,-139.63,23.10,-106.50,10.43,3.05,0.00,0.00,0.00,180.00,180.00,180.00
948,140610502421504,true,1788547948.452137,2,20579,35.27,-116.64,15000.00,0.00,10.87,106.50,0.0,0.0,0.0,0.0,0.0,0.0
948,140610502421504,false,1788547948.453,2,20581,-683.11,-157.35,10.30,-105.95,7.20,2.48,0.00,0.00,0.00,180.00,180.00,180.00
949,140610502421504,true,1788547948.468519,2,20581,35.27,-116.64,15000.00,0.00,7.60,105.95,0.0,0.0,0.0,0.0,0.0,0.0
950,140610502421504,true,1788547948.485709,2,20581,35.27,-116.64,15000.00,0.00,7.60,105.95,0.0,0.0,0.0,0.0,0.0,0.0
950,140610502421504,false,1788547948.487,2,20582,-676.11,-180.32,-10.66,-105.78,3.23,0.84,0.00,0.00,0.00,180.00,180.00,180.00
951,140610502421504,true,1788547948.502034,2,20582,35.27,-116.64,15000.00,0.00,3.34,105.78,0.0,0.0,0.0,0.0,0.0,0.0
951,140610502421504,false,1788547948.503,2,20582,-673.85,-186.08,-17.06,-105.69,1.82,0.34,0.00,0.00,0.00,180.00,180.00,180.00
952,140610502421504,true,1788547948.518745,2,20582,35.27,-116.64,15000.00,0.00,1.84,105.69,0.0,0.0,0.0,0.0,0.0,0.0
952,140610502421504,false,1788547948.520,2,20584,-669.52,-198.80,-32.33,-105.60,-0.98,-0.55,0.00,0.00,0.00,180.00,180.00,180.00
953,140610502421504,true,1788547948.535434,2,20584,35.27,-116.64,15000.00,0.00,-1.09,105.60,0.0,0.0,0.0,0.0,0.0,0.0
953,140610502421504,false,1788547948.536,2,20584,-667.09,-203.81,-38.78,-105.64,-2.38,-0.97,0.00,0.00,0.00,180.00,180.00,180.00
954,140610502421504,true,1788547948.551971,2,20584,35.27,-116.64,15000.00,0.00,-2.56,105.64,0.0,0.0,0.0,0.0,0.0,0.0
955,140610502421504,true,1788547948.568724,2,20584,35.27,-116.64,15000.00,0.00,-2.56,105.64,0.0,0.0,0.0,0.0,0.0,0.0
955,140610502421504,false,1788547948.570,2,20586,-660.74,-219.32,-59.90,-106.07,-6.11,-2.48,0.00,0.00,0.00,180.00,180.00,180.00
956,140610502421504,true,1788547948.585459,2,20586,35.27,-116.64,15000.00,0.00,-6.56,106.07,0.0,0.0,0.0,0.0,0.0,0.0
956,140610502421504,false,1788547948.586,2,20587,-657.69,-228.99,-76.21,-106.26,-8.41,-3.87,0.00,0.00,0.00,180.00,180.00,180.00
957,140610502421504,true,1788547948.602070,2,20587,35.27,-116.64,15000.00,0.00,-9.16,106.26,0.0,0.0,0.0,0.0,0.0,0.0
957,140610502421504,false,1788547948.603,2,20587,-656.15,-232.62,-83.58,-106.22,-10.39,-3.92,0.00,0.00,0.00,180.00,180.00,180.00
958,140610502421504,true,1788547948.618786,2,20587,35.27,-116.64,15000.00,0.00,-11.07,106.22,0.0,0.0,0.0,0.0,0.0,0.0
958,140610502421504,false,1788547948.620,2,20589,-653.58,-241.00,-98.24,-106.45,-13.09,-4.32,0.00,0.00,0.00,180.00,180.00,180.00
959,140610502421504,true,1788547948.635438,2,20589,35.27,-116.64,15000.00,0.00,-13.78,106.45,0.0,0.0,0.0,0.0,0.0,0.0
959,140610502421504,false,1788547948.636,2,20589,-651.82,-244.47,-104.39,-106.72,-14.33,-4.57,0.00,0.00,0.00,180.00,180.00,180.00
960,140610502421504,true,1788547948.651951,2,20589,35.27,-116.64,15000.00,0.00,-15.04,106.72,0.0,0.0,0.0,0.0,0.0,0.0
961,140610502421504,true,1788547948.669234,2,20589,35.27,-116.64,15000.00,0.00,-15.04,106.72,0.0,0.0,0.0,0.0,0.0,0.0
961,140610502421504,false,1788547948.670,2,20591,-647.47,-255.07,-124.41,-107.28,-17.59,-5.49,0.00,0.00,0.00,180.00,180.00,180.00
962,140610502421504,true,1788547948.685268,2,20591,35.27,-116.64,15000.00,0.00,-18.43,107.28,0.0,0.0,0.0,0.0,0.0,0.0
962,140610502421504,false,1788547948.686,2,20592,-645.30,-261.16,-139.57,-107.49,-19.91,-5.92,0.00,0.00,0.00,180.00,180.00,180.00
963,140610502421504,true,1788547948.702021,2,20592,35.27,-116.64,15000.00,0.00,-20.76,107.49,0.0,0.0,0.0,0.0,0.0,0.0
963,140610502421504,false,1788547948.703,2,20592,-643.91,-263.37,-145.89,-107.75,-21.08,-5.95,0.00,0.00,0.00,180.00,180.00,180.00
964,140610502421504,true,1788547948.718690,2,20592,35.27,-116.64,15000.00,0.00,-21.89,107.75,0.0,0.0,0.0,0.0,0.0,0.0
964,140610502421504,false,1788547948.720,2,20594,-640.95,-270.15,-156.83,-108.22,-23.19,-6.56,0.00,0.00,0.00,180.00,180.00,180.00
965,140610502421504,true,1788547948.735268,2,20594,35.27,-116.64,15000.00,0.00,-24.08,108.22,0.0,0.0,0.0,0.0,0.0,0.0
965,140610502421504,false,1788547948.736,2,20594,-638.86,-273.27,-161.33,-108.43,-23.98,-6.78,0.00,0.00,0.00,180.00,180.00,180.00
966,140610502421504,true,1788547948.751974,2,20594,35.27,-116.64,15000.00,0.00,-24.89,108.43,0.0,0.0,0.0,0.0,0.0,0.0
966,140610502421504,false,1788547948.753,2,20596,-636.53,-278.82,-172.99,-108.83,-25.55,-7.19,0.00,0.00,0.00,180.00,180.00,180.00
967,140610502421504,true,1788547948.768593,2,20596,35.27,-116.64,15000.00,0.00,-26.51,108.83,0.0,0.0,0.0,0.0,0.0,0.0
967,140610502421504,false,1788547948.769,2,20596,-634.52,-281.13,-177.69,-108.97,-26.50,-7.29,0.00,0.00,0.00,180.00,180.00,180.00
968,140610502421504,true,1788547948.785473,2,20596,35.27,-116.64,15000.00,0.00,-27.43,108.97,0.0,0.0,0.0,0.0,0.0,0.0
968,140610502421504,false,1788547948.786,2,20598,-631.33,-286.52,-187.15,-109.54,-27.96,-7.48,0.00,0.00,0.00,180.00,180.00,180.00
969,140610502421504,true,1788547948.802132,2,20598,35.27,-116.64,15000.00,0.00,-28.85,109.54,0.0,0.0,0.0,0.0,0.0,0.0
969,140610502421504,false,1788547948.803,2,20598,-629.01,-289.31,-191.12,-109.89,-28.62,-7.74,0.00,0.00,0.00,180.00,180.00,180.00
970,140610502421504,true,1788547948.818801,2,20598,35.27,-116.64,15000.00,0.00,-29.55,109.89,0.0,0.0,0.0,0.0,0.0,0.0
970,140610502421504,false,1788547948.820,2,20600,-625.98,-293.71,-200.29,-110.43,-29.79,-8.14,0.00,0.00,0.00,180.00,180.00,180.00
971,140610502421504,true,1788547948.835464,2,20600,35.27,-116.64,15000.00,0.00,-30.76,110.43,0.0,0.0,0.0,0.0,0.0,0.0
971,140610502421504,false,1788547948.836,2,20600,-623.82,-295.51,-205.30,-110.73,-30.49,-8.25,0.00,0.00,0.00,180.00,180.00,180.00
972,140610502421504,true,1788547948.852104,2,20600,35.27,-116.64,15000.00,0.00,-31.44,110.73,0.0,0.0,0.0,0.0,0.0,0.0
972,140610502421504,false,1788547948.853,2,20602,-621.06,-298.12,-215.09,-111.58,-31.83,-8.71,0.00,0.00,0.00,180.00,180.00,180.00
973,140610502421504,true,1788547948.868862,2,20602,35.27,-116.64,15000.00,0.00,-32.80,111.58,0.0,0.0,0.0,0.0,0.0,0.0
973,140610502421504,false,1788547948.870,2,20602,-619.01,-299.90,-218.79,-112.00,-32.50,-8.97,0.00,0.00,0.00,180.00,180.00,180.00
974,140610502421504,true,1788547948.885280,2,20602,35.27,-116.64,15000.00,0.00,-33.49,112.00,0.0,0.0,0.0,0.0,0.0,0.0
975,140610502421504,true,1788547948.902112,2,20602,35.27,-116.64,15000.00,0.00,-33.49,112.00,0.0,0.0,0.0,0.0,0.0,0.0
975,140610502421504,false,1788547948.903,2,20604,-614.68,-305.09,-229.59,-112.69,-34.13,-9.38,0.00,0.00,0.00,180.00,180.00,180.00
976,140610502421504,true,1788547948.918811,2,20604,35.27,-116.64,15000.00,0.00,-35.11,112.69,0.0,0.0,0.0,0.0,0.0,0.0
976,140610502421504,false,1788547948.920,2,20605,-612.18,-308.25,-235.76,-113.11,-35.04,-9.48,0.00,0.00,0.00,180.00,180.00,180.00
977,140610502421504,true,1788547948.935435,2,20605,35.27,-116.64,15000.00,0.00,-35.95,113.11,0.0,0.0,0.0,0.0,0.0,0.0
977,140610502421504,false,1788547948.936,2,20605,-611.21,-309.77,-238.65,-113.37,-35.46,-9.64,0.00,0.00,0.00,180.00,180.00,180.00
978,140610502421504,true,1788547948.952100,2,20605,35.27,-116.64,15000.00,0.00,-36.37,113.37,0.0,0.0,0.0,0.0,0.0,0.0
978,140610502421504,false,1788547948.953,2,20607,-609.04,-312.81,-243.94,-113.81,-36.29,-9.95,0.00,0.00,0.00,180.00,180.00,180.00
979,140610502421504,true,1788547948.968851,2,20607,35.27,-116.64,15000.00,0.00,-37.22,113.81,0.0,0.0,0.0,0.0,0.0,0.0
979,140610502421504,false,1788547948.970,2,20607,-608.05,-313.95,-246.50,-113.96,-36.69,-9.92,0.00,0.00,0.00,180.00,180.00,180.00
980,140610502421504,true,1788547948.985476,2,20607,35.27,-116.64,15000.00,0.00,-37.55,113.96,0.0,0.0,0.0,0.0,0.0,0.0
980,140610502421504,false,1788547948.986,2,20609,-606.39,-316.10,-251.50,-114.33,-37.41,-9.92,0.00,0.00,0.00,180.00,180.00,180.00
981,140610502421504,true,1788547949.002120,2,20609,35.27,-116.64,15000.00,0.00,-38.17,114.33,0.0,0.0,0.0,0.0,0.0,0.0
981,140610502421504,false,1788547949.003,2,20609,-605.12,-317.47,-253.50,-114.53,-37.74,-9.99,0.00,0.00,0.00,180.00,180.00,180.00
982,140610502421504,true,1788547949.019027,2,20609,35.27,-116.64,15000.00,0.00,-38.48,114.53,0.0,0.0,0.0,0.0,0.0,0.0
982,140610502421504,false,1788547949.020,2,20611,-603.09,-319.32,-258.08,-114.98,-38.31,-10.21,0.00,0.00,0.00,180.00,180.00,180.00
983,140610502421504,true,1788547949.035293,2,20611,35.27,-116.64,15000.00,0.00,-39.04,114.98,0.0,0.0,0.0,0.0,0.0,0.0
984,140610502421504,true,1788547949.052536,2,20611,35.27,-116.64,15000.00,0.00,-39.04,114.98,0.0,0.0,0.0,0.0,0.0,0.0
984,140610502421504,false,1788547949.054,2,20612,-599.65,-322.28,-264.17,-115.56,-39.05,-10.59,0.00,0.00,0.00,180.00,180.00,180.00
985,140610502421504,true,1788547949.068829,2,20612,35.27,-116.64,15000.00,0.00,-39.80,115.56,0.0,0.0,0.0,0.0,0.0,0.0
985,140610502421504,false,1788547949.070,2,20612,-598.32,-323.61,-266.30,-115.73,-39.29,-10.72,0.00,0.00,0.00,180.00,180.00,180.00
986,140610502421504,true,1788547949.085484,2,20612,35.27,-116.64,15000.00,0.00,-40.05,115.73,0.0,0.0,0.0,0.0,0.0,0.0
986,140610502421504,false,1788547949.086,2,20614,-596.42,-325.03,-270.80,-116.07,-39.79,-11.01,0.00,0.00,0.00,180.00,180.00,180.00
987,140610502421504,true,1788547949.102112,2,20614,35.27,-116.64,15000.00,0.00,-40.59,116.07,0.0,0.0,0.0,0.0,0.0,0.0
987,140610502421504,false,1788547949.103,2,20614,-595.05,-326.38,-272.87,-116.24,-40.04,-11.21,0.00,0.00,0.00,180.00,180.00,180.00
988,140610502421504,true,1788547949.118800,2,20614,35.27,-116.64,15000.00,0.00,-40.87,116.24,0.0,0.0,0.0,0.0,0.0,0.0
988,140610502421504,false,1788547949.120,2,20616,-592.91,-327.24,-277.12,-116.62,-40.56,-11.51,0.00,0.00,0.00,180.00,180.00,180.00
989,140610502421504,true,1788547949.135440,2,20616,35.27,-116.64,15000.00,0.00,-41.42,116.62,0.0,0.0,0.0,0.0,0.0,0.0
989,140610502421504,false,1788547949.136,2,20616,-591.53,-328.32,-279.08,-116.84,-40.82,-11.66,0.00,0.00,0.00,180.00,180.00,180.00
990,140610502421504,true,1788547949.152107,2,20616,35.27,-116.64,15000.00,0.00,-41.69,116.84,0.0,0.0,0.0,0.0,0.0,0.0
990,140610502421504,false,1788547949.153,2,20618,-589.58,-328.98,-282.60,-117.21,-41.31,-11.94,0.00,0.00,0.00,180.00,180.00,180.00
991,140610502421504,true,1788547949.168584,2,20618,35.27,-116.64,15000.00,0.00,-42.20,117.21,0.0,0.0,0.0,0.0,0.0,0.0
992,140610502421504,true,1788547949.185472,2,20618,35.27,-116.64,15000.00,0.00,-42.20,117.21,0.0,0.0,0.0,0.0,0.0,0.0
992,140610502421504,false,1788547949.186,2,20619,-586.34,-330.45,-287.28,-117.64,-41.87,-12.11,0.00,0.00,0.00,180.00,180.00,180.00
993,140610502421504,true,1788547949.202142,2,20619,35.27,-116.64,15000.00,0.00,-42.71,117.64,0.0,0.0,0.0,0.0,0.0,0.0
993,140610502421504,false,1788547949.203,2,20619,-584.92,-331.53,-288.71,-117.80,-42.02,-12.20,0.00,0.00,0.00,180.00,180.00,180.00
994,140610502421504,true,1788547949.218787,2,20619,35.27,-116.64,15000.00,0.00,-42.86,117.80,0.0,0.0,0.0,0.0,0.0,0.0
994,140610502421504,false,1788547949.220,2,20621,-583.44,-331.70,-290.64,-118.11,-42.21,-12.44,0.00,0.00,0.00,180.00,180.00,180.00
995,140610502421504,true,1788547949.235486,2,20621,35.27,-116.64,15000.00,0.00,-43.09,118.11,0.0,0.0,0.0,0.0,0.0,0.0
995,140610502421504,false,1788547949.236,2,20621,-582.77,-332.47,-291.51,-118.18,-42.35,-12.46,0.00,0.00,0.00,180.00,180.00,180.00
996,140610502421504,true,1788547949.252115,2,20621,35.27,-116.64,15000.00,0.00,-43.22,118.18,0.0,0.0,0.0,0.0,0.0,0.0
996,140610502421504,false,1788547949.253,2,20623,-582.51,-332.79,-291.99,-118.15,-42.53,-12.42,0.00,0.00,0.00,180.00,180.00,180.00
997,140610502421504,true,1788547949.268600,2,20623,35.27,-116.64,15000.00,0.00,-43.36,118.15,0.0,0.0,0.0,0.0,0.0,0.0
998,140610502421504,true,1788547949.285448,2,20623,35.27,-116.64,15000.00,0.00,-43.36,118.15,0.0,0.0,0.0,0.0,0.0,0.0
998,140610502421504,false,1788547949.286,2,20624,-582.11,-334.06,-291.55,-118.06,-42.45,-12.29,0.00,0.00,0.00,180.00,180.00,180.00
999,140610502421504,true,1788547949.302173,2,20624,35.27,-116.64,15000.00,0.00,-43.24,118.06,0.0,0.0,0.0,0.0,0.0,0.0
999,140610502421504,false,1788547949.303,2,20624,-581.97,-335.12,-291.41,-118.06,-42.41,-12.31,0.00,0.00,0.00,180.00,180.00,180.00
1000,140610502421504,true,1788547949.318646,2,20624,35.27,-116.64,15000.00,0.00,-43.22,118.06,0.0,0.0,0.0,0.0,0.0,0.0
1001,140610502421504,true,1788547949.335428,2,20624,35.27,-116.64,15000.00,0.00,-43.22,118.06,0.0,0.0,0.0,0.0,0.0,0.0
1001,140610502421504,false,1788547949.336,2,20626,-582.49,-335.15,-290.03,-117.89,-42.42,-12.22,0.00,0.00,0.00,180.00,180.00,180.00
1002,140610502421504,true,1788547949.352105,2,20626,35.27,-116.64,15000.00,0.00,-43.21,117.89,0.0,0.0,0.0,0.0,0.0,0.0
1002,140610502421504,false,1788547949.353,2,20627,-582.66,-334.60,-289.30,-117.89,-42.35,-12.15,0.00,0.00,0.00,180.00,180.00,180.00
1003,140610502421504,true,1788547949.368850,2,20627,35.27,-116.64,15000.00,0.00,-43.11,117.89,0.0,0.0,0.0,0.0,0.0,0.0
1003,140610502421504,false,1788547949.370,2,20627,-582.37,-335.19,-289.28,-117.89,-42.31,-12.18,0.00,0.00,0.00,180.00,180.00,180.00
1004,140610502421504,true,1788547949.385458,2,20627,35.27,-116.64,15000.00,0.00,-43.10,117.89,0.0,0.0,0.0,0.0,0.0,0.0
1004,140610502421504,false,1788547949.386,2,20629,-582.53,-333.77,-289.29,-117.93,-42.30,-12.18,0.00,0.00,0.00,180.00,180.00,180.00
1005,140610502421504,true,1788547949.402125,2,20629,35.27,-116.64,15000.00,0.00,-43.08,117.93,0.0,0.0,0.0,0.0,0.0,0.0
1005,140610502421504,false,1788547949.403,2,20629,-581.81,-335.25,-289.98,-117.98,-42.32,-12.18,0.00,0.00,0.00,180.00,180.00,180.00
1006,140610502421504,true,1788547949.419209,2,20629,35.27,-116.64,15000.00,0.00,-43.09,117.98,0.0,0.0,0.0,0.0,0.0,0.0
1007,140610502421504,true,1788547949.435422,2,20629,35.27,-116.64,15000.00,0.00,-43.09,117.98,0.0,0.0,0.0,0.0,0.0,0.0
1007,140610502421504,false,1788547949.436,2,20631,-581.77,-333.21,-289.66,-118.10,-42.30,-12.33,0.00,0.00,0.00,180.00,180.00,180.00
1008,140610502421504,true,1788547949.452295,2,20631,35.27,-116.64,15000.00,0.00,-43.12,118.10,0.0,0.0,0.0,0.0,0.0,0.0
1008,140610502421504,false,1788547949.453,2,20632,-581.69,-331.71,-289.56,-118.25,-42.24,-12.33,0.00,0.00,0.00,180.00,180.00,180.00
1009,140610502421504,true,1788547949.468639,2,20632,35.27,-116.64,15000.00,0.00,-43.04,118.25,0.0,0.0,0.0,0.0,0.0,0.0
1010,140610502421504,true,1788547949.485493,2,20632,35.27,-116.64,15000.00,0.00,-43.04,118.25,0.0,0.0,0.0,0.0,0.0,0.0
1010,140610502421504,false,1788547949.486,2,20633,-581.37,-331.03,-288.70,-118.26,-42.19,-12.34,0.00,0.00,0.00,180.00,180.00,180.00
1011,140610502421504,true,1788547949.502451,2,20633,35.27,-116.64,15000.00,0.00,-43.00,118.26,0.0,0.0,0.0,0.0,0.0,0.0
1011,140610502421504,false,1788547949.503,2,20633,-581.26,-331.43,-288.72,-118.26,-42.12,-12.29,0.00,0.00,0.00,180.00,180.00,180.00
1012,140610502421504,true,1788547949.518659,2,20633,35.27,-116.64,15000.00,0.00,-42.92,118.26,0.0,0.0,0.0,0.0,0.0,0.0
1012,140610502421504,false,1788547949.520,2,20635,-581.51,-330.25,-287.75,-118.26,-42.06,-12.27,0.00,0.00,0.00,180.00,180.00,180.00
1013,140610502421504,true,1788547949.535293,2,20635,35.27,-116.64,15000.00,0.00,-42.86,118.26,0.0,0.0,0.0,0.0,0.0,0.0
1014,140610502421504,true,1788547949.552142,2,20635,35.27,-116.64,15000.00,0.00,-42.86,118.26,0.0,0.0,0.0,0.0,0.0,0.0
1014,140610502421504,false,1788547949.553,2,20636,-582.08,-329.76,-286.72,-118.15,-41.82,-12.21,0.00,0.00,0.00,180.00,180.00,180.00
1015,140610502421504,true,1788547949.568894,2,20636,35.27,-116.64,15000.00,0.00,-42.63,118.15,0.0,0.0,0.0,0.0,0.0,0.0
1015,140610502421504,false,1788547949.570,2,20636,-582.34,-330.36,-286.79,-118.13,-41.81,-12.20,0.00,0.00,0.00,180.00,180.00,180.00
1016,140610502421504,true,1788547949.585471,2,20636,35.27,-116.64,15000.00,0.00,-42.62,118.13,0.0,0.0,0.0,0.0,0.0,0.0
1016,140610502421504,false,1788547949.586,2,20638,-583.04,-329.42,-285.91,-118.06,-41.84,-12.19,0.00,0.00,0.00,180.00,180.00,180.00
1017,140610502421504,true,1788547949.602126,2,20638,35.27,-116.64,15000.00,0.00,-42.65,118.06,0.0,0.0,0.0,0.0,0.0,0.0
1017,140610502421504,false,1788547949.603,2,20638,-583.15,-330.15,-285.52,-117.95,-41.83,-12.08,0.00,0.00,0.00,180.00,180.00,180.00
1018,140610502421504,true,1788547949.618833,2,20638,35.27,-116.64,15000.00,0.00,-42.61,117.95,0.0,0.0,0.0,0.0,0.0,0.0
1018,140610502421504,false,1788547949.620,2,20640,-584.01,-331.48,-283.67,-117.60,-41.71,-11.70,0.00,0.00,0.00,180.00,180.00,180.00
1019,140610502421504,true,1788547949.635449,2,20640,35.27,-116.64,15000.00,0.00,-42.38,117.60,0.0,0.0,0.0,0.0,0.0,0.0
1019,140610502421504,false,1788547949.636,2,20640,-584.15,-332.27,-283.40,-117.55,-41.51,-11.72,0.00,0.00,0.00,180.00,180.00,180.00
1020,140610502421504,true,1788547949.652108,2,20640,35.27,-116.64,15000.00,0.00,-42.22,117.55,0.0,0.0,0.0,0.0,0.0,0.0
1020,140610502421504,false,1788547949.653,2,20642,-585.07,-331.97,-283.09,-117.51,-41.33,-11.58,0.00,0.00,0.00,180.00,180.00,180.00
1021,140610502421504,true,1788547949.668644,2,20642,35.27,-116.64,15000.00,0.00,-42.00,117.51,0.0,0.0,0.0,0.0,0.0,0.0
1022,140610502421504,true,1788547949.685491,2,20642,35.27,-116.64,15000.00,0.00,-42.00,117.51,0.0,0.0,0.0,0.0,0.0,0.0
1022,140610502421504,false,1788547949.686,2,20643,-585.27,-334.48,-280.82,-117.18,-41.26,-11.20,0.00,0.00,0.00,180.00,180.00,180.00
1023,140610502421504,true,1788547949.701978,2,20643,35.27,-116.64,15000.00,0.00,-41.82,117.18,0.0,0.0,0.0,0.0,0.0,0.0
1024,140610502421504,true,1788547949.718797,2,20643,35.27,-116.64,15000.00,0.00,-41.82,117.18,0.0,0.0,0.0,0.0,0.0,0.0
1024,140610502421504,false,1788547949.720,2,20644,-586.22,-335.70,-279.34,-117.02,-40.84,-10.71,0.00,0.00,0.00,180.00,180.00,180.00
1025,140610502421504,true,1788547949.735482,2,20644,35.27,-116.64,15000.00,0.00,-41.24,117.02,0.0,0.0,0.0,0.0,0.0,0.0
1025,140610502421504,false,1788547949.736,2,20644,-586.39,-335.86,-279.26,-117.10,-40.67,-10.76,0.00,0.00,0.00,180.00,180.00,180.00
1026,140610502421504,true,1788547949.751970,2,20644,35.27,-116.64,15000.00,0.00,-41.11,117.10,0.0,0.0,0.0,0.0,0.0,0.0
1027,140610502421504,true,1788547949.768874,2,20644,35.27,-116.64,15000.00,0.00,-41.11,117.10,0.0,0.0,0.0,0.0,0.0,0.0
1027,140610502421504,false,1788547949.770,2,20646,-586.74,-336.69,-278.00,-116.97,-40.67,-10.51,0.00,0.00,0.00,180.00,180.00,180.00
1028,140610502421504,true,1788547949.786081,2,20646,35.27,-116.64,15000.00,0.00,-41.02,116.97,0.0,0.0,0.0,0.0,0.0,0.0
1028,140610502421504,false,1788547949.787,2,20647,-586.87,-337.73,-276.62,-116.71,-40.46,-10.21,0.00,0.00,0.00,180.00,180.00,180.00
1029,140610502421504,true,1788547949.802103,2,20647,35.27,-116.64,15000.00,0.00,-40.73,116.71,0.0,0.0,0.0,0.0,0.0,0.0
1029,140610502421504,false,1788547949.803,2,20647,-586.57,-338.96,-275.82,-116.64,-40.33,-10.20,0.00,0.00,0.00,180.00,180.00,180.00
1030,140610502421504,true,1788547949.818638,2,20647,35.27,-116.64,15000.00,0.00,-40.62,116.64,0.0,0.0,0.0,0.0,0.0,0.0
1031,140610502421504,true,1788547949.835496,2,20647,35.27,-116.64,15000.00,0.00,-40.62,116.64,0.0,0.0,0.0,0.0,0.0,0.0
1031,140610502421504,false,1788547949.836,2,20649,-586.46,-338.75,-275.02,-116.68,-40.04,-10.19,0.00,0.00,0.00,180.00,180.00,180.00
1032,140610502421504,true,1788547949.852138,2,20649,35.27,-116.64,15000.00,0.00,-40.35,116.68,0.0,0.0,0.0,0.0,0.0,0.0
1032,140610502421504,false,1788547949.853,2,20650,-586.56,-338.25,-274.58,-116.50,-40.11,-9.84,0.00,0.00,0.00,180.00,180.00,180.00
1033,140610502421504,true,1788547949.868909,2,20650,35.27,-116.64,15000.00,0.00,-40.29,116.50,0.0,0.0,0.0,0.0,0.0,0.0
1033,140610502421504,false,1788547949.870,2,20650,-586.26,-339.30,-273.99,-116.35,-40.06,-9.68,0.00,0.00,0.00,180.00,180.00,180.00
1034,140610502421504,true,1788547949.885348,2,20650,35.27,-116.64,15000.00,0.00,-40.19,116.35,0.0,0.0,0.0,0.0,0.0,0.0
1035,140610502421504,true,1788547949.902128,2,20650,35.27,-116.64,15000.00,0.00,-40.19,116.35,0.0,0.0,0.0,0.0,0.0,0.0
1035,140610502421504,false,1788547949.903,2,20652,-585.01,-338.86,-272.47,-116.51,-39.64,-9.61,0.00,0.00,0.00,180.00,180.00,180.00
1036,140610502421504,true,1788547949.918646,2,20652,35.27,-116.64,15000.00,0.00,-39.76,116.51,0.0,0.0,0.0,0.0,0.0,0.0
1037,140610502421504,true,1788547949.935469,2,20652,35.27,-116.64,15000.00,0.00,-39.76,116.51,0.0,0.0,0.0,0.0,0.0,0.0
1037,140610502421504,false,1788547949.936,2,20653,-583.79,-338.97,-270.15,-116.44,-39.48,-9.53,0.00,0.00,0.00,180.00,180.00,180.00
1038,140610502421504,true,1788547949.952157,2,20653,35.27,-116.64,15000.00,0.00,-39.60,116.44,0.0,0.0,0.0,0.0,0.0,0.0
1038,140610502421504,false,1788547949.953,2,20654,-583.38,-339.42,-266.70,-116.26,-39.12,-9.25,0.00,0.00,0.00,180.00,180.00,180.00
1039,140610502421504,true,1788547949.968874,2,20654,35.27,-116.64,15000.00,0.00,-39.18,116.26,0.0,0.0,0.0,0.0,0.0,0.0
1039,140610502421504,false,1788547949.970,2,20654,-582.99,-340.22,-264.62,-116.22,-38.84,-9.13,0.00,0.00,0.00,180.00,180.00,180.00
1040,140610502421504,true,1788547949.985479,2,20654,35.27,-116.64,15000.00,0.00,-38.87,116.22,0.0,0.0,0.0,0.0,0.0,0.0
1040,140610502421504,false,1788547949.986,2,20656,-583.00,-340.48,-259.66,-116.12,-38.07,-8.88,0.00,0.00,0.00,180.00,180.00,180.00
1041,140610502421504,true,1788547950.002364,2,20656,35.27,-116.64,15000.00,0.00,-38.09,116.12,0.0,0.0,0.0,0.0,0.0,0.0
1041,140610502421504,false,1788547950.003,2,20656,-583.25,-341.50,-256.23,-115.94,-37.68,-8.58,0.00,0.00,0.00,180.00,180.00,180.00
1042,140610502421504,true,1788547950.018631,2,20656,35.27,-116.64,15000.00,0.00,-37.64,115.94,0.0,0.0,0.0,0.0,0.0,0.0
1043,140610502421504,true,1788547950.035514,2,20656,35.27,-116.64,15000.00,0.00,-37.64,115.94,0.0,0.0,0.0,0.0,0.0,0.0
1043,140610502421504,false,1788547950.036,2,20658,-585.35,-344.34,-244.88,-115.05,-36.16,-7.67,0.00,0.00,0.00,180.00,180.00,180.00
1044,140610502421504,true,1788547950.051972,2,20658,35.27,-116.64,15000.00,0.00,-36.01,115.05,0.0,0.0,0.0,0.0,0.0,0.0
1045,140610502421504,true,1788547950.068698,2,20658,35.27,-116.64,15000.00,0.00,-36.01,115.05,0.0,0.0,0.0,0.0,0.0,0.0
1045,140610502421504,false,1788547950.070,2,20659,-589.06,-345.22,-231.09,-114.07,-34.21,-6.82,0.00,0.00,0.00,180.00,180.00,180.00
1046,140610502421504,true,1788547950.085329,2,20659,35.27,-116.64,15000.00,0.00,-34.02,114.07,0.0,0.0,0.0,0.0,0.0,0.0
1046,140610502421504,false,1788547950.086,2,20659,-590.56,-344.69,-226.45,-113.80,-33.60,-6.52,0.00,0.00,0.00,180.00,180.00,180.00
1047,140610502421504,true,1788547950.102109,2,20659,35.27,-116.64,15000.00,0.00,-33.37,113.80,0.0,0.0,0.0,0.0,0.0,0.0
1047,140610502421504,false,1788547950.103,2,20661,-593.25,-343.94,-215.91,-113.26,-32.18,-5.85,0.00,0.00,0.00,180.00,180.00,180.00
1048,140610502421504,true,1788547950.118851,2,20661,35.27,-116.64,15000.00,0.00,-31.88,113.26,0.0,0.0,0.0,0.0,0.0,0.0
1048,140610502421504,false,1788547950.120,2,20661,-594.35,-342.48,-210.78,-112.93,-31.74,-5.45,0.00,0.00,0.00,180.00,180.00,180.00
1049,140610502421504,true,1788547950.135464,2,20661,35.27,-116.64,15000.00,0.00,-31.35,112.93,0.0,0.0,0.0,0.0,0.0,0.0
1049,140610502421504,false,1788547950.136,2,20663,-596.27,-339.88,-202.00,-112.74,-30.17,-5.34,0.00,0.00,0.00,180.00,180.00,180.00
1050,140610502421504,true,1788547950.152540,2,20663,35.27,-116.64,15000.00,0.00,-29.89,112.74,0.0,0.0,0.0,0.0,0.0,0.0
1051,140610502421504,true,1788547950.168848,2,20663,35.27,-116.64,15000.00,0.00,-29.89,112.74,0.0,0.0,0.0,0.0,0.0,0.0
1051,140610502421504,false,1788547950.170,2,20664,-597.81,-334.12,-190.69,-112.51,-28.84,-4.95,0.00,0.00,0.00,180.00,180.00,180.00
1052,140610502421504,true,1788547950.185338,2,20664,35.27,-116.64,15000.00,0.00,-28.54,112.51,0.0,0.0,0.0,0.0,0.0,0.0
1053,140610502421504,true,1788547950.202159,2,20664,35.27,-116.64,15000.00,0.00,-28.54,112.51,0.0,0.0,0.0,0.0,0.0,0.0
1053,140610502421504,false,1788547950.203,2,20665,-596.61,-329.19,-179.65,-112.37,-27.91,-4.22,0.00,0.00,0.00,180.00,180.00,180.00
1054,140610502421504,true,1788547950.218810,2,20665,35.27,-116.64,15000.00,0.00,-27.42,112.37,0.0,0.0,0.0,0.0,0.0,0.0
1054,140610502421504,false,1788547950.220,2,20665,-596.63,-326.99,-176.27,-112.45,-27.01,-4.17,0.00,0.00,0.00,180.00,180.00,180.00
1055,140610502421504,true,1788547950.235483,2,20665,35.27,-116.64,15000.00,0.00,-26.56,112.45,0.0,0.0,0.0,0.0,0.0,0.0
1055,140610502421504,false,1788547950.236,2,20667,-598.25,-323.84,-168.08,-111.89,-25.97,-3.70,0.00,0.00,0.00,180.00,180.00,180.00
1056,140610502421504,true,1788547950.252128,2,20667,35.27,-116.64,15000.00,0.00,-25.48,111.89,0.0,0.0,0.0,0.0,0.0,0.0
1056,140610502421504,false,1788547950.253,2,20667,-599.43,-322.30,-163.30,-111.40,-25.32,-3.49,0.00,0.00,0.00,180.00,180.00,180.00
1057,140610502421504,true,1788547950.268821,2,20667,35.27,-116.64,15000.00,0.00,-24.85,111.40,0.0,0.0,0.0,0.0,0.0,0.0
1057,140610502421504,false,1788547950.270,2,20669,-602.41,-318.72,-153.39,-110.33,-23.87,-3.24,0.00,0.00,0.00,180.00,180.00,180.00
1058,140610502421504,true,1788547950.285574,2,20669,35.27,-116.64,15000.00,0.00,-23.51,110.33,0.0,0.0,0.0,0.0,0.0,0.0
1058,140610502421504,false,1788547950.286,2,20669,-604.23,-316.65,-148.60,-109.84,-23.20,-3.17,0.00,0.00,0.00,180.00,180.00,180.00
1059,140610502421504,true,1788547950.301956,2,20669,35.27,-116.64,15000.00,0.00,-22.90,109.84,0.0,0.0,0.0,0.0,0.0,0.0
1060,140610502421504,true,1788547950.318788,2,20669,35.27,-116.64,15000.00,0.00,-22.90,109.84,0.0,0.0,0.0,0.0,0.0,0.0
1060,140610502421504,false,1788547950.320,2,20671,-607.72,-311.32,-137.89,-108.95,-21.48,-3.18,0.00,0.00,0.00,180.00,180.00,180.00
1061,140610502421504,true,1788547950.335426,2,20671,35.27,-116.64,15000.00,0.00,-21.35,108.95,0.0,0.0,0.0,0.0,0.0,0.0
1061,140610502421504,false,1788547950.336,2,20672,-610.23,-306.80,-128.41,-108.14,-20.43,-2.72,0.00,0.00,0.00,180.00,180.00,180.00
1062,140610502421504,true,1788547950.352119,2,20672,35.27,-116.64,15000.00,0.00,-20.26,108.14,0.0,0.0,0.0,0.0,0.0,0.0
1062,140610502421504,false,1788547950.353,2,20672,-610.82,-304.73,-124.16,-107.83,-20.06,-2.48,0.00,0.00,0.00,180.00,180.00,180.00
1063,140610502421504,true,1788547950.368799,2,20672,35.27,-116.64,15000.00,0.00,-19.85,107.83,0.0,0.0,0.0,0.0,0.0,0.0
1063,140610502421504,false,1788547950.370,2,20674,-611.75,-301.30,-116.75,-107.53,-18.69,-2.35,0.00,0.00,0.00,180.00,180.00,180.00
1064,140610502421504,true,1788547950.385543,2,20674,35.27,-116.64,15000.00,0.00,-18.53,107.53,0.0,0.0,0.0,0.0,0.0,0.0
1064,140610502421504,false,1788547950.386,2,20674,-612.45,-298.81,-110.31,-107.22,-17.96,-1.89,0.00,0.00,0.00,180.00,180.00,180.00
1065,140610502421504,true,1788547950.402104,2,20674,35.27,-116.64,15000.00,0.00,-17.72,107.22,0.0,0.0,0.0,0.0,0.0,0.0
1065,140610502421504,false,1788547950.403,2,20675,-612.93,-297.22,-105.47,-107.04,-17.25,-1.71,0.00,0.00,0.00,180.00,180.00,180.00
1066,140610502421504,true,1788547950.418787,2,20675,35.27,-116.64,15000.00,0.00,-16.99,107.04,0.0,0.0,0.0,0.0,0.0,0.0
1066,140610502421504,false,1788547950.420,2,20677,-613.83,-292.32,-90.30,-106.58,-15.33,-1.06,0.00,0.00,0.00,180.00,180.00,180.00
1067,140610502421504,true,1788547950.435277,2,20677,35.27,-116.64,15000.00,0.00,-15.00,106.58,0.0,0.0,0.0,0.0,0.0,0.0
1068,140610502421504,true,1788547950.452119,2,20677,35.27,-116.64,15000.00,0.00,-15.00,106.58,0.0,0.0,0.0,0.0,0.0,0.0
1068,140610502421504,false,1788547950.453,2,20678,-615.24,-284.69,-69.51,-106.47,-11.85,-0.57,0.00,0.00,0.00,180.00,180.00,180.00
1069,140610502421504,true,1788547950.468972,2,20678,35.27,-116.64,15000.00,0.00,-11.53,106.47,0.0,0.0,0.0,0.0,0.0,0.0
1069,140610502421504,false,1788547950.470,2,20678,-615.83,-281.54,-62.02,-106.47,-10.66,-0.33,0.00,0.00,0.00,180.00,180.00,180.00
1070,140610502421504,true,1788547950.485519,2,20678,35.27,-116.64,15000.00,0.00,-10.32,106.47,0.0,0.0,0.0,0.0,0.0,0.0
1070,140610502421504,false,1788547950.486,2,20680,-616.90,-274.82,-49.25,-106.53,-8.35,0.07,0.00,0.00,0.00,180.00,180.00,180.00
1071,140610502421504,true,1788547950.501929,2,20680,35.27,-116.64,15000.00,0.00,-7.99,106.53,0.0,0.0,0.0,0.0,0.0,0.0
1072,140610502421504,true,1788547950.518793,2,20680,35.27,-116.64,15000.00,0.00,-7.99,106.53,0.0,0.0,0.0,0.0,0.0,0.0
1072,140610502421504,false,1788547950.520,2,20681,-619.86,-263.94,-34.12,-106.63,-5.69,0.70,0.00,0.00,0.00,180.00,180.00,180.00
1073,140610502421504,true,1788547950.536309,2,20681,35.27,-116.64,15000.00,0.00,-5.25,106.63,0.0,0.0,0.0,0.0,0.0,0.0
1073,140610502421504,false,1788547950.537,2,20682,-622.31,-256.87,-26.38,-106.75,-4.35,1.29,0.00,0.00,0.00,180.00,180.00,180.00
1074,140610502421504,true,1788547950.552107,2,20682,35.27,-116.64,15000.00,0.00,-3.80,106.75,0.0,0.0,0.0,0.0,0.0,0.0
1074,140610502421504,false,1788547950.553,2,20682,-623.62,-253.50,-23.15,-106.84,-3.70,1.51,0.00,0.00,0.00,180.00,180.00,180.00
1075,140610502421504,true,1788547950.568773,2,20682,35.27,-116.64,15000.00,0.00,-3.11,106.84,0.0,0.0,0.0,0.0,0.0,0.0
1075,140610502421504,false,1788547950.570,2,20683,-624.94,-250.38,-19.85,-106.91,-3.20,1.79,0.00,0.00,0.00,180.00,180.00,180.00
1076,140610502421504,true,1788547950.585531,2,20683,35.27,-116.64,15000.00,0.00,-2.54,106.91,0.0,0.0,0.0,0.0,0.0,0.0
1076,140610502421504,false,1788547950.586,2,20685,-627.80,-244.50,-14.54,-107.00,-2.28,2.15,0.00,0.00,0.00,180.00,180.00,180.00
1077,140610502421504,true,1788547950.602061,2,20685,35.27,-116.64,15000.00,0.00,-1.55,107.00,0.0,0.0,0.0,0.0,0.0,0.0
1077,140610502421504,false,1788547950.603,2,20685,-629.25,-241.52,-12.35,-106.99,-1.84,2.33,0.00,0.00,0.00,180.00,180.00,180.00
1078,140610502421504,true,1788547950.618589,2,20685,35.27,-116.64,15000.00,0.00,-1.08,106.99,0.0,0.0,0.0,0.0,0.0,0.0
1079,140610502421504,true,1788547950.635281,2,20685,35.27,-116.64,15000.00,0.00,-1.08,106.99,0.0,0.0,0.0,0.0,0.0,0.0
1079,140610502421504,false,1788547950.636,2,20687,-633.49,-234.20,-6.74,-106.97,-0.84,2.94,0.00,0.00,0.00,180.00,180.00,180.00
1080,140610502421504,true,1788547950.652087,2,20687,35.27,-116.64,15000.00,0.00,0.06,106.97,0.0,0.0,0.0,0.0,0.0,0.0
1080,140610502421504,false,1788547950.653,2,20688,-636.08,-230.41,-3.88,-106.91,-0.17,3.11,0.00,0.00,0.00,180.00,180.00,180.00
1081,140610502421504,true,1788547950.668593,2,20688,35.27,-116.64,15000.00,0.00,0.74,106.91,0.0,0.0,0.0,0.0,0.0,0.0
1082,140610502421504,true,1788547950.685368,2,20688,35.27,-116.64,15000.00,0.00,0.74,106.91,0.0,0.0,0.0,0.0,0.0,0.0
1082,140610502421504,false,1788547950.686,2,20689,-639.20,-225.06,-2.23,-106.89,0.47,3.20,0.00,0.00,0.00,180.00,180.00,180.00
1083,140610502421504,true,1788547950.701962,2,20689,35.27,-116.64,15000.00,0.00,1.38,106.89,0.0,0.0,0.0,0.0,0.0,0.0
1083,140610502421504,false,1788547950.703,2,20689,-640.28,-223.26,-2.18,-106.86,0.54,3.14,0.00,0.00,0.00,180.00,180.00,180.00
1084,140610502421504,true,1788547950.718598,2,20689,35.27,-116.64,15000.00,0.00,1.42,106.86,0.0,0.0,0.0,0.0,0.0,0.0
1084,140610502421504,false,1788547950.720,2,20691,-642.19,-221.71,-2.41,-106.73,0.56,3.01,0.00,0.00,0.00,180.00,180.00,180.00
1085,140610502421504,true,1788547950.735303,2,20691,35.27,-116.64,15000.00,0.00,1.40,106.73,0.0,0.0,0.0,0.0,0.0,0.0
1085,140610502421504,false,1788547950.736,2,20691,-643.07,-220.27,-2.37,-106.70,0.57,2.96,0.00,0.00,0.00,180.00,180.00,180.00
1086,140610502421504,true,1788547950.751975,2,20691,35.27,-116.64,15000.00,0.00,1.40,106.70,0.0,0.0,0.0,0.0,0.0,0.0
1086,140610502421504,false,1788547950.753,2,20693,-644.36,-219.31,-1.98,-106.62,0.63,2.83,0.00,0.00,0.00,180.00,180.00,180.00
1087,140610502421504,true,1788547950.768666,2,20693,35.27,-116.64,15000.00,0.00,1.41,106.62,0.0,0.0,0.0,0.0,0.0,0.0
1087,140610502421504,false,1788547950.770,2,20693,-644.88,-218.30,-1.99,-106.57,0.61,2.80,0.00,0.00,0.00,180.00,180.00,180.00
1088,140610502421504,true,1788547950.785314,2,20693,35.27,-116.64,15000.00,0.00,1.39,106.57,0.0,0.0,0.0,0.0,0.0,0.0
1088,140610502421504,false,1788547950.786,2,20695,-645.69,-218.05,-2.98,-106.46,0.61,2.66,0.00,0.00,0.00,180.00,180.00,180.00
1089,140610502421504,true,1788547950.801962,2,20695,35.27,-116.64,15000.00,0.00,1.33,106.46,0.0,0.0,0.0,0.0,0.0,0.0
1089,140610502421504,false,1788547950.803,2,20695,-645.92,-217.38,-3.61,-106.44,0.49,2.64,0.00,0.00,0.00,180.00,180.00,180.00
1090,140610502421504,true,1788547950.818650,2,20695,35.27,-116.64,15000.00,0.00,1.22,106.44,0.0,0.0,0.0,0.0,0.0,0.0
1090,140610502421504,false,1788547950.820,2,20697,-646.02,-218.13,-4.49,-106.42,0.29,2.55,0.00,0.00,0.00,180.00,180.00,180.00
1091,140610502421504,true,1788547950.835320,2,20697,35.27,-116.64,15000.00,0.00,1.00,106.42,0.0,0.0,0.0,0.0,0.0,0.0
1091,140610502421504,false,1788547950.836,2,20697,-645.99,-218.03,-5.01,-106.40,0.18,2.55,0.00,0.00,0.00,180.00,180.00,180.00
1092,140610502421504,true,1788547950.851973,2,20697,35.27,-116.64,15000.00,0.00,0.90,106.40,0.0,0.0,0.0,0.0,0.0,0.0
1092,140610502421504,false,1788547950.853,2,20699,-645.95,-219.25,-5.61,-106.38,0.01,2.56,0.00,0.00,0.00,180.00,180.00,180.00
1093,140610502421504,true,1788547950.868584,2,20699,35.27,-116.64,15000.00,0.00,0.73,106.38,0.0,0.0,0.0,0.0,0.0,0.0
1093,140610502421504,false,1788547950.870,2,20699,-645.88,-219.35,-6.12,-106.37,-0.05,2.61,0.00,0.00,0.00,180.00,180.00,180.00
1094,140610502421504,true,1788547950.885299,2,20699,35.27,-116.64,15000.00,0.00,0.69,106.37,0.0,0.0,0.0,0.0,0.0,0.0
1094,140610502421504,false,1788547950.886,2,20701,-645.65,-220.88,-6.85,-106.42,-0.14,2.62,0.00,0.00,0.00,180.00,180.00,180.00
1095,140610502421504,true,1788547950.902534,2,20701,35.27,-116.64,15000.00,0.00,0.61,106.42,0.0,0.0,0.0,0.0,0.0,0.0
1095,140610502421504,false,1788547950.903,2,20701,-645.43,-221.05,-7.15,-106.44,-0.23,2.60,0.00,0.00,0.00,180.00,180.00,180.00
1096,140610502421504,true,1788547950.918684,2,20701,35.27,-116.64,15000.00,0.00,0.52,106.44,0.0,0.0,0.0,0.0,0.0,0.0
1096,140610502421504,false,1788547950.920,2,20702,-645.04,-222.93,-7.48,-106.44,-0.34,2.64,0.00,0.00,0.00,180.00,180.00,180.00
1097,140610502421504,true,1788547950.935300,2,20702,35.27,-116.64,15000.00,0.00,0.42,106.44,0.0,0.0,0.0,0.0,0.0,0.0
1097,140610502421504,false,1788547950.936,2,20703,-644.80,-223.21,-8.02,-106.46,-0.36,2.67,0.00,0.00,0.00,180.00,180.00,180.00
1098,140610502421504,true,1788547950.951980,2,20703,35.27,-116.64,15000.00,0.00,0.41,106.46,0.0,0.0,0.0,0.0,0.0,0.0
1098,140610502421504,false,1788547950.953,2,20705,-644.13,-224.88,-8.60,-106.54,-0.39,2.65,0.00,0.00,0.00,180.00,180.00,180.00
1099,140610502421504,true,1788547950.968658,2,20705,35.27,-116.64,15000.00,0.00,0.38,106.54,0.0,0.0,0.0,0.0,0.0,0.0
1099,140610502421504,false,1788547950.970,2,20705,-643.58,-225.18,-9.07,-106.62,-0.41,2.60,0.00,0.00,0.00,180.00,180.00,180.00
1100,140610502421504,true,1788547950.985249,2,20705,35.27,-116.64,15000.00,0.00,0.35,106.62,0.0,0.0,0.0,0.0,0.0,0.0
1100,140610502421504,false,1788547950.986,2,20707,-643.13,-227.16,-9.58,-106.69,-0.45,2.46,0.00,0.00,0.00,180.00,180.00,180.00
1101,140610502421504,true,1788547951.001972,2,20707,35.27,-116.64,15000.00,0.00,0.27,106.69,0.0,0.0,0.0,0.0,0.0,0.0
1101,140610502421504,false,1788547951.003,2,20707,-642.95,-227.43,-10.09,-106.68,-0.49,2.39,0.00,0.00,0.00,180.00,180.00,180.00
1102,140610502421504,true,1788547951.018599,2,20707,35.27,-116.64,15000.00,0.00,0.21,106.68,0.0,0.0,0.0,0.0,0.0,0.0
1102,140610502421504,false,1788547951.020,2,20709,-643.07,-229.47,-10.67,-106.64,-0.60,2.37,0.00,0.00,0.00,180.00,180.00,180.00
1103,140610502421504,true,1788547951.035550,2,20709,35.27,-116.64,15000.00,0.00,0.10,106.64,0.0,0.0,0.0,0.0,0.0,0.0
1103,140610502421504,false,1788547951.036,2,20709,-643.06,-229.65,-11.26,-106.64,-0.64,2.37,0.00,0.00,0.00,180.00,180.00,180.00
1104,140610502421504,true,1788547951.051973,2,20709,35.27,-116.64,15000.00,0.00,0.06,106.64,0.0,0.0,0.0,0.0,0.0,0.0
1104,140610502421504,false,1788547951.053,2,20711,-643.36,-231.35,-12.14,-106.63,-0.78,2.33,0.00,0.00,0.00,180.00,180.00,180.00
1105,140610502421504,true,1788547951.068632,2,20711,35.27,-116.64,15000.00,0.00,-0.08,106.63,0.0,0.0,0.0,0.0,0.0,0.0
1105,140610502421504,false,1788547951.070,2,20711,-643.42,-231.51,-12.59,-106.62,-0.88,2.32,0.00,0.00,0.00,180.00,180.00,180.00
1106,140610502421504,true,1788547951.085303,2,20711,35.27,-116.64,15000.00,0.00,-0.18,106.62,0.0,0.0,0.0,0.0,0.0,0.0
1106,140610502421504,false,1788547951.086,2,20713,-644.09,-233.11,-13.25,-106.52,-1.02,2.31,0.00,0.00,0.00,180.00,180.00,180.00
1107,140610502421504,true,1788547951.101973,2,20713,35.27,-116.64,15000.00,0.00,-0.32,106.52,0.0,0.0,0.0,0.0,0.0,0.0
1107,140610502421504,false,1788547951.103,2,20713,-644.33,-233.13,-13.77,-106.46,-1.10,2.41,0.00,0.00,0.00,180.00,180.00,180.00
1108,140610502421504,true,1788547951.118595,2,20713,35.27,-116.64,15000.00,0.00,-0.37,106.46,0.0,0.0,0.0,0.0,0.0,0.0
1108,140610502421504,false,1788547951.120,2,20715,-644.86,-234.25,-14.27,-106.43,-1.18,2.47,0.00,0.00,0.00,180.00,180.00,180.00
1109,140610502421504,true,1788547951.135327,2,20715,35.27,-116.64,15000.00,0.00,-0.43,106.43,0.0,0.0,0.0,0.0,0.0,0.0
1109,140610502421504,false,1788547951.136,2,20715,-644.89,-233.96,-14.57,-106.43,-1.20,2.47,0.00,0.00,0.00,180.00,180.00,180.00
1110,140610502421504,true,1788547951.151975,2,20715,35.27,-116.64,15000.00,0.00,-0.46,106.43,0.0,0.0,0.0,0.0,0.0,0.0
1110,140610502421504,false,1788547951.153,2,20717,-645.38,-234.72,-14.70,-106.38,-1.27,2.45,0.00,0.00,0.00,180.00,180.00,180.00
1111,140610502421504,true,1788547951.168602,2,20717,35.27,-116.64,15000.00,0.00,-0.52,106.38,0.0,0.0,0.0,0.0,0.0,0.0
1112,140610502421504,true,1788547951.185305,2,20717,35.27,-116.64,15000.00,0.00,-0.52,106.38,0.0,0.0,0.0,0.0,0.0,0.0
1112,140610502421504,false,1788547951.186,2,20718,-646.01,-234.63,-15.33,-106.31,-1.32,2.47,0.00,0.00,0.00,180.00,180.00,180.00
1113,140610502421504,true,1788547951.201975,2,20718,35.27,-116.64,15000.00,0.00,-0.57,106.31,0.0,0.0,0.0,0.0,0.0,0.0
1113,140610502421504,false,1788547951.203,2,20718,-646.05,-234.03,-15.43,-106.31,-1.33,2.47,0.00,0.00,0.00,180.00,180.00,180.00
1114,140610502421504,true,1788547951.218662,2,20718,35.27,-116.64,15000.00,0.00,-0.58,106.31,0.0,0.0,0.0,0.0,0.0,0.0
1114,140610502421504,false,1788547951.220,2,20720,-646.51,-234.22,-15.30,-106.26,-1.30,2.42,0.00,0.00,0.00,180.00,180.00,180.00
1115,140610502421504,true,1788547951.235265,2,20720,35.27,-116.64,15000.00,0.00,-0.57,106.26,0.0,0.0,0.0,0.0,0.0,0.0
1115,140610502421504,false,1788547951.236,2,20720,-646.65,-233.57,-15.35,-106.23,-1.29,2.41,0.00,0.00,0.00,180.00,180.00,180.00
1116,140610502421504,true,1788547951.251983,2,20720,35.27,-116.64,15000.00,0.00,-0.57,106.23,0.0,0.0,0.0,0.0,0.0,0.0
1116,140610502421504,false,1788547951.253,2,20722,-647.54,-233.62,-15.61,-106.11,-1.28,2.35,0.00,0.00,0.00,180.00,180.00,180.00
1117,140610502421504,true,1788547951.268744,2,20722,35.27,-116.64,15000.00,0.00,-0.58,106.11,0.0,0.0,0.0,0.0,0.0,0.0
1117,140610502421504,false,1788547951.270,2,20722,-647.96,-233.05,-15.94,-106.00,-1.31,2.32,0.00,0.00,0.00,180.00,180.00,180.00
1118,140610502421504,true,1788547951.286017,2,20722,35.27,-116.64,15000.00,0.00,-0.62,106.00,0.0,0.0,0.0,0.0,0.0,0.0
1118,140610502421504,false,1788547951.287,2,20724,-649.68,-233.36,-16.52,-105.66,-1.43,2.23,0.00,0.00,0.00,180.00,180.00,180.00
1119,140610502421504,true,1788547951.302085,2,20724,35.27,-116.64,15000.00,0.00,-0.78,105.66,0.0,0.0,0.0,0.0,0.0,0.0
1119,140610502421504,false,1788547951.303,2,20724,-650.71,-232.98,-16.97,-105.42,-1.50,2.22,0.00,0.00,0.00,180.00,180.00,180.00
1120,140610502421504,true,1788547951.318850,2,20724,35.27,-116.64,15000.00,0.00,-0.86,105.42,0.0,0.0,0.0,0.0,0.0,0.0
1120,140610502421504,false,1788547951.320,2,20726,-654.18,-234.01,-17.67,-104.66,-1.65,2.18,0.00,0.00,0.00,180.00,180.00,180.00
1121,140610502421504,true,1788547951.335423,2,20726,35.27,-116.64,15000.00,0.00,-1.04,104.66,0.0,0.0,0.0,0.0,0.0,0.0
1121,140610502421504,false,1788547951.336,2,20726,-655.88,-233.98,-18.17,-104.23,-1.70,2.17,0.00,0.00,0.00,180.00,180.00,180.00
1122,140610502421504,true,1788547951.352123,2,20726,35.27,-116.64,15000.00,0.00,-1.11,104.23,0.0,0.0,0.0,0.0,0.0,0.0
1122,140610502421504,false,1788547951.353,2,20728,-660.27,-235.25,-19.59,-103.20,-1.78,2.02,0.00,0.00,0.00,180.00,180.00,180.00
1123,140610502421504,true,1788547951.368742,2,20728,35.27,-116.64,15000.00,0.00,-1.27,103.20,0.0,0.0,0.0,0.0,0.0,0.0
1123,140610502421504,false,1788547951.370,2,20728,-662.16,-235.28,-20.43,-102.75,-1.91,1.91,0.00,0.00,0.00,180.00,180.00,180.00
1124,140610502421504,true,1788547951.385238,2,20728,35.27,-116.64,15000.00,0.00,-1.45,102.75,0.0,0.0,0.0,0.0,0.0,0.0
1125,140610502421504,true,1788547951.402080,2,20728,35.27,-116.64,15000.00,0.00,-1.45,102.75,0.0,0.0,0.0,0.0,0.0,0.0
1125,140610502421504,false,1788547951.403,2,20730,-668.95,-236.93,-22.09,-101.13,-2.25,1.78,0.00,0.00,0.00,180.00,180.00,180.00
1126,140610502421504,true,1788547951.418840,2,20730,35.27,-116.64,15000.00,0.00,-1.86,101.13,0.0,0.0,0.0,0.0,0.0,0.0
1126,140610502421504,false,1788547951.420,2,20731,-671.85,-237.91,-22.02,-100.54,-2.17,1.73,0.00,0.00,0.00,180.00,180.00,180.00
1127,140610502421504,true,1788547951.435251,2,20731,35.27,-116.64,15000.00,0.00,-1.82,100.54,0.0,0.0,0.0,0.0,0.0,0.0
1128,140610502421504,true,1788547951.452108,2,20731,35.27,-116.64,15000.00,0.00,-1.82,100.54,0.0,0.0,0.0,0.0,0.0,0.0
1128,140610502421504,false,1788547951.453,2,20732,-673.04,-238.21,-21.16,-100.37,-2.16,1.45,0.00,0.00,0.00,180.00,180.00,180.00
1129,140610502421504,true,1788547951.468731,2,20732,35.27,-116.64,15000.00,0.00,-1.86,100.37,0.0,0.0,0.0,0.0,0.0,0.0
1129,140610502421504,false,1788547951.470,2,20732,-673.03,-237.92,-21.03,-100.35,-2.13,1.50,0.00,0.00,0.00,180.00,180.00,180.00
1130,140610502421504,true,1788547951.485406,2,20732,35.27,-116.64,15000.00,0.00,-1.83,100.35,0.0,0.0,0.0,0.0,0.0,0.0
1130,140610502421504,false,1788547951.486,2,20734,-673.83,-238.44,-21.34,-100.17,-2.15,1.53,0.00,0.00,0.00,180.00,180.00,180.00
1131,140610502421504,true,1788547951.502070,2,20734,35.27,-116.64,15000.00,0.00,-1.85,100.17,0.0,0.0,0.0,0.0,0.0,0.0
1131,140610502421504,false,1788547951.503,2,20734,-674.10,-238.27,-21.53,-100.03,-2.22,1.58,0.00,0.00,0.00,180.00,180.00,180.00
1132,140610502421504,true,1788547951.518683,2,20734,35.27,-116.64,15000.00,0.00,-1.91,100.03,0.0,0.0,0.0,0.0,0.0,0.0
1133,140610502421504,true,1788547951.535470,2,20734,35.27,-116.64,15000.00,0.00,-1.91,100.03,0.0,0.0,0.0,0.0,0.0,0.0
1133,140610502421504,false,1788547951.536,2,20736,-675.41,-238.86,-22.10,-99.76,-2.30,1.65,0.00,0.00,0.00,180.00,180.00,180.00
1134,140610502421504,true,1788547951.551989,2,20736,35.27,-116.64,15000.00,0.00,-1.98,99.76,0.0,0.0,0.0,0.0,0.0,0.0
1134,140610502421504,false,1788547951.553,2,20736,-677.52,-239.61,-22.66,-99.31,-2.41,1.65,0.00,0.00,0.00,180.00,180.00,180.00
1135,140610502421504,true,1788547951.568939,2,20736,35.27,-116.64,15000.00,0.00,-2.11,99.31,0.0,0.0,0.0,0.0,0.0,0.0
1135,140610502421504,false,1788547951.570,2,20737,-679.07,-239.62,-22.94,-98.88,-2.46,1.69,0.00,0.00,0.00,180.00,180.00,180.00
1136,140610502421504,true,1788547951.585279,2,20737,35.27,-116.64,15000.00,0.00,-2.17,98.88,0.0,0.0,0.0,0.0,0.0,0.0
1136,140610502421504,false,1788547951.586,2,20739,-683.11,-240.54,-23.93,-97.85,-2.62,1.72,0.00,0.00,0.00,180.00,180.00,180.00
1137,140610502421504,true,1788547951.601960,2,20739,35.27,-116.64,15000.00,0.00,-2.36,97.85,0.0,0.0,0.0,0.0,0.0,0.0
1137,140610502421504,false,1788547951.603,2,20739,-684.82,-240.66,-24.25,-97.40,-2.63,1.72,0.00,0.00,0.00,180.00,180.00,180.00
1138,140610502421504,true,1788547951.618599,2,20739,35.27,-116.64,15000.00,0.00,-2.39,97.40,0.0,0.0,0.0,0.0,0.0,0.0
1138,140610502421504,false,1788547951.620,2,20741,-688.19,-241.56,-24.51,-96.68,-2.74,1.56,0.00,0.00,0.00,180.00,180.00,180.00
1139,140610502421504,true,1788547951.635303,2,20741,35.27,-116.64,15000.00,0.00,-2.54,96.68,0.0,0.0,0.0,0.0,0.0,0.0
1139,140610502421504,false,1788547951.636,2,20741,-689.61,-241.59,-24.52,-96.35,-2.79,1.52,0.00,0.00,0.00,180.00,180.00,180.00
1140,140610502421504,true,1788547951.651981,2,20741,35.27,-116.64,15000.00,0.00,-2.61,96.35,0.0,0.0,0.0,0.0,0.0,0.0
1140,140610502421504,false,1788547951.653,2,20743,-692.73,-242.31,-24.75,-95.73,-2.93,1.51,0.00,0.00,0.00,180.00,180.00,180.00
1141,140610502421504,true,1788547951.669173,2,20743,35.27,-116.64,15000.00,0.00,-2.77,95.73,0.0,0.0,0.0,0.0,0.0,0.0
1141,140610502421504,false,1788547951.670,2,20743,-694.37,-242.32,-25.02,-95.36,-2.97,1.55,0.00,0.00,0.00,180.00,180.00,180.00
1142,140610502421504,true,1788547951.685254,2,20743,35.27,-116.64,15000.00,0.00,-2.81,95.36,0.0,0.0,0.0,0.0,0.0,0.0
1142,140610502421504,false,1788547951.686,2,20744,-699.36,-243.24,-25.94,-94.30,-3.11,1.61,0.00,0.00,0.00,180.00,180.00,180.00
1143,140610502421504,true,1788547951.701961,2,20744,35.27,-116.64,15000.00,0.00,-2.98,94.30,0.0,0.0,0.0,0.0,0.0,0.0
1143,140610502421504,false,1788547951.703,2,20745,-702.48,-243.34,-26.66,-93.62,-3.25,1.63,0.00,0.00,0.00,180.00,180.00,180.00
1144,140610502421504,true,1788547951.718658,2,20745,35.27,-116.64,15000.00,0.00,-3.14,93.62,0.0,0.0,0.0,0.0,0.0,0.0
1144,140610502421504,false,1788547951.720,2,20747,-709.77,-244.46,-28.49,-92.06,-3.50,1.67,0.00,0.00,0.00,180.00,180.00,180.00
1145,140610502421504,true,1788547951.735301,2,20747,35.27,-116.64,15000.00,0.00,-3.43,92.06,0.0,0.0,0.0,0.0,0.0,0.0
1145,140610502421504,false,1788547951.736,2,20747,-714.12,-244.70,-29.57,-91.14,-3.68,1.65,0.00,0.00,0.00,180.00,180.00,180.00
1146,140610502421504,true,1788547951.751976,2,20747,35.27,-116.64,15000.00,0.00,-3.64,91.14,0.0,0.0,0.0,0.0,0.0,0.0
1146,140610502421504,false,1788547951.753,2,20749,-724.91,-245.83,-32.01,-88.93,-4.07,1.56,0.00,0.00,0.00,180.00,180.00,180.00
1147,140610502421504,true,1788547951.768585,2,20749,35.27,-116.64,15000.00,0.00,-4.10,88.93,0.0,0.0,0.0,0.0,0.0,0.0
1147,140610502421504,false,1788547951.769,2,20749,-731.04,-245.94,-33.04,-87.67,-4.29,1.55,0.00,0.00,0.00,180.00,180.00,180.00
1148,140610502421504,true,1788547951.785392,2,20749,35.27,-116.64,15000.00,0.00,-4.35,87.67,0.0,0.0,0.0,0.0,0.0,0.0
1148,140610502421504,false,1788547951.786,2,20751,-746.06,-246.31,-34.73,-84.35,-4.59,1.51,0.00,0.00,0.00,180.00,180.00,180.00
1149,140610502421504,true,1788547951.802068,2,20751,35.27,-116.64,15000.00,0.00,-4.72,84.35,0.0,0.0,0.0,0.0,0.0,0.0
1149,140610502421504,false,1788547951.803,2,20751,-753.91,-245.74,-35.54,-82.66,-4.73,1.40,0.00,0.00,0.00,180.00,180.00,180.00
1150,140610502421504,true,1788547951.818582,2,20751,35.27,-116.64,15000.00,0.00,-4.87,82.66,0.0,0.0,0.0,0.0,0.0,0.0
1151,140610502421504,true,1788547951.835490,2,20751,35.27,-116.64,15000.00,0.00,-4.87,82.66,0.0,0.0,0.0,0.0,0.0,0.0
1151,140610502421504,false,1788547951.836,2,20753,-779.51,-243.05,-38.04,-77.26,-5.30,1.71,0.00,0.00,0.00,180.00,180.00,180.00
1152,140610502421504,true,1788547951.852089,2,20753,35.27,-116.64,15000.00,0.00,-5.55,77.26,0.0,0.0,0.0,0.0,0.0,0.0
1152,140610502421504,false,1788547951.853,2,20754,-796.63,-240.44,-38.71,-73.65,-5.44,1.86,0.00,0.00,0.00,180.00,180.00,180.00
1153,140610502421504,true,1788547951.868732,2,20754,35.27,-116.64,15000.00,0.00,-5.74,73.65,0.0,0.0,0.0,0.0,0.0,0.0
1153,140610502421504,false,1788547951.870,2,20754,-805.34,-238.40,-38.92,-71.84,-5.47,1.85,0.00,0.00,0.00,180.00,180.00,180.00
1154,140610502421504,true,1788547951.885223,2,20754,35.27,-116.64,15000.00,0.00,-5.77,71.84,0.0,0.0,0.0,0.0,0.0,0.0
1155,140610502421504,true,1788547951.902053,2,20754,35.27,-116.64,15000.00,0.00,-5.77,71.84,0.0,0.0,0.0,0.0,0.0,0.0
1155,140610502421504,false,1788547951.903,2,20756,-830.12,-231.58,-39.68,-66.42,-5.69,2.12,0.00,0.00,0.00,180.00,180.00,180.00
1156,140610502421504,true,1788547951.918748,2,20756,35.27,-116.64,15000.00,0.00,-6.06,66.42,0.0,0.0,0.0,0.0,0.0,0.0
1156,140610502421504,false,1788547951.920,2,20757,-846.53,-225.68,-38.78,-62.63,-5.45,2.28,0.00,0.00,0.00,180.00,180.00,180.00
1157,140610502421504,true,1788547951.935473,2,20757,35.27,-116.64,15000.00,0.00,-5.89,62.63,0.0,0.0,0.0,0.0,0.0,0.0
1157,140610502421504,false,1788547951.936,2,20757,-855.04,-222.24,-38.26,-60.71,-5.37,2.29,0.00,0.00,0.00,180.00,180.00,180.00
1158,140610502421504,true,1788547951.952050,2,20757,35.27,-116.64,15000.00,0.00,-5.80,60.71,0.0,0.0,0.0,0.0,0.0,0.0
1158,140610502421504,false,1788547951.953,2,20759,-870.59,-214.66,-37.14,-57.01,-5.18,2.15,0.00,0.00,0.00,180.00,180.00,180.00
1159,140610502421504,true,1788547951.968681,2,20759,35.27,-116.64,15000.00,0.00,-5.51,57.01,0.0,0.0,0.0,0.0,0.0,0.0
1159,140610502421504,false,1788547951.970,2,20759,-877.60,-210.98,-36.81,-55.30,-5.24,2.14,0.00,0.00,0.00,180.00,180.00,180.00
1160,140610502421504,true,1788547951.985361,2,20759,35.27,-116.64,15000.00,0.00,-5.53,55.30,0.0,0.0,0.0,0.0,0.0,0.0
1160,140610502421504,false,1788547951.986,2,20761,-890.11,-202.66,-36.24,-52.06,-5.04,2.21,0.00,0.00,0.00,180.00,180.00,180.00
1161,140610502421504,true,1788547952.002037,2,20761,35.27,-116.64,15000.00,0.00,-5.34,52.06,0.0,0.0,0.0,0.0,0.0,0.0
1161,140610502421504,false,1788547952.003,2,20761,-896.74,-198.69,-35.74,-50.47,-5.09,2.26,0.00,0.00,0.00,180.00,180.00,180.00
1162,140610502421504,true,1788547952.018748,2,20761,35.27,-116.64,15000.00,0.00,-5.36,50.47,0.0,0.0,0.0,0.0,0.0,0.0
1162,140610502421504,false,1788547952.020,2,20763,-907.47,-190.51,-34.30,-47.44,-4.80,2.22,0.00,0.00,0.00,180.00,180.00,180.00
1163,140610502421504,true,1788547952.035233,2,20763,35.27,-116.64,15000.00,0.00,-5.04,47.44,0.0,0.0,0.0,0.0,0.0,0.0
1164,140610502421504,true,1788547952.052547,2,20763,35.27,-116.64,15000.00,0.00,-5.04,47.44,0.0,0.0,0.0,0.0,0.0,0.0
1164,140610502421504,false,1788547952.053,2,20764,-922.21,-178.28,-32.06,-43.17,-4.55,2.28,0.00,0.00,0.00,180.00,180.00,180.00
1165,140610502421504,true,1788547952.068526,2,20764,35.27,-116.64,15000.00,0.00,-4.78,43.17,0.0,0.0,0.0,0.0,0.0,0.0
1165,140610502421504,false,1788547952.070,2,20764,-926.90,-174.23,-31.24,-41.92,-4.48,2.26,0.00,0.00,0.00,180.00,180.00,180.00
1166,140610502421504,true,1788547952.085516,2,20764,35.27,-116.64,15000.00,0.00,-4.67,41.92,0.0,0.0,0.0,0.0,0.0,0.0
1166,140610502421504,false,1788547952.086,2,20766,-935.25,-165.95,-30.16,-39.28,-4.42,2.17,0.00,0.00,0.00,180.00,180.00,180.00
1167,140610502421504,true,1788547952.101965,2,20766,35.27,-116.64,15000.00,0.00,-4.47,39.28,0.0,0.0,0.0,0.0,0.0,0.0
1167,140610502421504,false,1788547952.103,2,20766,-939.15,-161.99,-29.53,-38.03,-4.38,2.22,0.00,0.00,0.00,180.00,180.00,180.00
1168,140610502421504,true,1788547952.118620,2,20766,35.27,-116.64,15000.00,0.00,-4.44,38.03,0.0,0.0,0.0,0.0,0.0,0.0
1168,140610502421504,false,1788547952.120,2,20768,-946.20,-154.39,-28.79,-35.52,-4.09,2.24,0.00,0.00,0.00,180.00,180.00,180.00
1169,140610502421504,true,1788547952.135325,2,20768,35.27,-116.64,15000.00,0.00,-4.20,35.52,0.0,0.0,0.0,0.0,0.0,0.0
1169,140610502421504,false,1788547952.136,2,20768,-949.87,-150.16,-28.23,-34.28,-4.03,2.21,0.00,0.00,0.00,180.00,180.00,180.00
1170,140610502421504,true,1788547952.151950,2,20768,35.27,-116.64,15000.00,0.00,-4.10,34.28,0.0,0.0,0.0,0.0,0.0,0.0
1170,140610502421504,false,1788547952.153,2,20770,-956.93,-141.75,-27.47,-31.72,-3.94,2.17,0.00,0.00,0.00,180.00,180.00,180.00
1171,140610502421504,true,1788547952.168737,2,20770,35.27,-116.64,15000.00,0.00,-3.92,31.72,0.0,0.0,0.0,0.0,0.0,0.0
1171,140610502421504,false,1788547952.170,2,20770,-960.19,-137.25,-26.91,-30.45,-3.90,2.22,0.00,0.00,0.00,180.00,180.00,180.00
1172,140610502421504,true,1788547952.185432,2,20770,35.27,-116.64,15000.00,0.00,-3.89,30.45,0.0,0.0,0.0,0.0,0.0,0.0
1172,140610502421504,false,1788547952.186,2,20772,-966.84,-128.30,-26.49,-27.79,-3.68,2.38,0.00,0.00,0.00,180.00,180.00,180.00
1173,140610502421504,true,1788547952.202103,2,20772,35.27,-116.64,15000.00,0.00,-3.82,27.79,0.0,0.0,0.0,0.0,0.0,0.0
1173,140610502421504,false,1788547952.203,2,20772,-970.01,-123.55,-26.20,-26.49,-3.61,2.42,0.00,0.00,0.00,180.00,180.00,180.00
1174,140610502421504,true,1788547952.218804,2,20772,35.27,-116.64,15000.00,0.00,-3.78,26.49,0.0,0.0,0.0,0.0,0.0,0.0
1174,140610502421504,false,1788547952.220,2,20774,-976.07,-114.32,-26.47,-23.99,-3.55,2.57,0.00,0.00,0.00,180.00,180.00,180.00
1175,140610502421504,true,1788547952.235437,2,20774,35.27,-116.64,15000.00,0.00,-3.79,23.99,0.0,0.0,0.0,0.0,0.0,0.0
1175,140610502421504,false,1788547952.236,2,20774,-978.99,-109.25,-26.27,-22.70,-3.48,2.66,0.00,0.00,0.00,180.00,180.00,180.00
1176,140610502421504,true,1788547952.251968,2,20774,35.27,-116.64,15000.00,0.00,-3.80,22.70,0.0,0.0,0.0,0.0,0.0,0.0
1177,140610502421504,true,1788547952.268745,2,20774,35.27,-116.64,15000.00,0.00,-3.80,22.70,0.0,0.0,0.0,0.0,0.0,0.0
1177,140610502421504,false,1788547952.270,2,20776,-987.30,-94.85,-27.10,-18.96,-3.17,2.99,0.00,0.00,0.00,180.00,180.00,180.00
1178,140610502421504,true,1788547952.285273,2,20776,35.27,-116.64,15000.00,0.00,-3.86,18.96,0.0,0.0,0.0,0.0,0.0,0.0
1179,140610502421504,true,1788547952.302111,2,20776,35.27,-116.64,15000.00,0.00,-3.86,18.96,0.0,0.0,0.0,0.0,0.0,0.0
1179,140610502421504,false,1788547952.303,2,20777,-994.50,-79.36,-27.54,-15.14,-2.80,3.47,0.00,0.00,0.00,180.00,180.00,180.00
1180,140610502421504,true,1788547952.318792,2,20777,35.27,-116.64,15000.00,0.00,-4.08,15.14,0.0,0.0,0.0,0.0,0.0,0.0
1180,140610502421504,false,1788547952.320,2,20778,-998.84,-70.18,-28.75,-12.86,-2.58,3.79,0.00,0.00,0.00,180.00,180.00,180.00
1181,140610502421504,true,1788547952.335427,2,20778,35.27,-116.64,15000.00,0.00,-4.27,12.86,0.0,0.0,0.0,0.0,0.0,0.0
1181,140610502421504,false,1788547952.336,2,20778,-1000.26,-65.95,-29.17,-11.75,-2.51,3.94,0.00,0.00,0.00,180.00,180.00,180.00
1182,140610502421504,true,1788547952.352152,2,20778,35.27,-116.64,15000.00,0.00,-4.37,11.75,0.0,0.0,0.0,0.0,0.0,0.0
1182,140610502421504,false,1788547952.353,2,20780,-1003.54,-57.84,-30.93,-9.78,-2.33,4.33,0.00,0.00,0.00,180.00,180.00,180.00
1183,140610502421504,true,1788547952.368729,2,20780,35.27,-116.64,15000.00,0.00,-4.66,9.78,0.0,0.0,0.0,0.0,0.0,0.0
1183,140610502421504,false,1788547952.370,2,20780,-1004.58,-54.00,-31.52,-8.81,-2.23,4.49,0.00,0.00,0.00,180.00,180.00,180.00
1184,140610502421504,true,1788547952.385453,2,20780,35.27,-116.64,15000.00,0.00,-4.78,8.81,0.0,0.0,0.0,0.0,0.0,0.0
1184,140610502421504,false,1788547952.386,2,20782,-1007.31,-46.53,-32.80,-7.05,-2.00,4.84,0.00,0.00,0.00,180.00,180.00,180.00
1185,140610502421504,true,1788547952.402127,2,20782,35.27,-116.64,15000.00,0.00,-5.05,7.05,0.0,0.0,0.0,0.0,0.0,0.0
1185,140610502421504,false,1788547952.403,2,20782,-1008.57,-42.77,-33.32,-6.18,-1.88,4.98,0.00,0.00,0.00,180.00,180.00,180.00
1186,140610502421504,true,1788547952.419370,2,20782,35.27,-116.64,15000.00,0.00,-5.15,6.18,0.0,0.0,0.0,0.0,0.0,0.0
1186,140610502421504,false,1788547952.420,2,20784,-1010.25,-36.08,-34.22,-4.63,-1.65,5.21,0.00,0.00,0.00,180.00,180.00,180.00
1187,140610502421504,true,1788547952.435433,2,20784,35.27,-116.64,15000.00,0.00,-5.33,4.63,0.0,0.0,0.0,0.0,0.0,0.0
1187,140610502421504,false,1788547952.436,2,20784,-1010.95,-32.76,-34.89,-3.87,-1.53,5.31,0.00,0.00,0.00,180.00,180.00,180.00
1188,140610502421504,true,1788547952.452215,2,20784,35.27,-116.64,15000.00,0.00,-5.40,3.87,0.0,0.0,0.0,0.0,0.0,0.0
1188,140610502421504,false,1788547952.453,2,20786,-1013.06,-26.31,-35.58,-2.43,-1.26,5.47,0.00,0.00,0.00,180.00,180.00,180.00
1189,140610502421504,true,1788547952.468749,2,20786,35.27,-116.64,15000.00,0.00,-5.52,2.43,0.0,0.0,0.0,0.0,0.0,0.0
1189,140610502421504,false,1788547952.470,2,20786,-1014.06,-23.38,-35.88,-1.74,-1.16,5.49,0.00,0.00,0.00,180.00,180.00,180.00
1190,140610502421504,true,1788547952.485426,2,20786,35.27,-116.64,15000.00,0.00,-5.52,1.74,0.0,0.0,0.0,0.0,0.0,0.0
1190,140610502421504,false,1788547952.486,2,20788,-1014.96,-18.22,-37.17,-0.55,-0.88,5.70,0.00,0.00,0.00,180.00,180.00,180.00
1191,140610502421504,true,1788547952.502082,2,20788,35.27,-116.64,15000.00,0.00,-5.71,0.55,0.0,0.0,0.0,0.0,0.0,0.0
1191,140610502421504,false,1788547952.503,2,20788,-1014.97,-16.08,-38.38,-0.06,-0.75,5.77,0.00,0.00,0.00,180.00,180.00,180.00
1192,140610502421504,true,1788547952.518661,2,20788,35.27,-116.64,15000.00,0.00,-5.77,0.06,0.0,0.0,0.0,0.0,0.0,0.0
1193,140610502421504,true,1788547952.535445,2,20788,35.27,-116.64,15000.00,0.00,-5.77,0.06,0.0,0.0,0.0,0.0,0.0,0.0
1193,140610502421504,false,1788547952.536,2,20790,-1015.91,-8.98,-39.40,1.48,-0.36,5.93,0.00,0.00,0.00,180.00,180.00,180.00
1194,140610502421504,true,1788547952.552154,2,20790,35.27,-116.64,15000.00,0.00,-5.92,-1.48,0.0,0.0,0.0,0.0,0.0,0.0
1194,140610502421504,false,1788547952.553,2,20791,-1015.80,-4.54,-39.89,2.44,-0.15,5.97,0.00,0.00,0.00,180.00,180.00,180.00
1195,140610502421504,true,1788547952.568741,2,20791,35.27,-116.64,15000.00,0.00,-5.96,-2.44,0.0,0.0,0.0,0.0,0.0,0.0
1195,140610502421504,false,1788547952.570,2,20791,-1015.71,-2.54,-40.34,2.79,-0.10,5.97,0.00,0.00,0.00,180.00,180.00,180.00
1196,140610502421504,true,1788547952.585909,2,20791,35.27,-116.64,15000.00,0.00,-5.96,-2.79,0.0,0.0,0.0,0.0,0.0,0.0
1196,140610502421504,false,1788547952.587,2,20792,-1015.79,-0.91,-40.38,3.10,-0.01,5.96,0.00,0.00,0.00,180.00,180.00,180.00
1197,140610502421504,true,1788547952.601928,2,20792,35.27,-116.64,15000.00,0.00,-5.95,-3.10,0.0,0.0,0.0,0.0,0.0,0.0
1197,140610502421504,false,1788547952.603,2,20794,-1015.33,4.10,-40.81,3.91,0.10,5.89,0.00,0.00,0.00,180.00,180.00,180.00
1198,140610502421504,true,1788547952.618902,2,20794,35.27,-116.64,15000.00,0.00,-5.88,-3.91,0.0,0.0,0.0,0.0,0.0,0.0
1198,140610502421504,false,1788547952.620,2,20794,-1015.33,5.61,-40.41,4.21,0.19,5.83,0.00,0.00,0.00,180.00,180.00,180.00
1199,140610502421504,true,1788547952.635417,2,20794,35.27,-116.64,15000.00,0.00,-5.82,-4.21,0.0,0.0,0.0,0.0,0.0,0.0
1199,140610502421504,false,1788547952.636,2,20796,-1014.93,9.86,-40.17,4.95,0.37,5.73,0.00,0.00,0.00,180.00,180.00,180.00
1200,140610502421504,true,1788547952.652189,2,20796,35.27,-116.64,15000.00,0.00,-5.74,-4.95,0.0,0.0,0.0,0.0,0.0,0.0
1200,140610502421504,false,1788547952.653,2,20796,-1014.70,12.06,-40.06,5.28,0.44,5.71,0.00,0.00,0.00,180.00,180.00,180.00
1201,140610502421504,true,1788547952.668727,2,20796,35.27,-116.64,15000.00,0.00,-5.73,-5.28,0.0,0.0,0.0,0.0,0.0,0.0
1201,140610502421504,false,1788547952.670,2,20798,-1014.22,15.72,-40.34,5.82,0.57,5.68,0.00,0.00,0.00,180.00,180.00,180.00
1202,140610502421504,true,1788547952.685260,2,20798,35.27,-116.64,15000.00,0.00,-5.71,-5.82,0.0,0.0,0.0,0.0,0.0,0.0
1203,140610502421504,true,1788547952.702085,2,20798,35.27,-116.64,15000.00,0.00,-5.71,-5.82,0.0,0.0,0.0,0.0,0.0,0.0
1203,140610502421504,false,1788547952.703,2,20799,-1013.43,20.81,-40.68,6.55,0.81,5.67,0.00,0.00,0.00,180.00,180.00,180.00
1204,140610502421504,true,1788547952.718680,2,20799,35.27,-116.64,15000.00,0.00,-5.72,-6.55,0.0,0.0,0.0,0.0,0.0,0.0
1205,140610502421504,true,1788547952.735295,2,20799,35.27,-116.64,15000.00,0.00,-5.72,-6.55,0.0,0.0,0.0,0.0,0.0,0.0
1205,140610502421504,false,1788547952.736,2,20800,-1012.57,24.40,-41.56,7.00,1.04,5.74,0.00,0.00,0.00,180.00,180.00,180.00
1206,140610502421504,true,1788547952.752000,2,20800,35.27,-116.64,15000.00,0.00,-5.82,-7.00,0.0,0.0,0.0,0.0,0.0,0.0
1206,140610502421504,false,1788547952.753,2,20800,-1012.25,25.01,-41.80,7.04,1.10,5.80,0.00,0.00,0.00,180.00,180.00,180.00
1207,140610502421504,true,1788547952.768650,2,20800,35.27,-116.64,15000.00,0.00,-5.89,-7.04,0.0,0.0,0.0,0.0,0.0,0.0
1207,140610502421504,false,1788547952.770,2,20802,-1011.97,25.89,-42.85,6.98,1.23,5.96,0.00,0.00,0.00,180.00,180.00,180.00
1208,140610502421504,true,1788547952.785259,2,20802,35.27,-116.64,15000.00,0.00,-6.06,-6.98,0.0,0.0,0.0,0.0,0.0,0.0
1208,140610502421504,false,1788547952.786,2,20802,-1011.66,26.03,-43.07,6.90,1.27,6.01,0.00,0.00,0.00,180.00,180.00,180.00
1209,140610502421504,true,1788547952.802537,2,20802,35.27,-116.64,15000.00,0.00,-6.12,-6.90,0.0,0.0,0.0,0.0,0.0,0.0
1209,140610502421504,false,1788547952.804,2,20804,-1011.73,25.93,-43.21,6.74,1.32,6.08,0.00,0.00,0.00,180.00,180.00,180.00
1210,140610502421504,true,1788547952.818641,2,20804,35.27,-116.64,15000.00,0.00,-6.19,-6.74,0.0,0.0,0.0,0.0,0.0,0.0
1210,140610502421504,false,1788547952.820,2,20804,-1011.56,25.78,-43.06,6.60,1.26,6.11,0.00,0.00,0.00,180.00,180.00,180.00
1211,140610502421504,true,1788547952.835291,2,20804,35.27,-116.64,15000.00,0.00,-6.22,-6.60,0.0,0.0,0.0,0.0,0.0,0.0
1211,140610502421504,false,1788547952.836,2,20806,-1011.53,25.49,-43.16,6.40,1.18,6.14,0.00,0.00,0.00,180.00,180.00,180.00
1212,140610502421504,true,1788547952.851960,2,20806,35.27,-116.64,15000.00,0.00,-6.24,-6.40,0.0,0.0,0.0,0.0,0.0,0.0
1212,140610502421504,false,1788547952.853,2,20806,-1011.38,25.16,-43.02,6.29,1.16,6.12,0.00,0.00,0.00,180.00,180.00,180.00
1213,140610502421504,true,1788547952.868645,2,20806,35.27,-116.64,15000.00,0.00,-6.21,-6.29,0.0,0.0,0.0,0.0,0.0,0.0
1213,140610502421504,false,1788547952.870,2,20808,-1011.52,24.40,-43.05,6.16,1.15,6.08,0.00,0.00,0.00,180.00,180.00,180.00
1214,140610502421504,true,1788547952.885293,2,20808,35.27,-116.64,15000.00,0.00,-6.17,-6.16,0.0,0.0,0.0,0.0,0.0,0.0
1214,140610502421504,false,1788547952.886,2,20808,-1011.42,23.99,-42.93,6.10,1.12,6.06,0.00,0.00,0.00,180.00,180.00,180.00
1215,140610502421504,true,1788547952.901974,2,20808,35.27,-116.64,15000.00,0.00,-6.15,-6.10,0.0,0.0,0.0,0.0,0.0,0.0
1215,140610502421504,false,1788547952.903,2,20810,-1011.61,23.26,-43.15,5.97,1.08,6.02,0.00,0.00,0.00,180.00,180.00,180.00
1216,140610502421504,true,1788547952.918688,2,20810,35.27,-116.64,15000.00,0.00,-6.10,-5.97,0.0,0.0,0.0,0.0,0.0,0.0
1216,140610502421504,false,1788547952.920,2,20810,-1011.52,22.89,-43.12,5.92,1.05,5.99,0.00,0.00,0.00,180.00,180.00,180.00
1217,140610502421504,true,1788547952.935339,2,20810,35.27,-116.64,15000.00,0.00,-6.07,-5.92,0.0,0.0,0.0,0.0,0.0,0.0
1217,140610502421504,false,1788547952.936,2,20812,-1011.83,22.25,-43.21,5.85,1.04,5.94,0.00,0.00,0.00,180.00,180.00,180.00
1218,140610502421504,true,1788547952.951981,2,20812,35.27,-116.64,15000.00,0.00,-6.02,-5.85,0.0,0.0,0.0,0.0,0.0,0.0
1218,140610502421504,false,1788547952.953,2,20812,-1011.87,21.94,-43.14,5.82,1.03,5.92,0.00,0.00,0.00,180.00,180.00,180.00
1219,140610502421504,true,1788547952.968636,2,20812,35.27,-116.64,15000.00,0.00,-6.00,-5.82,0.0,0.0,0.0,0.0,0.0,0.0
1219,140610502421504,false,1788547952.970,2,20814,-1012.42,21.70,-43.42,5.77,1.01,5.91,0.00,0.00,0.00,180.00,180.00,180.00
1220,140610502421504,true,1788547952.985301,2,20814,35.27,-116.64,15000.00,0.00,-5.98,-5.77,0.0,0.0,0.0,0.0,0.0,0.0
1220,140610502421504,false,1788547952.986,2,20814,-1012.38,21.66,-43.50,5.78,1.03,5.90,0.00,0.00,0.00,180.00,180.00,180.00
1221,140610502421504,true,1788547953.002021,2,20814,35.27,-116.64,15000.00,0.00,-5.97,-5.78,0.0,0.0,0.0,0.0,0.0,0.0
1221,140610502421504,false,1788547953.003,2,20816,-1012.69,21.80,-43.85,5.87,1.12,5.88,0.00,0.00,0.00,180.00,180.00,180.00
1222,140610502421504,true,1788547953.018652,2,20816,35.27,-116.64,15000.00,0.00,-5.96,-5.87,0.0,0.0,0.0,0.0,0.0,0.0
1222,140610502421504,false,1788547953.020,2,20816,-1012.58,21.94,-43.83,5.92,1.15,5.88,0.00,0.00,0.00,180.00,180.00,180.00
1223,140610502421504,true,1788547953.035270,2,20816,35.27,-116.64,15000.00,0.00,-5.97,-5.92,0.0,0.0,0.0,0.0,0.0,0.0
1223,140610502421504,false,1788547953.036,2,20818,-1012.85,22.31,-43.89,5.99,1.26,5.87,0.00,0.00,0.00,180.00,180.00,180.00
1224,140610502421504,true,1788547953.052124,2,20818,35.27,-116.64,15000.00,0.00,-5.97,-5.99,0.0,0.0,0.0,0.0,0.0,0.0
1224,140610502421504,false,1788547953.053,2,20818,-1012.74,22.25,-44.00,5.95,1.35,5.87,0.00,0.00,0.00,180.00,180.00,180.00
1225,140610502421504,true,1788547953.068853,2,20818,35.27,-116.64,15000.00,0.00,-5.98,-5.95,0.0,0.0,0.0,0.0,0.0,0.0
1225,140610502421504,false,1788547953.070,2,20820,-1012.94,22.50,-44.61,5.81,1.62,5.90,0.00,0.00,0.00,180.00,180.00,180.00
1226,140610502421504,true,1788547953.085483,2,20820,35.27,-116.64,15000.00,0.00,-6.03,-5.81,0.0,0.0,0.0,0.0,0.0,0.0
1226,140610502421504,false,1788547953.086,2,20820,-1012.73,22.32,-44.97,5.72,1.84,5.90,0.00,0.00,0.00,180.00,180.00,180.00
1227,140610502421504,true,1788547953.102357,2,20820,35.27,-116.64,15000.00,0.00,-6.05,-5.72,0.0,0.0,0.0,0.0,0.0,0.0
1227,140610502421504,false,1788547953.103,2,20822,-1012.76,22.03,-45.91,5.48,2.35,5.97,0.00,0.00,0.00,180.00,180.00,180.00
1228,140610502421504,true,1788547953.118824,2,20822,35.27,-116.64,15000.00,0.00,-6.17,-5.48,0.0,0.0,0.0,0.0,0.0,0.0
1228,140610502421504,false,1788547953.120,2,20822,-1012.57,21.69,-46.33,5.33,2.57,6.04,0.00,0.00,0.00,180.00,180.00,180.00
1229,140610502421504,true,1788547953.135476,2,20822,35.27,-116.64,15000.00,0.00,-6.25,-5.33,0.0,0.0,0.0,0.0,0.0,0.0
1229,140610502421504,false,1788547953.136,2,20824,-1012.64,20.71,-47.84,4.87,3.16,6.24,0.00,0.00,0.00,180.00,180.00,180.00
1230,140610502421504,true,1788547953.151981,2,20824,35.27,-116.64,15000.00,0.00,-6.48,-4.87,0.0,0.0,0.0,0.0,0.0,0.0
1231,140610502421504,true,1788547953.168607,2,20824,35.27,-116.64,15000.00,0.00,-6.48,-4.87,0.0,0.0,0.0,0.0,0.0,0.0
1231,140610502421504,false,1788547953.170,2,20825,-1012.80,18.46,-50.62,3.69,4.17,6.65,0.00,0.00,0.00,180.00,180.00,180.00
1232,140610502421504,true,1788547953.185930,2,20825,35.27,-116.64,15000.00,0.00,-6.90,-3.69,0.0,0.0,0.0,0.0,0.0,0.0
1232,140610502421504,false,1788547953.187,2,20825,-1012.94,17.57,-51.21,3.26,4.49,6.77,0.00,0.00,0.00,180.00,180.00,180.00
1233,140610502421504,true,1788547953.201981,2,20825,35.27,-116.64,15000.00,0.00,-7.01,-3.26,0.0,0.0,0.0,0.0,0.0,0.0
1233,140610502421504,false,1788547953.203,2,20827,-1013.81,15.82,-52.48,2.49,5.19,7.02,0.00,0.00,0.00,180.00,180.00,180.00
1234,140610502421504,true,1788547953.218670,2,20827,35.27,-116.64,15000.00,0.00,-7.23,-2.49,0.0,0.0,0.0,0.0,0.0,0.0
1234,140610502421504,false,1788547953.220,2,20827,-1014.12,14.82,-53.13,2.03,5.52,7.19,0.00,0.00,0.00,180.00,180.00,180.00
1235,140610502421504,true,1788547953.235283,2,20827,35.27,-116.64,15000.00,0.00,-7.38,-2.03,0.0,0.0,0.0,0.0,0.0,0.0
1235,140610502421504,false,1788547953.236,2,20829,-1015.62,12.35,-54.57,0.95,6.27,7.47,0.00,0.00,0.00,180.00,180.00,180.00
1236,140610502421504,true,1788547953.251981,2,20829,35.27,-116.64,15000.00,0.00,-7.57,-0.95,0.0,0.0,0.0,0.0,0.0,0.0
1236,140610502421504,false,1788547953.253,2,20829,-1016.23,10.63,-55.25,0.28,6.68,7.65,0.00,0.00,0.00,180.00,180.00,180.00
1237,140610502421504,true,1788547953.268656,2,20829,35.27,-116.64,15000.00,0.00,-7.69,-0.28,0.0,0.0,0.0,0.0,0.0,0.0
1237,140610502421504,false,1788547953.270,2,20831,-1017.94,7.37,-56.95,-1.23,7.52,8.16,0.00,0.00,0.00,180.00,180.00,180.00
1238,140610502421504,true,1788547953.285372,2,20831,35.27,-116.64,15000.00,0.00,-8.00,1.23,0.0,0.0,0.0,0.0,0.0,0.0
1238,140610502421504,false,1788547953.286,2,20831,-1018.70,5.52,-57.92,-2.04,8.01,8.46,0.00,0.00,0.00,180.00,180.00,180.00
1239,140610502421504,true,1788547953.302033,2,20831,35.27,-116.64,15000.00,0.00,-8.17,2.04,0.0,0.0,0.0,0.0,0.0,0.0
1239,140610502421504,false,1788547953.303,2,20833,-1020.87,1.59,-60.28,-3.84,9.02,9.12,0.00,0.00,0.00,180.00,180.00,180.00
1240,140610502421504,true,1788547953.318627,2,20833,35.27,-116.64,15000.00,0.00,-8.49,3.84,0.0,0.0,0.0,0.0,0.0,0.0
1240,140610502421504,false,1788547953.320,2,20833,-1021.91,-0.56,-61.35,-4.83,9.55,9.42,0.00,0.00,0.00,180.00,180.00,180.00
1241,140610502421504,true,1788547953.335329,2,20833,35.27,-116.64,15000.00,0.00,-8.58,4.83,0.0,0.0,0.0,0.0,0.0,0.0
1241,140610502421504,false,1788547953.336,2,20835,-1024.48,-3.60,-63.20,-6.77,10.73,10.07,0.00,0.00,0.00,180.00,180.00,180.00
1242,140610502421504,true,1788547953.351971,2,20835,35.27,-116.64,15000.00,0.00,-8.73,6.77,0.0,0.0,0.0,0.0,0.0,0.0
1242,140610502421504,false,1788547953.353,2,20835,-1025.61,-4.70,-64.07,-7.64,11.33,10.42,0.00,0.00,0.00,180.00,180.00,180.00
1243,140610502421504,true,1788547953.368664,2,20835,35.27,-116.64,15000.00,0.00,-8.82,7.64,0.0,0.0,0.0,0.0,0.0,0.0
1243,140610502421504,false,1788547953.370,2,20837,-1028.54,-5.90,-66.19,-9.35,12.61,11.20,0.00,0.00,0.00,180.00,180.00,180.00
1244,140610502421504,true,1788547953.385348,2,20837,35.27,-116.64,15000.00,0.00,-9.00,9.35,0.0,0.0,0.0,0.0,0.0,0.0
1244,140610502421504,false,1788547953.386,2,20837,-1030.11,-6.03,-67.67,-10.23,13.38,11.54,0.00,0.00,0.00,180.00,180.00,180.00
1245,140610502421504,true,1788547953.402018,2,20837,35.27,-116.64,15000.00,0.00,-8.99,10.23,0.0,0.0,0.0,0.0,0.0,0.0
1245,140610502421504,false,1788547953.403,2,20839,-1033.49,-5.28,-71.23,-12.22,14.77,12.68,0.00,0.00,0.00,180.00,180.00,180.00
1246,140610502421504,true,1788547953.418663,2,20839,35.27,-116.64,15000.00,0.00,-9.27,12.22,0.0,0.0,0.0,0.0,0.0,0.0
1246,140610502421504,false,1788547953.420,2,20839,-1035.23,-4.21,-73.21,-13.05,15.61,13.25,0.00,0.00,0.00,180.00,180.00,180.00
1247,140610502421504,true,1788547953.435258,2,20839,35.27,-116.64,15000.00,0.00,-9.38,13.05,0.0,0.0,0.0,0.0,0.0,0.0
1247,140610502421504,false,1788547953.436,2,20841,-1040.00,0.55,-76.31,-14.36,17.15,14.08,0.00,0.00,0.00,180.00,180.00,180.00
1248,140610502421504,true,1788547953.451976,2,20841,35.27,-116.64,15000.00,0.00,-9.39,14.36,0.0,0.0,0.0,0.0,0.0,0.0
1249,140610502421504,true,1788547953.468557,2,20841,35.27,-116.64,15000.00,0.00,-9.39,14.36,0.0,0.0,0.0,0.0,0.0,0.0
1249,140610502421504,false,1788547953.469,2,20842,-1047.67,9.54,-79.77,-16.38,20.13,15.12,0.00,0.00,0.00,180.00,180.00,180.00
1250,140610502421504,true,1788547953.485572,2,20842,35.27,-116.64,15000.00,0.00,-8.83,16.38,0.0,0.0,0.0,0.0,0.0,0.0
1250,140610502421504,false,1788547953.486,2,20842,-1050.05,13.03,-81.30,-17.19,21.30,15.67,0.00,0.00,0.00,180.00,180.00,180.00
1251,140610502421504,true,1788547953.501950,2,20842,35.27,-116.64,15000.00,0.00,-8.67,17.19,0.0,0.0,0.0,0.0,0.0,0.0
1251,140610502421504,false,1788547953.503,2,20844,-1054.73,22.14,-85.98,-18.57,23.71,16.97,0.00,0.00,0.00,180.00,180.00,180.00
1252,140610502421504,true,1788547953.518681,2,20844,35.27,-116.64,15000.00,0.00,-8.54,18.57,0.0,0.0,0.0,0.0,0.0,0.0
1252,140610502421504,false,1788547953.520,2,20844,-1056.92,26.70,-88.43,-19.39,24.78,17.66,0.00,0.00,0.00,180.00,180.00,180.00
1253,140610502421504,true,1788547953.535306,2,20844,35.27,-116.64,15000.00,0.00,-8.43,19.39,0.0,0.0,0.0,0.0,0.0,0.0
1254,140610502421504,true,1788547953.551981,2,20844,35.27,-116.64,15000.00,0.00,-8.43,19.39,0.0,0.0,0.0,0.0,0.0,0.0
1254,140610502421504,false,1788547953.553,2,20846,-1063.13,40.50,-95.11,-21.36,28.13,19.32,0.00,0.00,0.00,180.00,180.00,180.00
1255,140610502421504,true,1788547953.569211,2,20846,35.27,-116.64,15000.00,0.00,-7.75,21.36,0.0,0.0,0.0,0.0,0.0,0.0
1255,140610502421504,false,1788547953.570,2,20847,-1066.78,49.78,-99.62,-23.09,30.32,20.62,0.00,0.00,0.00,180.00,180.00,180.00
1256,140610502421504,true,1788547953.585326,2,20847,35.27,-116.64,15000.00,0.00,-7.08,23.09,0.0,0.0,0.0,0.0,0.0,0.0
1256,140610502421504,false,1788547953.586,2,20847,-1068.24,53.85,-102.17,-23.91,31.27,21.29,0.00,0.00,0.00,180.00,180.00,180.00
1257,140610502421504,true,1788547953.602021,2,20847,35.27,-116.64,15000.00,0.00,-6.79,23.91,0.0,0.0,0.0,0.0,0.0,0.0
1257,140610502421504,false,1788547953.603,2,20849,-1070.57,61.79,-106.99,-25.06,32.52,22.22,0.00,0.00,0.00,180.00,180.00,180.00
1258,140610502421504,true,1788547953.618673,2,20849,35.27,-116.64,15000.00,0.00,-6.35,25.06,0.0,0.0,0.0,0.0,0.0,0.0
1258,140610502421504,false,1788547953.620,2,20849,-1071.94,65.85,-109.39,-25.62,33.12,22.66,0.00,0.00,0.00,180.00,180.00,180.00
1259,140610502421504,true,1788547953.636002,2,20849,35.27,-116.64,15000.00,0.00,-6.11,25.62,0.0,0.0,0.0,0.0,0.0,0.0
1259,140610502421504,false,1788547953.637,2,20851,-1074.32,73.66,-114.32,-26.61,34.08,23.43,0.00,0.00,0.00,180.00,180.00,180.00
1260,140610502421504,true,1788547953.652167,2,20851,35.27,-116.64,15000.00,0.00,-5.68,26.61,0.0,0.0,0.0,0.0,0.0,0.0
1260,140610502421504,false,1788547953.653,2,20851,-1075.08,77.46,-116.95,-27.00,34.46,23.81,0.00,0.00,0.00,180.00,180.00,180.00
1261,140610502421504,true,1788547953.668776,2,20851,35.27,-116.64,15000.00,0.00,-5.57,27.00,0.0,0.0,0.0,0.0,0.0,0.0
1261,140610502421504,false,1788547953.670,2,20853,-1076.51,85.12,-123.37,-27.48,35.24,24.57,0.00,0.00,0.00,180.00,180.00,180.00
1262,140610502421504,true,1788547953.685528,2,20853,35.27,-116.64,15000.00,0.00,-5.53,27.48,0.0,0.0,0.0,0.0,0.0,0.0
1262,140610502421504,false,1788547953.686,2,20853,-1077.52,88.63,-126.01,-27.51,35.70,24.76,0.00,0.00,0.00,180.00,180.00,180.00
1263,140610502421504,true,1788547953.702231,2,20853,35.27,-116.64,15000.00,0.00,-5.47,27.51,0.0,0.0,0.0,0.0,0.0,0.0
1263,140610502421504,false,1788547953.703,2,20855,-1079.19,95.41,-130.74,-27.62,36.54,25.14,0.00,0.00,0.00,180.00,180.00,180.00
1264,140610502421504,true,1788547953.718824,2,20855,35.27,-116.64,15000.00,0.00,-5.34,27.62,0.0,0.0,0.0,0.0,0.0,0.0
1264,140610502421504,false,1788547953.720,2,20855,-1079.82,98.27,-133.38,-27.66,37.00,25.46,0.00,0.00,0.00,180.00,180.00,180.00
1265,140610502421504,true,1788547953.735320,2,20855,35.27,-116.64,15000.00,0.00,-5.38,27.66,0.0,0.0,0.0,0.0,0.0,0.0
1266,140610502421504,true,1788547953.752048,2,20855,35.27,-116.64,15000.00,0.00,-5.38,27.66,0.0,0.0,0.0,0.0,0.0,0.0
1266,140610502421504,false,1788547953.753,2,20857,-1081.75,105.96,-139.03,-27.26,38.05,25.84,0.00,0.00,0.00,180.00,180.00,180.00
1267,140610502421504,true,1788547953.768651,2,20857,35.27,-116.64,15000.00,0.00,-5.54,27.26,0.0,0.0,0.0,0.0,0.0,0.0
1267,140610502421504,false,1788547953.770,2,20858,-1082.86,109.58,-142.15,-27.06,38.52,25.85,0.00,0.00,0.00,180.00,180.00,180.00
1268,140610502421504,true,1788547953.785399,2,20858,35.27,-116.64,15000.00,0.00,-5.50,27.06,0.0,0.0,0.0,0.0,0.0,0.0
1268,140610502421504,false,1788547953.786,2,20858,-1082.95,110.40,-143.77,-27.07,38.74,25.93,0.00,0.00,0.00,180.00,180.00,180.00
1269,140610502421504,true,1788547953.802057,2,20858,35.27,-116.64,15000.00,0.00,-5.46,27.07,0.0,0.0,0.0,0.0,0.0,0.0
1269,140610502421504,false,1788547953.803,2,20860,-1082.82,111.63,-145.82,-27.19,39.18,26.18,0.00,0.00,0.00,180.00,180.00,180.00
1270,140610502421504,true,1788547953.818690,2,20860,35.27,-116.64,15000.00,0.00,-5.38,27.19,0.0,0.0,0.0,0.0,0.0,0.0
1270,140610502421504,false,1788547953.820,2,20860,-1082.48,111.44,-146.65,-27.26,39.30,26.23,0.00,0.00,0.00,180.00,180.00,180.00
1271,140610502421504,true,1788547953.835364,2,20860,35.27,-116.64,15000.00,0.00,-5.32,27.26,0.0,0.0,0.0,0.0,0.0,0.0
1271,140610502421504,false,1788547953.836,2,20862,-1081.96,111.49,-147.93,-27.32,39.44,26.24,0.00,0.00,0.00,180.00,180.00,180.00
1272,140610502421504,true,1788547953.851981,2,20862,35.27,-116.64,15000.00,0.00,-5.21,27.32,0.0,0.0,0.0,0.0,0.0,0.0
1272,140610502421504,false,1788547953.853,2,20862,-1081.59,110.92,-148.17,-27.34,39.53,26.21,0.00,0.00,0.00,180.00,180.00,180.00
1273,140610502421504,true,1788547953.868649,2,20862,35.27,-116.64,15000.00,0.00,-5.13,27.34,0.0,0.0,0.0,0.0,0.0,0.0
1273,140610502421504,false,1788547953.870,2,20864,-1080.51,109.97,-148.37,-27.49,39.70,26.21,0.00,0.00,0.00,180.00,180.00,180.00
1274,140610502421504,true,1788547953.885308,2,20864,35.27,-116.64,15000.00,0.00,-4.93,27.49,0.0,0.0,0.0,0.0,0.0,0.0
1274,140610502421504,false,1788547953.886,2,20864,-1079.77,109.50,-148.86,-27.54,39.73,26.24,0.00,0.00,0.00,180.00,180.00,180.00
1275,140610502421504,true,1788547953.902023,2,20864,35.27,-116.64,15000.00,0.00,-4.89,27.54,0.0,0.0,0.0,0.0,0.0,0.0
1275,140610502421504,false,1788547953.903,2,20866,-1078.43,108.86,-149.18,-27.47,39.71,26.09,0.00,0.00,0.00,180.00,180.00,180.00
1276,140610502421504,true,1788547953.918662,2,20866,35.27,-116.64,15000.00,0.00,-4.83,27.47,0.0,0.0,0.0,0.0,0.0,0.0
1276,140610502421504,false,1788547953.920,2,20866,-1077.76,108.33,-149.37,-27.42,39.73,25.99,0.00,0.00,0.00,180.00,180.00,180.00
1277,140610502421504,true,1788547953.935318,2,20866,35.27,-116.64,15000.00,0.00,-4.77,27.42,0.0,0.0,0.0,0.0,0.0,0.0
1277,140610502421504,false,1788547953.936,2,20868,-1075.87,107.45,-149.85,-27.51,39.66,25.95,0.00,0.00,0.00,180.00,180.00,180.00
1278,140610502421504,true,1788547953.952555,2,20868,35.27,-116.64,15000.00,0.00,-4.70,27.51,0.0,0.0,0.0,0.0,0.0,0.0
1278,140610502421504,false,1788547953.954,2,20868,-1074.77,107.01,-150.60,-27.49,39.66,25.97,0.00,0.00,0.00,180.00,180.00,180.00
1279,140610502421504,true,1788547953.968738,2,20868,35.27,-116.64,15000.00,0.00,-4.73,27.49,0.0,0.0,0.0,0.0,0.0,0.0
1279,140610502421504,false,1788547953.970,2,20870,-1073.17,106.41,-151.11,-27.38,39.64,26.02,0.00,0.00,0.00,180.00,180.00,180.00
1280,140610502421504,true,1788547953.985358,2,20870,35.27,-116.64,15000.00,0.00,-4.88,27.38,0.0,0.0,0.0,0.0,0.0,0.0
1280,140610502421504,false,1788547953.986,2,20870,-1072.43,105.96,-151.50,-27.28,39.65,25.96,0.00,0.00,0.00,180.00,180.00,180.00
1281,140610502421504,true,1788547954.001964,2,20870,35.27,-116.64,15000.00,0.00,-4.90,27.28,0.0,0.0,0.0,0.0,0.0,0.0
1281,140610502421504,false,1788547954.003,2,20872,-1071.02,104.83,-152.20,-27.17,39.49,26.03,0.00,0.00,0.00,180.00,180.00,180.00
1282,140610502421504,true,1788547954.018706,2,20872,35.27,-116.64,15000.00,0.00,-5.12,27.17,0.0,0.0,0.0,0.0,0.0,0.0
1282,140610502421504,false,1788547954.020,2,20872,-1070.59,104.22,-152.31,-26.98,39.39,25.92,0.00,0.00,0.00,180.00,180.00,180.00
1283,140610502421504,true,1788547954.035238,2,20872,35.27,-116.64,15000.00,0.00,-5.23,26.98,0.0,0.0,0.0,0.0,0.0,0.0
1283,140610502421504,false,1788547954.036,2,20874,-1069.99,102.60,-151.50,-26.78,39.33,25.72,0.00,0.00,0.00,180.00,180.00,180.00
1284,140610502421504,true,1788547954.052087,2,20874,35.27,-116.64,15000.00,0.00,-5.24,26.78,0.0,0.0,0.0,0.0,0.0,0.0
1284,140610502421504,false,1788547954.053,2,20874,-1069.58,101.61,-151.42,-26.85,39.27,25.73,0.00,0.00,0.00,180.00,180.00,180.00
1285,140610502421504,true,1788547954.068568,2,20874,35.27,-116.64,15000.00,0.00,-5.22,26.85,0.0,0.0,0.0,0.0,0.0,0.0
1286,140610502421504,true,1788547954.085519,2,20874,35.27,-116.64,15000.00,0.00,-5.22,26.85,0.0,0.0,0.0,0.0,0.0,0.0
1286,140610502421504,false,1788547954.086,2,20876,-1068.86,98.83,-150.67,-27.00,39.13,25.78,0.00,0.00,0.00,180.00,180.00,180.00
1287,140610502421504,true,1788547954.101970,2,20876,35.27,-116.64,15000.00,0.00,-5.21,27.00,0.0,0.0,0.0,0.0,0.0,0.0
1288,140610502421504,true,1788547954.118851,2,20876,35.27,-116.64,15000.00,0.00,-5.21,27.00,0.0,0.0,0.0,0.0,0.0,0.0
1288,140610502421504,false,1788547954.120,2,20877,-1068.81,95.95,-149.80,-27.40,39.09,26.00,0.00,0.00,0.00,180.00,180.00,180.00
1289,140610502421504,true,1788547954.135252,2,20877,35.27,-116.64,15000.00,0.00,-5.09,27.40,0.0,0.0,0.0,0.0,0.0,0.0
1290,140610502421504,true,1788547954.151974,2,20877,35.27,-116.64,15000.00,0.00,-5.09,27.40,0.0,0.0,0.0,0.0,0.0,0.0
1290,140610502421504,false,1788547954.153,2,20878,-1069.66,94.24,-149.47,-27.85,39.04,26.19,0.00,0.00,0.00,180.00,180.00,180.00
1291,140610502421504,true,1788547954.168849,2,20878,35.27,-116.64,15000.00,0.00,-4.92,27.85,0.0,0.0,0.0,0.0,0.0,0.0
1291,140610502421504,false,1788547954.170,2,20879,-1070.43,93.15,-149.63,-28.06,38.84,26.31,0.00,0.00,0.00,180.00,180.00,180.00
1292,140610502421504,true,1788547954.185331,2,20879,35.27,-116.64,15000.00,0.00,-4.94,28.06,0.0,0.0,0.0,0.0,0.0,0.0
1292,140610502421504,false,1788547954.186,2,20879,-1070.93,92.46,-149.59,-28.04,38.69,26.25,0.00,0.00,0.00,180.00,180.00,180.00
1293,140610502421504,true,1788547954.201979,2,20879,35.27,-116.64,15000.00,0.00,-4.98,28.04,0.0,0.0,0.0,0.0,0.0,0.0
1293,140610502421504,false,1788547954.203,2,20881,-1072.55,91.25,-148.22,-27.96,38.43,26.06,0.00,0.00,0.00,180.00,180.00,180.00
1294,140610502421504,true,1788547954.218640,2,20881,35.27,-116.64,15000.00,0.00,-5.00,27.96,0.0,0.0,0.0,0.0,0.0,0.0
1294,140610502421504,false,1788547954.220,2,20881,-1073.22,90.40,-147.70,-27.97,38.26,25.99,0.00,0.00,0.00,180.00,180.00,180.00
1295,140610502421504,true,1788547954.235254,2,20881,35.27,-116.64,15000.00,0.00,-5.01,27.97,0.0,0.0,0.0,0.0,0.0,0.0
1295,140610502421504,false,1788547954.236,2,20883,-1074.03,88.03,-145.83,-27.94,37.81,25.70,0.00,0.00,0.00,180.00,180.00,180.00
1296,140610502421504,true,1788547954.251971,2,20883,35.27,-116.64,15000.00,0.00,-4.99,27.94,0.0,0.0,0.0,0.0,0.0,0.0
1296,140610502421504,false,1788547954.253,2,20883,-1074.31,86.45,-144.36,-27.89,37.46,25.37,0.00,0.00,0.00,180.00,180.00,180.00
1297,140610502421504,true,1788547954.268613,2,20883,35.27,-116.64,15000.00,0.00,-4.89,27.89,0.0,0.0,0.0,0.0,0.0,0.0
1297,140610502421504,false,1788547954.270,2,20885,-1075.31,82.69,-139.38,-27.77,36.47,24.48,0.00,0.00,0.00,180.00,180.00,180.00
1298,140610502421504,true,1788547954.285341,2,20885,35.27,-116.64,15000.00,0.00,-4.67,27.77,0.0,0.0,0.0,0.0,0.0,0.0
1298,140610502421504,false,1788547954.286,2,20885,-1075.84,80.53,-136.91,-27.78,35.88,24.08,0.00,0.00,0.00,180.00,180.00,180.00
1299,140610502421504,true,1788547954.301973,2,20885,35.27,-116.64,15000.00,0.00,-4.58,27.78,0.0,0.0,0.0,0.0,0.0,0.0
1299,140610502421504,false,1788547954.303,2,20887,-1076.64,75.37,-131.67,-27.82,34.69,23.42,0.00,0.00,0.00,180.00,180.00,180.00
1300,140610502421504,true,1788547954.318662,2,20887,35.27,-116.64,15000.00,0.00,-4.53,27.82,0.0,0.0,0.0,0.0,0.0,0.0
1300,140610502421504,false,1788547954.320,2,20887,-1076.97,72.56,-129.45,-27.80,34.04,23.06,0.00,0.00,0.00,180.00,180.00,180.00
1301,140610502421504,true,1788547954.335872,2,20887,35.27,-116.64,15000.00,0.00,-4.52,27.80,0.0,0.0,0.0,0.0,0.0,0.0
1301,140610502421504,false,1788547954.337,2,20889,-1077.90,66.99,-123.83,-27.62,32.51,22.00,0.00,0.00,0.00,180.00,180.00,180.00
1302,140610502421504,true,1788547954.351965,2,20889,35.27,-116.64,15000.00,0.00,-4.43,27.62,0.0,0.0,0.0,0.0,0.0,0.0
1302,140610502421504,false,1788547954.353,2,20889,-1078.31,64.14,-121.08,-27.45,31.78,21.62,0.00,0.00,0.00,180.00,180.00,180.00
1303,140610502421504,true,1788547954.368644,2,20889,35.27,-116.64,15000.00,0.00,-4.54,27.45,0.0,0.0,0.0,0.0,0.0,0.0
1303,140610502421504,false,1788547954.370,2,20891,-1079.03,60.17,-115.67,-26.97,30.75,20.77,0.00,0.00,0.00,180.00,180.00,180.00
1304,140610502421504,true,1788547954.385337,2,20891,35.27,-116.64,15000.00,0.00,-4.56,26.97,0.0,0.0,0.0,0.0,0.0,0.0
1304,140610502421504,false,1788547954.386,2,20891,-1079.43,57.85,-112.09,-26.66,30.05,19.88,0.00,0.00,0.00,180.00,180.00,180.00
1305,140610502421504,true,1788547954.401965,2,20891,35.27,-116.64,15000.00,0.00,-4.28,26.66,0.0,0.0,0.0,0.0,0.0,0.0
1305,140610502421504,false,1788547954.403,2,20893,-1080.27,53.27,-104.70,-26.36,28.56,18.35,0.00,0.00,0.00,180.00,180.00,180.00
1306,140610502421504,true,1788547954.418660,2,20893,35.27,-116.64,15000.00,0.00,-3.77,26.36,0.0,0.0,0.0,0.0,0.0,0.0
1306,140610502421504,false,1788547954.420,2,20893,-1080.49,50.35,-100.97,-26.22,27.73,17.67,0.00,0.00,0.00,180.00,180.00,180.00
1307,140610502421504,true,1788547954.435303,2,20893,35.27,-116.64,15000.00,0.00,-3.60,26.22,0.0,0.0,0.0,0.0,0.0,0.0
1307,140610502421504,false,1788547954.436,2,20895,-1080.56,44.16,-94.18,-26.09,26.40,16.72,0.00,0.00,0.00,180.00,180.00,180.00
1308,140610502421504,true,1788547954.451971,2,20895,35.27,-116.64,15000.00,0.00,-3.41,26.09,0.0,0.0,0.0,0.0,0.0,0.0
1308,140610502421504,false,1788547954.453,2,20895,-1080.19,40.13,-91.48,-26.16,25.73,16.35,0.00,0.00,0.00,180.00,180.00,180.00
1309,140610502421504,true,1788547954.468628,2,20895,35.27,-116.64,15000.00,0.00,-3.33,26.16,0.0,0.0,0.0,0.0,0.0,0.0
1309,140610502421504,false,1788547954.470,2,20897,-1079.57,32.34,-86.32,-26.38,24.20,15.66,0.00,0.00,0.00,180.00,180.00,180.00
1310,140610502421504,true,1788547954.485330,2,20897,35.27,-116.64,15000.00,0.00,-3.28,26.38,0.0,0.0,0.0,0.0,0.0,0.0
1310,140610502421504,false,1788547954.486,2,20897,-1079.06,28.05,-84.36,-26.52,23.41,15.34,0.00,0.00,0.00,180.00,180.00,180.00
1311,140610502421504,true,1788547954.501974,2,20897,35.27,-116.64,15000.00,0.00,-3.27,26.52,0.0,0.0,0.0,0.0,0.0,0.0
1311,140610502421504,false,1788547954.503,2,20899,-1078.52,18.84,-78.90,-26.85,21.94,14.61,0.00,0.00,0.00,180.00,180.00,180.00
1312,140610502421504,true,1788547954.518600,2,20899,35.27,-116.64,15000.00,0.00,-3.12,26.85,0.0,0.0,0.0,0.0,0.0,0.0
1312,140610502421504,false,1788547954.520,2,20899,-1078.58,14.30,-75.88,-27.05,21.26,14.06,0.00,0.00,0.00,180.00,180.00,180.00
1313,140610502421504,true,1788547954.535295,2,20899,35.27,-116.64,15000.00,0.00,-2.86,27.05,0.0,0.0,0.0,0.0,0.0,0.0
1313,140610502421504,false,1788547954.536,2,20901,-1078.15,4.77,-69.41,-27.55,20.06,13.09,0.00,0.00,0.00,180.00,180.00,180.00
1314,140610502421504,true,1788547954.551955,2,20901,35.27,-116.64,15000.00,0.00,-2.33,27.55,0.0,0.0,0.0,0.0,0.0,0.0
1314,140610502421504,false,1788547954.553,2,20901,-1077.31,-0.42,-66.52,-27.91,19.38,12.41,0.00,0.00,0.00,180.00,180.00,180.00
1315,140610502421504,true,1788547954.568652,2,20901,35.27,-116.64,15000.00,0.00,-1.89,27.91,0.0,0.0,0.0,0.0,0.0,0.0
1315,140610502421504,false,1788547954.570,2,20903,-1075.13,-10.23,-60.78,-28.75,17.89,11.62,0.00,0.00,0.00,180.00,180.00,180.00
1316,140610502421504,true,1788547954.585334,2,20903,35.27,-116.64,15000.00,0.00,-1.59,28.75,0.0,0.0,0.0,0.0,0.0,0.0
1316,140610502421504,false,1788547954.586,2,20903,-1073.82,-15.20,-58.11,-29.19,17.26,11.21,0.00,0.00,0.00,180.00,180.00,180.00
1317,140610502421504,true,1788547954.601973,2,20903,35.27,-116.64,15000.00,0.00,-1.37,29.19,0.0,0.0,0.0,0.0,0.0,0.0
1317,140610502421504,false,1788547954.603,2,20905,-1070.89,-25.94,-51.02,-30.13,16.07,10.25,0.00,0.00,0.00,180.00,180.00,180.00
1318,140610502421504,true,1788547954.618642,2,20905,35.27,-116.64,15000.00,0.00,-0.80,30.13,0.0,0.0,0.0,0.0,0.0,0.0
1318,140610502421504,false,1788547954.620,2,20905,-1068.77,-31.47,-47.24,-30.66,15.54,9.61,0.00,0.00,0.00,180.00,180.00,180.00
1319,140610502421504,true,1788547954.635242,2,20905,35.27,-116.64,15000.00,0.00,-0.34,30.66,0.0,0.0,0.0,0.0,0.0,0.0
1319,140610502421504,false,1788547954.636,2,20907,-1064.67,-41.28,-40.33,-31.64,14.27,8.48,0.00,0.00,0.00,180.00,180.00,180.00
1320,140610502421504,true,1788547954.652088,2,20907,35.27,-116.64,15000.00,0.00,0.27,31.64,0.0,0.0,0.0,0.0,0.0,0.0
1320,140610502421504,false,1788547954.653,2,20907,-1061.58,-47.21,-36.48,-32.20,13.74,7.72,0.00,0.00,0.00,180.00,180.00,180.00
1321,140610502421504,true,1788547954.668936,2,20907,35.27,-116.64,15000.00,0.00,0.78,32.20,0.0,0.0,0.0,0.0,0.0,0.0
1322,140610502421504,true,1788547954.685583,2,20907,35.27,-116.64,15000.00,0.00,0.78,32.20,0.0,0.0,0.0,0.0,0.0,0.0
1322,140610502421504,false,1788547954.686,2,20909,-1051.51,-65.74,-26.08,-34.36,11.38,5.88,0.00,0.00,0.00,180.00,180.00,180.00
1323,140610502421504,true,1788547954.702078,2,20909,35.27,-116.64,15000.00,0.00,1.57,34.36,0.0,0.0,0.0,0.0,0.0,0.0
1323,140610502421504,false,1788547954.703,2,20910,-1045.30,-76.79,-20.82,-35.59,10.15,4.89,0.00,0.00,0.00,180.00,180.00,180.00
1324,140610502421504,true,1788547954.719373,2,20910,35.27,-116.64,15000.00,0.00,1.93,35.59,0.0,0.0,0.0,0.0,0.0,0.0
1324,140610502421504,false,1788547954.720,2,20910,-1043.16,-80.35,-19.75,-35.96,9.52,4.71,0.00,0.00,0.00,180.00,180.00,180.00
1325,140610502421504,true,1788547954.735253,2,20910,35.27,-116.64,15000.00,0.00,1.78,35.96,0.0,0.0,0.0,0.0,0.0,0.0
1326,140610502421504,true,1788547954.751982,2,20910,35.27,-116.64,15000.00,0.00,1.78,35.96,0.0,0.0,0.0,0.0,0.0,0.0
1326,140610502421504,false,1788547954.753,2,20912,-1034.75,-94.92,-14.86,-37.35,7.43,3.34,0.00,0.00,0.00,180.00,180.00,180.00
1327,140610502421504,true,1788547954.768661,2,20912,35.27,-116.64,15000.00,0.00,1.85,37.35,0.0,0.0,0.0,0.0,0.0,0.0
1327,140610502421504,false,1788547954.770,2,20913,-1030.69,-101.91,-14.04,-38.01,5.92,2.99,0.00,0.00,0.00,180.00,180.00,180.00
1328,140610502421504,true,1788547954.785292,2,20913,35.27,-116.64,15000.00,0.00,1.29,38.01,0.0,0.0,0.0,0.0,0.0,0.0
1328,140610502421504,false,1788547954.786,2,20913,-1027.90,-106.90,-13.69,-38.48,5.01,2.69,0.00,0.00,0.00,180.00,180.00,180.00
1329,140610502421504,true,1788547954.802083,2,20913,35.27,-116.64,15000.00,0.00,1.01,38.48,0.0,0.0,0.0,0.0,0.0,0.0
1329,140610502421504,false,1788547954.803,2,20915,-1024.82,-112.79,-14.58,-38.94,3.68,2.37,0.00,0.00,0.00,180.00,180.00,180.00
1330,140610502421504,true,1788547954.818769,2,20915,35.27,-116.64,15000.00,0.00,0.47,38.94,0.0,0.0,0.0,0.0,0.0,0.0
1330,140610502421504,false,1788547954.820,2,20915,-1023.93,-115.22,-15.82,-39.06,2.82,2.15,0.00,0.00,0.00,180.00,180.00,180.00
1331,140610502421504,true,1788547954.835219,2,20915,35.27,-116.64,15000.00,0.00,0.11,39.06,0.0,0.0,0.0,0.0,0.0,0.0
1332,140610502421504,true,1788547954.852149,2,20915,35.27,-116.64,15000.00,0.00,0.11,39.06,0.0,0.0,0.0,0.0,0.0,0.0
1332,140610502421504,false,1788547954.853,2,20917,-1021.20,-123.31,-22.52,-39.51,-0.66,1.17,0.00,0.00,0.00,180.00,180.00,180.00
1333,140610502421504,true,1788547954.868587,2,20917,35.27,-116.64,15000.00,0.00,-1.32,39.51,0.0,0.0,0.0,0.0,0.0,0.0
1334,140610502421504,true,1788547954.885401,2,20917,35.27,-116.64,15000.00,0.00,-1.32,39.51,0.0,0.0,0.0,0.0,0.0,0.0
1334,140610502421504,false,1788547954.886,2,20918,-1023.43,-127.12,-26.51,-38.90,-3.65,0.89,0.00,0.00,0.00,180.00,180.00,180.00
1335,140610502421504,true,1788547954.902063,2,20918,35.27,-116.64,15000.00,0.00,-2.98,38.90,0.0,0.0,0.0,0.0,0.0,0.0
1335,140610502421504,false,1788547954.903,2,20919,-1025.09,-128.53,-28.26,-37.69,-4.73,1.05,0.00,0.00,0.00,180.00,180.00,180.00
1336,140610502421504,true,1788547954.918776,2,20919,35.27,-116.64,15000.00,0.00,-3.73,37.69,0.0,0.0,0.0,0.0,0.0,0.0
1336,140610502421504,false,1788547954.920,2,20919,-1026.00,-129.19,-29.70,-37.26,-5.34,1.07,0.00,0.00,0.00,180.00,180.00,180.00
1337,140610502421504,true,1788547954.935405,2,20919,35.27,-116.64,15000.00,0.00,-4.09,37.26,0.0,0.0,0.0,0.0,0.0,0.0
1337,140610502421504,false,1788547954.936,2,20921,-1026.32,-131.33,-32.53,-36.75,-6.88,0.75,0.00,0.00,0.00,180.00,180.00,180.00
1338,140610502421504,true,1788547954.952159,2,20921,35.27,-116.64,15000.00,0.00,-4.72,36.75,0.0,0.0,0.0,0.0,0.0,0.0
1338,140610502421504,false,1788547954.953,2,20921,-1027.01,-132.18,-33.73,-36.58,-7.58,0.48,0.00,0.00,0.00,180.00,180.00,180.00
1339,140610502421504,true,1788547954.968580,2,20921,35.27,-116.64,15000.00,0.00,-4.90,36.58,0.0,0.0,0.0,0.0,0.0,0.0
1340,140610502421504,true,1788547954.985323,2,20921,35.27,-116.64,15000.00,0.00,-4.90,36.58,0.0,0.0,0.0,0.0,0.0,0.0
1340,140610502421504,false,1788547954.986,2,20923,-1025.59,-135.76,-36.95,-36.19,-9.98,-0.22,0.00,0.00,0.00,180.00,180.00,180.00
1341,140610502421504,true,1788547955.001959,2,20923,35.27,-116.64,15000.00,0.00,-5.72,36.19,0.0,0.0,0.0,0.0,0.0,0.0
1341,140610502421504,false,1788547955.003,2,20924,-1024.19,-138.78,-38.70,-36.06,-11.82,-0.99,0.00,0.00,0.00,180.00,180.00,180.00
1342,140610502421504,true,1788547955.018614,2,20924,35.27,-116.64,15000.00,0.00,-6.15,36.06,0.0,0.0,0.0,0.0,0.0,0.0
1342,140610502421504,false,1788547955.020,2,20924,-1023.59,-140.29,-39.64,-35.89,-12.75,-1.21,0.00,0.00,0.00,180.00,180.00,180.00
1343,140610502421504,true,1788547955.035279,2,20924,35.27,-116.64,15000.00,0.00,-6.49,35.89,0.0,0.0,0.0,0.0,0.0,0.0
1343,140610502421504,false,1788547955.036,2,20926,-1021.27,-143.95,-42.04,-35.63,-14.32,-1.72,0.00,0.00,0.00,180.00,180.00,180.00
1344,140610502421504,true,1788547955.051964,2,20926,35.27,-116.64,15000.00,0.00,-6.94,35.63,0.0,0.0,0.0,0.0,0.0,0.0
1344,140610502421504,false,1788547955.053,2,20926,-1020.26,-145.62,-43.69,-35.62,-15.26,-2.07,0.00,0.00,0.00,180.00,180.00,180.00
1345,140610502421504,true,1788547955.068632,2,20926,35.27,-116.64,15000.00,0.00,-7.20,35.62,0.0,0.0,0.0,0.0,0.0,0.0
1345,140610502421504,false,1788547955.070,2,20928,-1017.80,-149.16,-45.85,-35.55,-17.09,-2.61,0.00,0.00,0.00,180.00,180.00,180.00
1346,140610502421504,true,1788547955.085271,2,20928,35.27,-116.64,15000.00,0.00,-7.81,35.55,0.0,0.0,0.0,0.0,0.0,0.0
1346,140610502421504,false,1788547955.086,2,20928,-1016.76,-150.56,-47.32,-35.56,-18.00,-2.98,0.00,0.00,0.00,180.00,180.00,180.00
1347,140610502421504,true,1788547955.102534,2,20928,35.27,-116.64,15000.00,0.00,-8.04,35.56,0.0,0.0,0.0,0.0,0.0,0.0
1347,140610502421504,false,1788547955.103,2,20930,-1014.03,-153.69,-49.99,-35.53,-19.69,-3.56,0.00,0.00,0.00,180.00,180.00,180.00
1348,140610502421504,true,1788547955.118632,2,20930,35.27,-116.64,15000.00,0.00,-8.55,35.53,0.0,0.0,0.0,0.0,0.0,0.0
1348,140610502421504,false,1788547955.119,2,20930,-1013.04,-155.10,-51.26,-35.51,-20.53,-3.90,0.00,0.00,0.00,180.00,180.00,180.00
1349,140610502421504,true,1788547955.135252,2,20930,35.27,-116.64,15000.00,0.00,-8.75,35.51,0.0,0.0,0.0,0.0,0.0,0.0
1349,140610502421504,false,1788547955.136,2,20932,-1010.44,-158.32,-53.74,-35.48,-22.21,-4.68,0.00,0.00,0.00,180.00,180.00,180.00
1350,140610502421504,true,1788547955.151974,2,20932,35.27,-116.64,15000.00,0.00,-9.08,35.48,0.0,0.0,0.0,0.0,0.0,0.0
1350,140610502421504,false,1788547955.153,2,20932,-1009.52,-159.54,-55.18,-35.45,-22.98,-5.00,0.00,0.00,0.00,180.00,180.00,180.00
1351,140610502421504,true,1788547955.168834,2,20932,35.27,-116.64,15000.00,0.00,-9.26,35.45,0.0,0.0,0.0,0.0,0.0,0.0
1351,140610502421504,false,1788547955.170,2,20933,-1006.21,-163.12,-58.45,-35.50,-24.57,-5.65,0.00,0.00,0.00,180.00,180.00,180.00
1352,140610502421504,true,1788547955.185439,2,20933,35.27,-116.64,15000.00,0.00,-9.67,35.50,0.0,0.0,0.0,0.0,0.0,0.0
1352,140610502421504,false,1788547955.186,2,20934,-1005.82,-164.22,-59.35,-35.65,-25.00,-6.02,0.00,0.00,0.00,180.00,180.00,180.00
1353,140610502421504,true,1788547955.202297,2,20934,35.27,-116.64,15000.00,0.00,-9.68,35.65,0.0,0.0,0.0,0.0,0.0,0.0
1353,140610502421504,false,1788547955.203,2,20936,-1004.37,-166.14,-60.42,-35.63,-25.96,-6.63,0.00,0.00,0.00,180.00,180.00,180.00
1354,140610502421504,true,1788547955.218769,2,20936,35.27,-116.64,15000.00,0.00,-9.73,35.63,0.0,0.0,0.0,0.0,0.0,0.0
1354,140610502421504,false,1788547955.220,2,20936,-1003.71,-166.64,-61.27,-35.57,-26.49,-6.95,0.00,0.00,0.00,180.00,180.00,180.00
1355,140610502421504,true,1788547955.235391,2,20936,35.27,-116.64,15000.00,0.00,-9.75,35.57,0.0,0.0,0.0,0.0,0.0,0.0
1355,140610502421504,false,1788547955.236,2,20938,-1001.74,-167.91,-62.92,-35.44,-27.44,-7.32,0.00,0.00,0.00,180.00,180.00,180.00
1356,140610502421504,true,1788547955.251970,2,20938,35.27,-116.64,15000.00,0.00,-9.95,35.44,0.0,0.0,0.0,0.0,0.0,0.0
1357,140610502421504,true,1788547955.268831,2,20938,35.27,-116.64,15000.00,0.00,-9.95,35.44,0.0,0.0,0.0,0.0,0.0,0.0
1357,140610502421504,false,1788547955.270,2,20939,-999.89,-169.76,-63.11,-35.92,-28.72,-8.89,0.00,0.00,0.00,180.00,180.00,180.00
1358,140610502421504,true,1788547955.285238,2,20939,35.27,-116.64,15000.00,0.00,-9.66,35.92,0.0,0.0,0.0,0.0,0.0,0.0
1359,140610502421504,true,1788547955.301972,2,20939,35.27,-116.64,15000.00,0.00,-9.66,35.92,0.0,0.0,0.0,0.0,0.0,0.0
1359,140610502421504,false,1788547955.303,2,20940,-998.47,-169.94,-64.22,-35.53,-30.35,-10.01,0.00,0.00,0.00,180.00,180.00,180.00
1360,140610502421504,true,1788547955.318567,2,20940,35.27,-116.64,15000.00,0.00,-9.49,35.53,0.0,0.0,0.0,0.0,0.0,0.0
1360,140610502421504,false,1788547955.320,2,20940,-998.34,-169.51,-64.85,-35.23,-30.99,-10.14,0.00,0.00,0.00,180.00,180.00,180.00
1361,140610502421504,true,1788547955.335307,2,20940,35.27,-116.64,15000.00,0.00,-9.60,35.23,0.0,0.0,0.0,0.0,0.0,0.0
1361,140610502421504,false,1788547955.336,2,20942,-998.30,-168.62,-66.58,-34.76,-32.05,-10.59,0.00,0.00,0.00,180.00,180.00,180.00
1362,140610502421504,true,1788547955.351980,2,20942,35.27,-116.64,15000.00,0.00,-9.58,34.76,0.0,0.0,0.0,0.0,0.0,0.0
1362,140610502421504,false,1788547955.353,2,20942,-998.75,-167.74,-67.13,-34.49,-32.48,-10.72,0.00,0.00,0.00,180.00,180.00,180.00
1363,140610502421504,true,1788547955.368584,2,20942,35.27,-116.64,15000.00,0.00,-9.56,34.49,0.0,0.0,0.0,0.0,0.0,0.0
1363,140610502421504,false,1788547955.370,2,20944,-999.33,-166.21,-68.08,-33.89,-33.19,-10.86,0.00,0.00,0.00,180.00,180.00,180.00
1364,140610502421504,true,1788547955.385278,2,20944,35.27,-116.64,15000.00,0.00,-9.50,33.89,0.0,0.0,0.0,0.0,0.0,0.0
1364,140610502421504,false,1788547955.386,2,20944,-999.96,-165.06,-68.80,-33.62,-33.57,-10.91,0.00,0.00,0.00,180.00,180.00,180.00
1365,140610502421504,true,1788547955.401960,2,20944,35.27,-116.64,15000.00,0.00,-9.50,33.62,0.0,0.0,0.0,0.0,0.0,0.0
1365,140610502421504,false,1788547955.403,2,20946,-1000.47,-163.28,-70.94,-33.30,-34.45,-11.03,0.00,0.00,0.00,180.00,180.00,180.00
1366,140610502421504,true,1788547955.418645,2,20946,35.27,-116.64,15000.00,0.00,-9.69,33.30,0.0,0.0,0.0,0.0,0.0,0.0
1366,140610502421504,false,1788547955.420,2,20946,-1001.07,-161.94,-72.49,-33.14,-34.91,-11.03,0.00,0.00,0.00,180.00,180.00,180.00
1367,140610502421504,true,1788547955.435245,2,20946,35.27,-116.64,15000.00,0.00,-9.85,33.14,0.0,0.0,0.0,0.0,0.0,0.0
1367,140610502421504,false,1788547955.436,2,20948,-1001.75,-159.94,-74.69,-32.85,-35.61,-11.09,0.00,0.00,0.00,180.00,180.00,180.00
1368,140610502421504,true,1788547955.451971,2,20948,35.27,-116.64,15000.00,0.00,-10.00,32.85,0.0,0.0,0.0,0.0,0.0,0.0
1368,140610502421504,false,1788547955.453,2,20948,-1002.47,-158.54,-75.65,-32.60,-35.93,-11.06,0.00,0.00,0.00,180.00,180.00,180.00
1369,140610502421504,true,1788547955.468590,2,20948,35.27,-116.64,15000.00,0.00,-10.04,32.60,0.0,0.0,0.0,0.0,0.0,0.0
1369,140610502421504,false,1788547955.470,2,20950,-1002.95,-156.39,-77.82,-32.15,-36.47,-10.95,0.00,0.00,0.00,180.00,180.00,180.00
1370,140610502421504,true,1788547955.485869,2,20950,35.27,-116.64,15000.00,0.00,-10.13,32.15,0.0,0.0,0.0,0.0,0.0,0.0
1370,140610502421504,false,1788547955.487,2,20950,-1003.60,-154.92,-78.93,-31.94,-36.72,-10.89,0.00,0.00,0.00,180.00,180.00,180.00
1371,140610502421504,true,1788547955.501956,2,20950,35.27,-116.64,15000.00,0.00,-10.18,31.94,0.0,0.0,0.0,0.0,0.0,0.0
1371,140610502421504,false,1788547955.503,2,20952,-1003.89,-152.36,-81.36,-31.54,-37.15,-10.59,0.00,0.00,0.00,180.00,180.00,180.00
1372,140610502421504,true,1788547955.518629,2,20952,35.27,-116.64,15000.00,0.00,-10.41,31.54,0.0,0.0,0.0,0.0,0.0,0.0
1372,140610502421504,false,1788547955.520,2,20952,-1004.42,-150.74,-82.63,-31.40,-37.30,-10.40,0.00,0.00,0.00,180.00,180.00,180.00
1373,140610502421504,true,1788547955.535274,2,20952,35.27,-116.64,15000.00,0.00,-10.56,31.40,0.0,0.0,0.0,0.0,0.0,0.0
1373,140610502421504,false,1788547955.536,2,20954,-1004.64,-148.13,-84.61,-31.26,-37.52,-10.07,0.00,0.00,0.00,180.00,180.00,180.00
1374,140610502421504,true,1788547955.551982,2,20954,35.27,-116.64,15000.00,0.00,-10.86,31.26,0.0,0.0,0.0,0.0,0.0,0.0
1374,140610502421504,false,1788547955.553,2,20954,-1004.99,-146.90,-85.29,-31.22,-37.53,-9.94,0.00,0.00,0.00,180.00,180.00,180.00
1375,140610502421504,true,1788547955.568570,2,20954,35.27,-116.64,15000.00,0.00,-10.95,31.22,0.0,0.0,0.0,0.0,0.0,0.0
1375,140610502421504,false,1788547955.569,2,20956,-1004.43,-145.49,-86.06,-31.24,-37.42,-9.70,0.00,0.00,0.00,180.00,180.00,180.00
1376,140610502421504,true,1788547955.585200,2,20956,35.27,-116.64,15000.00,0.00,-11.11,31.24,0.0,0.0,0.0,0.0,0.0,0.0
1376,140610502421504,false,1788547955.586,2,20956,-1004.53,-144.67,-86.18,-31.27,-37.33,-9.66,0.00,0.00,0.00,180.00,180.00,180.00
1377,140610502421504,true,1788547955.601953,2,20956,35.27,-116.64,15000.00,0.00,-11.12,31.27,0.0,0.0,0.0,0.0,0.0,0.0
1377,140610502421504,false,1788547955.603,2,20958,-1003.57,-143.51,-86.00,-31.29,-37.10,-9.52,0.00,0.00,0.00,180.00,180.00,180.00
1378,140610502421504,true,1788547955.618574,2,20958,35.27,-116.64,15000.00,0.00,-11.14,31.29,0.0,0.0,0.0,0.0,0.0,0.0
1378,140610502421504,false,1788547955.620,2,20958,-1003.13,-142.73,-85.84,-31.31,-37.07,-9.47,0.00,0.00,0.00,180.00,180.00,180.00
1379,140610502421504,true,1788547955.635225,2,20958,35.27,-116.64,15000.00,0.00,-11.18,31.31,0.0,0.0,0.0,0.0,0.0,0.0
1379,140610502421504,false,1788547955.636,2,20960,-1001.61,-142.41,-85.87,-31.44,-36.97,-9.34,0.00,0.00,0.00,180.00,180.00,180.00
1380,140610502421504,true,1788547955.651974,2,20960,35.27,-116.64,15000.00,0.00,-11.31,31.44,0.0,0.0,0.0,0.0,0.0,0.0
1380,140610502421504,false,1788547955.653,2,20960,-1001.39,-142.53,-85.66,-31.62,-36.84,-9.41,0.00,0.00,0.00,180.00,180.00,180.00
1381,140610502421504,true,1788547955.668602,2,20960,35.27,-116.64,15000.00,0.00,-11.30,31.62,0.0,0.0,0.0,0.0,0.0,0.0
1381,140610502421504,false,1788547955.670,2,20962,-1000.17,-143.17,-84.97,-31.76,-36.72,-9.70,0.00,0.00,0.00,180.00,180.00,180.00
1382,140610502421504,true,1788547955.685286,2,20962,35.27,-116.64,15000.00,0.00,-11.08,31.76,0.0,0.0,0.0,0.0,0.0,0.0
1382,140610502421504,false,1788547955.686,2,20962,-999.64,-143.15,-84.91,-31.71,-36.76,-9.77,0.00,0.00,0.00,180.00,180.00,180.00
1383,140610502421504,true,1788547955.701954,2,20962,35.27,-116.64,15000.00,0.00,-11.02,31.71,0.0,0.0,0.0,0.0,0.0,0.0
1383,140610502421504,false,1788547955.703,2,20964,-997.65,-144.12,-84.83,-31.58,-36.66,-9.64,0.00,0.00,0.00,180.00,180.00,180.00
1384,140610502421504,true,1788547955.718910,2,20964,35.27,-116.64,15000.00,0.00,-10.99,31.58,0.0,0.0,0.0,0.0,0.0,0.0
1384,140610502421504,false,1788547955.720,2,20964,-997.08,-144.87,-84.73,-31.70,-36.64,-9.74,0.00,0.00,0.00,180.00,180.00,180.00
1385,140610502421504,true,1788547955.735223,2,20964,35.27,-116.64,15000.00,0.00,-10.96,31.70,0.0,0.0,0.0,0.0,0.0,0.0
1385,140610502421504,false,1788547955.736,2,20966,-995.22,-146.61,-84.77,-31.87,-36.74,-10.11,0.00,0.00,0.00,180.00,180.00,180.00
1386,140610502421504,true,1788547955.752155,2,20966,35.27,-116.64,15000.00,0.00,-10.81,31.87,0.0,0.0,0.0,0.0,0.0,0.0
1386,140610502421504,false,1788547955.753,2,20966,-994.35,-147.43,-85.27,-31.82,-36.77,-10.16,0.00,0.00,0.00,180.00,180.00,180.00
1387,140610502421504,true,1788547955.768606,2,20966,35.27,-116.64,15000.00,0.00,-10.75,31.82,0.0,0.0,0.0,0.0,0.0,0.0
1387,140610502421504,false,1788547955.770,2,20968,-992.18,-149.60,-86.04,-31.82,-36.81,-10.18,0.00,0.00,0.00,180.00,180.00,180.00
1388,140610502421504,true,1788547955.785239,2,20968,35.27,-116.64,15000.00,0.00,-10.75,31.82,0.0,0.0,0.0,0.0,0.0,0.0
1388,140610502421504,false,1788547955.786,2,20968,-991.60,-150.73,-86.35,-31.94,-36.90,-10.38,0.00,0.00,0.00,180.00,180.00,180.00
1389,140610502421504,true,1788547955.801974,2,20968,35.27,-116.64,15000.00,0.00,-10.72,31.94,0.0,0.0,0.0,0.0,0.0,0.0
1389,140610502421504,false,1788547955.803,2,20970,-989.74,-153.11,-87.06,-31.96,-37.02,-10.52,0.00,0.00,0.00,180.00,180.00,180.00
1390,140610502421504,true,1788547955.818631,2,20970,35.27,-116.64,15000.00,0.00,-10.67,31.96,0.0,0.0,0.0,0.0,0.0,0.0
1390,140610502421504,false,1788547955.819,2,20970,-988.96,-154.27,-87.81,-31.95,-37.06,-10.54,0.00,0.00,0.00,180.00,180.00,180.00
1391,140610502421504,true,1788547955.835441,2,20970,35.27,-116.64,15000.00,0.00,-10.67,31.95,0.0,0.0,0.0,0.0,0.0,0.0
1391,140610502421504,false,1788547955.836,2,20972,-987.17,-156.24,-88.50,-32.08,-37.21,-10.67,0.00,0.00,0.00,180.00,180.00,180.00
1392,140610502421504,true,1788547955.852629,2,20972,35.27,-116.64,15000.00,0.00,-10.72,32.08,0.0,0.0,0.0,0.0,0.0,0.0
1392,140610502421504,false,1788547955.854,2,20972,-986.66,-157.18,-88.88,-32.08,-37.25,-10.70,0.00,0.00,0.00,180.00,180.00,180.00
1393,140610502421504,true,1788547955.868729,2,20972,35.27,-116.64,15000.00,0.00,-10.72,32.08,0.0,0.0,0.0,0.0,0.0,0.0
1393,140610502421504,false,1788547955.870,2,20974,-984.94,-159.08,-89.31,-32.02,-37.29,-10.69,0.00,0.00,0.00,180.00,180.00,180.00
1394,140610502421504,true,1788547955.885499,2,20974,35.27,-116.64,15000.00,0.00,-10.71,32.02,0.0,0.0,0.0,0.0,0.0,0.0
1394,140610502421504,false,1788547955.886,2,20974,-984.38,-159.90,-89.68,-32.03,-37.31,-10.64,0.00,0.00,0.00,180.00,180.00,180.00
1395,140610502421504,true,1788547955.902077,2,20974,35.27,-116.64,15000.00,0.00,-10.76,32.03,0.0,0.0,0.0,0.0,0.0,0.0
1395,140610502421504,false,1788547955.903,2,20976,-983.06,-161.52,-89.58,-32.21,-37.27,-10.67,0.00,0.00,0.00,180.00,180.00,180.00
1396,140610502421504,true,1788547955.918812,2,20976,35.27,-116.64,15000.00,0.00,-10.84,32.21,0.0,0.0,0.0,0.0,0.0,0.0
1396,140610502421504,false,1788547955.920,2,20976,-982.89,-162.09,-89.71,-32.27,-37.26,-10.77,0.00,0.00,0.00,180.00,180.00,180.00
1397,140610502421504,true,1788547955.935449,2,20976,35.27,-116.64,15000.00,0.00,-10.79,32.27,0.0,0.0,0.0,0.0,0.0,0.0
1397,140610502421504,false,1788547955.936,2,20978,-981.80,-162.80,-90.36,-32.11,-37.38,-10.71,0.00,0.00,0.00,180.00,180.00,180.00
1398,140610502421504,true,1788547955.952126,2,20978,35.27,-116.64,15000.00,0.00,-10.80,32.11,0.0,0.0,0.0,0.0,0.0,0.0
1398,140610502421504,false,1788547955.953,2,20978,-981.36,-163.18,-91.00,-32.00,-37.40,-10.50,0.00,0.00,0.00,180.00,180.00,180.00
1399,140610502421504,true,1788547955.968736,2,20978,35.27,-116.64,15000.00,0.00,-10.91,32.00,0.0,0.0,0.0,0.0,0.0,0.0
1399,140610502421504,false,1788547955.970,2,20980,-980.15,-164.21,-91.42,-31.82,-37.15,-9.94,0.00,0.00,0.00,180.00,180.00,180.00
1400,140610502421504,true,1788547955.985533,2,20980,35.27,-116.64,15000.00,0.00,-11.15,31.82,0.0,0.0,0.0,0.0,0.0,0.0
1400,140610502421504,false,1788547955.986,2,20980,-980.37,-164.08,-91.10,-31.79,-36.89,-9.73,0.00,0.00,0.00,180.00,180.00,180.00
1401,140610502421504,true,1788547956.002093,2,20980,35.27,-116.64,15000.00,0.00,-11.17,31.79,0.0,0.0,0.0,0.0,0.0,0.0
1401,140610502421504,false,1788547956.003,2,20982,-981.05,-162.79,-89.25,-31.44,-36.40,-9.34,0.00,0.00,0.00,180.00,180.00,180.00
1402,140610502421504,true,1788547956.018653,2,20982,35.27,-116.64,15000.00,0.00,-11.02,31.44,0.0,0.0,0.0,0.0,0.0,0.0
1403,140610502421504,true,1788547956.035376,2,20982,35.27,-116.64,15000.00,0.00,-11.02,31.44,0.0,0.0,0.0,0.0,0.0,0.0
1403,140610502421504,false,1788547956.036,2,20983,-983.46,-159.32,-85.92,-30.35,-35.56,-8.43,0.00,0.00,0.00,180.00,180.00,180.00
1404,140610502421504,true,1788547956.051977,2,20983,35.27,-116.64,15000.00,0.00,-10.69,30.35,0.0,0.0,0.0,0.0,0.0,0.0
1404,140610502421504,false,1788547956.053,2,20983,-984.50,-158.03,-84.36,-29.74,-34.98,-7.87,0.00,0.00,0.00,180.00,180.00,180.00
1405,140610502421504,true,1788547956.068648,2,20983,35.27,-116.64,15000.00,0.00,-10.51,29.74,0.0,0.0,0.0,0.0,0.0,0.0
1406,140610502421504,true,1788547956.085439,2,20983,35.27,-116.64,15000.00,0.00,-10.51,29.74,0.0,0.0,0.0,0.0,0.0,0.0
1406,140610502421504,false,1788547956.086,2,20985,-987.54,-153.57,-77.56,-28.13,-32.68,-6.10,0.00,0.00,0.00,180.00,180.00,180.00
1407,140610502421504,true,1788547956.102185,2,20985,35.27,-116.64,15000.00,0.00,-10.03,28.13,0.0,0.0,0.0,0.0,0.0,0.0
1407,140610502421504,false,1788547956.103,2,20986,-989.21,-150.36,-73.63,-27.52,-31.45,-5.25,0.00,0.00,0.00,180.00,180.00,180.00
1408,140610502421504,true,1788547956.118797,2,20986,35.27,-116.64,15000.00,0.00,-9.88,27.52,0.0,0.0,0.0,0.0,0.0,0.0
1408,140610502421504,false,1788547956.120,2,20986,-990.08,-149.00,-72.14,-27.16,-30.82,-4.76,0.00,0.00,0.00,180.00,180.00,180.00
1409,140610502421504,true,1788547956.135513,2,20986,35.27,-116.64,15000.00,0.00,-9.84,27.16,0.0,0.0,0.0,0.0,0.0,0.0
1409,140610502421504,false,1788547956.136,2,20988,-991.62,-146.52,-68.30,-26.54,-29.26,-3.75,0.00,0.00,0.00,180.00,180.00,180.00
1410,140610502421504,true,1788547956.151985,2,20988,35.27,-116.64,15000.00,0.00,-9.72,26.54,0.0,0.0,0.0,0.0,0.0,0.0
1411,140610502421504,true,1788547956.168600,2,20988,35.27,-116.64,15000.00,0.00,-9.72,26.54,0.0,0.0,0.0,0.0,0.0,0.0
1411,140610502421504,false,1788547956.170,2,20989,-994.63,-142.33,-62.11,-25.68,-26.46,-2.26,0.00,0.00,0.00,180.00,180.00,180.00
1412,140610502421504,true,1788547956.185326,2,20989,35.27,-116.64,15000.00,0.00,-9.43,25.68,0.0,0.0,0.0,0.0,0.0,0.0
1412,140610502421504,false,1788547956.186,2,20989,-995.62,-140.76,-60.51,-25.51,-25.70,-1.93,0.00,0.00,0.00,180.00,180.00,180.00
1413,140610502421504,true,1788547956.201973,2,20989,35.27,-116.64,15000.00,0.00,-9.33,25.51,0.0,0.0,0.0,0.0,0.0,0.0
1413,140610502421504,false,1788547956.203,2,20991,-996.95,-137.52,-57.09,-25.09,-24.43,-1.38,0.00,0.00,0.00,180.00,180.00,180.00
1414,140610502421504,true,1788547956.218713,2,20991,35.27,-116.64,15000.00,0.00,-9.11,25.09,0.0,0.0,0.0,0.0,0.0,0.0
1414,140610502421504,false,1788547956.220,2,20991,-997.34,-136.44,-56.10,-24.93,-23.88,-1.13,0.00,0.00,0.00,180.00,180.00,180.00
1415,140610502421504,true,1788547956.235344,2,20991,35.27,-116.64,15000.00,0.00,-9.03,24.93,0.0,0.0,0.0,0.0,0.0,0.0
1415,140610502421504,false,1788547956.236,2,20993,-997.35,-135.31,-53.76,-24.73,-22.87,-0.69,0.00,0.00,0.00,180.00,180.00,180.00
1416,140610502421504,true,1788547956.252693,2,20993,35.27,-116.64,15000.00,0.00,-8.94,24.73,0.0,0.0,0.0,0.0,0.0,0.0
1416,140610502421504,false,1788547956.254,2,20993,-997.26,-134.91,-52.83,-24.82,-22.33,-0.54,0.00,0.00,0.00,180.00,180.00,180.00
1417,140610502421504,true,1788547956.268814,2,20993,35.27,-116.64,15000.00,0.00,-8.89,24.82,0.0,0.0,0.0,0.0,0.0,0.0
1417,140610502421504,false,1788547956.270,2,20995,-996.95,-133.87,-49.79,-24.92,-21.03,-0.23,0.00,0.00,0.00,180.00,180.00,180.00
1418,140610502421504,true,1788547956.285300,2,20995,35.27,-116.64,15000.00,0.00,-8.65,24.92,0.0,0.0,0.0,0.0,0.0,0.0
1419,140610502421504,true,1788547956.302127,2,20995,35.27,-116.64,15000.00,0.00,-8.65,24.92,0.0,0.0,0.0,0.0,0.0,0.0
1419,140610502421504,false,1788547956.303,2,20996,-996.49,-131.96,-44.94,-25.13,-18.99,0.29,0.00,0.00,0.00,180.00,180.00,180.00
1420,140610502421504,true,1788547956.318888,2,20996,35.27,-116.64,15000.00,0.00,-8.33,25.13,0.0,0.0,0.0,0.0,0.0,0.0
1420,140610502421504,false,1788547956.320,2,20996,-996.20,-131.31,-44.15,-25.31,-18.42,0.51,0.00,0.00,0.00,180.00,180.00,180.00
1421,140610502421504,true,1788547956.335300,2,20996,35.27,-116.64,15000.00,0.00,-8.34,25.31,0.0,0.0,0.0,0.0,0.0,0.0
1422,140610502421504,true,1788547956.352000,2,20996,35.27,-116.64,15000.00,0.00,-8.34,25.31,0.0,0.0,0.0,0.0,0.0,0.0
1422,140610502421504,false,1788547956.353,2,20998,-994.78,-128.25,-41.48,-25.79,-16.57,1.30,0.00,0.00,0.00,180.00,180.00,180.00
1423,140610502421504,true,1788547956.368659,2,20998,35.27,-116.64,15000.00,0.00,-8.38,25.79,0.0,0.0,0.0,0.0,0.0,0.0
1423,140610502421504,false,1788547956.370,2,20999,-994.03,-124.94,-38.60,-26.09,-15.03,1.96,0.00,0.00,0.00,180.00,180.00,180.00
1424,140610502421504,true,1788547956.385328,2,20999,35.27,-116.64,15000.00,0.00,-8.37,26.09,0.0,0.0,0.0,0.0,0.0,0.0
1424,140610502421504,false,1788547956.386,2,20999,-993.81,-123.07,-37.21,-26.27,-14.21,2.30,0.00,0.00,0.00,180.00,180.00,180.00
1425,140610502421504,true,1788547956.401965,2,20999,35.27,-116.64,15000.00,0.00,-8.36,26.27,0.0,0.0,0.0,0.0,0.0,0.0
1425,140610502421504,false,1788547956.403,2,21001,-993.47,-119.17,-34.18,-26.72,-12.66,2.90,0.00,0.00,0.00,180.00,180.00,180.00
1426,140610502421504,true,1788547956.418701,2,21001,35.27,-116.64,15000.00,0.00,-8.29,26.72,0.0,0.0,0.0,0.0,0.0,0.0
1426,140610502421504,false,1788547956.420,2,21001,-993.47,-116.78,-33.34,-26.78,-12.02,3.38,0.00,0.00,0.00,180.00,180.00,180.00
1427,140610502421504,true,1788547956.435356,2,21001,35.27,-116.64,15000.00,0.00,-8.43,26.78,0.0,0.0,0.0,0.0,0.0,0.0
1427,140610502421504,false,1788547956.436,2,21003,-993.76,-111.67,-31.12,-27.06,-10.48,4.00,0.00,0.00,0.00,180.00,180.00,180.00
1428,140610502421504,true,1788547956.451967,2,21003,35.27,-116.64,15000.00,0.00,-8.34,27.06,0.0,0.0,0.0,0.0,0.0,0.0
1428,140610502421504,false,1788547956.453,2,21003,-993.82,-109.72,-30.43,-27.29,-9.66,4.30,0.00,0.00,0.00,180.00,180.00,180.00
1429,140610502421504,true,1788547956.468666,2,21003,35.27,-116.64,15000.00,0.00,-8.25,27.29,0.0,0.0,0.0,0.0,0.0,0.0
1429,140610502421504,false,1788547956.470,2,21005,-993.89,-105.39,-29.08,-27.81,-8.03,5.09,0.00,0.00,0.00,180.00,180.00,180.00
1430,140610502421504,true,1788547956.485283,2,21005,35.27,-116.64,15000.00,0.00,-8.25,27.81,0.0,0.0,0.0,0.0,0.0,0.0
1430,140610502421504,false,1788547956.486,2,21005,-993.95,-103.11,-28.98,-28.03,-7.27,5.64,0.00,0.00,0.00,180.00,180.00,180.00
1431,140610502421504,true,1788547956.501965,2,21005,35.27,-116.64,15000.00,0.00,-8.39,28.03,0.0,0.0,0.0,0.0,0.0,0.0
1431,140610502421504,false,1788547956.503,2,21007,-994.31,-98.51,-28.01,-28.51,-5.98,6.35,0.00,0.00,0.00,180.00,180.00,180.00
1432,140610502421504,true,1788547956.518689,2,21007,35.27,-116.64,15000.00,0.00,-8.44,28.51,0.0,0.0,0.0,0.0,0.0,0.0
1432,140610502421504,false,1788547956.520,2,21007,-994.74,-96.13,-27.36,-28.87,-5.14,6.68,0.00,0.00,0.00,180.00,180.00,180.00
1433,140610502421504,true,1788547956.535357,2,21007,35.27,-116.64,15000.00,0.00,-8.33,28.87,0.0,0.0,0.0,0.0,0.0,0.0
1433,140610502421504,false,1788547956.536,2,21009,-995.79,-91.13,-25.46,-29.63,-3.53,7.49,0.00,0.00,0.00,180.00,180.00,180.00
1434,140610502421504,true,1788547956.551986,2,21009,35.27,-116.64,15000.00,0.00,-8.26,29.63,0.0,0.0,0.0,0.0,0.0,0.0
1434,140610502421504,false,1788547956.553,2,21009,-996.01,-89.55,-25.39,-30.08,-2.92,7.81,0.00,0.00,0.00,180.00,180.00,180.00
1435,140610502421504,true,1788547956.568697,2,21009,35.27,-116.64,15000.00,0.00,-8.22,30.08,0.0,0.0,0.0,0.0,0.0,0.0
1435,140610502421504,false,1788547956.570,2,21011,-996.05,-86.30,-25.43,-31.31,-1.68,8.50,0.00,0.00,0.00,180.00,180.00,180.00
1436,140610502421504,true,1788547956.585270,2,21011,35.27,-116.64,15000.00,0.00,-8.13,31.31,0.0,0.0,0.0,0.0,0.0,0.0
1436,140610502421504,false,1788547956.586,2,21011,-995.89,-85.09,-25.57,-31.91,-1.12,8.80,0.00,0.00,0.00,180.00,180.00,180.00
1437,140610502421504,true,1788547956.601965,2,21011,35.27,-116.64,15000.00,0.00,-8.06,31.91,0.0,0.0,0.0,0.0,0.0,0.0
1437,140610502421504,false,1788547956.603,2,21013,-995.51,-82.33,-25.57,-32.80,-0.07,9.53,0.00,0.00,0.00,180.00,180.00,180.00
1438,140610502421504,true,1788547956.618700,2,21013,35.27,-116.64,15000.00,0.00,-8.05,32.80,0.0,0.0,0.0,0.0,0.0,0.0
1438,140610502421504,false,1788547956.620,2,21013,-995.11,-81.20,-26.00,-33.13,0.41,9.83,0.00,0.00,0.00,180.00,180.00,180.00
1439,140610502421504,true,1788547956.635894,2,21013,35.27,-116.64,15000.00,0.00,-8.01,33.13,0.0,0.0,0.0,0.0,0.0,0.0
1439,140610502421504,false,1788547956.637,2,21015,-994.25,-79.28,-26.11,-33.47,0.82,10.01,0.00,0.00,0.00,180.00,180.00,180.00
1440,140610502421504,true,1788547956.652103,2,21015,35.27,-116.64,15000.00,0.00,-7.90,33.47,0.0,0.0,0.0,0.0,0.0,0.0
1440,140610502421504,false,1788547956.653,2,21015,-993.44,-79.35,-26.63,-33.73,0.93,10.00,0.00,0.00,0.00,180.00,180.00,180.00
1441,140610502421504,true,1788547956.668593,2,21015,35.27,-116.64,15000.00,0.00,-7.79,33.73,0.0,0.0,0.0,0.0,0.0,0.0
1442,140610502421504,true,1788547956.685335,2,21015,35.27,-116.64,15000.00,0.00,-7.79,33.73,0.0,0.0,0.0,0.0,0.0,0.0
1442,140610502421504,false,1788547956.686,2,21017,-990.74,-80.76,-25.96,-34.27,0.52,9.48,0.00,0.00,0.00,180.00,180.00,180.00
1443,140610502421504,true,1788547956.701973,2,21017,35.27,-116.64,15000.00,0.00,-7.54,34.27,0.0,0.0,0.0,0.0,0.0,0.0
1443,140610502421504,false,1788547956.703,2,21018,-988.61,-82.52,-25.13,-34.41,0.21,9.23,0.00,0.00,0.00,180.00,180.00,180.00
1444,140610502421504,true,1788547956.718630,2,21018,35.27,-116.64,15000.00,0.00,-7.49,34.41,0.0,0.0,0.0,0.0,0.0,0.0
1444,140610502421504,false,1788547956.719,2,21018,-987.61,-83.59,-25.38,-34.48,0.03,9.13,0.00,0.00,0.00,180.00,180.00,180.00
1445,140610502421504,true,1788547956.735432,2,21018,35.27,-116.64,15000.00,0.00,-7.51,34.48,0.0,0.0,0.0,0.0,0.0,0.0
1445,140610502421504,false,1788547956.736,2,21020,-984.52,-86.86,-24.50,-34.74,-0.54,8.75,0.00,0.00,0.00,180.00,180.00,180.00
1446,140610502421504,true,1788547956.752217,2,21020,35.27,-116.64,15000.00,0.00,-7.50,34.74,0.0,0.0,0.0,0.0,0.0,0.0
1446,140610502421504,false,1788547956.753,2,21020,-982.98,-89.08,-24.19,-34.91,-0.71,8.70,0.00,0.00,0.00,180.00,180.00,180.00
1447,140610502421504,true,1788547956.768811,2,21020,35.27,-116.64,15000.00,0.00,-7.55,34.91,0.0,0.0,0.0,0.0,0.0,0.0
1447,140610502421504,false,1788547956.770,2,21022,-979.63,-93.90,-22.80,-35.58,-0.92,8.40,0.00,0.00,0.00,180.00,180.00,180.00
1448,140610502421504,true,1788547956.785669,2,21022,35.27,-116.64,15000.00,0.00,-7.37,35.58,0.0,0.0,0.0,0.0,0.0,0.0
1449,140610502421504,true,1788547956.802166,2,21022,35.27,-116.64,15000.00,0.00,-7.37,35.58,0.0,0.0,0.0,0.0,0.0,0.0
1449,140610502421504,false,1788547956.803,2,21023,-973.10,-103.92,-22.68,-37.39,-1.76,8.08,0.00,0.00,0.00,180.00,180.00,180.00
1450,140610502421504,true,1788547956.818699,2,21023,35.27,-116.64,15000.00,0.00,-7.49,37.39,0.0,0.0,0.0,0.0,0.0,0.0
1451,140610502421504,true,1788547956.835677,2,21023,35.27,-116.64,15000.00,0.00,-7.49,37.39,0.0,0.0,0.0,0.0,0.0,0.0
1451,140610502421504,false,1788547956.837,2,21024,-964.17,-119.28,-23.59,-40.18,-2.69,7.94,0.00,0.00,0.00,180.00,180.00,180.00
1452,140610502421504,true,1788547956.852167,2,21024,35.27,-116.64,15000.00,0.00,-7.81,40.18,0.0,0.0,0.0,0.0,0.0,0.0
1452,140610502421504,false,1788547956.853,2,21024,-959.79,-126.08,-24.75,-41.50,-3.17,7.84,0.00,0.00,0.00,180.00,180.00,180.00
1453,140610502421504,true,1788547956.868792,2,21024,35.27,-116.64,15000.00,0.00,-7.97,41.50,0.0,0.0,0.0,0.0,0.0,0.0
1453,140610502421504,false,1788547956.870,2,21026,-949.51,-140.61,-27.36,-44.80,-4.29,7.46,0.00,0.00,0.00,180.00,180.00,180.00
1454,140610502421504,true,1788547956.885420,2,21026,35.27,-116.64,15000.00,0.00,-8.31,44.80,0.0,0.0,0.0,0.0,0.0,0.0
1454,140610502421504,false,1788547956.886,2,21026,-943.10,-148.92,-28.78,-46.76,-4.91,7.26,0.00,0.00,0.00,180.00,180.00,180.00
1455,140610502421504,true,1788547956.902115,2,21026,35.27,-116.64,15000.00,0.00,-8.55,46.76,0.0,0.0,0.0,0.0,0.0,0.0
1455,140610502421504,false,1788547956.903,2,21028,-928.27,-167.68,-31.09,-51.52,-6.10,6.77,0.00,0.00,0.00,180.00,180.00,180.00
1456,140610502421504,true,1788547956.918814,2,21028,35.27,-116.64,15000.00,0.00,-8.99,51.52,0.0,0.0,0.0,0.0,0.0,0.0
1456,140610502421504,false,1788547956.920,2,21028,-918.81,-177.98,-32.23,-54.19,-6.46,6.69,0.00,0.00,0.00,180.00,180.00,180.00
1457,140610502421504,true,1788547956.935432,2,21028,35.27,-116.64,15000.00,0.00,-9.16,54.19,0.0,0.0,0.0,0.0,0.0,0.0
1457,140610502421504,false,1788547956.936,2,21030,-898.77,-197.74,-34.69,-59.83,-7.44,6.14,0.00,0.00,0.00,180.00,180.00,180.00
1458,140610502421504,true,1788547956.952180,2,21030,35.27,-116.64,15000.00,0.00,-9.52,59.83,0.0,0.0,0.0,0.0,0.0,0.0
1458,140610502421504,false,1788547956.953,2,21030,-886.35,-208.44,-36.14,-63.17,-7.90,5.77,0.00,0.00,0.00,180.00,180.00,180.00
1459,140610502421504,true,1788547956.968619,2,21030,35.27,-116.64,15000.00,0.00,-9.65,63.17,0.0,0.0,0.0,0.0,0.0,0.0
1460,140610502421504,true,1788547956.985517,2,21030,35.27,-116.64,15000.00,0.00,-9.65,63.17,0.0,0.0,0.0,0.0,0.0,0.0
1460,140610502421504,false,1788547956.986,2,21032,-850.80,-232.79,-39.61,-72.06,-8.80,4.93,0.00,0.00,0.00,180.00,180.00,180.00
1461,140610502421504,true,1788547957.002116,2,21032,35.27,-116.64,15000.00,0.00,-9.89,72.06,0.0,0.0,0.0,0.0,0.0,0.0
1461,140610502421504,false,1788547957.003,2,21033,-826.25,-244.76,-42.42,-77.94,-9.27,4.20,0.00,0.00,0.00,180.00,180.00,180.00
1462,140610502421504,true,1788547957.018833,2,21033,35.27,-116.64,15000.00,0.00,-9.94,77.94,0.0,0.0,0.0,0.0,0.0,0.0
1462,140610502421504,false,1788547957.020,2,21033,-813.40,-249.73,-43.78,-80.82,-9.34,3.99,0.00,0.00,0.00,180.00,180.00,180.00
1463,140610502421504,true,1788547957.036102,2,21033,35.27,-116.64,15000.00,0.00,-9.85,80.82,0.0,0.0,0.0,0.0,0.0,0.0
1463,140610502421504,false,1788547957.037,2,21035,-789.50,-257.04,-45.12,-86.27,-9.63,3.08,0.00,0.00,0.00,180.00,180.00,180.00
1464,140610502421504,true,1788547957.052198,2,21035,35.27,-116.64,15000.00,0.00,-9.81,86.27,0.0,0.0,0.0,0.0,0.0,0.0
1464,140610502421504,false,1788547957.053,2,21035,-776.89,-260.64,-45.47,-89.02,-9.70,2.75,0.00,0.00,0.00,180.00,180.00,180.00
1465,140610502421504,true,1788547957.068620,2,21035,35.27,-116.64,15000.00,0.00,-9.75,89.02,0.0,0.0,0.0,0.0,0.0,0.0
1466,140610502421504,true,1788547957.085473,2,21035,35.27,-116.64,15000.00,0.00,-9.75,89.02,0.0,0.0,0.0,0.0,0.0,0.0
1466,140610502421504,false,1788547957.086,2,21037,-743.10,-265.23,-47.89,-96.26,-9.58,1.95,0.00,0.00,0.00,180.00,180.00,180.00
1467,140610502421504,true,1788547957.102128,2,21037,35.27,-116.64,15000.00,0.00,-9.31,96.26,0.0,0.0,0.0,0.0,0.0,0.0
1467,140610502421504,false,1788547957.103,2,21038,-720.79,-265.28,-49.11,-100.97,-9.39,1.67,0.00,0.00,0.00,180.00,180.00,180.00
1468,140610502421504,true,1788547957.118827,2,21038,35.27,-116.64,15000.00,0.00,-8.91,100.97,0.0,0.0,0.0,0.0,0.0,0.0
1468,140610502421504,false,1788547957.120,2,21038,-710.19,-264.77,-49.56,-103.19,-9.44,1.21,0.00,0.00,0.00,180.00,180.00,180.00
1469,140610502421504,true,1788547957.135273,2,21038,35.27,-116.64,15000.00,0.00,-8.92,103.19,0.0,0.0,0.0,0.0,0.0,0.0
1470,140610502421504,true,1788547957.151972,2,21038,35.27,-116.64,15000.00,0.00,-8.92,103.19,0.0,0.0,0.0,0.0,0.0,0.0
1470,140610502421504,false,1788547957.153,2,21040,-678.59,-261.35,-51.28,-109.88,-9.39,0.85,0.00,0.00,0.00,180.00,180.00,180.00
1471,140610502421504,true,1788547957.168608,2,21040,35.27,-116.64,15000.00,0.00,-8.54,109.88,0.0,0.0,0.0,0.0,0.0,0.0
1471,140610502421504,false,1788547957.169,2,21041,-664.29,-259.03,-51.67,-112.82,-9.65,0.82,0.00,0.00,0.00,180.00,180.00,180.00
1472,140610502421504,true,1788547957.185469,2,21041,35.27,-116.64,15000.00,0.00,-8.57,112.82,0.0,0.0,0.0,0.0,0.0,0.0
1472,140610502421504,false,1788547957.186,2,21041,-658.12,-257.66,-51.96,-114.05,-9.57,0.91,0.00,0.00,0.00,180.00,180.00,180.00
1473,140610502421504,true,1788547957.202121,2,21041,35.27,-116.64,15000.00,0.00,-8.36,114.05,0.0,0.0,0.0,0.0,0.0,0.0
1473,140610502421504,false,1788547957.203,2,21043,-646.23,-256.10,-52.79,-116.49,-9.33,1.10,0.00,0.00,0.00,180.00,180.00,180.00
1474,140610502421504,true,1788547957.218816,2,21043,35.27,-116.64,15000.00,0.00,-7.86,116.49,0.0,0.0,0.0,0.0,0.0,0.0
1474,140610502421504,false,1788547957.220,2,21043,-642.11,-255.65,-53.01,-117.30,-9.33,0.84,0.00,0.00,0.00,180.00,180.00,180.00
1475,140610502421504,true,1788547957.235296,2,21043,35.27,-116.64,15000.00,0.00,-7.91,117.30,0.0,0.0,0.0,0.0,0.0,0.0
1476,140610502421504,true,1788547957.252031,2,21043,35.27,-116.64,15000.00,0.00,-7.91,117.30,0.0,0.0,0.0,0.0,0.0,0.0
1476,140610502421504,false,1788547957.253,2,21045,-632.16,-254.95,-54.67,-119.04,-9.51,0.35,0.00,0.00,0.00,180.00,180.00,180.00
1477,140610502421504,true,1788547957.268695,2,21045,35.27,-116.64,15000.00,0.00,-8.14,119.04,0.0,0.0,0.0,0.0,0.0,0.0
1477,140610502421504,false,1788547957.270,2,21046,-627.03,-254.99,-54.78,-119.69,-9.64,0.33,0.00,0.00,0.00,180.00,180.00,180.00
1478,140610502421504,true,1788547957.285339,2,21046,35.27,-116.64,15000.00,0.00,-8.21,119.69,0.0,0.0,0.0,0.0,0.0,0.0
1478,140610502421504,false,1788547957.286,2,21046,-625.56,-255.40,-55.01,-119.81,-9.63,0.16,0.00,0.00,0.00,180.00,180.00,180.00
1479,140610502421504,true,1788547957.302063,2,21046,35.27,-116.64,15000.00,0.00,-8.27,119.81,0.0,0.0,0.0,0.0,0.0,0.0
1479,140610502421504,false,1788547957.303,2,21048,-622.75,-256.30,-55.62,-119.85,-9.69,-0.26,0.00,0.00,0.00,180.00,180.00,180.00
1480,140610502421504,true,1788547957.318954,2,21048,35.27,-116.64,15000.00,0.00,-8.54,119.85,0.0,0.0,0.0,0.0,0.0,0.0
1480,140610502421504,false,1788547957.320,2,21048,-621.95,-256.89,-56.05,-119.74,-9.74,-0.41,0.00,0.00,0.00,180.00,180.00,180.00
1481,140610502421504,true,1788547957.335326,2,21048,35.27,-116.64,15000.00,0.00,-8.66,119.74,0.0,0.0,0.0,0.0,0.0,0.0
1481,140610502421504,false,1788547957.336,2,21050,-620.42,-257.73,-56.00,-119.50,-9.84,-0.65,0.00,0.00,0.00,180.00,180.00,180.00
1482,140610502421504,true,1788547957.351981,2,21050,35.27,-116.64,15000.00,0.00,-8.89,119.50,0.0,0.0,0.0,0.0,0.0,0.0
1482,140610502421504,false,1788547957.353,2,21050,-619.94,-258.20,-55.94,-119.37,-9.84,-0.78,0.00,0.00,0.00,180.00,180.00,180.00
1483,140610502421504,true,1788547957.368660,2,21050,35.27,-116.64,15000.00,0.00,-8.96,119.37,0.0,0.0,0.0,0.0,0.0,0.0
1483,140610502421504,false,1788547957.370,2,21052,-618.62,-258.53,-55.03,-118.96,-10.21,-1.24,0.00,0.00,0.00,180.00,180.00,180.00
1484,140610502421504,true,1788547957.385324,2,21052,35.27,-116.64,15000.00,0.00,-9.54,118.96,0.0,0.0,0.0,0.0,0.0,0.0
1484,140610502421504,false,1788547957.386,2,21052,-618.46,-258.96,-54.38,-118.84,-9.80,-0.39,0.00,0.00,0.00,180.00,180.00,180.00
1485,140610502421504,true,1788547957.402054,2,21052,35.27,-116.64,15000.00,0.00,-8.77,118.84,0.0,0.0,0.0,0.0,0.0,0.0
1485,140610502421504,false,1788547957.403,2,21054,-618.32,-259.20,-54.12,-118.72,-9.57,-1.29,0.00,0.00,0.00,180.00,180.00,180.00
1486,140610502421504,true,1788547957.419278,2,21054,35.27,-116.64,15000.00,0.00,-9.02,118.72,0.0,0.0,0.0,0.0,0.0,0.0
1486,140610502421504,false,1788547957.420,2,21054,-617.64,-259.00,-54.09,-118.65,-9.66,-1.53,0.00,0.00,0.00,180.00,180.00,180.00
1487,140610502421504,true,1788547957.435342,2,21054,35.27,-116.64,15000.00,0.00,-9.21,118.65,0.0,0.0,0.0,0.0,0.0,0.0
1487,140610502421504,false,1788547957.436,2,21056,-616.60,-258.88,-52.89,-118.49,-9.71,-1.42,0.00,0.00,0.00,180.00,180.00,180.00
1488,140610502421504,true,1788547957.451981,2,21056,35.27,-116.64,15000.00,0.00,-9.21,118.49,0.0,0.0,0.0,0.0,0.0,0.0
1488,140610502421504,false,1788547957.453,2,21056,-616.35,-258.95,-52.33,-118.37,-9.60,-1.31,0.00,0.00,0.00,180.00,180.00,180.00
1489,140610502421504,true,1788547957.468821,2,21056,35.27,-116.64,15000.00,0.00,-9.06,118.37,0.0,0.0,0.0,0.0,0.0,0.0
1489,140610502421504,false,1788547957.470,2,21058,-616.26,-258.73,-51.81,-118.19,-9.45,-1.28,0.00,0.00,0.00,180.00,180.00,180.00
1490,140610502421504,true,1788547957.485606,2,21058,35.27,-116.64,15000.00,0.00,-8.93,118.19,0.0,0.0,0.0,0.0,0.0,0.0
1490,140610502421504,false,1788547957.486,2,21058,-615.80,-258.46,-51.52,-118.15,-9.44,-1.26,0.00,0.00,0.00,180.00,180.00,180.00
1491,140610502421504,true,1788547957.502128,2,21058,35.27,-116.64,15000.00,0.00,-8.92,118.15,0.0,0.0,0.0,0.0,0.0,0.0
1491,140610502421504,false,1788547957.503,2,21060,-616.06,-258.45,-50.90,-117.98,-9.37,-1.35,0.00,0.00,0.00,180.00,180.00,180.00
1492,140610502421504,true,1788547957.518860,2,21060,35.27,-116.64,15000.00,0.00,-8.91,117.98,0.0,0.0,0.0,0.0,0.0,0.0
1492,140610502421504,false,1788547957.520,2,21060,-616.11,-258.39,-50.54,-117.79,-9.36,-1.37,0.00,0.00,0.00,180.00,180.00,180.00
1493,140610502421504,true,1788547957.535429,2,21060,35.27,-116.64,15000.00,0.00,-8.92,117.79,0.0,0.0,0.0,0.0,0.0,0.0
1493,140610502421504,false,1788547957.536,2,21062,-616.54,-258.23,-50.35,-117.54,-9.31,-1.27,0.00,0.00,0.00,180.00,180.00,180.00
1494,140610502421504,true,1788547957.551972,2,21062,35.27,-116.64,15000.00,0.00,-8.84,117.54,0.0,0.0,0.0,0.0,0.0,0.0
1495,140610502421504,true,1788547957.568638,2,21062,35.27,-116.64,15000.00,0.00,-8.84,117.54,0.0,0.0,0.0,0.0,0.0,0.0
1495,140610502421504,false,1788547957.570,2,21063,-616.52,-257.91,-49.63,-117.24,-9.19,-1.42,0.00,0.00,0.00,180.00,180.00,180.00
1496,140610502421504,true,1788547957.585267,2,21063,35.27,-116.64,15000.00,0.00,-8.82,117.24,0.0,0.0,0.0,0.0,0.0,0.0
1496,140610502421504,false,1788547957.586,2,21063,-616.30,-257.59,-49.56,-117.12,-9.14,-1.43,0.00,0.00,0.00,180.00,180.00,180.00
1497,140610502421504,true,1788547957.601970,2,21063,35.27,-116.64,15000.00,0.00,-8.79,117.12,0.0,0.0,0.0,0.0,0.0,0.0
1497,140610502421504,false,1788547957.603,2,21065,-615.47,-257.04,-49.72,-117.03,-9.04,-1.54,0.00,0.00,0.00,180.00,180.00,180.00
1498,140610502421504,true,1788547957.618608,2,21065,35.27,-116.64,15000.00,0.00,-8.75,117.03,0.0,0.0,0.0,0.0,0.0,0.0
1498,140610502421504,false,1788547957.619,2,21065,-614.56,-256.38,-49.62,-117.06,-9.02,-1.70,0.00,0.00,0.00,180.00,180.00,180.00
1499,140610502421504,true,1788547957.635238,2,21065,35.27,-116.64,15000.00,0.00,-8.80,117.06,0.0,0.0,0.0,0.0,0.0,0.0
1500,140610502421504,true,1788547957.652091,2,21065,35.27,-116.64,15000.00,0.00,-8.80,117.06,0.0,0.0,0.0,0.0,0.0,0.0
1500,140610502421504,false,1788547957.653,2,21067,-610.88,-254.42,-50.02,-117.31,-9.00,-2.23,0.00,0.00,0.00,180.00,180.00,180.00
1501,140610502421504,true,1788547957.668596,2,21067,35.27,-116.64,15000.00,0.00,-9.02,117.31,0.0,0.0,0.0,0.0,0.0,0.0
1502,140610502421504,true,1788547957.685464,2,21067,35.27,-116.64,15000.00,0.00,-9.02,117.31,0.0,0.0,0.0,0.0,0.0,0.0
1502,140610502421504,false,1788547957.686,2,21068,-606.98,-252.39,-50.44,-117.50,-8.41,-2.64,0.00,0.00,0.00,180.00,180.00,180.00
1503,140610502421504,true,1788547957.702171,2,21068,35.27,-116.64,15000.00,0.00,-8.68,117.50,0.0,0.0,0.0,0.0,0.0,0.0
1503,140610502421504,false,1788547957.703,2,21069,-603.66,-250.97,-50.65,-117.63,-7.93,-3.89,0.00,0.00,0.00,180.00,180.00,180.00
1504,140610502421504,true,1788547957.718594,2,21069,35.27,-116.64,15000.00,0.00,-8.83,117.63,0.0,0.0,0.0,0.0,0.0,0.0
1505,140610502421504,true,1788547957.735400,2,21069,35.27,-116.64,15000.00,0.00,-8.83,117.63,0.0,0.0,0.0,0.0,0.0,0.0
1505,140610502421504,false,1788547957.736,2,21070,-598.28,-248.44,-50.69,-117.51,-6.82,-5.67,0.00,0.00,0.00,180.00,180.00,180.00
1506,140610502421504,true,1788547957.751970,2,21070,35.27,-116.64,15000.00,0.00,-8.67,117.51,0.0,0.0,0.0,0.0,0.0,0.0
1507,140610502421504,true,1788547957.768809,2,21070,35.27,-116.64,15000.00,0.00,-8.67,117.51,0.0,0.0,0.0,0.0,0.0,0.0
1507,140610502421504,false,1788547957.770,2,21071,-593.75,-246.06,-48.66,-116.59,-5.57,-8.46,0.00,0.00,0.00,180.00,180.00,180.00
1508,140610502421504,true,1788547957.785287,2,21071,35.27,-116.64,15000.00,0.00,-8.77,116.59,0.0,0.0,0.0,0.0,0.0,0.0
1509,140610502421504,true,1788547957.802181,2,21071,35.27,-116.64,15000.00,0.00,-8.77,116.59,0.0,0.0,0.0,0.0,0.0,0.0
1509,140610502421504,false,1788547957.803,2,21072,-588.00,-243.08,-47.48,-115.50,-4.29,-12.18,0.00,0.00,0.00,180.00,180.00,180.00
1510,140610502421504,true,1788547957.819314,2,21072,35.27,-116.64,15000.00,0.00,-9.12,115.50,0.0,0.0,0.0,0.0,0.0,0.0
1510,140610502421504,false,1788547957.820,2,21072,-584.75,-241.68,-47.41,-115.17,-3.97,-13.54,0.00,0.00,0.00,180.00,180.00,180.00
1511,140610502421504,true,1788547957.835710,2,21072,35.27,-116.64,15000.00,0.00,-9.35,115.17,0.0,0.0,0.0,0.0,0.0,0.0
1511,140610502421504,false,1788547957.837,2,21074,-578.50,-239.68,-47.35,-114.65,-3.47,-15.97,0.00,0.00,0.00,180.00,180.00,180.00
1512,140610502421504,true,1788547957.851946,2,21074,35.27,-116.64,15000.00,0.00,-9.82,114.65,0.0,0.0,0.0,0.0,0.0,0.0
1512,140610502421504,false,1788547957.853,2,21074,-574.99,-238.42,-47.42,-114.42,-3.31,-17.27,0.00,0.00,0.00,180.00,180.00,180.00
1513,140610502421504,true,1788547957.868598,2,21074,35.27,-116.64,15000.00,0.00,-10.16,114.42,0.0,0.0,0.0,0.0,0.0,0.0
1514,140610502421504,true,1788547957.885432,2,21074,35.27,-116.64,15000.00,0.00,-10.16,114.42,0.0,0.0,0.0,0.0,0.0,0.0
1514,140610502421504,false,1788547957.886,2,21076,-565.47,-235.42,-49.02,-113.72,-2.93,-20.80,0.00,0.00,0.00,180.00,180.00,180.00
1515,140610502421504,true,1788547957.902335,2,21076,35.27,-116.64,15000.00,0.00,-11.05,113.72,0.0,0.0,0.0,0.0,0.0,0.0
1515,140610502421504,false,1788547957.903,2,21077,-560.12,-233.31,-51.81,-113.37,-3.13,-22.98,0.00,0.00,0.00,180.00,180.00,180.00
1516,140610502421504,true,1788547957.918746,2,21077,35.27,-116.64,15000.00,0.00,-11.99,113.37,0.0,0.0,0.0,0.0,0.0,0.0
1516,140610502421504,false,1788547957.920,2,21077,-557.02,-232.19,-52.75,-113.11,-3.42,-23.86,0.00,0.00,0.00,180.00,180.00,180.00
1517,140610502421504,true,1788547957.935219,2,21077,35.27,-116.64,15000.00,0.00,-12.51,113.11,0.0,0.0,0.0,0.0,0.0,0.0
1518,140610502421504,true,1788547957.951981,2,21077,35.27,-116.64,15000.00,0.00,-12.51,113.11,0.0,0.0,0.0,0.0,0.0,0.0
1518,140610502421504,false,1788547957.953,2,21079,-549.42,-230.00,-56.69,-113.05,-2.92,-26.12,0.00,0.00,0.00,180.00,180.00,180.00
1519,140610502421504,true,1788547957.968634,2,21079,35.27,-116.64,15000.00,0.00,-12.92,113.05,0.0,0.0,0.0,0.0,0.0,0.0
1519,140610502421504,false,1788547957.970,2,21080,-544.25,-228.82,-61.46,-112.96,-3.35,-27.82,0.00,0.00,0.00,180.00,180.00,180.00
1520,140610502421504,true,1788547957.985334,2,21080,35.27,-116.64,15000.00,0.00,-13.94,112.96,0.0,0.0,0.0,0.0,0.0,0.0
1520,140610502421504,false,1788547957.986,2,21080,-541.86,-228.07,-63.67,-112.92,-3.47,-28.50,0.00,0.00,0.00,180.00,180.00,180.00
1521,140610502421504,true,1788547958.001983,2,21080,35.27,-116.64,15000.00,0.00,-14.30,112.92,0.0,0.0,0.0,0.0,0.0,0.0
1521,140610502421504,false,1788547958.003,2,21082,-538.05,-226.95,-69.80,-113.00,-3.91,-29.91,0.00,0.00,0.00,180.00,180.00,180.00
1522,140610502421504,true,1788547958.018637,2,21082,35.27,-116.64,15000.00,0.00,-15.29,113.00,0.0,0.0,0.0,0.0,0.0,0.0
1522,140610502421504,false,1788547958.020,2,21082,-536.79,-226.69,-71.68,-113.06,-4.17,-30.48,0.00,0.00,0.00,180.00,180.00,180.00
1523,140610502421504,true,1788547958.035272,2,21082,35.27,-116.64,15000.00,0.00,-15.77,113.06,0.0,0.0,0.0,0.0,0.0,0.0
1523,140610502421504,false,1788547958.036,2,21084,-534.79,-227.16,-75.11,-112.97,-4.63,-31.62,0.00,0.00,0.00,180.00,180.00,180.00
1524,140610502421504,true,1788547958.051956,2,21084,35.27,-116.64,15000.00,0.00,-16.60,112.97,0.0,0.0,0.0,0.0,0.0,0.0
1524,140610502421504,false,1788547958.053,2,21084,-534.34,-227.13,-76.65,-112.82,-4.91,-32.10,0.00,0.00,0.00,180.00,180.00,180.00
1525,140610502421504,true,1788547958.068751,2,21084,35.27,-116.64,15000.00,0.00,-16.98,112.82,0.0,0.0,0.0,0.0,0.0,0.0
1525,140610502421504,false,1788547958.070,2,21086,-533.56,-227.16,-79.87,-112.63,-5.55,-32.81,0.00,0.00,0.00,180.00,180.00,180.00
1526,140610502421504,true,1788547958.085457,2,21086,35.27,-116.64,15000.00,0.00,-17.75,112.63,0.0,0.0,0.0,0.0,0.0,0.0
1526,140610502421504,false,1788547958.086,2,21086,-533.56,-227.05,-80.92,-112.53,-5.94,-33.05,0.00,0.00,0.00,180.00,180.00,180.00
1527,140610502421504,true,1788547958.102063,2,21086,35.27,-116.64,15000.00,0.00,-18.15,112.53,0.0,0.0,0.0,0.0,0.0,0.0
1527,140610502421504,false,1788547958.103,2,21088,-533.88,-227.02,-83.26,-112.31,-6.54,-33.32,0.00,0.00,0.00,180.00,180.00,180.00
1528,140610502421504,true,1788547958.118582,2,21088,35.27,-116.64,15000.00,0.00,-18.70,112.31,0.0,0.0,0.0,0.0,0.0,0.0
1529,140610502421504,true,1788547958.135380,2,21088,35.27,-116.64,15000.00,0.00,-18.70,112.31,0.0,0.0,0.0,0.0,0.0,0.0
1529,140610502421504,false,1788547958.136,2,21089,-535.38,-226.33,-85.61,-111.94,-7.33,-33.66,0.00,0.00,0.00,180.00,180.00,180.00
1530,140610502421504,true,1788547958.152094,2,21089,35.27,-116.64,15000.00,0.00,-19.38,111.94,0.0,0.0,0.0,0.0,0.0,0.0
1530,140610502421504,false,1788547958.153,2,21089,-535.80,-226.01,-85.69,-111.82,-7.45,-33.67,0.00,0.00,0.00,180.00,180.00,180.00
1531,140610502421504,true,1788547958.168608,2,21089,35.27,-116.64,15000.00,0.00,-19.43,111.82,0.0,0.0,0.0,0.0,0.0,0.0
1532,140610502421504,true,1788547958.185320,2,21089,35.27,-116.64,15000.00,0.00,-19.43,111.82,0.0,0.0,0.0,0.0,0.0,0.0
1532,140610502421504,false,1788547958.186,2,21091,-536.35,-224.92,-86.60,-111.64,-7.37,-33.87,0.00,0.00,0.00,180.00,180.00,180.00
1533,140610502421504,true,1788547958.202535,2,21091,35.27,-116.64,15000.00,0.00,-19.34,111.64,0.0,0.0,0.0,0.0,0.0,0.0
1533,140610502421504,false,1788547958.203,2,21092,-536.08,-223.71,-87.32,-111.43,-7.27,-34.20,0.00,0.00,0.00,180.00,180.00,180.00
1534,140610502421504,true,1788547958.218585,2,21092,35.27,-116.64,15000.00,0.00,-19.26,111.43,0.0,0.0,0.0,0.0,0.0,0.0
1534,140610502421504,false,1788547958.220,2,21092,-535.99,-222.78,-87.45,-111.36,-7.27,-34.32,0.00,0.00,0.00,180.00,180.00,180.00
1535,140610502421504,true,1788547958.235286,2,21092,35.27,-116.64,15000.00,0.00,-19.28,111.36,0.0,0.0,0.0,0.0,0.0,0.0
1535,140610502421504,false,1788547958.236,2,21094,-535.12,-221.04,-87.99,-111.33,-7.16,-34.44,0.00,0.00,0.00,180.00,180.00,180.00
1536,140610502421504,true,1788547958.251960,2,21094,35.27,-116.64,15000.00,0.00,-19.20,111.33,0.0,0.0,0.0,0.0,0.0,0.0
1536,140610502421504,false,1788547958.253,2,21094,-535.03,-220.13,-87.96,-111.28,-7.02,-34.56,0.00,0.00,0.00,180.00,180.00,180.00
1537,140610502421504,true,1788547958.268658,2,21094,35.27,-116.64,15000.00,0.00,-19.08,111.28,0.0,0.0,0.0,0.0,0.0,0.0
1537,140610502421504,false,1788547958.270,2,21096,-534.89,-218.13,-87.90,-111.17,-6.82,-34.75,0.00,0.00,0.00,180.00,180.00,180.00
1538,140610502421504,true,1788547958.285277,2,21096,35.27,-116.64,15000.00,0.00,-18.91,111.17,0.0,0.0,0.0,0.0,0.0,0.0
1538,140610502421504,false,1788547958.286,2,21096,-534.94,-217.29,-87.57,-111.10,-6.71,-34.88,0.00,0.00,0.00,180.00,180.00,180.00
1539,140610502421504,true,1788547958.301978,2,21096,35.27,-116.64,15000.00,0.00,-18.82,111.10,0.0,0.0,0.0,0.0,0.0,0.0
1539,140610502421504,false,1788547958.303,2,21098,-534.76,-215.76,-87.14,-110.97,-6.57,-35.03,0.00,0.00,0.00,180.00,180.00,180.00
1540,140610502421504,true,1788547958.318632,2,21098,35.27,-116.64,15000.00,0.00,-18.66,110.97,0.0,0.0,0.0,0.0,0.0,0.0
1540,140610502421504,false,1788547958.320,2,21098,-535.15,-215.08,-86.77,-110.89,-6.46,-35.08,0.00,0.00,0.00,180.00,180.00,180.00
1541,140610502421504,true,1788547958.335302,2,21098,35.27,-116.64,15000.00,0.00,-18.54,110.89,0.0,0.0,0.0,0.0,0.0,0.0
1541,140610502421504,false,1788547958.336,2,21100,-535.60,-214.09,-86.25,-110.68,-6.36,-35.17,0.00,0.00,0.00,180.00,180.00,180.00
1542,140610502421504,true,1788547958.351979,2,21100,35.27,-116.64,15000.00,0.00,-18.37,110.68,0.0,0.0,0.0,0.0,0.0,0.0
1542,140610502421504,false,1788547958.353,2,21100,-536.00,-213.73,-85.87,-110.57,-6.35,-35.23,0.00,0.00,0.00,180.00,180.00,180.00
1543,140610502421504,true,1788547958.368909,2,21100,35.27,-116.64,15000.00,0.00,-18.33,110.57,0.0,0.0,0.0,0.0,0.0,0.0
1543,140610502421504,false,1788547958.370,2,21102,-536.13,-213.30,-85.91,-110.39,-6.31,-35.27,0.00,0.00,0.00,180.00,180.00,180.00
1544,140610502421504,true,1788547958.385313,2,21102,35.27,-116.64,15000.00,0.00,-18.20,110.39,0.0,0.0,0.0,0.0,0.0,0.0
1544,140610502421504,false,1788547958.386,2,21102,-536.50,-213.14,-85.99,-110.32,-6.29,-35.27,0.00,0.00,0.00,180.00,180.00,180.00
1545,140610502421504,true,1788547958.401973,2,21102,35.27,-116.64,15000.00,0.00,-18.15,110.32,0.0,0.0,0.0,0.0,0.0,0.0
1545,140610502421504,false,1788547958.403,2,21104,-536.73,-212.66,-86.96,-110.25,-6.29,-35.38,0.00,0.00,0.00,180.00,180.00,180.00
1546,140610502421504,true,1788547958.418660,2,21104,35.27,-116.64,15000.00,0.00,-18.15,110.25,0.0,0.0,0.0,0.0,0.0,0.0
1546,140610502421504,false,1788547958.420,2,21104,-536.93,-212.49,-87.48,-110.25,-6.33,-35.45,0.00,0.00,0.00,180.00,180.00,180.00
1547,140610502421504,true,1788547958.435312,2,21104,35.27,-116.64,15000.00,0.00,-18.21,110.25,0.0,0.0,0.0,0.0,0.0,0.0
1547,140610502421504,false,1788547958.436,2,21106,-537.01,-212.34,-88.39,-110.23,-6.46,-35.52,0.00,0.00,0.00,180.00,180.00,180.00
1548,140610502421504,true,1788547958.451973,2,21106,35.27,-116.64,15000.00,0.00,-18.35,110.23,0.0,0.0,0.0,0.0,0.0,0.0
1548,140610502421504,false,1788547958.453,2,21106,-537.43,-212.49,-88.68,-110.25,-6.48,-35.45,0.00,0.00,0.00,180.00,180.00,180.00
1549,140610502421504,true,1788547958.468660,2,21106,35.27,-116.64,15000.00,0.00,-18.35,110.25,0.0,0.0,0.0,0.0,0.0,0.0
1549,140610502421504,false,1788547958.470,2,21108,-538.20,-212.98,-88.99,-110.25,-6.53,-35.45,0.00,0.00,0.00,180.00,180.00,180.00
1550,140610502421504,true,1788547958.485326,2,21108,35.27,-116.64,15000.00,0.00,-18.40,110.25,0.0,0.0,0.0,0.0,0.0,0.0
1550,140610502421504,false,1788547958.486,2,21108,-539.01,-213.44,-88.83,-110.24,-6.61,-35.42,0.00,0.00,0.00,180.00,180.00,180.00
1551,140610502421504,true,1788547958.501965,2,21108,35.27,-116.64,15000.00,0.00,-18.45,110.24,0.0,0.0,0.0,0.0,0.0,0.0
1551,140610502421504,false,1788547958.503,2,21110,-540.64,-214.61,-88.38,-110.13,-6.81,-35.20,0.00,0.00,0.00,180.00,180.00,180.00
1552,140610502421504,true,1788547958.518618,2,21110,35.27,-116.64,15000.00,0.00,-18.51,110.13,0.0,0.0,0.0,0.0,0.0,0.0
1552,140610502421504,false,1788547958.520,2,21110,-542.10,-215.44,-88.17,-110.08,-6.98,-35.02,0.00,0.00,0.00,180.00,180.00,180.00
1553,140610502421504,true,1788547958.535309,2,21110,35.27,-116.64,15000.00,0.00,-18.58,110.08,0.0,0.0,0.0,0.0,0.0,0.0
1553,140610502421504,false,1788547958.536,2,21112,-544.39,-217.18,-87.77,-110.15,-7.40,-34.43,0.00,0.00,0.00,180.00,180.00,180.00
1554,140610502421504,true,1788547958.551984,2,21112,35.27,-116.64,15000.00,0.00,-18.80,110.15,0.0,0.0,0.0,0.0,0.0,0.0
1554,140610502421504,false,1788547958.553,2,21112,-545.65,-218.44,-87.26,-110.19,-7.72,-34.07,0.00,0.00,0.00,180.00,180.00,180.00
1555,140610502421504,true,1788547958.569330,2,21112,35.27,-116.64,15000.00,0.00,-19.01,110.19,0.0,0.0,0.0,0.0,0.0,0.0
1555,140610502421504,false,1788547958.570,2,21114,-547.30,-221.22,-84.92,-110.21,-8.35,-32.98,0.00,0.00,0.00,180.00,180.00,180.00
1556,140610502421504,true,1788547958.585419,2,21114,35.27,-116.64,15000.00,0.00,-19.23,110.21,0.0,0.0,0.0,0.0,0.0,0.0
1556,140610502421504,false,1788547958.586,2,21114,-548.34,-222.62,-83.68,-110.28,-8.52,-32.23,0.00,0.00,0.00,180.00,180.00,180.00
1557,140610502421504,true,1788547958.602074,2,21114,35.27,-116.64,15000.00,0.00,-19.16,110.28,0.0,0.0,0.0,0.0,0.0,0.0
1557,140610502421504,false,1788547958.603,2,21116,-550.34,-225.60,-80.86,-110.55,-8.94,-30.57,0.00,0.00,0.00,180.00,180.00,180.00
1558,140610502421504,true,1788547958.618751,2,21116,35.27,-116.64,15000.00,0.00,-19.10,110.55,0.0,0.0,0.0,0.0,0.0,0.0
1558,140610502421504,false,1788547958.620,2,21116,-551.83,-227.08,-79.56,-110.71,-8.98,-29.63,0.00,0.00,0.00,180.00,180.00,180.00
1559,140610502421504,true,1788547958.635493,2,21116,35.27,-116.64,15000.00,0.00,-18.88,110.71,0.0,0.0,0.0,0.0,0.0,0.0
1559,140610502421504,false,1788547958.636,2,21118,-554.40,-230.33,-75.95,-111.08,-9.20,-28.04,0.00,0.00,0.00,180.00,180.00,180.00
1560,140610502421504,true,1788547958.651939,2,21118,35.27,-116.64,15000.00,0.00,-18.67,111.08,0.0,0.0,0.0,0.0,0.0,0.0
1561,140610502421504,true,1788547958.668768,2,21118,35.27,-116.64,15000.00,0.00,-18.67,111.08,0.0,0.0,0.0,0.0,0.0,0.0
1561,140610502421504,false,1788547958.670,2,21119,-558.65,-234.87,-70.46,-111.77,-9.44,-25.40,0.00,0.00,0.00,180.00,180.00,180.00
1562,140610502421504,true,1788547958.685291,2,21119,35.27,-116.64,15000.00,0.00,-18.18,111.77,0.0,0.0,0.0,0.0,0.0,0.0
1563,140610502421504,true,1788547958.702080,2,21119,35.27,-116.64,15000.00,0.00,-18.18,111.77,0.0,0.0,0.0,0.0,0.0,0.0
1563,140610502421504,false,1788547958.703,2,21120,-566.20,-239.45,-65.75,-112.62,-9.94,-22.18,0.00,0.00,0.00,180.00,180.00,180.00
1564,140610502421504,true,1788547958.718799,2,21120,35.27,-116.64,15000.00,0.00,-17.70,112.62,0.0,0.0,0.0,0.0,0.0,0.0
1564,140610502421504,false,1788547958.720,2,21120,-569.17,-241.27,-63.82,-112.86,-10.18,-21.13,0.00,0.00,0.00,180.00,180.00,180.00
1565,140610502421504,true,1788547958.735248,2,21120,35.27,-116.64,15000.00,0.00,-17.58,112.86,0.0,0.0,0.0,0.0,0.0,0.0
1566,140610502421504,true,1788547958.752113,2,21120,35.27,-116.64,15000.00,0.00,-17.58,112.86,0.0,0.0,0.0,0.0,0.0,0.0
1566,140610502421504,false,1788547958.753,2,21122,-578.80,-247.45,-56.90,-113.54,-10.89,-17.43,0.00,0.00,0.00,180.00,180.00,180.00
1567,140610502421504,true,1788547958.768781,2,21122,35.27,-116.64,15000.00,0.00,-16.94,113.54,0.0,0.0,0.0,0.0,0.0,0.0
1567,140610502421504,false,1788547958.770,2,21123,-585.83,-251.98,-52.51,-113.90,-11.22,-14.96,0.00,0.00,0.00,180.00,180.00,180.00
1568,140610502421504,true,1788547958.785404,2,21123,35.27,-116.64,15000.00,0.00,-16.32,113.90,0.0,0.0,0.0,0.0,0.0,0.0
1568,140610502421504,false,1788547958.786,2,21123,-590.65,-254.62,-50.28,-114.01,-11.46,-13.54,0.00,0.00,0.00,180.00,180.00,180.00
1569,140610502421504,true,1788547958.802069,2,21123,35.27,-116.64,15000.00,0.00,-15.98,114.01,0.0,0.0,0.0,0.0,0.0,0.0
1569,140610502421504,false,1788547958.803,2,21125,-601.01,-260.27,-45.48,-114.13,-11.97,-10.54,0.00,0.00,0.00,180.00,180.00,180.00
1570,140610502421504,true,1788547958.818780,2,21125,35.27,-116.64,15000.00,0.00,-15.24,114.13,0.0,0.0,0.0,0.0,0.0,0.0
1570,140610502421504,false,1788547958.820,2,21125,-606.89,-263.24,-43.20,-114.18,-12.11,-8.94,0.00,0.00,0.00,180.00,180.00,180.00
1571,140610502421504,true,1788547958.835514,2,21125,35.27,-116.64,15000.00,0.00,-14.71,114.18,0.0,0.0,0.0,0.0,0.0,0.0
1571,140610502421504,false,1788547958.836,2,21127,-618.72,-269.69,-38.81,-114.22,-12.57,-6.12,0.00,0.00,0.00,180.00,180.00,180.00
1572,140610502421504,true,1788547958.852103,2,21127,35.27,-116.64,15000.00,0.00,-13.97,114.22,0.0,0.0,0.0,0.0,0.0,0.0
1572,140610502421504,false,1788547958.853,2,21127,-625.11,-273.29,-36.92,-114.13,-12.80,-4.60,0.00,0.00,0.00,180.00,180.00,180.00
1573,140610502421504,true,1788547958.869055,2,21127,35.27,-116.64,15000.00,0.00,-13.56,114.13,0.0,0.0,0.0,0.0,0.0,0.0
1573,140610502421504,false,1788547958.870,2,21129,-638.97,-281.27,-32.76,-113.69,-13.15,-1.12,0.00,0.00,0.00,180.00,180.00,180.00
1574,140610502421504,true,1788547958.885251,2,21129,35.27,-116.64,15000.00,0.00,-12.49,113.69,0.0,0.0,0.0,0.0,0.0,0.0
1574,140610502421504,false,1788547958.886,2,21129,-646.55,-285.26,-31.59,-113.42,-13.33,0.71,0.00,0.00,0.00,180.00,180.00,180.00
1575,140610502421504,true,1788547958.902109,2,21129,35.27,-116.64,15000.00,0.00,-11.95,113.42,0.0,0.0,0.0,0.0,0.0,0.0
1575,140610502421504,false,1788547958.903,2,21131,-661.40,-292.94,-30.64,-113.08,-13.63,4.46,0.00,0.00,0.00,180.00,180.00,180.00
1576,140610502421504,true,1788547958.918750,2,21131,35.27,-116.64,15000.00,0.00,-10.79,113.08,0.0,0.0,0.0,0.0,0.0,0.0
1576,140610502421504,false,1788547958.920,2,21131,-668.74,-296.85,-30.46,-112.90,-13.85,6.31,0.00,0.00,0.00,180.00,180.00,180.00
1577,140610502421504,true,1788547958.936072,2,21131,35.27,-116.64,15000.00,0.00,-10.30,112.90,0.0,0.0,0.0,0.0,0.0,0.0
1577,140610502421504,false,1788547958.937,2,21133,-683.86,-304.29,-31.30,-112.37,-14.17,10.12,0.00,0.00,0.00,180.00,180.00,180.00
1578,140610502421504,true,1788547958.952290,2,21133,35.27,-116.64,15000.00,0.00,-9.26,112.37,0.0,0.0,0.0,0.0,0.0,0.0
1578,140610502421504,false,1788547958.953,2,21133,-690.49,-306.85,-32.65,-112.30,-14.12,12.12,0.00,0.00,0.00,180.00,180.00,180.00
1579,140610502421504,true,1788547958.968774,2,21133,35.27,-116.64,15000.00,0.00,-8.46,112.30,0.0,0.0,0.0,0.0,0.0,0.0
1579,140610502421504,false,1788547958.970,2,21135,-701.71,-311.42,-35.15,-112.64,-14.31,15.29,0.00,0.00,0.00,180.00,180.00,180.00
1580,140610502421504,true,1788547958.985405,2,21135,35.27,-116.64,15000.00,0.00,-7.32,112.64,0.0,0.0,0.0,0.0,0.0,0.0
1580,140610502421504,false,1788547958.986,2,21135,-707.88,-314.28,-36.25,-112.86,-14.95,15.93,0.00,0.00,0.00,180.00,180.00,180.00
1581,140610502421504,true,1788547959.002062,2,21135,35.27,-116.64,15000.00,0.00,-7.59,112.86,0.0,0.0,0.0,0.0,0.0,0.0
1581,140610502421504,false,1788547959.003,2,21137,-720.86,-320.14,-40.27,-112.69,-14.88,19.25,0.00,0.00,0.00,180.00,180.00,180.00
1582,140610502421504,true,1788547959.018780,2,21137,35.27,-116.64,15000.00,0.00,-6.30,112.69,0.0,0.0,0.0,0.0,0.0,0.0
1582,140610502421504,false,1788547959.020,2,21137,-727.01,-322.41,-44.38,-112.50,-15.34,20.04,0.00,0.00,0.00,180.00,180.00,180.00
1583,140610502421504,true,1788547959.035277,2,21137,35.27,-116.64,15000.00,0.00,-6.50,112.50,0.0,0.0,0.0,0.0,0.0,0.0
1584,140610502421504,true,1788547959.052103,2,21137,35.27,-116.64,15000.00,0.00,-6.50,112.50,0.0,0.0,0.0,0.0,0.0,0.0
1584,140610502421504,false,1788547959.053,2,21139,-742.68,-328.25,-54.47,-111.54,-16.13,24.11,0.00,0.00,0.00,180.00,180.00,180.00
1585,140610502421504,true,1788547959.068592,2,21139,35.27,-116.64,15000.00,0.00,-6.15,111.54,0.0,0.0,0.0,0.0,0.0,0.0
1586,140610502421504,true,1788547959.085439,2,21139,35.27,-116.64,15000.00,0.00,-6.15,111.54,0.0,0.0,0.0,0.0,0.0,0.0
1586,140610502421504,false,1788547959.086,2,21140,-762.85,-337.99,-68.10,-109.44,-16.90,26.77,0.00,0.00,0.00,180.00,180.00,180.00
1587,140610502421504,true,1788547959.102111,2,21140,35.27,-116.64,15000.00,0.00,-7.03,109.44,0.0,0.0,0.0,0.0,0.0,0.0
1587,140610502421504,false,1788547959.103,2,21141,-774.34,-343.82,-78.70,-107.87,-17.68,28.62,0.00,0.00,0.00,180.00,180.00,180.00
1588,140610502421504,true,1788547959.118607,2,21141,35.27,-116.64,15000.00,0.00,-8.05,107.87,0.0,0.0,0.0,0.0,0.0,0.0
1589,140610502421504,true,1788547959.135500,2,21141,35.27,-116.64,15000.00,0.00,-8.05,107.87,0.0,0.0,0.0,0.0,0.0,0.0
1589,140610502421504,false,1788547959.136,2,21142,-791.66,-353.81,-97.84,-105.28,-19.05,30.71,0.00,0.00,0.00,180.00,180.00,180.00
1590,140610502421504,true,1788547959.151982,2,21142,35.27,-116.64,15000.00,0.00,-10.28,105.28,0.0,0.0,0.0,0.0,0.0,0.0
1591,140610502421504,true,1788547959.168778,2,21142,35.27,-116.64,15000.00,0.00,-10.28,105.28,0.0,0.0,0.0,0.0,0.0,0.0
1591,140610502421504,false,1788547959.170,2,21143,-802.71,-360.34,-112.25,-103.45,-20.12,33.09,0.00,0.00,0.00,180.00,180.00,180.00
1592,140610502421504,true,1788547959.185259,2,21143,35.27,-116.64,15000.00,0.00,-11.87,103.45,0.0,0.0,0.0,0.0,0.0,0.0
1593,140610502421504,true,1788547959.201961,2,21143,35.27,-116.64,15000.00,0.00,-11.87,103.45,0.0,0.0,0.0,0.0,0.0,0.0
1593,140610502421504,false,1788547959.203,2,21144,-815.69,-368.31,-122.32,-102.03,-21.01,34.78,0.00,0.00,0.00,180.00,180.00,180.00
1594,140610502421504,true,1788547959.218639,2,21144,35.27,-116.64,15000.00,0.00,-13.30,102.03,0.0,0.0,0.0,0.0,0.0,0.0
1594,140610502421504,false,1788547959.220,2,21144,-819.85,-370.79,-125.93,-101.37,-21.03,35.71,0.00,0.00,0.00,180.00,180.00,180.00
1595,140610502421504,true,1788547959.235253,2,21144,35.27,-116.64,15000.00,0.00,-13.57,101.37,0.0,0.0,0.0,0.0,0.0,0.0
1595,140610502421504,false,1788547959.236,2,21146,-827.94,-375.19,-132.16,-100.21,-20.79,37.32,0.00,0.00,0.00,180.00,180.00,180.00
1596,140610502421504,true,1788547959.252164,2,21146,35.27,-116.64,15000.00,0.00,-13.84,100.21,0.0,0.0,0.0,0.0,0.0,0.0
1596,140610502421504,false,1788547959.253,2,21146,-831.26,-377.22,-134.89,-99.82,-20.70,37.74,0.00,0.00,0.00,180.00,180.00,180.00
1597,140610502421504,true,1788547959.268564,2,21146,35.27,-116.64,15000.00,0.00,-13.97,99.82,0.0,0.0,0.0,0.0,0.0,0.0
1598,140610502421504,true,1788547959.285420,2,21146,35.27,-116.64,15000.00,0.00,-13.97,99.82,0.0,0.0,0.0,0.0,0.0,0.0
1598,140610502421504,false,1788547959.286,2,21148,-841.40,-382.71,-142.64,-98.72,-20.76,38.35,0.00,0.00,0.00,180.00,180.00,180.00
1599,140610502421504,true,1788547959.302065,2,21148,35.27,-116.64,15000.00,0.00,-14.71,98.72,0.0,0.0,0.0,0.0,0.0,0.0
1599,140610502421504,false,1788547959.303,2,21149,-845.87,-385.47,-147.67,-97.84,-20.77,39.20,0.00,0.00,0.00,180.00,180.00,180.00
1600,140610502421504,true,1788547959.319318,2,21149,35.27,-116.64,15000.00,0.00,-15.23,97.84,0.0,0.0,0.0,0.0,0.0,0.0
1600,140610502421504,false,1788547959.320,2,21149,-847.45,-386.88,-150.30,-97.55,-20.90,39.46,0.00,0.00,0.00,180.00,180.00,180.00
1601,140610502421504,true,1788547959.335400,2,21149,35.27,-116.64,15000.00,0.00,-15.53,97.55,0.0,0.0,0.0,0.0,0.0,0.0
1601,140610502421504,false,1788547959.336,2,21151,-850.09,-389.21,-153.67,-97.28,-21.27,39.69,0.00,0.00,0.00,180.00,180.00,180.00
1602,140610502421504,true,1788547959.352143,2,21151,35.27,-116.64,15000.00,0.00,-16.06,97.28,0.0,0.0,0.0,0.0,0.0,0.0
1602,140610502421504,false,1788547959.353,2,21151,-850.32,-389.93,-155.17,-97.22,-21.41,39.89,0.00,0.00,0.00,180.00,180.00,180.00
1603,140610502421504,true,1788547959.368585,2,21151,35.27,-116.64,15000.00,0.00,-16.23,97.22,0.0,0.0,0.0,0.0,0.0,0.0
1604,140610502421504,true,1788547959.385292,2,21151,35.27,-116.64,15000.00,0.00,-16.23,97.22,0.0,0.0,0.0,0.0,0.0,0.0
1604,140610502421504,false,1788547959.386,2,21153,-849.78,-392.21,-156.93,-97.32,-21.87,40.49,0.00,0.00,0.00,180.00,180.00,180.00
1605,140610502421504,true,1788547959.402170,2,21153,35.27,-116.64,15000.00,0.00,-16.53,97.32,0.0,0.0,0.0,0.0,0.0,0.0
1605,140610502421504,false,1788547959.403,2,21154,-849.37,-393.62,-156.76,-97.51,-21.87,40.78,0.00,0.00,0.00,180.00,180.00,180.00
1606,140610502421504,true,1788547959.418629,2,21154,35.27,-116.64,15000.00,0.00,-16.35,97.51,0.0,0.0,0.0,0.0,0.0,0.0
1606,140610502421504,false,1788547959.420,2,21154,-848.27,-393.70,-156.75,-97.72,-21.84,40.83,0.00,0.00,0.00,180.00,180.00,180.00
1607,140610502421504,true,1788547959.435250,2,21154,35.27,-116.64,15000.00,0.00,-16.16,97.72,0.0,0.0,0.0,0.0,0.0,0.0
1607,140610502421504,false,1788547959.436,2,21156,-846.61,-393.47,-156.24,-98.14,-22.05,40.67,0.00,0.00,0.00,180.00,180.00,180.00
1608,140610502421504,true,1788547959.451969,2,21156,35.27,-116.64,15000.00,0.00,-16.07,98.14,0.0,0.0,0.0,0.0,0.0,0.0
1609,140610502421504,true,1788547959.468611,2,21156,35.27,-116.64,15000.00,0.00,-16.07,98.14,0.0,0.0,0.0,0.0,0.0,0.0
1609,140610502421504,false,1788547959.470,2,21157,-844.53,-392.64,-154.16,-98.28,-22.17,40.72,0.00,0.00,0.00,180.00,180.00,180.00
1610,140610502421504,true,1788547959.485284,2,21157,35.27,-116.64,15000.00,0.00,-16.07,98.28,0.0,0.0,0.0,0.0,0.0,0.0
1610,140610502421504,false,1788547959.486,2,21157,-843.64,-392.09,-153.10,-98.37,-21.99,40.75,0.00,0.00,0.00,180.00,180.00,180.00
1611,140610502421504,true,1788547959.501962,2,21157,35.27,-116.64,15000.00,0.00,-15.83,98.37,0.0,0.0,0.0,0.0,0.0,0.0
1611,140610502421504,false,1788547959.503,2,21159,-842.56,-390.75,-150.87,-98.56,-21.85,40.30,0.00,0.00,0.00,180.00,180.00,180.00
1612,140610502421504,true,1788547959.518672,2,21159,35.27,-116.64,15000.00,0.00,-15.61,98.56,0.0,0.0,0.0,0.0,0.0,0.0
1612,140610502421504,false,1788547959.520,2,21159,-841.83,-389.96,-150.23,-98.55,-21.78,40.23,0.00,0.00,0.00,180.00,180.00,180.00
1613,140610502421504,true,1788547959.535269,2,21159,35.27,-116.64,15000.00,0.00,-15.56,98.55,0.0,0.0,0.0,0.0,0.0,0.0
1613,140610502421504,false,1788547959.536,2,21161,-841.04,-388.45,-148.02,-98.53,-21.70,39.99,0.00,0.00,0.00,180.00,180.00,180.00
1614,140610502421504,true,1788547959.551981,2,21161,35.27,-116.64,15000.00,0.00,-15.53,98.53,0.0,0.0,0.0,0.0,0.0,0.0
1614,140610502421504,false,1788547959.553,2,21161,-840.20,-387.65,-147.05,-98.58,-21.58,39.90,0.00,0.00,0.00,180.00,180.00,180.00
1615,140610502421504,true,1788547959.568658,2,21161,35.27,-116.64,15000.00,0.00,-15.39,98.58,0.0,0.0,0.0,0.0,0.0,0.0
1615,140610502421504,false,1788547959.570,2,21163,-839.31,-386.37,-144.59,-98.69,-21.50,39.70,0.00,0.00,0.00,180.00,180.00,180.00
1616,140610502421504,true,1788547959.585278,2,21163,35.27,-116.64,15000.00,0.00,-15.25,98.69,0.0,0.0,0.0,0.0,0.0,0.0
1616,140610502421504,false,1788547959.586,2,21163,-838.49,-385.65,-143.65,-98.76,-21.42,39.60,0.00,0.00,0.00,180.00,180.00,180.00
1617,140610502421504,true,1788547959.601973,2,21163,35.27,-116.64,15000.00,0.00,-15.14,98.76,0.0,0.0,0.0,0.0,0.0,0.0
1617,140610502421504,false,1788547959.603,2,21165,-837.47,-384.33,-141.71,-98.93,-21.26,39.48,0.00,0.00,0.00,180.00,180.00,180.00
1618,140610502421504,true,1788547959.618663,2,21165,35.27,-116.64,15000.00,0.00,-14.87,98.93,0.0,0.0,0.0,0.0,0.0,0.0
1618,140610502421504,false,1788547959.620,2,21165,-836.56,-383.62,-140.86,-99.06,-21.28,39.31,0.00,0.00,0.00,180.00,180.00,180.00
1619,140610502421504,true,1788547959.635313,2,21165,35.27,-116.64,15000.00,0.00,-14.83,99.06,0.0,0.0,0.0,0.0,0.0,0.0
1619,140610502421504,false,1788547959.636,2,21167,-835.53,-382.66,-138.54,-99.23,-21.19,39.06,0.00,0.00,0.00,180.00,180.00,180.00
1620,140610502421504,true,1788547959.652026,2,21167,35.27,-116.64,15000.00,0.00,-14.66,99.23,0.0,0.0,0.0,0.0,0.0,0.0
1620,140610502421504,false,1788547959.653,2,21167,-835.04,-382.26,-137.80,-99.23,-21.11,38.94,0.00,0.00,0.00,180.00,180.00,180.00
1621,140610502421504,true,1788547959.668632,2,21167,35.27,-116.64,15000.00,0.00,-14.59,99.23,0.0,0.0,0.0,0.0,0.0,0.0
1621,140610502421504,false,1788547959.670,2,21169,-834.80,-381.78,-135.63,-99.37,-21.01,38.59,0.00,0.00,0.00,180.00,180.00,180.00
1622,140610502421504,true,1788547959.685309,2,21169,35.27,-116.64,15000.00,0.00,-14.45,99.37,0.0,0.0,0.0,0.0,0.0,0.0
1622,140610502421504,false,1788547959.686,2,21169,-834.43,-381.23,-134.92,-99.48,-20.92,38.47,0.00,0.00,0.00,180.00,180.00,180.00
1623,140610502421504,true,1788547959.701975,2,21169,35.27,-116.64,15000.00,0.00,-14.30,99.48,0.0,0.0,0.0,0.0,0.0,0.0
1623,140610502421504,false,1788547959.703,2,21171,-834.87,-380.18,-132.95,-99.66,-20.62,38.09,0.00,0.00,0.00,180.00,180.00,180.00
1624,140610502421504,true,1788547959.719283,2,21171,35.27,-116.64,15000.00,0.00,-13.94,99.66,0.0,0.0,0.0,0.0,0.0,0.0
1624,140610502421504,false,1788547959.720,2,21171,-834.88,-379.49,-131.80,-99.68,-20.52,37.75,0.00,0.00,0.00,180.00,180.00,180.00
1625,140610502421504,true,1788547959.735303,2,21171,35.27,-116.64,15000.00,0.00,-13.88,99.68,0.0,0.0,0.0,0.0,0.0,0.0
1625,140610502421504,false,1788547959.736,2,21173,-835.26,-378.41,-127.85,-99.62,-20.12,36.98,0.00,0.00,0.00,180.00,180.00,180.00
1626,140610502421504,true,1788547959.751971,2,21173,35.27,-116.64,15000.00,0.00,-13.66,99.62,0.0,0.0,0.0,0.0,0.0,0.0
1626,140610502421504,false,1788547959.753,2,21173,-835.35,-377.83,-125.45,-99.60,-19.80,36.58,0.00,0.00,0.00,180.00,180.00,180.00
1627,140610502421504,true,1788547959.768607,2,21173,35.27,-116.64,15000.00,0.00,-13.42,99.60,0.0,0.0,0.0,0.0,0.0,0.0
1627,140610502421504,false,1788547959.769,2,21175,-835.85,-376.54,-119.73,-99.73,-19.04,35.25,0.00,0.00,0.00,180.00,180.00,180.00
1628,140610502421504,true,1788547959.785522,2,21175,35.27,-116.64,15000.00,0.00,-12.81,99.73,0.0,0.0,0.0,0.0,0.0,0.0
1628,140610502421504,false,1788547959.786,2,21175,-835.88,-375.54,-116.98,-99.69,-18.61,34.58,0.00,0.00,0.00,180.00,180.00,180.00
1629,140610502421504,true,1788547959.802110,2,21175,35.27,-116.64,15000.00,0.00,-12.53,99.69,0.0,0.0,0.0,0.0,0.0,0.0
1629,140610502421504,false,1788547959.803,2,21177,-835.90,-373.37,-110.55,-99.64,-17.65,32.95,0.00,0.00,0.00,180.00,180.00,180.00
1630,140610502421504,true,1788547959.818619,2,21177,35.27,-116.64,15000.00,0.00,-11.89,99.64,0.0,0.0,0.0,0.0,0.0,0.0
1631,140610502421504,true,1788547959.835335,2,21177,35.27,-116.64,15000.00,0.00,-11.89,99.64,0.0,0.0,0.0,0.0,0.0,0.0
1631,140610502421504,false,1788547959.836,2,21178,-833.64,-369.48,-98.44,-99.76,-16.31,29.70,0.00,0.00,0.00,180.00,180.00,180.00
1632,140610502421504,true,1788547959.852028,2,21178,35.27,-116.64,15000.00,0.00,-11.05,99.76,0.0,0.0,0.0,0.0,0.0,0.0
1632,140610502421504,false,1788547959.853,2,21178,-832.63,-368.20,-95.07,-99.79,-16.06,28.51,0.00,0.00,0.00,180.00,180.00,180.00
1633,140610502421504,true,1788547959.868601,2,21178,35.27,-116.64,15000.00,0.00,-10.98,99.79,0.0,0.0,0.0,0.0,0.0,0.0
1633,140610502421504,false,1788547959.870,2,21180,-829.67,-365.48,-85.13,-99.87,-14.80,26.02,0.00,0.00,0.00,180.00,180.00,180.00
1634,140610502421504,true,1788547959.885313,2,21180,35.27,-116.64,15000.00,0.00,-10.12,99.87,0.0,0.0,0.0,0.0,0.0,0.0
1634,140610502421504,false,1788547959.886,2,21180,-827.80,-363.82,-80.40,-100.04,-14.27,24.47,0.00,0.00,0.00,180.00,180.00,180.00
1635,140610502421504,true,1788547959.901973,2,21180,35.27,-116.64,15000.00,0.00,-9.78,100.04,0.0,0.0,0.0,0.0,0.0,0.0
1635,140610502421504,false,1788547959.903,2,21182,-823.28,-360.75,-71.61,-100.20,-13.52,21.79,0.00,0.00,0.00,180.00,180.00,180.00
1636,140610502421504,true,1788547959.918702,2,21182,35.27,-116.64,15000.00,0.00,-9.45,100.20,0.0,0.0,0.0,0.0,0.0,0.0
1636,140610502421504,false,1788547959.920,2,21182,-820.33,-359.03,-66.31,-100.22,-13.05,20.41,0.00,0.00,0.00,180.00,180.00,180.00
1637,140610502421504,true,1788547959.935635,2,21182,35.27,-116.64,15000.00,0.00,-9.22,100.22,0.0,0.0,0.0,0.0,0.0,0.0
1637,140610502421504,false,1788547959.937,2,21184,-815.54,-356.65,-57.27,-100.24,-11.95,18.14,0.00,0.00,0.00,180.00,180.00,180.00
1638,140610502421504,true,1788547959.951990,2,21184,35.27,-116.64,15000.00,0.00,-8.53,100.24,0.0,0.0,0.0,0.0,0.0,0.0
1638,140610502421504,false,1788547959.953,2,21184,-812.69,-355.10,-53.95,-100.30,-11.38,17.08,0.00,0.00,0.00,180.00,180.00,180.00
1639,140610502421504,true,1788547959.968596,2,21184,35.27,-116.64,15000.00,0.00,-8.15,100.30,0.0,0.0,0.0,0.0,0.0,0.0
1639,140610502421504,false,1788547959.970,2,21186,-805.68,-351.73,-46.14,-100.27,-10.33,14.42,0.00,0.00,0.00,180.00,180.00,180.00
1640,140610502421504,true,1788547959.985292,2,21186,35.27,-116.64,15000.00,0.00,-7.59,100.27,0.0,0.0,0.0,0.0,0.0,0.0
1640,140610502421504,false,1788547959.986,2,21186,-802.36,-349.94,-43.13,-100.20,-9.86,13.23,0.00,0.00,0.00,180.00,180.00,180.00
1641,140610502421504,true,1788547960.001964,2,21186,35.27,-116.64,15000.00,0.00,-7.36,100.20,0.0,0.0,0.0,0.0,0.0,0.0
1641,140610502421504,false,1788547960.003,2,21188,-795.57,-346.38,-38.21,-100.18,-9.09,10.78,0.00,0.00,0.00,180.00,180.00,180.00
1642,140610502421504,true,1788547960.018679,2,21188,35.27,-116.64,15000.00,0.00,-7.04,100.18,0.0,0.0,0.0,0.0,0.0,0.0
1642,140610502421504,false,1788547960.020,2,21188,-791.78,-344.52,-36.08,-100.29,-8.91,9.56,0.00,0.00,0.00,180.00,180.00,180.00
1643,140610502421504,true,1788547960.035463,2,21188,35.27,-116.64,15000.00,0.00,-7.06,100.29,0.0,0.0,0.0,0.0,0.0,0.0
1643,140610502421504,false,1788547960.036,2,21190,-785.01,-342.09,-32.63,-100.46,-8.74,7.38,0.00,0.00,0.00,180.00,180.00,180.00
1644,140610502421504,true,1788547960.051989,2,21190,35.27,-116.64,15000.00,0.00,-7.25,100.46,0.0,0.0,0.0,0.0,0.0,0.0
1644,140610502421504,false,1788547960.053,2,21190,-780.76,-341.13,-31.28,-100.43,-8.76,6.31,0.00,0.00,0.00,180.00,180.00,180.00
1645,140610502421504,true,1788547960.068625,2,21190,35.27,-116.64,15000.00,0.00,-7.48,100.43,0.0,0.0,0.0,0.0,0.0,0.0
1645,140610502421504,false,1788547960.070,2,21192,-770.22,-340.03,-29.49,-100.39,-8.90,5.19,0.00,0.00,0.00,180.00,180.00,180.00
1646,140610502421504,true,1788547960.085314,2,21192,35.27,-116.64,15000.00,0.00,-7.82,100.39,0.0,0.0,0.0,0.0,0.0,0.0
1646,140610502421504,false,1788547960.086,2,21192,-763.44,-339.51,-29.53,-100.65,-9.08,4.86,0.00,0.00,0.00,180.00,180.00,180.00
1647,140610502421504,true,1788547960.102540,2,21192,35.27,-116.64,15000.00,0.00,-8.02,100.65,0.0,0.0,0.0,0.0,0.0,0.0
1647,140610502421504,false,1788547960.103,2,21194,-751.62,-339.59,-30.45,-101.49,-9.05,4.34,0.00,0.00,0.00,180.00,180.00,180.00
1648,140610502421504,true,1788547960.118680,2,21194,35.27,-116.64,15000.00,0.00,-8.00,101.49,0.0,0.0,0.0,0.0,0.0,0.0
1648,140610502421504,false,1788547960.120,2,21194,-748.52,-339.71,-30.86,-101.74,-8.92,4.03,0.00,0.00,0.00,180.00,180.00,180.00
1649,140610502421504,true,1788547960.135284,2,21194,35.27,-116.64,15000.00,0.00,-7.91,101.74,0.0,0.0,0.0,0.0,0.0,0.0
1649,140610502421504,false,1788547960.136,2,21196,-742.25,-340.93,-34.13,-102.25,-9.03,2.87,0.00,0.00,0.00,180.00,180.00,180.00
1650,140610502421504,true,1788547960.151933,2,21196,35.27,-116.64,15000.00,0.00,-8.22,102.25,0.0,0.0,0.0,0.0,0.0,0.0
1650,140610502421504,false,1788547960.153,2,21196,-739.83,-341.48,-35.70,-102.36,-9.09,2.50,0.00,0.00,0.00,180.00,180.00,180.00
1651,140610502421504,true,1788547960.168629,2,21196,35.27,-116.64,15000.00,0.00,-8.34,102.36,0.0,0.0,0.0,0.0,0.0,0.0
1651,140610502421504,false,1788547960.170,2,21198,-735.90,-343.28,-40.69,-102.66,-9.05,1.63,0.00,0.00,0.00,180.00,180.00,180.00
1652,140610502421504,true,1788547960.185251,2,21198,35.27,-116.64,15000.00,0.00,-8.48,102.66,0.0,0.0,0.0,0.0,0.0,0.0
1652,140610502421504,false,1788547960.186,2,21198,-734.18,-343.95,-42.90,-102.88,-9.03,1.06,0.00,0.00,0.00,180.00,180.00,180.00
1653,140610502421504,true,1788547960.201965,2,21198,35.27,-116.64,15000.00,0.00,-8.57,102.88,0.0,0.0,0.0,0.0,0.0,0.0
1653,140610502421504,false,1788547960.203,2,21200,-730.55,-345.77,-48.06,-103.28,-9.09,-0.45,0.00,0.00,0.00,180.00,180.00,180.00
1654,140610502421504,true,1788547960.218688,2,21200,35.27,-116.64,15000.00,0.00,-8.95,103.28,0.0,0.0,0.0,0.0,0.0,0.0
1654,140610502421504,false,1788547960.220,2,21200,-729.10,-346.55,-50.44,-103.35,-8.98,-1.12,0.00,0.00,0.00,180.00,180.00,180.00
1655,140610502421504,true,1788547960.235253,2,21200,35.27,-116.64,15000.00,0.00,-9.00,103.35,0.0,0.0,0.0,0.0,0.0,0.0
1655,140610502421504,false,1788547960.236,2,21202,-725.45,-347.57,-56.01,-103.42,-9.29,-2.92,0.00,0.00,0.00,180.00,180.00,180.00
1656,140610502421504,true,1788547960.252091,2,21202,35.27,-116.64,15000.00,0.00,-9.72,103.42,0.0,0.0,0.0,0.0,0.0,0.0
1656,140610502421504,false,1788547960.253,2,21202,-723.82,-347.48,-59.04,-103.51,-9.48,-3.88,0.00,0.00,0.00,180.00,180.00,180.00
1657,140610502421504,true,1788547960.268744,2,21202,35.27,-116.64,15000.00,0.00,-10.12,103.51,0.0,0.0,0.0,0.0,0.0,0.0
1657,140610502421504,false,1788547960.270,2,21204,-719.68,-347.84,-64.51,-103.69,-9.89,-6.03,0.00,0.00,0.00,180.00,180.00,180.00
1658,140610502421504,true,1788547960.285453,2,21204,35.27,-116.64,15000.00,0.00,-11.03,103.69,0.0,0.0,0.0,0.0,0.0,0.0
1658,140610502421504,false,1788547960.286,2,21204,-718.25,-348.45,-66.52,-103.66,-10.18,-7.13,0.00,0.00,0.00,180.00,180.00,180.00
1659,140610502421504,true,1788547960.302179,2,21204,35.27,-116.64,15000.00,0.00,-11.57,103.66,0.0,0.0,0.0,0.0,0.0,0.0
1659,140610502421504,false,1788547960.303,2,21206,-715.53,-350.46,-69.16,-103.31,-10.61,-9.11,0.00,0.00,0.00,180.00,180.00,180.00
1660,140610502421504,true,1788547960.318779,2,21206,35.27,-116.64,15000.00,0.00,-12.43,103.31,0.0,0.0,0.0,0.0,0.0,0.0
1660,140610502421504,false,1788547960.320,2,21206,-714.55,-351.21,-70.38,-103.05,-10.79,-10.03,0.00,0.00,0.00,180.00,180.00,180.00
1661,140610502421504,true,1788547960.335402,2,21206,35.27,-116.64,15000.00,0.00,-12.77,103.05,0.0,0.0,0.0,0.0,0.0,0.0
1661,140610502421504,false,1788547960.336,2,21208,-712.27,-352.16,-73.90,-102.62,-11.08,-11.83,0.00,0.00,0.00,180.00,180.00,180.00
1662,140610502421504,true,1788547960.352102,2,21208,35.27,-116.64,15000.00,0.00,-13.40,102.62,0.0,0.0,0.0,0.0,0.0,0.0
1662,140610502421504,false,1788547960.353,2,21208,-711.36,-352.63,-75.35,-102.39,-11.40,-12.75,0.00,0.00,0.00,180.00,180.00,180.00
1663,140610502421504,true,1788547960.368788,2,21208,35.27,-116.64,15000.00,0.00,-13.87,102.39,0.0,0.0,0.0,0.0,0.0,0.0
1663,140610502421504,false,1788547960.370,2,21210,-708.44,-354.14,-77.59,-102.05,-11.88,-14.30,0.00,0.00,0.00,180.00,180.00,180.00
1664,140610502421504,true,1788547960.385460,2,21210,35.27,-116.64,15000.00,0.00,-14.60,102.05,0.0,0.0,0.0,0.0,0.0,0.0
1664,140610502421504,false,1788547960.386,2,21210,-707.27,-354.90,-78.42,-101.96,-12.07,-15.03,0.00,0.00,0.00,180.00,180.00,180.00
1665,140610502421504,true,1788547960.402187,2,21210,35.27,-116.64,15000.00,0.00,-14.93,101.96,0.0,0.0,0.0,0.0,0.0,0.0
1665,140610502421504,false,1788547960.403,2,21212,-703.99,-356.45,-79.56,-101.72,-12.26,-16.30,0.00,0.00,0.00,180.00,180.00,180.00
1666,140610502421504,true,1788547960.418823,2,21212,35.27,-116.64,15000.00,0.00,-15.31,101.72,0.0,0.0,0.0,0.0,0.0,0.0
1666,140610502421504,false,1788547960.420,2,21212,-702.49,-357.09,-80.20,-101.62,-12.31,-16.92,0.00,0.00,0.00,180.00,180.00,180.00
1667,140610502421504,true,1788547960.435273,2,21212,35.27,-116.64,15000.00,0.00,-15.46,101.62,0.0,0.0,0.0,0.0,0.0,0.0
1668,140610502421504,true,1788547960.452263,2,21212,35.27,-116.64,15000.00,0.00,-15.46,101.62,0.0,0.0,0.0,0.0,0.0,0.0
1668,140610502421504,false,1788547960.453,2,21214,-697.55,-358.12,-83.09,-101.51,-12.52,-18.88,0.00,0.00,0.00,180.00,180.00,180.00
1669,140610502421504,true,1788547960.468626,2,21214,35.27,-116.64,15000.00,0.00,-16.04,101.51,0.0,0.0,0.0,0.0,0.0,0.0
1669,140610502421504,false,1788547960.469,2,21215,-694.31,-358.92,-84.39,-101.63,-12.48,-19.96,0.00,0.00,0.00,180.00,180.00,180.00
1670,140610502421504,true,1788547960.486082,2,21215,35.27,-116.64,15000.00,0.00,-16.25,101.63,0.0,0.0,0.0,0.0,0.0,0.0
1670,140610502421504,false,1788547960.487,2,21215,-692.82,-359.21,-85.09,-101.63,-12.61,-20.56,0.00,0.00,0.00,180.00,180.00,180.00
1671,140610502421504,true,1788547960.502127,2,21215,35.27,-116.64,15000.00,0.00,-16.49,101.63,0.0,0.0,0.0,0.0,0.0,0.0
1671,140610502421504,false,1788547960.503,2,21217,-689.69,-360.02,-86.28,-101.58,-12.61,-21.23,0.00,0.00,0.00,180.00,180.00,180.00
1672,140610502421504,true,1788547960.518903,2,21217,35.27,-116.64,15000.00,0.00,-16.62,101.58,0.0,0.0,0.0,0.0,0.0,0.0
1672,140610502421504,false,1788547960.520,2,21217,-688.78,-360.30,-86.91,-101.55,-12.52,-21.67,0.00,0.00,0.00,180.00,180.00,180.00
1673,140610502421504,true,1788547960.535442,2,21217,35.27,-116.64,15000.00,0.00,-16.61,101.55,0.0,0.0,0.0,0.0,0.0,0.0
1673,140610502421504,false,1788547960.536,2,21219,-686.50,-360.66,-88.65,-101.47,-12.53,-22.48,0.00,0.00,0.00,180.00,180.00,180.00
1674,140610502421504,true,1788547960.552097,2,21219,35.27,-116.64,15000.00,0.00,-16.75,101.47,0.0,0.0,0.0,0.0,0.0,0.0
1674,140610502421504,false,1788547960.553,2,21219,-685.74,-360.89,-89.21,-101.52,-12.52,-22.90,0.00,0.00,0.00,180.00,180.00,180.00
1675,140610502421504,true,1788547960.568813,2,21219,35.27,-116.64,15000.00,0.00,-16.84,101.52,0.0,0.0,0.0,0.0,0.0,0.0
1675,140610502421504,false,1788547960.570,2,21221,-683.52,-361.22,-90.77,-101.59,-12.71,-23.78,0.00,0.00,0.00,180.00,180.00,180.00
1676,140610502421504,true,1788547960.585472,2,21221,35.27,-116.64,15000.00,0.00,-17.22,101.59,0.0,0.0,0.0,0.0,0.0,0.0
1676,140610502421504,false,1788547960.586,2,21221,-682.81,-361.35,-91.51,-101.54,-12.85,-23.99,0.00,0.00,0.00,180.00,180.00,180.00
1677,140610502421504,true,1788547960.602109,2,21221,35.27,-116.64,15000.00,0.00,-17.39,101.54,0.0,0.0,0.0,0.0,0.0,0.0
1677,140610502421504,false,1788547960.603,2,21223,-681.34,-362.02,-92.37,-101.49,-12.81,-24.24,0.00,0.00,0.00,180.00,180.00,180.00
1678,140610502421504,true,1788547960.618644,2,21223,35.27,-116.64,15000.00,0.00,-17.38,101.49,0.0,0.0,0.0,0.0,0.0,0.0
1679,140610502421504,true,1788547960.635436,2,21223,35.27,-116.64,15000.00,0.00,-17.38,101.49,0.0,0.0,0.0,0.0,0.0,0.0
1679,140610502421504,false,1788547960.636,2,21224,-680.58,-362.61,-93.40,-101.31,-13.14,-24.82,0.00,0.00,0.00,180.00,180.00,180.00
1680,140610502421504,true,1788547960.652113,2,21224,35.27,-116.64,15000.00,0.00,-17.75,101.31,0.0,0.0,0.0,0.0,0.0,0.0
1680,140610502421504,false,1788547960.653,2,21224,-680.64,-362.81,-93.40,-101.30,-13.03,-24.72,0.00,0.00,0.00,180.00,180.00,180.00
1681,140610502421504,true,1788547960.668615,2,21224,35.27,-116.64,15000.00,0.00,-17.62,101.30,0.0,0.0,0.0,0.0,0.0,0.0
1682,140610502421504,true,1788547960.685513,2,21224,35.27,-116.64,15000.00,0.00,-17.62,101.30,0.0,0.0,0.0,0.0,0.0,0.0
1682,140610502421504,false,1788547960.686,2,21226,-680.23,-363.09,-94.38,-101.16,-13.24,-24.72,0.00,0.00,0.00,180.00,180.00,180.00
1683,140610502421504,true,1788547960.702149,2,21226,35.27,-116.64,15000.00,0.00,-17.77,101.16,0.0,0.0,0.0,0.0,0.0,0.0
1683,140610502421504,false,1788547960.703,2,21227,-679.96,-363.66,-94.53,-101.03,-13.21,-24.63,0.00,0.00,0.00,180.00,180.00,180.00
1684,140610502421504,true,1788547960.718897,2,21227,35.27,-116.64,15000.00,0.00,-17.68,101.03,0.0,0.0,0.0,0.0,0.0,0.0
1684,140610502421504,false,1788547960.720,2,21227,-680.26,-363.87,-94.61,-100.95,-13.26,-24.59,0.00,0.00,0.00,180.00,180.00,180.00
1685,140610502421504,true,1788547960.735446,2,21227,35.27,-116.64,15000.00,0.00,-17.69,100.95,0.0,0.0,0.0,0.0,0.0,0.0
1685,140610502421504,false,1788547960.736,2,21229,-679.99,-364.04,-95.09,-100.91,-13.24,-24.55,0.00,0.00,0.00,180.00,180.00,180.00
1686,140610502421504,true,1788547960.752127,2,21229,35.27,-116.64,15000.00,0.00,-17.65,100.91,0.0,0.0,0.0,0.0,0.0,0.0
1686,140610502421504,false,1788547960.753,2,21229,-680.03,-364.06,-95.16,-100.92,-13.28,-24.53,0.00,0.00,0.00,180.00,180.00,180.00
1687,140610502421504,true,1788547960.768639,2,21229,35.27,-116.64,15000.00,0.00,-17.69,100.92,0.0,0.0,0.0,0.0,0.0,0.0
1688,140610502421504,true,1788547960.785384,2,21229,35.27,-116.64,15000.00,0.00,-17.69,100.92,0.0,0.0,0.0,0.0,0.0,0.0
1688,140610502421504,false,1788547960.786,2,21231,-679.45,-364.40,-95.44,-100.87,-13.38,-24.37,0.00,0.00,0.00,180.00,180.00,180.00
1689,140610502421504,true,1788547960.802020,2,21231,35.27,-116.64,15000.00,0.00,-17.73,100.87,0.0,0.0,0.0,0.0,0.0,0.0
1689,140610502421504,false,1788547960.803,2,21232,-679.01,-364.63,-96.01,-100.88,-13.45,-24.23,0.00,0.00,0.00,180.00,180.00,180.00
1690,140610502421504,true,1788547960.818700,2,21232,35.27,-116.64,15000.00,0.00,-17.78,100.88,0.0,0.0,0.0,0.0,0.0,0.0
1690,140610502421504,false,1788547960.820,2,21232,-678.96,-364.68,-96.32,-100.88,-13.47,-24.16,0.00,0.00,0.00,180.00,180.00,180.00
1691,140610502421504,true,1788547960.835328,2,21232,35.27,-116.64,15000.00,0.00,-17.79,100.88,0.0,0.0,0.0,0.0,0.0,0.0
1691,140610502421504,false,1788547960.836,2,21234,-678.30,-364.88,-96.86,-100.89,-13.52,-24.09,0.00,0.00,0.00,180.00,180.00,180.00
1692,140610502421504,true,1788547960.851980,2,21234,35.27,-116.64,15000.00,0.00,-17.83,100.89,0.0,0.0,0.0,0.0,0.0,0.0
1692,140610502421504,false,1788547960.853,2,21234,-678.31,-365.03,-96.95,-100.88,-13.60,-24.08,0.00,0.00,0.00,180.00,180.00,180.00
1693,140610502421504,true,1788547960.869206,2,21234,35.27,-116.64,15000.00,0.00,-17.90,100.88,0.0,0.0,0.0,0.0,0.0,0.0
1693,140610502421504,false,1788547960.870,2,21236,-677.87,-365.42,-97.19,-100.80,-13.71,-23.96,0.00,0.00,0.00,180.00,180.00,180.00
1694,140610502421504,true,1788547960.885389,2,21236,35.27,-116.64,15000.00,0.00,-17.95,100.80,0.0,0.0,0.0,0.0,0.0,0.0
1694,140610502421504,false,1788547960.886,2,21236,-677.86,-365.60,-97.42,-100.76,-13.75,-23.90,0.00,0.00,0.00,180.00,180.00,180.00
1695,140610502421504,true,1788547960.902039,2,21236,35.27,-116.64,15000.00,0.00,-17.97,100.76,0.0,0.0,0.0,0.0,0.0,0.0
1695,140610502421504,false,1788547960.903,2,21238,-677.37,-366.10,-98.01,-100.73,-13.88,-23.76,0.00,0.00,0.00,180.00,180.00,180.00
1696,140610502421504,true,1788547960.918728,2,21238,35.27,-116.64,15000.00,0.00,-18.06,100.73,0.0,0.0,0.0,0.0,0.0,0.0
1696,140610502421504,false,1788547960.920,2,21238,-677.41,-366.38,-98.33,-100.74,-13.95,-23.70,0.00,0.00,0.00,180.00,180.00,180.00
1697,140610502421504,true,1788547960.935284,2,21238,35.27,-116.64,15000.00,0.00,-18.12,100.74,0.0,0.0,0.0,0.0,0.0,0.0
1697,140610502421504,false,1788547960.936,2,21240,-677.05,-367.17,-98.69,-100.77,-14.08,-23.56,0.00,0.00,0.00,180.00,180.00,180.00
1698,140610502421504,true,1788547960.952130,2,21240,35.27,-116.64,15000.00,0.00,-18.24,100.77,0.0,0.0,0.0,0.0,0.0,0.0
1698,140610502421504,false,1788547960.953,2,21240,-677.14,-367.61,-98.84,-100.81,-14.13,-23.52,0.00,0.00,0.00,180.00,180.00,180.00
1699,140610502421504,true,1788547960.969181,2,21240,35.27,-116.64,15000.00,0.00,-18.29,100.81,0.0,0.0,0.0,0.0,0.0,0.0
1699,140610502421504,false,1788547960.970,2,21242,-677.05,-368.62,-99.17,-100.85,-14.23,-23.32,0.00,0.00,0.00,180.00,180.00,180.00
1700,140610502421504,true,1788547960.985333,2,21242,35.27,-116.64,15000.00,0.00,-18.37,100.85,0.0,0.0,0.0,0.0,0.0,0.0
1701,140610502421504,true,1788547961.002023,2,21242,35.27,-116.64,15000.00,0.00,-18.37,100.85,0.0,0.0,0.0,0.0,0.0,0.0
1701,140610502421504,false,1788547961.003,2,21243,-677.44,-369.91,-99.67,-100.82,-14.38,-23.09,0.00,0.00,0.00,180.00,180.00,180.00
1702,140610502421504,true,1788547961.018706,2,21243,35.27,-116.64,15000.00,0.00,-18.46,100.82,0.0,0.0,0.0,0.0,0.0,0.0
1702,140610502421504,false,1788547961.020,2,21244,-678.43,-370.99,-100.13,-100.82,-14.46,-22.78,0.00,0.00,0.00,180.00,180.00,180.00
1703,140610502421504,true,1788547961.035335,2,21244,35.27,-116.64,15000.00,0.00,-18.48,100.82,0.0,0.0,0.0,0.0,0.0,0.0
1703,140610502421504,false,1788547961.036,2,21244,-678.72,-371.67,-100.31,-100.80,-14.54,-22.71,0.00,0.00,0.00,180.00,180.00,180.00
1704,140610502421504,true,1788547961.051972,2,21244,35.27,-116.64,15000.00,0.00,-18.53,100.80,0.0,0.0,0.0,0.0,0.0,0.0
1704,140610502421504,false,1788547961.053,2,21246,-679.65,-372.95,-100.74,-100.75,-14.69,-22.46,0.00,0.00,0.00,180.00,180.00,180.00
1705,140610502421504,true,1788547961.068856,2,21246,35.27,-116.64,15000.00,0.00,-18.62,100.75,0.0,0.0,0.0,0.0,0.0,0.0
1705,140610502421504,false,1788547961.070,2,21246,-680.16,-373.62,-100.97,-100.71,-14.76,-22.34,0.00,0.00,0.00,180.00,180.00,180.00
1706,140610502421504,true,1788547961.085328,2,21246,35.27,-116.64,15000.00,0.00,-18.66,100.71,0.0,0.0,0.0,0.0,0.0,0.0
1707,140610502421504,true,1788547961.102033,2,21246,35.27,-116.64,15000.00,0.00,-18.66,100.71,0.0,0.0,0.0,0.0,0.0,0.0
1707,140610502421504,false,1788547961.103,2,21248,-681.39,-376.16,-100.92,-100.61,-14.98,-21.90,0.00,0.00,0.00,180.00,180.00,180.00
1708,140610502421504,true,1788547961.118844,2,21248,35.27,-116.64,15000.00,0.00,-18.75,100.61,0.0,0.0,0.0,0.0,0.0,0.0
1708,140610502421504,false,1788547961.120,2,21249,-682.33,-378.01,-100.81,-100.59,-14.98,-21.52,0.00,0.00,0.00,180.00,180.00,180.00
1709,140610502421504,true,1788547961.135506,2,21249,35.27,-116.64,15000.00,0.00,-18.68,100.59,0.0,0.0,0.0,0.0,0.0,0.0
1709,140610502421504,false,1788547961.136,2,21249,-683.04,-378.90,-101.01,-100.58,-15.00,-21.37,0.00,0.00,0.00,180.00,180.00,180.00
1710,140610502421504,true,1788547961.152116,2,21249,35.27,-116.64,15000.00,0.00,-18.67,100.58,0.0,0.0,0.0,0.0,0.0,0.0
1710,140610502421504,false,1788547961.153,2,21251,-684.27,-380.25,-101.47,-100.57,-15.08,-21.18,0.00,0.00,0.00,180.00,180.00,180.00
1711,140610502421504,true,1788547961.168900,2,21251,35.27,-116.64,15000.00,0.00,-18.71,100.57,0.0,0.0,0.0,0.0,0.0,0.0
1711,140610502421504,false,1788547961.170,2,21251,-684.83,-381.15,-101.52,-100.57,-15.19,-21.03,0.00,0.00,0.00,180.00,180.00,180.00
1712,140610502421504,true,1788547961.185531,2,21251,35.27,-116.64,15000.00,0.00,-18.79,100.57,0.0,0.0,0.0,0.0,0.0,0.0
1712,140610502421504,false,1788547961.186,2,21253,-686.52,-383.10,-101.77,-100.64,-15.36,-20.70,0.00,0.00,0.00,180.00,180.00,180.00
1713,140610502421504,true,1788547961.202145,2,21253,35.27,-116.64,15000.00,0.00,-18.92,100.64,0.0,0.0,0.0,0.0,0.0,0.0
1713,140610502421504,false,1788547961.203,2,21253,-687.26,-384.16,-101.77,-100.70,-15.47,-20.53,0.00,0.00,0.00,180.00,180.00,180.00
1714,140610502421504,true,1788547961.218804,2,21253,35.27,-116.64,15000.00,0.00,-19.01,100.70,0.0,0.0,0.0,0.0,0.0,0.0
1714,140610502421504,false,1788547961.220,2,21255,-689.58,-386.29,-102.22,-100.69,-15.72,-20.05,0.00,0.00,0.00,180.00,180.00,180.00
1715,140610502421504,true,1788547961.235276,2,21255,35.27,-116.64,15000.00,0.00,-19.16,100.69,0.0,0.0,0.0,0.0,0.0,0.0
1716,140610502421504,true,1788547961.252040,2,21255,35.27,-116.64,15000.00,0.00,-19.16,100.69,0.0,0.0,0.0,0.0,0.0,0.0
1716,140610502421504,false,1788547961.253,2,21256,-692.34,-389.18,-102.45,-100.60,-15.93,-19.17,0.00,0.00,0.00,180.00,180.00,180.00
1717,140610502421504,true,1788547961.268678,2,21256,35.27,-116.64,15000.00,0.00,-19.19,100.60,0.0,0.0,0.0,0.0,0.0,0.0
1717,140610502421504,false,1788547961.270,2,21256,-693.03,-390.21,-102.25,-100.57,-15.96,-18.96,0.00,0.00,0.00,180.00,180.00,180.00
1718,140610502421504,true,1788547961.285936,2,21256,35.27,-116.64,15000.00,0.00,-19.16,100.57,0.0,0.0,0.0,0.0,0.0,0.0
1718,140610502421504,false,1788547961.287,2,21258,-694.89,-392.14,-101.99,-100.53,-16.00,-18.57,0.00,0.00,0.00,180.00,180.00,180.00
1719,140610502421504,true,1788547961.301974,2,21258,35.27,-116.64,15000.00,0.00,-19.13,100.53,0.0,0.0,0.0,0.0,0.0,0.0
1719,140610502421504,false,1788547961.303,2,21258,-695.62,-393.11,-101.71,-100.49,-16.01,-18.40,0.00,0.00,0.00,180.00,180.00,180.00
1720,140610502421504,true,1788547961.318674,2,21258,35.27,-116.64,15000.00,0.00,-19.09,100.49,0.0,0.0,0.0,0.0,0.0,0.0
1720,140610502421504,false,1788547961.320,2,21260,-697.84,-394.90,-101.62,-100.40,-16.08,-18.08,0.00,0.00,0.00,180.00,180.00,180.00
1721,140610502421504,true,1788547961.335299,2,21260,35.27,-116.64,15000.00,0.00,-19.08,100.40,0.0,0.0,0.0,0.0,0.0,0.0
1721,140610502421504,false,1788547961.336,2,21260,-698.86,-395.74,-101.30,-100.33,-16.16,-17.87,0.00,0.00,0.00,180.00,180.00,180.00
1722,140610502421504,true,1788547961.352011,2,21260,35.27,-116.64,15000.00,0.00,-19.10,100.33,0.0,0.0,0.0,0.0,0.0,0.0
1722,140610502421504,false,1788547961.353,2,21262,-701.06,-397.23,-100.78,-100.21,-16.33,-17.37,0.00,0.00,0.00,180.00,180.00,180.00
1723,140610502421504,true,1788547961.368672,2,21262,35.27,-116.64,15000.00,0.00,-19.15,100.21,0.0,0.0,0.0,0.0,0.0,0.0
1723,140610502421504,false,1788547961.370,2,21262,-702.18,-398.01,-100.20,-100.16,-16.38,-17.08,0.00,0.00,0.00,180.00,180.00,180.00
1724,140610502421504,true,1788547961.385331,2,21262,35.27,-116.64,15000.00,0.00,-19.14,100.16,0.0,0.0,0.0,0.0,0.0,0.0
1724,140610502421504,false,1788547961.386,2,21264,-704.94,-399.38,-99.54,-100.06,-16.44,-16.48,0.00,0.00,0.00,180.00,180.00,180.00
1725,140610502421504,true,1788547961.401953,2,21264,35.27,-116.64,15000.00,0.00,-19.06,100.06,0.0,0.0,0.0,0.0,0.0,0.0
1725,140610502421504,false,1788547961.403,2,21264,-706.19,-400.05,-99.00,-100.01,-16.48,-16.20,0.00,0.00,0.00,180.00,180.00,180.00
1726,140610502421504,true,1788547961.418653,2,21264,35.27,-116.64,15000.00,0.00,-19.04,100.01,0.0,0.0,0.0,0.0,0.0,0.0
1726,140610502421504,false,1788547961.420,2,21266,-708.85,-401.37,-97.91,-99.86,-16.52,-15.57,0.00,0.00,0.00,180.00,180.00,180.00
1727,140610502421504,true,1788547961.435229,2,21266,35.27,-116.64,15000.00,0.00,-18.94,99.86,0.0,0.0,0.0,0.0,0.0,0.0
1727,140610502421504,false,1788547961.436,2,21266,-710.15,-402.08,-97.20,-99.77,-16.52,-15.26,0.00,0.00,0.00,180.00,180.00,180.00
1728,140610502421504,true,1788547961.452095,2,21266,35.27,-116.64,15000.00,0.00,-18.87,99.77,0.0,0.0,0.0,0.0,0.0,0.0
1728,140610502421504,false,1788547961.453,2,21268,-712.98,-403.07,-96.31,-99.60,-16.59,-14.75,0.00,0.00,0.00,180.00,180.00,180.00
1729,140610502421504,true,1788547961.468776,2,21268,35.27,-116.64,15000.00,0.00,-18.82,99.60,0.0,0.0,0.0,0.0,0.0,0.0
1729,140610502421504,false,1788547961.470,2,21268,-714.17,-403.65,-95.76,-99.49,-16.53,-14.35,0.00,0.00,0.00,180.00,180.00,180.00
1730,140610502421504,true,1788547961.485514,2,21268,35.27,-116.64,15000.00,0.00,-18.67,99.49,0.0,0.0,0.0,0.0,0.0,0.0
1730,140610502421504,false,1788547961.486,2,21270,-716.60,-404.55,-94.86,-99.27,-16.53,-13.75,0.00,0.00,0.00,180.00,180.00,180.00
1731,140610502421504,true,1788547961.502101,2,21270,35.27,-116.64,15000.00,0.00,-18.53,99.27,0.0,0.0,0.0,0.0,0.0,0.0
1731,140610502421504,false,1788547961.503,2,21270,-717.66,-405.13,-94.23,-99.18,-16.53,-13.48,0.00,0.00,0.00,180.00,180.00,180.00
1732,140610502421504,true,1788547961.518597,2,21270,35.27,-116.64,15000.00,0.00,-18.47,99.18,0.0,0.0,0.0,0.0,0.0,0.0
1733,140610502421504,true,1788547961.535546,2,21270,35.27,-116.64,15000.00,0.00,-18.47,99.18,0.0,0.0,0.0,0.0,0.0,0.0
1733,140610502421504,false,1788547961.537,2,21272,-720.69,-406.45,-92.64,-98.99,-16.41,-12.80,0.00,0.00,0.00,180.00,180.00,180.00
1734,140610502421504,true,1788547961.551969,2,21272,35.27,-116.64,15000.00,0.00,-18.21,98.99,0.0,0.0,0.0,0.0,0.0,0.0
1734,140610502421504,false,1788547961.553,2,21273,-721.94,-407.03,-91.72,-98.96,-16.28,-12.51,0.00,0.00,0.00,180.00,180.00,180.00
1735,140610502421504,true,1788547961.568643,2,21273,35.27,-116.64,15000.00,0.00,-18.03,98.96,0.0,0.0,0.0,0.0,0.0,0.0
1735,140610502421504,false,1788547961.570,2,21273,-722.37,-407.49,-91.05,-98.95,-16.22,-12.43,0.00,0.00,0.00,180.00,180.00,180.00
1736,140610502421504,true,1788547961.585417,2,21273,35.27,-116.64,15000.00,0.00,-17.95,98.95,0.0,0.0,0.0,0.0,0.0,0.0
1736,140610502421504,false,1788547961.586,2,21275,-722.99,-408.01,-89.99,-98.91,-16.05,-12.30,0.00,0.00,0.00,180.00,180.00,180.00
1737,140610502421504,true,1788547961.602132,2,21275,35.27,-116.64,15000.00,0.00,-17.77,98.91,0.0,0.0,0.0,0.0,0.0,0.0
1737,140610502421504,false,1788547961.603,2,21275,-723.34,-408.31,-89.32,-98.89,-16.00,-12.25,0.00,0.00,0.00,180.00,180.00,180.00
1738,140610502421504,true,1788547961.618739,2,21275,35.27,-116.64,15000.00,0.00,-17.70,98.89,0.0,0.0,0.0,0.0,0.0,0.0
1738,140610502421504,false,1788547961.620,2,21277,-723.73,-408.52,-88.16,-98.85,-15.92,-12.13,0.00,0.00,0.00,180.00,180.00,180.00
1739,140610502421504,true,1788547961.635416,2,21277,35.27,-116.64,15000.00,0.00,-17.60,98.85,0.0,0.0,0.0,0.0,0.0,0.0
1739,140610502421504,false,1788547961.636,2,21277,-723.97,-408.66,-87.59,-98.85,-15.77,-12.10,0.00,0.00,0.00,180.00,180.00,180.00
1740,140610502421504,true,1788547961.652100,2,21277,35.27,-116.64,15000.00,0.00,-17.45,98.85,0.0,0.0,0.0,0.0,0.0,0.0
1740,140610502421504,false,1788547961.653,2,21279,-724.13,-408.47,-86.88,-98.86,-15.66,-12.10,0.00,0.00,0.00,180.00,180.00,180.00
1741,140610502421504,true,1788547961.668788,2,21279,35.27,-116.64,15000.00,0.00,-17.34,98.86,0.0,0.0,0.0,0.0,0.0,0.0
1741,140610502421504,false,1788547961.670,2,21279,-724.17,-408.49,-86.54,-98.84,-15.58,-12.08,0.00,0.00,0.00,180.00,180.00,180.00
1742,140610502421504,true,1788547961.686046,2,21279,35.27,-116.64,15000.00,0.00,-17.25,98.84,0.0,0.0,0.0,0.0,0.0,0.0
1742,140610502421504,false,1788547961.687,2,21281,-724.31,-408.40,-85.86,-98.79,-15.48,-12.18,0.00,0.00,0.00,180.00,180.00,180.00
1743,140610502421504,true,1788547961.702167,2,21281,35.27,-116.64,15000.00,0.00,-17.16,98.79,0.0,0.0,0.0,0.0,0.0,0.0
1743,140610502421504,false,1788547961.703,2,21281,-724.42,-408.43,-85.52,-98.75,-15.44,-12.19,0.00,0.00,0.00,180.00,180.00,180.00
1744,140610502421504,true,1788547961.718823,2,21281,35.27,-116.64,15000.00,0.00,-17.12,98.75,0.0,0.0,0.0,0.0,0.0,0.0
1744,140610502421504,false,1788547961.720,2,21283,-724.55,-408.23,-85.03,-98.67,-15.37,-12.23,0.00,0.00,0.00,180.00,180.00,180.00
1745,140610502421504,true,1788547961.735413,2,21283,35.27,-116.64,15000.00,0.00,-17.04,98.67,0.0,0.0,0.0,0.0,0.0,0.0
1745,140610502421504,false,1788547961.736,2,21283,-724.73,-408.15,-84.81,-98.65,-15.35,-12.24,0.00,0.00,0.00,180.00,180.00,180.00
1746,140610502421504,true,1788547961.752087,2,21283,35.27,-116.64,15000.00,0.00,-17.02,98.65,0.0,0.0,0.0,0.0,0.0,0.0
1746,140610502421504,false,1788547961.753,2,21285,-724.95,-407.72,-84.60,-98.58,-15.33,-12.22,0.00,0.00,0.00,180.00,180.00,180.00
1747,140610502421504,true,1788547961.768799,2,21285,35.27,-116.64,15000.00,0.00,-16.98,98.58,0.0,0.0,0.0,0.0,0.0,0.0
1747,140610502421504,false,1788547961.770,2,21285,-725.28,-407.48,-84.53,-98.54,-15.33,-12.24,0.00,0.00,0.00,180.00,180.00,180.00
1748,140610502421504,true,1788547961.785419,2,21285,35.27,-116.64,15000.00,0.00,-16.98,98.54,0.0,0.0,0.0,0.0,0.0,0.0
1748,140610502421504,false,1788547961.786,2,21287,-725.48,-407.13,-84.43,-98.42,-15.38,-12.16,0.00,0.00,0.00,180.00,180.00,180.00
1749,140610502421504,true,1788547961.802136,2,21287,35.27,-116.64,15000.00,0.00,-16.99,98.42,0.0,0.0,0.0,0.0,0.0,0.0
1749,140610502421504,false,1788547961.803,2,21287,-725.64,-407.08,-84.30,-98.34,-15.38,-12.09,0.00,0.00,0.00,180.00,180.00,180.00
1750,140610502421504,true,1788547961.818585,2,21287,35.27,-116.64,15000.00,0.00,-16.97,98.34,0.0,0.0,0.0,0.0,0.0,0.0
1751,140610502421504,true,1788547961.835407,2,21287,35.27,-116.64,15000.00,0.00,-16.97,98.34,0.0,0.0,0.0,0.0,0.0,0.0
1751,140610502421504,false,1788547961.836,2,21289,-726.01,-406.77,-84.07,-98.18,-15.36,-11.95,0.00,0.00,0.00,180.00,180.00,180.00
1752,140610502421504,true,1788547961.851966,2,21289,35.27,-116.64,15000.00,0.00,-16.90,98.18,0.0,0.0,0.0,0.0,0.0,0.0
1753,140610502421504,true,1788547961.868804,2,21289,35.27,-116.64,15000.00,0.00,-16.90,98.18,0.0,0.0,0.0,0.0,0.0,0.0
1753,140610502421504,false,1788547961.870,2,21290,-727.91,-406.14,-83.79,-97.80,-15.43,-11.75,0.00,0.00,0.00,180.00,180.00,180.00
1754,140610502421504,true,1788547961.885391,2,21290,35.27,-116.64,15000.00,0.00,-16.88,97.80,0.0,0.0,0.0,0.0,0.0,0.0
1754,140610502421504,false,1788547961.886,2,21291,-730.51,-405.54,-82.91,-97.23,-15.47,-11.52,0.00,0.00,0.00,180.00,180.00,180.00
1755,140610502421504,true,1788547961.902147,2,21291,35.27,-116.64,15000.00,0.00,-16.79,97.23,0.0,0.0,0.0,0.0,0.0,0.0
1755,140610502421504,false,1788547961.903,2,21291,-731.99,-405.22,-82.42,-96.94,-15.48,-11.39,0.00,0.00,0.00,180.00,180.00,180.00
1756,140610502421504,true,1788547961.918740,2,21291,35.27,-116.64,15000.00,0.00,-16.74,96.94,0.0,0.0,0.0,0.0,0.0,0.0
1756,140610502421504,false,1788547961.920,2,21293,-735.32,-404.60,-80.89,-96.14,-15.50,-11.04,0.00,0.00,0.00,180.00,180.00,180.00
1757,140610502421504,true,1788547961.935374,2,21293,35.27,-116.64,15000.00,0.00,-16.59,96.14,0.0,0.0,0.0,0.0,0.0,0.0
1757,140610502421504,false,1788547961.936,2,21293,-737.20,-404.23,-80.06,-95.72,-15.49,-10.86,0.00,0.00,0.00,180.00,180.00,180.00
1758,140610502421504,true,1788547961.952082,2,21293,35.27,-116.64,15000.00,0.00,-16.50,95.72,0.0,0.0,0.0,0.0,0.0,0.0
1758,140610502421504,false,1788547961.953,2,21295,-741.54,-403.40,-78.15,-94.71,-15.39,-10.38,0.00,0.00,0.00,180.00,180.00,180.00
1759,140610502421504,true,1788547961.968767,2,21295,35.27,-116.64,15000.00,0.00,-16.19,94.71,0.0,0.0,0.0,0.0,0.0,0.0
1759,140610502421504,false,1788547961.970,2,21295,-744.23,-402.89,-77.08,-94.14,-15.37,-10.15,0.00,0.00,0.00,180.00,180.00,180.00
1760,140610502421504,true,1788547961.985441,2,21295,35.27,-116.64,15000.00,0.00,-16.07,94.14,0.0,0.0,0.0,0.0,0.0,0.0
1760,140610502421504,false,1788547961.986,2,21297,-751.07,-401.85,-74.59,-92.60,-15.30,-9.52,0.00,0.00,0.00,180.00,180.00,180.00
1761,140610502421504,true,1788547962.002152,2,21297,35.27,-116.64,15000.00,0.00,-15.71,92.60,0.0,0.0,0.0,0.0,0.0,0.0
1761,140610502421504,false,1788547962.003,2,21297,-755.43,-401.22,-73.09,-91.63,-15.23,-9.14,0.00,0.00,0.00,180.00,180.00,180.00
1762,140610502421504,true,1788547962.018745,2,21297,35.27,-116.64,15000.00,0.00,-15.48,91.63,0.0,0.0,0.0,0.0,0.0,0.0
1762,140610502421504,false,1788547962.020,2,21299,-764.81,-399.94,-70.05,-89.52,-15.10,-8.41,0.00,0.00,0.00,180.00,180.00,180.00
1763,140610502421504,true,1788547962.036235,2,21299,35.27,-116.64,15000.00,0.00,-15.03,89.52,0.0,0.0,0.0,0.0,0.0,0.0
1763,140610502421504,false,1788547962.037,2,21299,-770.16,-399.10,-68.78,-88.42,-15.01,-7.98,0.00,0.00,0.00,180.00,180.00,180.00
1764,140610502421504,true,1788547962.052128,2,21299,35.27,-116.64,15000.00,0.00,-14.79,88.42,0.0,0.0,0.0,0.0,0.0,0.0
1764,140610502421504,false,1788547962.053,2,21301,-781.62,-397.14,-65.66,-85.87,-14.87,-6.99,0.00,0.00,0.00,180.00,180.00,180.00
1765,140610502421504,true,1788547962.068765,2,21301,35.27,-116.64,15000.00,0.00,-14.32,85.87,0.0,0.0,0.0,0.0,0.0,0.0
1765,140610502421504,false,1788547962.070,2,21301,-788.33,-395.92,-63.68,-84.38,-14.77,-6.43,0.00,0.00,0.00,180.00,180.00,180.00
1766,140610502421504,true,1788547962.085425,2,21301,35.27,-116.64,15000.00,0.00,-14.06,84.38,0.0,0.0,0.0,0.0,0.0,0.0
1766,140610502421504,false,1788547962.086,2,21303,-802.14,-393.08,-59.87,-81.25,-14.40,-5.27,0.00,0.00,0.00,180.00,180.00,180.00
1767,140610502421504,true,1788547962.102151,2,21303,35.27,-116.64,15000.00,0.00,-13.43,81.25,0.0,0.0,0.0,0.0,0.0,0.0
1767,140610502421504,false,1788547962.103,2,21303,-809.83,-391.31,-58.08,-79.65,-14.23,-4.73,0.00,0.00,0.00,180.00,180.00,180.00
1768,140610502421504,true,1788547962.118771,2,21303,35.27,-116.64,15000.00,0.00,-13.15,79.65,0.0,0.0,0.0,0.0,0.0,0.0
1768,140610502421504,false,1788547962.120,2,21305,-824.22,-386.88,-55.18,-76.32,-13.88,-3.55,0.00,0.00,0.00,180.00,180.00,180.00
1769,140610502421504,true,1788547962.135414,2,21305,35.27,-116.64,15000.00,0.00,-12.65,76.32,0.0,0.0,0.0,0.0,0.0,0.0
1769,140610502421504,false,1788547962.136,2,21305,-832.05,-384.20,-53.67,-74.52,-13.68,-2.96,0.00,0.00,0.00,180.00,180.00,180.00
1770,140610502421504,true,1788547962.151926,2,21305,35.27,-116.64,15000.00,0.00,-12.39,74.52,0.0,0.0,0.0,0.0,0.0,0.0
1771,140610502421504,true,1788547962.168746,2,21305,35.27,-116.64,15000.00,0.00,-12.39,74.52,0.0,0.0,0.0,0.0,0.0,0.0
1771,140610502421504,false,1788547962.170,2,21307,-854.00,-374.12,-49.75,-69.12,-12.94,-1.16,0.00,0.00,0.00,180.00,180.00,180.00
1772,140610502421504,true,1788547962.185602,2,21307,35.27,-116.64,15000.00,0.00,-11.68,69.12,0.0,0.0,0.0,0.0,0.0,0.0
1772,140610502421504,false,1788547962.186,2,21308,-868.91,-365.99,-47.11,-65.54,-12.32,-0.15,0.00,0.00,0.00,180.00,180.00,180.00
1773,140610502421504,true,1788547962.202149,2,21308,35.27,-116.64,15000.00,0.00,-11.15,65.54,0.0,0.0,0.0,0.0,0.0,0.0
1773,140610502421504,false,1788547962.203,2,21308,-876.53,-361.34,-45.86,-63.70,-12.00,0.32,0.00,0.00,0.00,180.00,180.00,180.00
1774,140610502421504,true,1788547962.218773,2,21308,35.27,-116.64,15000.00,0.00,-10.90,63.70,0.0,0.0,0.0,0.0,0.0,0.0
1774,140610502421504,false,1788547962.220,2,21310,-889.58,-351.64,-43.99,-60.19,-11.39,1.15,0.00,0.00,0.00,180.00,180.00,180.00
1775,140610502421504,true,1788547962.235225,2,21310,35.27,-116.64,15000.00,0.00,-10.45,60.19,0.0,0.0,0.0,0.0,0.0,0.0
1776,140610502421504,true,1788547962.252121,2,21310,35.27,-116.64,15000.00,0.00,-10.45,60.19,0.0,0.0,0.0,0.0,0.0,0.0
1776,140610502421504,false,1788547962.253,2,21311,-907.72,-334.94,-42.12,-55.06,-10.56,2.34,0.00,0.00,0.00,180.00,180.00,180.00
1777,140610502421504,true,1788547962.268603,2,21311,35.27,-116.64,15000.00,0.00,-10.00,55.06,0.0,0.0,0.0,0.0,0.0,0.0
1778,140610502421504,true,1788547962.285419,2,21311,35.27,-116.64,15000.00,0.00,-10.00,55.06,0.0,0.0,0.0,0.0,0.0,0.0
1778,140610502421504,false,1788547962.286,2,21312,-922.64,-316.84,-40.91,-50.30,-9.75,3.59,0.00,0.00,0.00,180.00,180.00,180.00
1779,140610502421504,true,1788547962.302186,2,21312,35.27,-116.64,15000.00,0.00,-9.80,50.30,0.0,0.0,0.0,0.0,0.0,0.0
1779,140610502421504,false,1788547962.303,2,21312,-927.32,-310.30,-40.31,-48.76,-9.36,4.00,0.00,0.00,0.00,180.00,180.00,180.00
1780,140610502421504,true,1788547962.318781,2,21312,35.27,-116.64,15000.00,0.00,-9.68,48.76,0.0,0.0,0.0,0.0,0.0,0.0
1780,140610502421504,false,1788547962.320,2,21314,-934.98,-297.89,-39.57,-45.90,-8.70,4.50,0.00,0.00,0.00,180.00,180.00,180.00
1781,140610502421504,true,1788547962.335247,2,21314,35.27,-116.64,15000.00,0.00,-9.38,45.90,0.0,0.0,0.0,0.0,0.0,0.0
1782,140610502421504,true,1788547962.352080,2,21314,35.27,-116.64,15000.00,0.00,-9.38,45.90,0.0,0.0,0.0,0.0,0.0,0.0
1782,140610502421504,false,1788547962.353,2,21315,-943.31,-277.97,-39.00,-41.90,-7.91,5.23,0.00,0.00,0.00,180.00,180.00,180.00
1783,140610502421504,true,1788547962.368769,2,21315,35.27,-116.64,15000.00,0.00,-9.18,41.90,0.0,0.0,0.0,0.0,0.0,0.0
1783,140610502421504,false,1788547962.370,2,21315,-945.64,-271.27,-38.77,-40.73,-7.67,5.44,0.00,0.00,0.00,180.00,180.00,180.00
1784,140610502421504,true,1788547962.385431,2,21315,35.27,-116.64,15000.00,0.00,-9.13,40.73,0.0,0.0,0.0,0.0,0.0,0.0
1784,140610502421504,false,1788547962.386,2,21317,-948.74,-257.83,-38.37,-38.29,-7.21,5.81,0.00,0.00,0.00,180.00,180.00,180.00
1785,140610502421504,true,1788547962.402715,2,21317,35.27,-116.64,15000.00,0.00,-9.03,38.29,0.0,0.0,0.0,0.0,0.0,0.0
1785,140610502421504,false,1788547962.404,2,21317,-949.90,-251.33,-38.07,-37.21,-7.02,5.98,0.00,0.00,0.00,180.00,180.00,180.00
1786,140610502421504,true,1788547962.418732,2,21317,35.27,-116.64,15000.00,0.00,-9.01,37.21,0.0,0.0,0.0,0.0,0.0,0.0
1786,140610502421504,false,1788547962.420,2,21319,-951.22,-237.88,-37.34,-35.04,-6.53,6.29,0.00,0.00,0.00,180.00,180.00,180.00
1787,140610502421504,true,1788547962.435383,2,21319,35.27,-116.64,15000.00,0.00,-8.90,35.04,0.0,0.0,0.0,0.0,0.0,0.0
1787,140610502421504,false,1788547962.436,2,21319,-951.58,-231.18,-36.40,-34.07,-6.29,6.36,0.00,0.00,0.00,180.00,180.00,180.00
1788,140610502421504,true,1788547962.452108,2,21319,35.27,-116.64,15000.00,0.00,-8.79,34.07,0.0,0.0,0.0,0.0,0.0,0.0
1788,140610502421504,false,1788547962.453,2,21321,-951.25,-218.38,-35.19,-32.21,-5.87,6.45,0.00,0.00,0.00,180.00,180.00,180.00
1789,140610502421504,true,1788547962.468781,2,21321,35.27,-116.64,15000.00,0.00,-8.58,32.21,0.0,0.0,0.0,0.0,0.0,0.0
1789,140610502421504,false,1788547962.470,2,21321,-951.08,-211.53,-34.48,-31.29,-5.67,6.48,0.00,0.00,0.00,180.00,180.00,180.00
1790,140610502421504,true,1788547962.485409,2,21321,35.27,-116.64,15000.00,0.00,-8.49,31.29,0.0,0.0,0.0,0.0,0.0,0.0
1790,140610502421504,false,1788547962.486,2,21322,-950.44,-205.32,-33.88,-30.44,-5.48,6.53,0.00,0.00,0.00,180.00,180.00,180.00
1791,140610502421504,true,1788547962.502148,2,21322,35.27,-116.64,15000.00,0.00,-8.40,30.44,0.0,0.0,0.0,0.0,0.0,0.0
1791,140610502421504,false,1788547962.503,2,21324,-948.48,-190.76,-31.89,-28.55,-4.93,6.62,0.00,0.00,0.00,180.00,180.00,180.00
1792,140610502421504,true,1788547962.518635,2,21324,35.27,-116.64,15000.00,0.00,-8.17,28.55,0.0,0.0,0.0,0.0,0.0,0.0
1793,140610502421504,true,1788547962.535637,2,21324,35.27,-116.64,15000.00,0.00,-8.17,28.55,0.0,0.0,0.0,0.0,0.0,0.0
1793,140610502421504,false,1788547962.537,2,21325,-945.08,-171.63,-28.79,-26.35,-4.30,6.57,0.00,0.00,0.00,180.00,180.00,180.00
1794,140610502421504,true,1788547962.552078,2,21325,35.27,-116.64,15000.00,0.00,-7.79,26.35,0.0,0.0,0.0,0.0,0.0,0.0
1794,140610502421504,false,1788547962.553,2,21325,-943.92,-165.45,-27.83,-25.66,-4.10,6.52,0.00,0.00,0.00,180.00,180.00,180.00
1795,140610502421504,true,1788547962.568765,2,21325,35.27,-116.64,15000.00,0.00,-7.65,25.66,0.0,0.0,0.0,0.0,0.0,0.0
1795,140610502421504,false,1788547962.570,2,21327,-941.65,-153.49,-25.56,-24.44,-3.65,6.47,0.00,0.00,0.00,180.00,180.00,180.00
1796,140610502421504,true,1788547962.585426,2,21327,35.27,-116.64,15000.00,0.00,-7.40,24.44,0.0,0.0,0.0,0.0,0.0,0.0
1796,140610502421504,false,1788547962.586,2,21327,-940.63,-147.57,-24.74,-23.83,-3.43,6.47,0.00,0.00,0.00,180.00,180.00,180.00
1797,140610502421504,true,1788547962.602135,2,21327,35.27,-116.64,15000.00,0.00,-7.30,23.83,0.0,0.0,0.0,0.0,0.0,0.0
1797,140610502421504,false,1788547962.603,2,21329,-938.73,-134.14,-23.76,-22.54,-2.99,6.73,0.00,0.00,0.00,180.00,180.00,180.00
1798,140610502421504,true,1788547962.618750,2,21329,35.27,-116.64,15000.00,0.00,-7.36,22.54,0.0,0.0,0.0,0.0,0.0,0.0
1798,140610502421504,false,1788547962.620,2,21329,-938.01,-127.37,-23.16,-21.85,-2.71,6.83,0.00,0.00,0.00,180.00,180.00,180.00
1799,140610502421504,true,1788547962.635387,2,21329,35.27,-116.64,15000.00,0.00,-7.35,21.85,0.0,0.0,0.0,0.0,0.0,0.0
1799,140610502421504,false,1788547962.636,2,21331,-937.01,-114.29,-21.58,-20.54,-2.19,7.01,0.00,0.00,0.00,180.00,180.00,180.00
1800,140610502421504,true,1788547962.651975,2,21331,35.27,-116.64,15000.00,0.00,-7.33,20.54,0.0,0.0,0.0,0.0,0.0,0.0
1801,140610502421504,true,1788547962.668657,2,21331,35.27,-116.64,15000.00,0.00,-7.33,20.54,0.0,0.0,0.0,0.0,0.0,0.0
1801,140610502421504,false,1788547962.670,2,21332,-935.53,-96.09,-19.81,-18.71,-1.56,7.20,0.00,0.00,0.00,180.00,180.00,180.00
1802,140610502421504,true,1788547962.685254,2,21332,35.27,-116.64,15000.00,0.00,-7.32,18.71,0.0,0.0,0.0,0.0,0.0,0.0
1802,140610502421504,false,1788547962.686,2,21332,-935.08,-90.28,-19.13,-18.12,-1.33,7.25,0.00,0.00,0.00,180.00,180.00,180.00
1803,140610502421504,true,1788547962.701967,2,21332,35.27,-116.64,15000.00,0.00,-7.31,18.12,0.0,0.0,0.0,0.0,0.0,0.0
1803,140610502421504,false,1788547962.703,2,21334,-934.44,-82.01,-18.47,-17.29,-0.96,7.27,0.00,0.00,0.00,180.00,180.00,180.00
1804,140610502421504,true,1788547962.718688,2,21334,35.27,-116.64,15000.00,0.00,-7.23,17.29,0.0,0.0,0.0,0.0,0.0,0.0
1804,140610502421504,false,1788547962.720,2,21334,-934.19,-77.20,-18.08,-16.78,-0.77,7.28,0.00,0.00,0.00,180.00,180.00,180.00
1805,140610502421504,true,1788547962.735288,2,21334,35.27,-116.64,15000.00,0.00,-7.19,16.78,0.0,0.0,0.0,0.0,0.0,0.0
1805,140610502421504,false,1788547962.736,2,21336,-933.72,-68.37,-17.67,-15.94,-0.36,7.23,0.00,0.00,0.00,180.00,180.00,180.00
1806,140610502421504,true,1788547962.752165,2,21336,35.27,-116.64,15000.00,0.00,-7.05,15.94,0.0,0.0,0.0,0.0,0.0,0.0
1806,140610502421504,false,1788547962.753,2,21336,-933.85,-64.50,-17.35,-15.55,-0.20,7.24,0.00,0.00,0.00,180.00,180.00,180.00
1807,140610502421504,true,1788547962.768584,2,21336,35.27,-116.64,15000.00,0.00,-7.03,15.55,0.0,0.0,0.0,0.0,0.0,0.0
1808,140610502421504,true,1788547962.785318,2,21336,35.27,-116.64,15000.00,0.00,-7.03,15.55,0.0,0.0,0.0,0.0,0.0,0.0
1808,140610502421504,false,1788547962.786,2,21338,-933.71,-54.55,-17.25,-14.67,0.28,7.21,0.00,0.00,0.00,180.00,180.00,180.00
1809,140610502421504,true,1788547962.802529,2,21338,35.27,-116.64,15000.00,0.00,-6.90,14.67,0.0,0.0,0.0,0.0,0.0,0.0
1809,140610502421504,false,1788547962.804,2,21339,-933.88,-50.30,-16.77,-14.27,0.49,7.13,0.00,0.00,0.00,180.00,180.00,180.00
1810,140610502421504,true,1788547962.818623,2,21339,35.27,-116.64,15000.00,0.00,-6.79,14.27,0.0,0.0,0.0,0.0,0.0,0.0
1810,140610502421504,false,1788547962.820,2,21339,-933.85,-49.11,-16.88,-14.16,0.56,7.09,0.00,0.00,0.00,180.00,180.00,180.00
1811,140610502421504,true,1788547962.835301,2,21339,35.27,-116.64,15000.00,0.00,-6.74,14.16,0.0,0.0,0.0,0.0,0.0,0.0
1811,140610502421504,false,1788547962.836,2,21341,-934.10,-46.65,-16.45,-13.92,0.54,6.97,0.00,0.00,0.00,180.00,180.00,180.00
1812,140610502421504,true,1788547962.851972,2,21341,35.27,-116.64,15000.00,0.00,-6.64,13.92,0.0,0.0,0.0,0.0,0.0,0.0
1812,140610502421504,false,1788547962.853,2,21341,-934.08,-46.13,-16.74,-13.86,0.51,6.91,0.00,0.00,0.00,180.00,180.00,180.00
1813,140610502421504,true,1788547962.868774,2,21341,35.27,-116.64,15000.00,0.00,-6.58,13.86,0.0,0.0,0.0,0.0,0.0,0.0
1813,140610502421504,false,1788547962.870,2,21343,-934.39,-45.87,-16.89,-13.81,0.44,6.80,0.00,0.00,0.00,180.00,180.00,180.00
1814,140610502421504,true,1788547962.885399,2,21343,35.27,-116.64,15000.00,0.00,-6.50,13.81,0.0,0.0,0.0,0.0,0.0,0.0
1814,140610502421504,false,1788547962.886,2,21343,-934.69,-46.31,-16.96,-13.87,0.34,6.78,0.00,0.00,0.00,180.00,180.00,180.00
1815,140610502421504,true,1788547962.902081,2,21343,35.27,-116.64,15000.00,0.00,-6.50,13.87,0.0,0.0,0.0,0.0,0.0,0.0
1815,140610502421504,false,1788547962.903,2,21345,-935.15,-47.52,-17.34,-14.03,0.08,6.75,0.00,0.00,0.00,180.00,180.00,180.00
1816,140610502421504,true,1788547962.918766,2,21345,35.27,-116.64,15000.00,0.00,-6.53,14.03,0.0,0.0,0.0,0.0,0.0,0.0
1816,140610502421504,false,1788547962.920,2,21345,-935.03,-48.88,-18.22,-14.24,-0.06,6.76,0.00,0.00,0.00,180.00,180.00,180.00
1817,140610502421504,true,1788547962.935505,2,21345,35.27,-116.64,15000.00,0.00,-6.57,14.24,0.0,0.0,0.0,0.0,0.0,0.0
1817,140610502421504,false,1788547962.936,2,21347,-935.05,-50.83,-19.40,-14.48,-0.29,6.81,0.00,0.00,0.00,180.00,180.00,180.00
1818,140610502421504,true,1788547962.951982,2,21347,35.27,-116.64,15000.00,0.00,-6.66,14.48,0.0,0.0,0.0,0.0,0.0,0.0
1819,140610502421504,true,1788547962.968661,2,21347,35.27,-116.64,15000.00,0.00,-6.66,14.48,0.0,0.0,0.0,0.0,0.0,0.0
1819,140610502421504,false,1788547962.970,2,21348,-935.04,-54.43,-20.98,-14.87,-0.53,6.88,0.00,0.00,0.00,180.00,180.00,180.00
1820,140610502421504,true,1788547962.985362,2,21348,35.27,-116.64,15000.00,0.00,-6.79,14.87,0.0,0.0,0.0,0.0,0.0,0.0
1820,140610502421504,false,1788547962.986,2,21348,-935.01,-55.76,-21.46,-15.02,-0.62,6.91,0.00,0.00,0.00,180.00,180.00,180.00
1821,140610502421504,true,1788547963.001973,2,21348,35.27,-116.64,15000.00,0.00,-6.84,15.02,0.0,0.0,0.0,0.0,0.0,0.0
1821,140610502421504,false,1788547963.003,2,21350,-934.70,-58.04,-22.61,-15.32,-0.84,6.95,0.00,0.00,0.00,180.00,180.00,180.00
1822,140610502421504,true,1788547963.018704,2,21350,35.27,-116.64,15000.00,0.00,-6.93,15.32,0.0,0.0,0.0,0.0,0.0,0.0
1822,140610502421504,false,1788547963.020,2,21350,-934.57,-59.42,-22.75,-15.50,-0.92,6.97,0.00,0.00,0.00,180.00,180.00,180.00
1823,140610502421504,true,1788547963.035341,2,21350,35.27,-116.64,15000.00,0.00,-6.96,15.50,0.0,0.0,0.0,0.0,0.0,0.0
1823,140610502421504,false,1788547963.036,2,21352,-934.13,-61.69,-23.27,-15.79,-1.05,6.99,0.00,0.00,0.00,180.00,180.00,180.00
1824,140610502421504,true,1788547963.051973,2,21352,35.27,-116.64,15000.00,0.00,-7.02,15.79,0.0,0.0,0.0,0.0,0.0,0.0
1824,140610502421504,false,1788547963.053,2,21352,-933.85,-62.84,-23.21,-15.94,-1.09,7.00,0.00,0.00,0.00,180.00,180.00,180.00
1825,140610502421504,true,1788547963.068670,2,21352,35.27,-116.64,15000.00,0.00,-7.03,15.94,0.0,0.0,0.0,0.0,0.0,0.0
1825,140610502421504,false,1788547963.070,2,21354,-933.47,-64.48,-23.49,-16.15,-1.13,6.97,0.00,0.00,0.00,180.00,180.00,180.00
1826,140610502421504,true,1788547963.085592,2,21354,35.27,-116.64,15000.00,0.00,-7.01,16.15,0.0,0.0,0.0,0.0,0.0,0.0
1826,140610502421504,false,1788547963.087,2,21354,-933.25,-65.18,-23.43,-16.24,-1.16,6.93,0.00,0.00,0.00,180.00,180.00,180.00
1827,140610502421504,true,1788547963.102021,2,21354,35.27,-116.64,15000.00,0.00,-6.98,16.24,0.0,0.0,0.0,0.0,0.0,0.0
1827,140610502421504,false,1788547963.103,2,21356,-933.01,-66.16,-23.81,-16.38,-1.21,6.84,0.00,0.00,0.00,180.00,180.00,180.00
1828,140610502421504,true,1788547963.118697,2,21356,35.27,-116.64,15000.00,0.00,-6.91,16.38,0.0,0.0,0.0,0.0,0.0,0.0
1828,140610502421504,false,1788547963.120,2,21356,-933.11,-66.65,-23.58,-16.43,-1.21,6.77,0.00,0.00,0.00,180.00,180.00,180.00
1829,140610502421504,true,1788547963.135290,2,21356,35.27,-116.64,15000.00,0.00,-6.83,16.43,0.0,0.0,0.0,0.0,0.0,0.0
1829,140610502421504,false,1788547963.136,2,21358,-933.54,-67.47,-23.86,-16.54,-1.18,6.63,0.00,0.00,0.00,180.00,180.00,180.00
1830,140610502421504,true,1788547963.152029,2,21358,35.27,-116.64,15000.00,0.00,-6.69,16.54,0.0,0.0,0.0,0.0,0.0,0.0
1830,140610502421504,false,1788547963.153,2,21358,-934.03,-68.03,-23.63,-16.57,-1.16,6.56,0.00,0.00,0.00,180.00,180.00,180.00
1831,140610502421504,true,1788547963.168662,2,21358,35.27,-116.64,15000.00,0.00,-6.62,16.57,0.0,0.0,0.0,0.0,0.0,0.0
1831,140610502421504,false,1788547963.170,2,21360,-935.14,-68.78,-23.90,-16.67,-1.21,6.46,0.00,0.00,0.00,180.00,180.00,180.00
1832,140610502421504,true,1788547963.185857,2,21360,35.27,-116.64,15000.00,0.00,-6.54,16.67,0.0,0.0,0.0,0.0,0.0,0.0
1832,140610502421504,false,1788547963.187,2,21360,-935.92,-69.31,-24.25,-16.74,-1.25,6.47,0.00,0.00,0.00,180.00,180.00,180.00
1833,140610502421504,true,1788547963.201982,2,21360,35.27,-116.64,15000.00,0.00,-6.55,16.74,0.0,0.0,0.0,0.0,0.0,0.0
1833,140610502421504,false,1788547963.203,2,21362,-937.11,-69.81,-25.30,-16.79,-1.29,6.59,0.00,0.00,0.00,180.00,180.00,180.00
1834,140610502421504,true,1788547963.218707,2,21362,35.27,-116.64,15000.00,0.00,-6.68,16.79,0.0,0.0,0.0,0.0,0.0,0.0
1834,140610502421504,false,1788547963.220,2,21362,-937.63,-69.95,-25.89,-16.81,-1.31,6.69,0.00,0.00,0.00,180.00,180.00,180.00
1835,140610502421504,true,1788547963.235526,2,21362,35.27,-116.64,15000.00,0.00,-6.79,16.81,0.0,0.0,0.0,0.0,0.0,0.0
1835,140610502421504,false,1788547963.237,2,21364,-938.86,-70.01,-27.17,-16.86,-1.34,6.88,0.00,0.00,0.00,180.00,180.00,180.00
1836,140610502421504,true,1788547963.251970,2,21364,35.27,-116.64,15000.00,0.00,-6.97,16.86,0.0,0.0,0.0,0.0,0.0,0.0
1836,140610502421504,false,1788547963.253,2,21364,-939.42,-70.08,-27.43,-16.92,-1.35,6.96,0.00,0.00,0.00,180.00,180.00,180.00
1837,140610502421504,true,1788547963.268651,2,21364,35.27,-116.64,15000.00,0.00,-7.05,16.92,0.0,0.0,0.0,0.0,0.0,0.0
1837,140610502421504,false,1788547963.270,2,21366,-940.60,-70.03,-28.21,-17.03,-1.33,7.10,0.00,0.00,0.00,180.00,180.00,180.00
1838,140610502421504,true,1788547963.285321,2,21366,35.27,-116.64,15000.00,0.00,-7.18,17.03,0.0,0.0,0.0,0.0,0.0,0.0
1838,140610502421504,false,1788547963.286,2,21366,-940.96,-70.16,-28.24,-17.08,-1.27,7.14,0.00,0.00,0.00,180.00,180.00,180.00
1839,140610502421504,true,1788547963.301973,2,21366,35.27,-116.64,15000.00,0.00,-7.19,17.08,0.0,0.0,0.0,0.0,0.0,0.0
1839,140610502421504,false,1788547963.303,2,21367,-941.46,-70.14,-28.97,-17.21,-1.22,7.33,0.00,0.00,0.00,180.00,180.00,180.00
1840,140610502421504,true,1788547963.318674,2,21367,35.27,-116.64,15000.00,0.00,-7.37,17.21,0.0,0.0,0.0,0.0,0.0,0.0
1840,140610502421504,false,1788547963.320,2,21368,-941.54,-70.06,-29.27,-17.26,-1.20,7.48,0.00,0.00,0.00,180.00,180.00,180.00
1841,140610502421504,true,1788547963.335280,2,21368,35.27,-116.64,15000.00,0.00,-7.50,17.26,0.0,0.0,0.0,0.0,0.0,0.0
1841,140610502421504,false,1788547963.336,2,21370,-941.84,-69.86,-29.64,-17.44,-1.13,7.65,0.00,0.00,0.00,180.00,180.00,180.00
1842,140610502421504,true,1788547963.352208,2,21370,35.27,-116.64,15000.00,0.00,-7.63,17.44,0.0,0.0,0.0,0.0,0.0,0.0
1842,140610502421504,false,1788547963.353,2,21370,-941.68,-70.00,-29.78,-17.52,-1.10,7.75,0.00,0.00,0.00,180.00,180.00,180.00
1843,140610502421504,true,1788547963.368595,2,21370,35.27,-116.64,15000.00,0.00,-7.72,17.52,0.0,0.0,0.0,0.0,0.0,0.0
1844,140610502421504,true,1788547963.385333,2,21370,35.27,-116.64,15000.00,0.00,-7.72,17.52,0.0,0.0,0.0,0.0,0.0,0.0
1844,140610502421504,false,1788547963.386,2,21372,-940.47,-70.02,-31.73,-17.83,-1.15,8.03,0.00,0.00,0.00,180.00,180.00,180.00
1845,140610502421504,true,1788547963.401981,2,21372,35.27,-116.64,15000.00,0.00,-7.99,17.83,0.0,0.0,0.0,0.0,0.0,0.0
1845,140610502421504,false,1788547963.403,2,21373,-939.99,-69.91,-31.70,-18.02,-1.25,8.00,0.00,0.00,0.00,180.00,180.00,180.00
1846,140610502421504,true,1788547963.418696,2,21373,35.27,-116.64,15000.00,0.00,-8.00,18.02,0.0,0.0,0.0,0.0,0.0,0.0
1846,140610502421504,false,1788547963.420,2,21373,-939.69,-69.85,-31.52,-18.06,-1.28,7.97,0.00,0.00,0.00,180.00,180.00,180.00
1847,140610502421504,true,1788547963.435334,2,21373,35.27,-116.64,15000.00,0.00,-7.97,18.06,0.0,0.0,0.0,0.0,0.0,0.0
1847,140610502421504,false,1788547963.436,2,21375,-939.09,-69.27,-31.70,-18.07,-1.32,7.97,0.00,0.00,0.00,180.00,180.00,180.00
1848,140610502421504,true,1788547963.451982,2,21375,35.27,-116.64,15000.00,0.00,-7.98,18.07,0.0,0.0,0.0,0.0,0.0,0.0
1848,140610502421504,false,1788547963.453,2,21375,-938.74,-69.04,-31.74,-18.06,-1.31,7.97,0.00,0.00,0.00,180.00,180.00,180.00
1849,140610502421504,true,1788547963.468676,2,21375,35.27,-116.64,15000.00,0.00,-7.99,18.06,0.0,0.0,0.0,0.0,0.0,0.0
1849,140610502421504,false,1788547963.470,2,21377,-938.58,-68.73,-31.25,-18.09,-1.24,7.88,0.00,0.00,0.00,180.00,180.00,180.00
1850,140610502421504,true,1788547963.485315,2,21377,35.27,-116.64,15000.00,0.00,-7.88,18.09,0.0,0.0,0.0,0.0,0.0,0.0
1850,140610502421504,false,1788547963.486,2,21377,-938.58,-68.82,-30.85,-18.08,-1.19,7.82,0.00,0.00,0.00,180.00,180.00,180.00
1851,140610502421504,true,1788547963.501973,2,21377,35.27,-116.64,15000.00,0.00,-7.81,18.08,0.0,0.0,0.0,0.0,0.0,0.0
1851,140610502421504,false,1788547963.503,2,21379,-938.55,-68.44,-31.05,-18.12,-1.21,7.79,0.00,0.00,0.00,180.00,180.00,180.00
1852,140610502421504,true,1788547963.518615,2,21379,35.27,-116.64,15000.00,0.00,-7.78,18.12,0.0,0.0,0.0,0.0,0.0,0.0
1852,140610502421504,false,1788547963.520,2,21379,-938.37,-68.60,-31.34,-18.12,-1.15,7.88,0.00,0.00,0.00,180.00,180.00,180.00
1853,140610502421504,true,1788547963.535275,2,21379,35.27,-116.64,15000.00,0.00,-7.85,18.12,0.0,0.0,0.0,0.0,0.0,0.0
1853,140610502421504,false,1788547963.536,2,21381,-938.13,-68.40,-32.61,-18.15,-1.18,8.08,0.00,0.00,0.00,180.00,180.00,180.00
1854,140610502421504,true,1788547963.552117,2,21381,35.27,-116.64,15000.00,0.00,-8.04,18.15,0.0,0.0,0.0,0.0,0.0,0.0
1854,140610502421504,false,1788547963.553,2,21381,-938.19,-68.36,-33.11,-18.15,-1.19,8.17,0.00,0.00,0.00,180.00,180.00,180.00
1855,140610502421504,true,1788547963.569164,2,21381,35.27,-116.64,15000.00,0.00,-8.14,18.15,0.0,0.0,0.0,0.0,0.0,0.0
1856,140610502421504,true,1788547963.585365,2,21381,35.27,-116.64,15000.00,0.00,-8.14,18.15,0.0,0.0,0.0,0.0,0.0,0.0
1856,140610502421504,false,1788547963.586,2,21383,-938.59,-68.92,-34.16,-18.21,-1.16,8.36,0.00,0.00,0.00,180.00,180.00,180.00
1857,140610502421504,true,1788547963.602020,2,21383,35.27,-116.64,15000.00,0.00,-8.31,18.21,0.0,0.0,0.0,0.0,0.0,0.0
1857,140610502421504,false,1788547963.603,2,21384,-939.16,-69.51,-34.37,-18.26,-1.15,8.37,0.00,0.00,0.00,180.00,180.00,180.00
1858,140610502421504,true,1788547963.619067,2,21384,35.27,-116.64,15000.00,0.00,-8.31,18.26,0.0,0.0,0.0,0.0,0.0,0.0
1858,140610502421504,false,1788547963.620,2,21384,-939.31,-70.03,-34.46,-18.30,-1.14,8.38,0.00,0.00,0.00,180.00,180.00,180.00
1859,140610502421504,true,1788547963.635440,2,21384,35.27,-116.64,15000.00,0.00,-8.31,18.30,0.0,0.0,0.0,0.0,0.0,0.0
1859,140610502421504,false,1788547963.636,2,21385,-939.55,-70.82,-34.87,-18.39,-1.14,8.39,0.00,0.00,0.00,180.00,180.00,180.00
1860,140610502421504,true,1788547963.652093,2,21385,35.27,-116.64,15000.00,0.00,-8.32,18.39,0.0,0.0,0.0,0.0,0.0,0.0
1860,140610502421504,false,1788547963.653,2,21386,-939.61,-71.40,-35.02,-18.44,-1.17,8.38,0.00,0.00,0.00,180.00,180.00,180.00
1861,140610502421504,true,1788547963.668583,2,21386,35.27,-116.64,15000.00,0.00,-8.32,18.44,0.0,0.0,0.0,0.0,0.0,0.0
1862,140610502421504,true,1788547963.685414,2,21386,35.27,-116.64,15000.00,0.00,-8.32,18.44,0.0,0.0,0.0,0.0,0.0,0.0
1862,140610502421504,false,1788547963.686,2,21388,-939.62,-72.76,-36.10,-18.54,-1.29,8.47,0.00,0.00,0.00,180.00,180.00,180.00
1863,140610502421504,true,1788547963.702089,2,21388,35.27,-116.64,15000.00,0.00,-8.44,18.54,0.0,0.0,0.0,0.0,0.0,0.0
1863,140610502421504,false,1788547963.703,2,21389,-939.58,-73.76,-37.07,-18.63,-1.38,8.56,0.00,0.00,0.00,180.00,180.00,180.00
1864,140610502421504,true,1788547963.718783,2,21389,35.27,-116.64,15000.00,0.00,-8.55,18.63,0.0,0.0,0.0,0.0,0.0,0.0
1864,140610502421504,false,1788547963.720,2,21389,-939.48,-74.45,-37.45,-18.70,-1.41,8.61,0.00,0.00,0.00,180.00,180.00,180.00
1865,140610502421504,true,1788547963.735445,2,21389,35.27,-116.64,15000.00,0.00,-8.61,18.70,0.0,0.0,0.0,0.0,0.0,0.0
1865,140610502421504,false,1788547963.736,2,21391,-939.21,-75.61,-38.29,-18.85,-1.45,8.71,0.00,0.00,0.00,180.00,180.00,180.00
1866,140610502421504,true,1788547963.752105,2,21391,35.27,-116.64,15000.00,0.00,-8.71,18.85,0.0,0.0,0.0,0.0,0.0,0.0
1866,140610502421504,false,1788547963.753,2,21391,-939.05,-76.14,-38.62,-18.92,-1.48,8.74,0.00,0.00,0.00,180.00,180.00,180.00
1867,140610502421504,true,1788547963.768819,2,21391,35.27,-116.64,15000.00,0.00,-8.75,18.92,0.0,0.0,0.0,0.0,0.0,0.0
1867,140610502421504,false,1788547963.770,2,21393,-938.79,-76.88,-39.24,-19.04,-1.56,8.81,0.00,0.00,0.00,180.00,180.00,180.00
1868,140610502421504,true,1788547963.785417,2,21393,35.27,-116.64,15000.00,0.00,-8.84,19.04,0.0,0.0,0.0,0.0,0.0,0.0
1868,140610502421504,false,1788547963.786,2,21393,-938.53,-77.33,-39.45,-19.10,-1.57,8.84,0.00,0.00,0.00,180.00,180.00,180.00
1869,140610502421504,true,1788547963.802019,2,21393,35.27,-116.64,15000.00,0.00,-8.87,19.10,0.0,0.0,0.0,0.0,0.0,0.0
1869,140610502421504,false,1788547963.803,2,21395,-938.08,-77.97,-40.00,-19.24,-1.63,8.90,0.00,0.00,0.00,180.00,180.00,180.00
1870,140610502421504,true,1788547963.818689,2,21395,35.27,-116.64,15000.00,0.00,-8.94,19.24,0.0,0.0,0.0,0.0,0.0,0.0
1871,140610502421504,true,1788547963.835271,2,21395,35.27,-116.64,15000.00,0.00,-8.94,19.24,0.0,0.0,0.0,0.0,0.0,0.0
1871,140610502421504,false,1788547963.836,2,21396,-936.96,-78.84,-40.68,-19.42,-1.73,8.97,0.00,0.00,0.00,180.00,180.00,180.00
1872,140610502421504,true,1788547963.851919,2,21396,35.27,-116.64,15000.00,0.00,-9.04,19.42,0.0,0.0,0.0,0.0,0.0,0.0
1872,140610502421504,false,1788547963.853,2,21396,-936.54,-79.28,-40.60,-19.49,-1.74,8.95,0.00,0.00,0.00,180.00,180.00,180.00
1873,140610502421504,true,1788547963.868564,2,21396,35.27,-116.64,15000.00,0.00,-9.02,19.49,0.0,0.0,0.0,0.0,0.0,0.0
1873,140610502421504,false,1788547963.870,2,21398,-935.91,-79.79,-40.43,-19.63,-1.80,8.84,0.00,0.00,0.00,180.00,180.00,180.00
1874,140610502421504,true,1788547963.885278,2,21398,35.27,-116.64,15000.00,0.00,-8.93,19.63,0.0,0.0,0.0,0.0,0.0,0.0
1874,140610502421504,false,1788547963.886,2,21398,-935.60,-80.18,-40.32,-19.68,-1.82,8.78,0.00,0.00,0.00,180.00,180.00,180.00
1875,140610502421504,true,1788547963.901982,2,21398,35.27,-116.64,15000.00,0.00,-8.88,19.68,0.0,0.0,0.0,0.0,0.0,0.0
1875,140610502421504,false,1788547963.903,2,21400,-935.00,-80.89,-40.06,-19.79,-1.85,8.68,0.00,0.00,0.00,180.00,180.00,180.00
1876,140610502421504,true,1788547963.918664,2,21400,35.27,-116.64,15000.00,0.00,-8.79,19.79,0.0,0.0,0.0,0.0,0.0,0.0
1876,140610502421504,false,1788547963.920,2,21400,-934.90,-81.34,-39.67,-19.87,-1.86,8.59,0.00,0.00,0.00,180.00,180.00,180.00
1877,140610502421504,true,1788547963.935227,2,21400,35.27,-116.64,15000.00,0.00,-8.71,19.87,0.0,0.0,0.0,0.0,0.0,0.0
1877,140610502421504,false,1788547963.936,2,21402,-934.46,-81.98,-39.54,-19.98,-1.93,8.50,0.00,0.00,0.00,180.00,180.00,180.00
1878,140610502421504,true,1788547963.952534,2,21402,35.27,-116.64,15000.00,0.00,-8.65,19.98,0.0,0.0,0.0,0.0,0.0,0.0
1878,140610502421504,false,1788547963.953,2,21402,-934.31,-82.23,-39.69,-20.03,-1.97,8.49,0.00,0.00,0.00,180.00,180.00,180.00
1879,140610502421504,true,1788547963.968629,2,21402,35.27,-116.64,15000.00,0.00,-8.65,20.03,0.0,0.0,0.0,0.0,0.0,0.0
1879,140610502421504,false,1788547963.970,2,21404,-934.32,-82.59,-39.58,-20.06,-1.97,8.45,0.00,0.00,0.00,180.00,180.00,180.00
1880,140610502421504,true,1788547963.985287,2,21404,35.27,-116.64,15000.00,0.00,-8.62,20.06,0.0,0.0,0.0,0.0,0.0,0.0
1880,140610502421504,false,1788547963.986,2,21404,-934.29,-82.74,-39.55,-20.07,-1.97,8.44,0.00,0.00,0.00,180.00,180.00,180.00
