frame,current_sight_los.az,current_sight_los.el,filtered_sight_az,filtered_sight_el,tads_yaw_rate,tads_pitch_rate,tads_yaw_rate_bias,tads_pitch_rate_bias,filtered_tads_yaw_rate_bias,filtered_tads_pitch_rate_bias,
 1,-6.11675E-02,-1.72886E-01,-8.39847E-02,-1.86642E-01, 0.00000E+00,-0.00000E+00,-2.19314E-03,-2.01655E-03,-2.19314E-03,-2.01655E-03,
 2,-6.11675E-02,-1.72886E-01,-8.39149E-02,-1.86613E-01, 0.00000E+00,-0.00000E+00,-2.17888E-03,-2.00796E-03,-2.17888E-03,-2.00796E-03,
 3,-6.11675E-02,-1.72886E-01,-8.38452E-02,-1.86585E-01, 0.00000E+00,-0.00000E+00,-2.16467E-03,-1.99938E-03,-2.16467E-03,-1.99938E-03,
 4,-6.10716E-02,-1.72886E-01,-8.37751E-02,-1.86556E-01, 0.00000E+00,-0.00000E+00,-2.15043E-03,-1.99081E-03,-2.15043E-03,-1.99081E-03,
 5,-6.08798E-02,-1.72886E-01,-8.37041E-02,-1.86527E-01, 0.00000E+00,-0.00000E+00,-2.13612E-03,-1.98227E-03,-2.13612E-03,-1.98227E-03,
 6,-6.07840E-02,-1.72886E-01,-8.36326E-02,-1.86499E-01, 0.00000E+00,-0.00000E+00,-2.12180E-03,-1.97374E-03,-2.12180E-03,-1.97374E-03,
 7,-6.06881E-02,-1.72886E-01,-8.35608E-02,-1.86470E-01, 0.00000E+00,-0.00000E+00,-2.10746E-03,-1.96524E-03,-2.10746E-03,-1.96524E-03,
 8,-6.05922E-02,-1.72886E-01,-8.34885E-02,-1.86441E-01, 0.00000E+00,-0.00000E+00,-2.09310E-03,-1.95675E-03,-2.09310E-03,-1.95675E-03,
 9,-6.04963E-02,-1.72886E-01,-8.34158E-02,-1.86412E-01, 0.00000E+00,-0.00000E+00,-2.07873E-03,-1.94827E-03,-2.07873E-03,-1.94827E-03,
 10,-6.04005E-02,-1.72886E-01,-8.33427E-02,-1.86383E-01, 0.00000E+00,-0.00000E+00,-2.06435E-03,-1.93982E-03,-2.06435E-03,-1.93982E-03,
 11,-6.02087E-02,-1.72982E-01,-8.32688E-02,-1.86355E-01, 0.00000E+00,-0.00000E+00,-2.04989E-03,-1.93144E-03,-2.04989E-03,-1.93144E-03,
 12,-6.02087E-02,-1.72982E-01,-8.31949E-02,-1.86327E-01, 0.00000E+00,-0.00000E+00,-2.03548E-03,-1.92309E-03,-2.03548E-03,-1.92309E-03,
 13,-6.01128E-02,-1.72982E-01,-8.31206E-02,-1.86298E-01, 0.00000E+00,-0.00000E+00,-2.02105E-03,-1.91475E-03,-2.02105E-03,-1.91475E-03,
 14,-6.00170E-02,-1.72982E-01,-8.30459E-02,-1.86270E-01, 0.00000E+00,-0.00000E+00,-2.00661E-03,-1.90642E-03,-2.00661E-03,-1.90642E-03,
 15,-5.99211E-02,-1.72982E-01,-8.29708E-02,-1.86241E-01, 0.00000E+00,-0.00000E+00,-1.99216E-03,-1.89812E-03,-1.99216E-03,-1.89812E-03,
 16,-5.98252E-02,-1.72982E-01,-8.28953E-02,-1.86213E-01, 0.00000E+00,-0.00000E+00,-1.97769E-03,-1.88983E-03,-1.97769E-03,-1.88983E-03,
 17,-5.97293E-02,-1.72982E-01,-8.28194E-02,-1.86184E-01, 0.00000E+00,-0.00000E+00,-1.96321E-03,-1.88156E-03,-1.96321E-03,-1.88156E-03,
 18,-5.95376E-02,-1.72982E-01,-8.27426E-02,-1.86156E-01, 0.00000E+00,-0.00000E+00,-1.94866E-03,-1.87331E-03,-1.94866E-03,-1.87331E-03,
 19,-5.94417E-02,-1.72982E-01,-8.26655E-02,-1.86127E-01, 0.00000E+00,-0.00000E+00,-1.93410E-03,-1.86508E-03,-1.93410E-03,-1.86508E-03,
 20,-5.93459E-02,-1.72982E-01,-8.25879E-02,-1.86098E-01, 0.00000E+00,-0.00000E+00,-1.91952E-03,-1.85686E-03,-1.91952E-03,-1.85686E-03,
 21,-5.93459E-02,-1.72982E-01,-8.25104E-02,-1.86070E-01, 0.00000E+00,-0.00000E+00,-1.90500E-03,-1.84866E-03,-1.90500E-03,-1.84866E-03,
 22,-5.92500E-02,-1.72982E-01,-8.24326E-02,-1.86041E-01, 0.00000E+00,-0.00000E+00,-1.89046E-03,-1.84048E-03,-1.89046E-03,-1.84048E-03,
 23,-5.91541E-02,-1.72982E-01,-8.23544E-02,-1.86013E-01, 0.00000E+00,-0.00000E+00,-1.87591E-03,-1.83232E-03,-1.87591E-03,-1.83232E-03,
 24,-5.90582E-02,-1.72982E-01,-8.22757E-02,-1.85984E-01, 0.00000E+00,-0.00000E+00,-1.86135E-03,-1.82418E-03,-1.86135E-03,-1.82418E-03,
 25,-5.88665E-02,-1.72982E-01,-8.21963E-02,-1.85955E-01, 0.00000E+00,-0.00000E+00,-1.84672E-03,-1.81605E-03,-1.84672E-03,-1.81605E-03,
 26,-5.87706E-02,-1.72982E-01,-8.21164E-02,-1.85926E-01, 0.00000E+00,-0.00000E+00,-1.83208E-03,-1.80794E-03,-1.83208E-03,-1.80794E-03,
 27,-5.87706E-02,-1.72982E-01,-8.20366E-02,-1.85898E-01, 0.00000E+00,-0.00000E+00,-1.81749E-03,-1.79985E-03,-1.81749E-03,-1.79985E-03,
 28,-5.85789E-02,-1.72982E-01,-8.19560E-02,-1.85869E-01, 0.00000E+00,-0.00000E+00,-1.80282E-03,-1.79178E-03,-1.80282E-03,-1.79178E-03,
 29,-5.84830E-02,-1.72982E-01,-8.18750E-02,-1.85840E-01, 0.00000E+00,-0.00000E+00,-1.78815E-03,-1.78372E-03,-1.78815E-03,-1.78372E-03,
 30,-5.83871E-02,-1.72982E-01,-8.17937E-02,-1.85811E-01, 0.00000E+00,-0.00000E+00,-1.77347E-03,-1.77569E-03,-1.77347E-03,-1.77569E-03,
 31,-5.83871E-02,-1.72982E-01,-8.17124E-02,-1.85783E-01, 0.00000E+00,-0.00000E+00,-1.75884E-03,-1.76767E-03,-1.75884E-03,-1.76767E-03,
 32,-5.81954E-02,-1.72982E-01,-8.16303E-02,-1.85754E-01, 0.00000E+00,-0.00000E+00,-1.74415E-03,-1.75967E-03,-1.74415E-03,-1.75967E-03,
 33,-5.80995E-02,-1.72982E-01,-8.15478E-02,-1.85725E-01, 0.00000E+00,-0.00000E+00,-1.72944E-03,-1.75168E-03,-1.72944E-03,-1.75168E-03,
 34,-5.80995E-02,-1.73078E-01,-8.14655E-02,-1.85697E-01, 0.00000E+00,-0.00000E+00,-1.71478E-03,-1.74378E-03,-1.71478E-03,-1.74378E-03,
 35,-5.79077E-02,-1.73078E-01,-8.13823E-02,-1.85668E-01, 0.00000E+00,-0.00000E+00,-1.70006E-03,-1.73589E-03,-1.70006E-03,-1.73589E-03,
 36,-5.78119E-02,-1.73078E-01,-8.12987E-02,-1.85640E-01, 0.00000E+00,-0.00000E+00,-1.68533E-03,-1.72802E-03,-1.68533E-03,-1.72802E-03,
 37,-5.77160E-02,-1.73078E-01,-8.12147E-02,-1.85611E-01, 0.00000E+00,-0.00000E+00,-1.67059E-03,-1.72017E-03,-1.67059E-03,-1.72017E-03,
 38,-5.75243E-02,-1.73078E-01,-8.11300E-02,-1.85583E-01, 0.00000E+00,-0.00000E+00,-1.65578E-03,-1.71234E-03,-1.65578E-03,-1.71234E-03,
 39,-5.75243E-02,-1.73078E-01,-8.10453E-02,-1.85554E-01, 0.00000E+00,-0.00000E+00,-1.64103E-03,-1.70452E-03,-1.64103E-03,-1.70452E-03,
 40,-5.74284E-02,-1.73078E-01,-8.09603E-02,-1.85526E-01, 0.00000E+00,-0.00000E+00,-1.62627E-03,-1.69672E-03,-1.62627E-03,-1.69672E-03,
 41,-5.74284E-02,-1.73078E-01,-8.08754E-02,-1.85498E-01, 0.00000E+00,-0.00000E+00,-1.61156E-03,-1.68894E-03,-1.61156E-03,-1.68894E-03,
 42,-5.72366E-02,-1.73078E-01,-8.07897E-02,-1.85469E-01, 0.00000E+00,-0.00000E+00,-1.59679E-03,-1.68118E-03,-1.59679E-03,-1.68118E-03,
 43,-5.71408E-02,-1.73078E-01,-8.07037E-02,-1.85441E-01, 0.00000E+00,-0.00000E+00,-1.58201E-03,-1.67344E-03,-1.58201E-03,-1.67344E-03,
 44,-5.70449E-02,-1.73078E-01,-8.06173E-02,-1.85412E-01, 0.00000E+00,-0.00000E+00,-1.56722E-03,-1.66571E-03,-1.56722E-03,-1.66571E-03,
 45,-5.68531E-02,-1.73078E-01,-8.05300E-02,-1.85384E-01, 0.00000E+00,-0.00000E+00,-1.55237E-03,-1.65800E-03,-1.55237E-03,-1.65800E-03,
 46,-5.68531E-02,-1.73078E-01,-8.04429E-02,-1.85355E-01, 0.00000E+00,-0.00000E+00,-1.53757E-03,-1.65031E-03,-1.53757E-03,-1.65031E-03,
 47,-5.67573E-02,-1.73078E-01,-8.03555E-02,-1.85326E-01, 0.00000E+00,-0.00000E+00,-1.52276E-03,-1.64264E-03,-1.52276E-03,-1.64264E-03,
 48,-5.65655E-02,-1.73078E-01,-8.02672E-02,-1.85298E-01, 0.00000E+00,-0.00000E+00,-1.50790E-03,-1.63498E-03,-1.50790E-03,-1.63498E-03,
 49,-5.64696E-02,-1.73078E-01,-8.01786E-02,-1.85269E-01, 0.00000E+00,-0.00000E+00,-1.49302E-03,-1.62734E-03,-1.49302E-03,-1.62734E-03,
 50,-5.63738E-02,-1.73078E-01,-8.00896E-02,-1.85241E-01, 0.00000E+00,-0.00000E+00,-1.47814E-03,-1.61972E-03,-1.47814E-03,-1.61972E-03,
 51,-5.63738E-02,-1.73078E-01,-8.00008E-02,-1.85212E-01, 0.00000E+00,-0.00000E+00,-1.46332E-03,-1.61212E-03,-1.46332E-03,-1.61212E-03,
 52,-5.62779E-02,-1.73078E-01,-7.99116E-02,-1.85184E-01, 0.00000E+00,-0.00000E+00,-1.44849E-03,-1.60454E-03,-1.44849E-03,-1.60454E-03,
 53,-5.61820E-02,-1.73078E-01,-7.98222E-02,-1.85155E-01, 0.00000E+00,-0.00000E+00,-1.43366E-03,-1.59697E-03,-1.43366E-03,-1.59697E-03,
 54,-5.60861E-02,-1.73078E-01,-7.97323E-02,-1.85126E-01, 0.00000E+00,-0.00000E+00,-1.41883E-03,-1.58942E-03,-1.41883E-03,-1.58942E-03,
 55,-5.58944E-02,-1.73173E-01,-7.96417E-02,-1.85098E-01, 0.00000E+00,-0.00000E+00,-1.40393E-03,-1.58195E-03,-1.40393E-03,-1.58195E-03,
 56,-5.57985E-02,-1.73173E-01,-7.95507E-02,-1.85070E-01, 0.00000E+00,-0.00000E+00,-1.38903E-03,-1.57450E-03,-1.38903E-03,-1.57450E-03,
 57,-5.57026E-02,-1.73173E-01,-7.94595E-02,-1.85042E-01, 0.00000E+00,-0.00000E+00,-1.37412E-03,-1.56706E-03,-1.37412E-03,-1.56706E-03,
 58,-5.56068E-02,-1.73173E-01,-7.93678E-02,-1.85014E-01, 0.00000E+00,-0.00000E+00,-1.35921E-03,-1.55964E-03,-1.35921E-03,-1.55964E-03,
 59,-5.55109E-02,-1.73173E-01,-7.92759E-02,-1.84986E-01, 0.00000E+00,-0.00000E+00,-1.34430E-03,-1.55224E-03,-1.34430E-03,-1.55224E-03,
 60,-5.54150E-02,-1.73173E-01,-7.91836E-02,-1.84957E-01, 0.00000E+00,-0.00000E+00,-1.32939E-03,-1.54486E-03,-1.32939E-03,-1.54486E-03,
 61,-5.54150E-02,-1.73173E-01,-7.90915E-02,-1.84929E-01, 0.00000E+00,-0.00000E+00,-1.31454E-03,-1.53750E-03,-1.31454E-03,-1.53750E-03,
 62,-5.52233E-02,-1.73173E-01,-7.89986E-02,-1.84901E-01, 0.00000E+00,-0.00000E+00,-1.29962E-03,-1.53015E-03,-1.29962E-03,-1.53015E-03,
 63,-5.51274E-02,-1.73173E-01,-7.89054E-02,-1.84873E-01, 0.00000E+00,-0.00000E+00,-1.28470E-03,-1.52282E-03,-1.28470E-03,-1.52282E-03,
 64,-5.50315E-02,-1.73173E-01,-7.88119E-02,-1.84845E-01, 0.00000E+00,-0.00000E+00,-1.26978E-03,-1.51551E-03,-1.26978E-03,-1.51551E-03,
 65,-5.49357E-02,-1.73173E-01,-7.87180E-02,-1.84817E-01, 0.00000E+00,-0.00000E+00,-1.25485E-03,-1.50821E-03,-1.25485E-03,-1.50821E-03,
 66,-5.48398E-02,-1.73173E-01,-7.86238E-02,-1.84788E-01, 0.00000E+00,-0.00000E+00,-1.23993E-03,-1.50094E-03,-1.23993E-03,-1.50094E-03,
 67,-5.47439E-02,-1.73173E-01,-7.85294E-02,-1.84760E-01, 0.00000E+00,-0.00000E+00,-1.22501E-03,-1.49368E-03,-1.22501E-03,-1.49368E-03,
 68,-5.45522E-02,-1.73173E-01,-7.84341E-02,-1.84732E-01, 0.00000E+00,-0.00000E+00,-1.21002E-03,-1.48643E-03,-1.21002E-03,-1.48643E-03,
 69,-5.44563E-02,-1.73173E-01,-7.83385E-02,-1.84704E-01, 0.00000E+00,-0.00000E+00,-1.19503E-03,-1.47921E-03,-1.19503E-03,-1.47921E-03,
 70,-5.44563E-02,-1.73173E-01,-7.82431E-02,-1.84675E-01, 0.00000E+00,-0.00000E+00,-1.18011E-03,-1.47200E-03,-1.18011E-03,-1.47200E-03,
 71,-5.44563E-02,-1.73173E-01,-7.81479E-02,-1.84647E-01, 0.00000E+00,-0.00000E+00,-1.16524E-03,-1.46482E-03,-1.16524E-03,-1.46482E-03,
 72,-5.42645E-02,-1.73173E-01,-7.80519E-02,-1.84619E-01, 0.00000E+00,-0.00000E+00,-1.15031E-03,-1.45764E-03,-1.15031E-03,-1.45764E-03,
 73,-5.41687E-02,-1.73173E-01,-7.79555E-02,-1.84591E-01, 0.00000E+00,-0.00000E+00,-1.13539E-03,-1.45049E-03,-1.13539E-03,-1.45049E-03,
 74,-5.40728E-02,-1.73173E-01,-7.78589E-02,-1.84563E-01, 0.00000E+00,-0.00000E+00,-1.12046E-03,-1.44335E-03,-1.12046E-03,-1.44335E-03,
 75,-5.38810E-02,-1.73269E-01,-7.77615E-02,-1.84535E-01, 0.00000E+00,-0.00000E+00,-1.10547E-03,-1.43630E-03,-1.10547E-03,-1.43630E-03,
 76,-5.37852E-02,-1.73269E-01,-7.76638E-02,-1.84507E-01, 0.00000E+00,-0.00000E+00,-1.09049E-03,-1.42926E-03,-1.09049E-03,-1.42926E-03,
 77,-5.36893E-02,-1.73269E-01,-7.75658E-02,-1.84479E-01, 0.00000E+00,-0.00000E+00,-1.07550E-03,-1.42223E-03,-1.07550E-03,-1.42223E-03,
 78,-5.35934E-02,-1.73269E-01,-7.74675E-02,-1.84452E-01, 0.00000E+00,-0.00000E+00,-1.06052E-03,-1.41523E-03,-1.06052E-03,-1.41523E-03,
 79,-5.34976E-02,-1.73269E-01,-7.73689E-02,-1.84424E-01, 0.00000E+00,-0.00000E+00,-1.04554E-03,-1.40824E-03,-1.04554E-03,-1.40824E-03,
 80,-5.34017E-02,-1.73269E-01,-7.72701E-02,-1.84396E-01, 0.00000E+00,-0.00000E+00,-1.03056E-03,-1.40126E-03,-1.03056E-03,-1.40126E-03,
 81,-5.34017E-02,-1.73269E-01,-7.71714E-02,-1.84368E-01, 0.00000E+00,-0.00000E+00,-1.01564E-03,-1.39431E-03,-1.01564E-03,-1.39431E-03,
 82,-5.32099E-02,-1.73269E-01,-7.70719E-02,-1.84341E-01, 0.00000E+00,-0.00000E+00,-1.00067E-03,-1.38737E-03,-1.00067E-03,-1.38737E-03,
 83,-5.32099E-02,-1.73269E-01,-7.69727E-02,-1.84313E-01, 0.00000E+00,-0.00000E+00,-9.85753E-04,-1.38045E-03,-9.85753E-04,-1.38045E-03,
 84,-5.31141E-02,-1.73269E-01,-7.68731E-02,-1.84285E-01, 0.00000E+00,-0.00000E+00,-9.70841E-04,-1.37355E-03,-9.70841E-04,-1.37355E-03,
 85,-5.29223E-02,-1.73269E-01,-7.67728E-02,-1.84257E-01, 0.00000E+00,-0.00000E+00,-9.55872E-04,-1.36667E-03,-9.55872E-04,-1.36667E-03,
 86,-5.28264E-02,-1.73269E-01,-7.66722E-02,-1.84230E-01, 0.00000E+00,-0.00000E+00,-9.40905E-04,-1.35980E-03,-9.40905E-04,-1.35980E-03,
 87,-5.27306E-02,-1.73269E-01,-7.65713E-02,-1.84202E-01, 0.00000E+00,-0.00000E+00,-9.25942E-04,-1.35295E-03,-9.25942E-04,-1.35295E-03,
 88,-5.26347E-02,-1.73269E-01,-7.64702E-02,-1.84174E-01, 0.00000E+00,-0.00000E+00,-9.10981E-04,-1.34612E-03,-9.10981E-04,-1.34612E-03,
 89,-5.25388E-02,-1.73269E-01,-7.63688E-02,-1.84146E-01, 0.00000E+00,-0.00000E+00,-8.96024E-04,-1.33930E-03,-8.96024E-04,-1.33930E-03,
 90,-5.24430E-02,-1.73269E-01,-7.62670E-02,-1.84119E-01, 0.00000E+00,-0.00000E+00,-8.81070E-04,-1.33250E-03,-8.81070E-04,-1.33250E-03,
 91,-5.24430E-02,-1.73269E-01,-7.61655E-02,-1.84091E-01, 0.00000E+00,-0.00000E+00,-8.66180E-04,-1.32572E-03,-8.66180E-04,-1.32572E-03,
 92,-5.22512E-02,-1.73269E-01,-7.60633E-02,-1.84063E-01, 0.00000E+00,-0.00000E+00,-8.51234E-04,-1.31896E-03,-8.51234E-04,-1.31896E-03,
 93,-5.21553E-02,-1.73269E-01,-7.59608E-02,-1.84035E-01, 0.00000E+00,-0.00000E+00,-8.36291E-04,-1.31221E-03,-8.36291E-04,-1.31221E-03,
 94,-5.20594E-02,-1.73269E-01,-7.58580E-02,-1.84008E-01, 0.00000E+00,-0.00000E+00,-8.21353E-04,-1.30548E-03,-8.21353E-04,-1.30548E-03,
 95,-5.19636E-02,-1.73269E-01,-7.57549E-02,-1.83980E-01, 0.00000E+00,-0.00000E+00,-8.06419E-04,-1.29877E-03,-8.06419E-04,-1.29877E-03,
 96,-5.18677E-02,-1.73269E-01,-7.56515E-02,-1.83952E-01, 0.00000E+00,-0.00000E+00,-7.91489E-04,-1.29208E-03,-7.91489E-04,-1.29208E-03,
 97,-5.17718E-02,-1.73365E-01,-7.55479E-02,-1.83925E-01, 0.00000E+00,-0.00000E+00,-7.76565E-04,-1.28546E-03,-7.76565E-04,-1.28546E-03,
 98,-5.15801E-02,-1.73365E-01,-7.54436E-02,-1.83898E-01, 0.00000E+00,-0.00000E+00,-7.61585E-04,-1.27886E-03,-7.61585E-04,-1.27886E-03,
 99,-5.14842E-02,-1.73365E-01,-7.53390E-02,-1.83870E-01, 0.00000E+00,-0.00000E+00,-7.46610E-04,-1.27228E-03,-7.46610E-04,-1.27228E-03,
 100,-5.13883E-02,-1.73365E-01,-7.52341E-02,-1.83843E-01, 0.00000E+00,-0.00000E+00,-7.31641E-04,-1.26571E-03,-7.31641E-04,-1.26571E-03,
 101,-5.12925E-02,-1.73365E-01,-7.51290E-02,-1.83816E-01, 0.00000E+00,-0.00000E+00,-7.16677E-04,-1.25916E-03,-7.16677E-04,-1.25916E-03,
 102,-5.12925E-02,-1.73365E-01,-7.50241E-02,-1.83789E-01, 0.00000E+00,-0.00000E+00,-7.01779E-04,-1.25263E-03,-7.01779E-04,-1.25263E-03,
 103,-5.11966E-02,-1.73365E-01,-7.49189E-02,-1.83762E-01, 0.00000E+00,-0.00000E+00,-6.86887E-04,-1.24612E-03,-6.86887E-04,-1.24612E-03,
 104,-5.11007E-02,-1.73365E-01,-7.48135E-02,-1.83734E-01, 0.00000E+00,-0.00000E+00,-6.72001E-04,-1.23962E-03,-6.72001E-04,-1.23962E-03,
 105,-5.09090E-02,-1.73365E-01,-7.47073E-02,-1.83707E-01, 0.00000E+00,-0.00000E+00,-6.57060E-04,-1.23314E-03,-6.57060E-04,-1.23314E-03,
 106,-5.08131E-02,-1.73365E-01,-7.46009E-02,-1.83680E-01, 0.00000E+00,-0.00000E+00,-6.42126E-04,-1.22667E-03,-6.42126E-04,-1.22667E-03,
 107,-5.07172E-02,-1.73365E-01,-7.44943E-02,-1.83653E-01, 0.00000E+00,-0.00000E+00,-6.27199E-04,-1.22023E-03,-6.27199E-04,-1.22023E-03,
 108,-5.06213E-02,-1.73365E-01,-7.43873E-02,-1.83626E-01, 0.00000E+00,-0.00000E+00,-6.12278E-04,-1.21380E-03,-6.12278E-04,-1.21380E-03,
 109,-5.05255E-02,-1.73365E-01,-7.42802E-02,-1.83599E-01, 0.00000E+00,-0.00000E+00,-5.97365E-04,-1.20738E-03,-5.97365E-04,-1.20738E-03,
 110,-5.04296E-02,-1.73365E-01,-7.41728E-02,-1.83571E-01, 0.00000E+00,-0.00000E+00,-5.82458E-04,-1.20099E-03,-5.82458E-04,-1.20099E-03,
 111,-5.04296E-02,-1.73365E-01,-7.40656E-02,-1.83544E-01, 0.00000E+00,-0.00000E+00,-5.67619E-04,-1.19461E-03,-5.67619E-04,-1.19461E-03,
 112,-5.02378E-02,-1.73365E-01,-7.39577E-02,-1.83517E-01, 0.00000E+00,-0.00000E+00,-5.52726E-04,-1.18825E-03,-5.52726E-04,-1.18825E-03,
 113,-5.01420E-02,-1.73365E-01,-7.38496E-02,-1.83490E-01, 0.00000E+00,-0.00000E+00,-5.37841E-04,-1.18190E-03,-5.37841E-04,-1.18190E-03,
 114,-5.01420E-02,-1.73365E-01,-7.37417E-02,-1.83463E-01, 0.00000E+00,-0.00000E+00,-5.23024E-04,-1.17557E-03,-5.23024E-04,-1.17557E-03,
 115,-4.99502E-02,-1.73365E-01,-7.36331E-02,-1.83436E-01, 0.00000E+00,-0.00000E+00,-5.08154E-04,-1.16926E-03,-5.08154E-04,-1.16926E-03,
 116,-4.98543E-02,-1.73365E-01,-7.35242E-02,-1.83409E-01, 0.00000E+00,-0.00000E+00,-4.93293E-04,-1.16297E-03,-4.93293E-04,-1.16297E-03,
 117,-4.97585E-02,-1.73365E-01,-7.34151E-02,-1.83382E-01, 0.00000E+00,-0.00000E+00,-4.78439E-04,-1.15669E-03,-4.78439E-04,-1.15669E-03,
 118,-4.95667E-02,-1.73461E-01,-7.33053E-02,-1.83355E-01, 0.00000E+00,-0.00000E+00,-4.63534E-04,-1.15049E-03,-4.63534E-04,-1.15049E-03,
 119,-4.95667E-02,-1.73461E-01,-7.31957E-02,-1.83328E-01, 0.00000E+00,-0.00000E+00,-4.48697E-04,-1.14431E-03,-4.48697E-04,-1.14431E-03,
 120,-4.94708E-02,-1.73461E-01,-7.30859E-02,-1.83302E-01, 0.00000E+00,-0.00000E+00,-4.33869E-04,-1.13814E-03,-4.33869E-04,-1.13814E-03,
 121,-4.94708E-02,-1.73461E-01,-7.29764E-02,-1.83275E-01, 0.00000E+00,-0.00000E+00,-4.19110E-04,-1.13199E-03,-4.19110E-04,-1.13199E-03,
 122,-4.92791E-02,-1.73461E-01,-7.28661E-02,-1.83249E-01, 0.00000E+00,-0.00000E+00,-4.04299E-04,-1.12586E-03,-4.04299E-04,-1.12586E-03,
 123,-4.91832E-02,-1.73461E-01,-7.27556E-02,-1.83222E-01, 0.00000E+00,-0.00000E+00,-3.89497E-04,-1.11974E-03,-3.89497E-04,-1.11974E-03,
 124,-4.90874E-02,-1.73461E-01,-7.26449E-02,-1.83196E-01, 0.00000E+00,-0.00000E+00,-3.74705E-04,-1.11364E-03,-3.74705E-04,-1.11364E-03,
 125,-4.88956E-02,-1.73461E-01,-7.25335E-02,-1.83169E-01, 0.00000E+00,-0.00000E+00,-3.59861E-04,-1.10755E-03,-3.59861E-04,-1.10755E-03,
 126,-4.88956E-02,-1.73461E-01,-7.24223E-02,-1.83143E-01, 0.00000E+00,-0.00000E+00,-3.45088E-04,-1.10149E-03,-3.45088E-04,-1.10149E-03,
 127,-4.87997E-02,-1.73461E-01,-7.23109E-02,-1.83116E-01, 0.00000E+00,-0.00000E+00,-3.30323E-04,-1.09544E-03,-3.30323E-04,-1.09544E-03,
 128,-4.86080E-02,-1.73461E-01,-7.21988E-02,-1.83090E-01, 0.00000E+00,-0.00000E+00,-3.15509E-04,-1.08940E-03,-3.15509E-04,-1.08940E-03,
 129,-4.85121E-02,-1.73461E-01,-7.20865E-02,-1.83063E-01, 0.00000E+00,-0.00000E+00,-3.00705E-04,-1.08338E-03,-3.00705E-04,-1.08338E-03,
 130,-4.84162E-02,-1.73461E-01,-7.19739E-02,-1.83037E-01, 0.00000E+00,-0.00000E+00,-2.85911E-04,-1.07738E-03,-2.85911E-04,-1.07738E-03,
 131,-4.84162E-02,-1.73461E-01,-7.18617E-02,-1.83010E-01, 0.00000E+00,-0.00000E+00,-2.71187E-04,-1.07140E-03,-2.71187E-04,-1.07140E-03,
 132,-4.83204E-02,-1.73461E-01,-7.17492E-02,-1.82984E-01, 0.00000E+00,-0.00000E+00,-2.56474E-04,-1.06543E-03,-2.56474E-04,-1.06543E-03,
 133,-4.82245E-02,-1.73461E-01,-7.16365E-02,-1.82957E-01, 0.00000E+00,-0.00000E+00,-2.41771E-04,-1.05948E-03,-2.41771E-04,-1.05948E-03,
 134,-4.81286E-02,-1.73461E-01,-7.15235E-02,-1.82931E-01, 0.00000E+00,-0.00000E+00,-2.27079E-04,-1.05354E-03,-2.27079E-04,-1.05354E-03,
 135,-4.79369E-02,-1.73461E-01,-7.14099E-02,-1.82904E-01, 0.00000E+00,-0.00000E+00,-2.12337E-04,-1.04762E-03,-2.12337E-04,-1.04762E-03,
 136,-4.78410E-02,-1.73461E-01,-7.12961E-02,-1.82878E-01, 0.00000E+00,-0.00000E+00,-1.97607E-04,-1.04172E-03,-1.97607E-04,-1.04172E-03,
 137,-4.77451E-02,-1.73461E-01,-7.11821E-02,-1.82852E-01, 0.00000E+00,-0.00000E+00,-1.82887E-04,-1.03584E-03,-1.82887E-04,-1.03584E-03,
 138,-4.76492E-02,-1.73557E-01,-7.10678E-02,-1.82826E-01, 0.00000E+00,-0.00000E+00,-1.68179E-04,-1.03003E-03,-1.68179E-04,-1.03003E-03,
 139,-4.75534E-02,-1.73557E-01,-7.09534E-02,-1.82800E-01, 0.00000E+00,-0.00000E+00,-1.53483E-04,-1.02423E-03,-1.53483E-04,-1.02423E-03,
 140,-4.74575E-02,-1.73557E-01,-7.08387E-02,-1.82774E-01, 0.00000E+00,-0.00000E+00,-1.38798E-04,-1.01846E-03,-1.38798E-04,-1.01846E-03,
 141,-4.74575E-02,-1.73557E-01,-7.07243E-02,-1.82748E-01, 0.00000E+00,-0.00000E+00,-1.24185E-04,-1.01270E-03,-1.24185E-04,-1.01270E-03,
 142,-4.72658E-02,-1.73557E-01,-7.06092E-02,-1.82722E-01, 0.00000E+00,-0.00000E+00,-1.09523E-04,-1.00695E-03,-1.09523E-04,-1.00695E-03,
 143,-4.71699E-02,-1.73557E-01,-7.04940E-02,-1.82697E-01, 0.00000E+00,-0.00000E+00,-9.48733E-05,-1.00122E-03,-9.48733E-05,-1.00122E-03,
 144,-4.70740E-02,-1.73557E-01,-7.03785E-02,-1.82671E-01, 0.00000E+00,-0.00000E+00,-8.02358E-05,-9.95511E-04,-8.02358E-05,-9.95511E-04,
 145,-4.69781E-02,-1.73557E-01,-7.02628E-02,-1.82645E-01, 0.00000E+00,-0.00000E+00,-6.56106E-05,-9.89815E-04,-6.56106E-05,-9.89815E-04,
 146,-4.68823E-02,-1.73557E-01,-7.01470E-02,-1.82619E-01, 0.00000E+00,-0.00000E+00,-5.09977E-05,-9.84134E-04,-5.09977E-05,-9.84134E-04,
 147,-4.67864E-02,-1.73557E-01,-7.00309E-02,-1.82594E-01, 0.00000E+00,-0.00000E+00,-3.63974E-05,-9.78470E-04,-3.63974E-05,-9.78470E-04,
 148,-4.65946E-02,-1.73557E-01,-6.99142E-02,-1.82568E-01, 0.00000E+00,-0.00000E+00,-2.17497E-05,-9.72823E-04,-2.17497E-05,-9.72823E-04,
 149,-4.64988E-02,-1.73557E-01,-6.97972E-02,-1.82542E-01, 0.00000E+00,-0.00000E+00,-7.11507E-06,-9.67191E-04,-7.11507E-06,-9.67191E-04,
 150,-4.64029E-02,-1.73557E-01,-6.96801E-02,-1.82516E-01, 0.00000E+00,-0.00000E+00, 7.50639E-06,-9.61575E-04, 7.50639E-06,-9.61575E-04,
 151,-4.64029E-02,-1.73557E-01,-6.95633E-02,-1.82491E-01, 0.00000E+00,-0.00000E+00, 2.20546E-05,-9.55975E-04, 2.20546E-05,-9.55975E-04,
 152,-4.63070E-02,-1.73557E-01,-6.94462E-02,-1.82465E-01, 0.00000E+00,-0.00000E+00, 3.65898E-05,-9.50392E-04, 3.65898E-05,-9.50392E-04,
 153,-4.62111E-02,-1.73557E-01,-6.93290E-02,-1.82439E-01, 0.00000E+00,-0.00000E+00, 5.11117E-05,-9.44824E-04, 5.11117E-05,-9.44824E-04,
 154,-4.61153E-02,-1.73557E-01,-6.92116E-02,-1.82414E-01, 0.00000E+00,-0.00000E+00, 6.56203E-05,-9.39273E-04, 6.56203E-05,-9.39273E-04,
 155,-4.59235E-02,-1.73557E-01,-6.90935E-02,-1.82388E-01, 0.00000E+00,-0.00000E+00, 8.01753E-05,-9.33737E-04, 8.01753E-05,-9.33737E-04,
 156,-4.58276E-02,-1.73557E-01,-6.89753E-02,-1.82362E-01, 0.00000E+00,-0.00000E+00, 9.47165E-05,-9.28218E-04, 9.47165E-05,-9.28218E-04,
 157,-4.58276E-02,-1.73557E-01,-6.88573E-02,-1.82337E-01, 0.00000E+00,-0.00000E+00, 1.09184E-04,-9.22714E-04, 1.09184E-04,-9.22714E-04,
 158,-4.56359E-02,-1.73557E-01,-6.87387E-02,-1.82311E-01, 0.00000E+00,-0.00000E+00, 1.23697E-04,-9.17227E-04, 1.23697E-04,-9.17227E-04,
 159,-4.55400E-02,-1.73653E-01,-6.86199E-02,-1.82286E-01, 0.00000E+00,-0.00000E+00, 1.38196E-04,-9.11815E-04, 1.38196E-04,-9.11815E-04,
 160,-4.54441E-02,-1.73653E-01,-6.85009E-02,-1.82261E-01, 0.00000E+00,-0.00000E+00, 1.52681E-04,-9.06419E-04, 1.52681E-04,-9.06419E-04,
 161,-4.54441E-02,-1.73653E-01,-6.83822E-02,-1.82236E-01, 0.00000E+00,-0.00000E+00, 1.67092E-04,-9.01039E-04, 1.67092E-04,-9.01039E-04,
 162,-4.52524E-02,-1.73653E-01,-6.82628E-02,-1.82211E-01, 0.00000E+00,-0.00000E+00, 1.81548E-04,-8.95674E-04, 1.81548E-04,-8.95674E-04,
 163,-4.52524E-02,-1.73653E-01,-6.81438E-02,-1.82186E-01, 0.00000E+00,-0.00000E+00, 1.95929E-04,-8.90325E-04, 1.95929E-04,-8.90325E-04,
 164,-4.51565E-02,-1.73653E-01,-6.80246E-02,-1.82161E-01, 0.00000E+00,-0.00000E+00, 2.10296E-04,-8.84992E-04, 2.10296E-04,-8.84992E-04,
 165,-4.49648E-02,-1.73653E-01,-6.79047E-02,-1.82136E-01, 0.00000E+00,-0.00000E+00, 2.24709E-04,-8.79674E-04, 2.24709E-04,-8.79674E-04,
 166,-4.48689E-02,-1.73653E-01,-6.77847E-02,-1.82111E-01, 0.00000E+00,-0.00000E+00, 2.39106E-04,-8.74372E-04, 2.39106E-04,-8.74372E-04,
 167,-4.47730E-02,-1.73653E-01,-6.76644E-02,-1.82086E-01, 0.00000E+00,-0.00000E+00, 2.53488E-04,-8.69085E-04, 2.53488E-04,-8.69085E-04,
 168,-4.45813E-02,-1.73653E-01,-6.75436E-02,-1.82062E-01, 0.00000E+00,-0.00000E+00, 2.67915E-04,-8.63814E-04, 2.67915E-04,-8.63814E-04,
 169,-4.45813E-02,-1.73653E-01,-6.74230E-02,-1.82037E-01, 0.00000E+00,-0.00000E+00, 2.82267E-04,-8.58559E-04, 2.82267E-04,-8.58559E-04,
 170,-4.44854E-02,-1.73653E-01,-6.73023E-02,-1.82012E-01, 0.00000E+00,-0.00000E+00, 2.96603E-04,-8.53319E-04, 2.96603E-04,-8.53319E-04,
 171,-4.44854E-02,-1.73653E-01,-6.71819E-02,-1.81987E-01, 0.00000E+00,-0.00000E+00, 3.10863E-04,-8.48095E-04, 3.10863E-04,-8.48095E-04,
 172,-4.42937E-02,-1.73653E-01,-6.70608E-02,-1.81962E-01, 0.00000E+00,-0.00000E+00, 3.25168E-04,-8.42886E-04, 3.25168E-04,-8.42886E-04,
 173,-4.41978E-02,-1.73653E-01,-6.69396E-02,-1.81937E-01, 0.00000E+00,-0.00000E+00, 3.39458E-04,-8.37693E-04, 3.39458E-04,-8.37693E-04,
 174,-4.40060E-02,-1.73653E-01,-6.68177E-02,-1.81913E-01, 0.00000E+00,-0.00000E+00, 3.53791E-04,-8.32515E-04, 3.53791E-04,-8.32515E-04,
 175,-4.40060E-02,-1.73653E-01,-6.66962E-02,-1.81888E-01, 0.00000E+00,-0.00000E+00, 3.68048E-04,-8.27352E-04, 3.68048E-04,-8.27352E-04,
 176,-4.39102E-02,-1.73653E-01,-6.65744E-02,-1.81863E-01, 0.00000E+00,-0.00000E+00, 3.82289E-04,-8.22206E-04, 3.82289E-04,-8.22206E-04,
 177,-4.38143E-02,-1.73653E-01,-6.64526E-02,-1.81838E-01, 0.00000E+00,-0.00000E+00, 3.96515E-04,-8.17074E-04, 3.96515E-04,-8.17074E-04,
 178,-4.36226E-02,-1.73653E-01,-6.63301E-02,-1.81814E-01, 0.00000E+00,-0.00000E+00, 4.10783E-04,-8.11958E-04, 4.10783E-04,-8.11958E-04,
 179,-4.35267E-02,-1.73653E-01,-6.62074E-02,-1.81789E-01, 0.00000E+00,-0.00000E+00, 4.25035E-04,-8.06858E-04, 4.25035E-04,-8.06858E-04,
 180,-4.34308E-02,-1.73653E-01,-6.60846E-02,-1.81764E-01, 0.00000E+00,-0.00000E+00, 4.39271E-04,-8.01773E-04, 4.39271E-04,-8.01773E-04,
 181,-4.34308E-02,-1.73653E-01,-6.59621E-02,-1.81740E-01, 0.00000E+00,-0.00000E+00, 4.53429E-04,-7.96703E-04, 4.53429E-04,-7.96703E-04,
 182,-4.33349E-02,-1.73749E-01,-6.58394E-02,-1.81716E-01, 0.00000E+00,-0.00000E+00, 4.67571E-04,-7.91709E-04, 4.67571E-04,-7.91709E-04,
 183,-4.32391E-02,-1.73749E-01,-6.57166E-02,-1.81691E-01, 0.00000E+00,-0.00000E+00, 4.81697E-04,-7.86729E-04, 4.81697E-04,-7.86729E-04,
 184,-4.31432E-02,-1.73749E-01,-6.55937E-02,-1.81667E-01, 0.00000E+00,-0.00000E+00, 4.95805E-04,-7.81765E-04, 4.95805E-04,-7.81765E-04,
 185,-4.29514E-02,-1.73749E-01,-6.54701E-02,-1.81643E-01, 0.00000E+00,-0.00000E+00, 5.09956E-04,-7.76816E-04, 5.09956E-04,-7.76816E-04,
 186,-4.28556E-02,-1.73749E-01,-6.53463E-02,-1.81619E-01, 0.00000E+00,-0.00000E+00, 5.24090E-04,-7.71882E-04, 5.24090E-04,-7.71882E-04,
 187,-4.27597E-02,-1.73749E-01,-6.52224E-02,-1.81595E-01, 0.00000E+00,-0.00000E+00, 5.38207E-04,-7.66963E-04, 5.38207E-04,-7.66963E-04,
 188,-4.26638E-02,-1.73749E-01,-6.50984E-02,-1.81571E-01, 0.00000E+00,-0.00000E+00, 5.52306E-04,-7.62058E-04, 5.52306E-04,-7.62058E-04,
 189,-4.25679E-02,-1.73749E-01,-6.49742E-02,-1.81547E-01, 0.00000E+00,-0.00000E+00, 5.66388E-04,-7.57169E-04, 5.66388E-04,-7.57169E-04,
 190,-4.24721E-02,-1.73749E-01,-6.48499E-02,-1.81523E-01, 0.00000E+00,-0.00000E+00, 5.80451E-04,-7.52295E-04, 5.80451E-04,-7.52295E-04,
 191,-4.24721E-02,-1.73749E-01,-6.47259E-02,-1.81499E-01, 0.00000E+00,-0.00000E+00, 5.94438E-04,-7.47436E-04, 5.94438E-04,-7.47436E-04,
 192,-4.22803E-02,-1.73749E-01,-6.46013E-02,-1.81475E-01, 0.00000E+00,-0.00000E+00, 6.08466E-04,-7.42592E-04, 6.08466E-04,-7.42592E-04,
 193,-4.21844E-02,-1.73749E-01,-6.44766E-02,-1.81452E-01, 0.00000E+00,-0.00000E+00, 6.22477E-04,-7.37763E-04, 6.22477E-04,-7.37763E-04,
 194,-4.21844E-02,-1.73749E-01,-6.43521E-02,-1.81428E-01, 0.00000E+00,-0.00000E+00, 6.36409E-04,-7.32948E-04, 6.36409E-04,-7.32948E-04,
 195,-4.19927E-02,-1.73749E-01,-6.42271E-02,-1.81404E-01, 0.00000E+00,-0.00000E+00, 6.50384E-04,-7.28149E-04, 6.50384E-04,-7.28149E-04,
 196,-4.18968E-02,-1.73749E-01,-6.41019E-02,-1.81380E-01, 0.00000E+00,-0.00000E+00, 6.64340E-04,-7.23365E-04, 6.64340E-04,-7.23365E-04,
 197,-4.18010E-02,-1.73749E-01,-6.39766E-02,-1.81356E-01, 0.00000E+00,-0.00000E+00, 6.78278E-04,-7.18595E-04, 6.78278E-04,-7.18595E-04,
 198,-4.16092E-02,-1.73749E-01,-6.38507E-02,-1.81332E-01, 0.00000E+00,-0.00000E+00, 6.92258E-04,-7.13840E-04, 6.92258E-04,-7.13840E-04,
 199,-4.15133E-02,-1.73749E-01,-6.37247E-02,-1.81309E-01, 0.00000E+00,-0.00000E+00, 7.06219E-04,-7.09100E-04, 7.06219E-04,-7.09100E-04,
 200,-4.15133E-02,-1.73749E-01,-6.35989E-02,-1.81285E-01, 0.00000E+00,-0.00000E+00, 7.20101E-04,-7.04375E-04, 7.20101E-04,-7.04375E-04,
 201,-4.15133E-02,-1.73749E-01,-6.34736E-02,-1.81261E-01, 0.00000E+00,-0.00000E+00, 7.33904E-04,-6.99665E-04, 7.33904E-04,-6.99665E-04,
 202,-4.13216E-02,-1.73845E-01,-6.33476E-02,-1.81238E-01, 0.00000E+00,-0.00000E+00, 7.47749E-04,-6.95030E-04, 7.47749E-04,-6.95030E-04,
 203,-4.12257E-02,-1.73845E-01,-6.32215E-02,-1.81215E-01, 0.00000E+00,-0.00000E+00, 7.61575E-04,-6.90409E-04, 7.61575E-04,-6.90409E-04,
 204,-4.11298E-02,-1.73845E-01,-6.30953E-02,-1.81192E-01, 0.00000E+00,-0.00000E+00, 7.75382E-04,-6.85802E-04, 7.75382E-04,-6.85802E-04,
 205,-4.09381E-02,-1.73845E-01,-6.29684E-02,-1.81169E-01, 0.00000E+00,-0.00000E+00, 7.89231E-04,-6.81210E-04, 7.89231E-04,-6.81210E-04,
 206,-4.09381E-02,-1.73845E-01,-6.28419E-02,-1.81146E-01, 0.00000E+00,-0.00000E+00, 8.03000E-04,-6.76632E-04, 8.03000E-04,-6.76632E-04,
 207,-4.08422E-02,-1.73845E-01,-6.27153E-02,-1.81123E-01, 0.00000E+00,-0.00000E+00, 8.16749E-04,-6.72069E-04, 8.16749E-04,-6.72069E-04,
 208,-4.06505E-02,-1.73845E-01,-6.25881E-02,-1.81100E-01, 0.00000E+00,-0.00000E+00, 8.30540E-04,-6.67520E-04, 8.30540E-04,-6.67520E-04,
 209,-4.05546E-02,-1.73845E-01,-6.24607E-02,-1.81076E-01, 0.00000E+00,-0.00000E+00, 8.44311E-04,-6.62986E-04, 8.44311E-04,-6.62986E-04,
 210,-4.04587E-02,-1.73845E-01,-6.23332E-02,-1.81053E-01, 0.00000E+00,-0.00000E+00, 8.58062E-04,-6.58466E-04, 8.58062E-04,-6.58466E-04,
 211,-4.04587E-02,-1.73845E-01,-6.22061E-02,-1.81031E-01, 0.00000E+00,-0.00000E+00, 8.71733E-04,-6.53960E-04, 8.71733E-04,-6.53960E-04,
 212,-4.02670E-02,-1.73845E-01,-6.20784E-02,-1.81008E-01, 0.00000E+00,-0.00000E+00, 8.85445E-04,-6.49469E-04, 8.85445E-04,-6.49469E-04,
 213,-4.02670E-02,-1.73845E-01,-6.19511E-02,-1.80985E-01, 0.00000E+00,-0.00000E+00, 8.99078E-04,-6.44992E-04, 8.99078E-04,-6.44992E-04,
 214,-4.01711E-02,-1.73845E-01,-6.18236E-02,-1.80962E-01, 0.00000E+00,-0.00000E+00, 9.12690E-04,-6.40530E-04, 9.12690E-04,-6.40530E-04,
 215,-3.99794E-02,-1.73845E-01,-6.16955E-02,-1.80939E-01, 0.00000E+00,-0.00000E+00, 9.26343E-04,-6.36082E-04, 9.26343E-04,-6.36082E-04,
 216,-3.98835E-02,-1.73845E-01,-6.15673E-02,-1.80916E-01, 0.00000E+00,-0.00000E+00, 9.39975E-04,-6.31648E-04, 9.39975E-04,-6.31648E-04,
 217,-3.97876E-02,-1.73845E-01,-6.14390E-02,-1.80893E-01, 0.00000E+00,-0.00000E+00, 9.53587E-04,-6.27228E-04, 9.53587E-04,-6.27228E-04,
 218,-3.96917E-02,-1.73845E-01,-6.13106E-02,-1.80870E-01, 0.00000E+00,-0.00000E+00, 9.67179E-04,-6.22823E-04, 9.67179E-04,-6.22823E-04,
 219,-3.95959E-02,-1.73845E-01,-6.11821E-02,-1.80848E-01, 0.00000E+00,-0.00000E+00, 9.80751E-04,-6.18431E-04, 9.80751E-04,-6.18431E-04,
 220,-3.95000E-02,-1.73845E-01,-6.10534E-02,-1.80825E-01, 0.00000E+00,-0.00000E+00, 9.94302E-04,-6.14054E-04, 9.94302E-04,-6.14054E-04,
 221,-3.95000E-02,-1.73845E-01,-6.09252E-02,-1.80802E-01, 0.00000E+00,-0.00000E+00, 1.00777E-03,-6.09692E-04, 1.00777E-03,-6.09692E-04,
 222,-3.93082E-02,-1.73845E-01,-6.07963E-02,-1.80780E-01, 0.00000E+00,-0.00000E+00, 1.02128E-03,-6.05343E-04, 1.02128E-03,-6.05343E-04,
 223,-3.92124E-02,-1.73940E-01,-6.06673E-02,-1.80757E-01, 0.00000E+00,-0.00000E+00, 1.03477E-03,-6.01069E-04, 1.03477E-03,-6.01069E-04,
 224,-3.91165E-02,-1.73940E-01,-6.05382E-02,-1.80735E-01, 0.00000E+00,-0.00000E+00, 1.04824E-03,-5.96808E-04, 1.04824E-03,-5.96808E-04,
 225,-3.90206E-02,-1.73940E-01,-6.04091E-02,-1.80713E-01, 0.00000E+00,-0.00000E+00, 1.06169E-03,-5.92561E-04, 1.06169E-03,-5.92561E-04,
 226,-3.89247E-02,-1.73940E-01,-6.02798E-02,-1.80691E-01, 0.00000E+00,-0.00000E+00, 1.07512E-03,-5.88329E-04, 1.07512E-03,-5.88329E-04,
 227,-3.88289E-02,-1.73940E-01,-6.01503E-02,-1.80669E-01, 0.00000E+00,-0.00000E+00, 1.08853E-03,-5.84110E-04, 1.08853E-03,-5.84110E-04,
 228,-3.86371E-02,-1.73940E-01,-6.00204E-02,-1.80647E-01, 0.00000E+00,-0.00000E+00, 1.10197E-03,-5.79904E-04, 1.10197E-03,-5.79904E-04,
 229,-3.85412E-02,-1.73940E-01,-5.98903E-02,-1.80625E-01, 0.00000E+00,-0.00000E+00, 1.11540E-03,-5.75713E-04, 1.11540E-03,-5.75713E-04,
 230,-3.84454E-02,-1.73940E-01,-5.97601E-02,-1.80603E-01, 0.00000E+00,-0.00000E+00, 1.12880E-03,-5.71535E-04, 1.12880E-03,-5.71535E-04,
 231,-3.84454E-02,-1.73940E-01,-5.96303E-02,-1.80581E-01, 0.00000E+00,-0.00000E+00, 1.14212E-03,-5.67371E-04, 1.14212E-03,-5.67371E-04,
 232,-3.83495E-02,-1.73940E-01,-5.95003E-02,-1.80559E-01, 0.00000E+00,-0.00000E+00, 1.15542E-03,-5.63221E-04, 1.15542E-03,-5.63221E-04,
 233,-3.82536E-02,-1.73940E-01,-5.93703E-02,-1.80537E-01, 0.00000E+00,-0.00000E+00, 1.16870E-03,-5.59084E-04, 1.16870E-03,-5.59084E-04,
 234,-3.80619E-02,-1.73940E-01,-5.92397E-02,-1.80515E-01, 0.00000E+00,-0.00000E+00, 1.18202E-03,-5.54962E-04, 1.18202E-03,-5.54962E-04,
 235,-3.79660E-02,-1.73940E-01,-5.91090E-02,-1.80493E-01, 0.00000E+00,-0.00000E+00, 1.19531E-03,-5.50852E-04, 1.19531E-03,-5.50852E-04,
 236,-3.78701E-02,-1.73940E-01,-5.89783E-02,-1.80471E-01, 0.00000E+00,-0.00000E+00, 1.20859E-03,-5.46757E-04, 1.20859E-03,-5.46757E-04,
 237,-3.78701E-02,-1.73940E-01,-5.88478E-02,-1.80450E-01, 0.00000E+00,-0.00000E+00, 1.22178E-03,-5.42675E-04, 1.22178E-03,-5.42675E-04,
 238,-3.76784E-02,-1.73940E-01,-5.87169E-02,-1.80428E-01, 0.00000E+00,-0.00000E+00, 1.23501E-03,-5.38607E-04, 1.23501E-03,-5.38607E-04,
 239,-3.75825E-02,-1.73940E-01,-5.85858E-02,-1.80406E-01, 0.00000E+00,-0.00000E+00, 1.24822E-03,-5.34552E-04, 1.24822E-03,-5.34552E-04,
 240,-3.74866E-02,-1.73940E-01,-5.84546E-02,-1.80384E-01, 0.00000E+00,-0.00000E+00, 1.26141E-03,-5.30511E-04, 1.26141E-03,-5.30511E-04,
 241,-3.72949E-02,-1.73940E-01,-5.83229E-02,-1.80363E-01, 0.00000E+00,-0.00000E+00, 1.27463E-03,-5.26484E-04, 1.27463E-03,-5.26484E-04,
 242,-3.72949E-02,-1.73940E-01,-5.81916E-02,-1.80341E-01, 0.00000E+00,-0.00000E+00, 1.28777E-03,-5.22470E-04, 1.28777E-03,-5.22470E-04,
 243,-3.71990E-02,-1.73940E-01,-5.80601E-02,-1.80319E-01, 0.00000E+00,-0.00000E+00, 1.30089E-03,-5.18470E-04, 1.30089E-03,-5.18470E-04,
 244,-3.71990E-02,-1.73940E-01,-5.79291E-02,-1.80298E-01, 0.00000E+00,-0.00000E+00, 1.31393E-03,-5.14483E-04, 1.31393E-03,-5.14483E-04,
 245,-3.70073E-02,-1.74036E-01,-5.77975E-02,-1.80277E-01, 0.00000E+00,-0.00000E+00, 1.32701E-03,-5.10570E-04, 1.32701E-03,-5.10570E-04,
 246,-3.69114E-02,-1.74036E-01,-5.76658E-02,-1.80256E-01, 0.00000E+00,-0.00000E+00, 1.34006E-03,-5.06669E-04, 1.34006E-03,-5.06669E-04,
 247,-3.68155E-02,-1.74036E-01,-5.75340E-02,-1.80234E-01, 0.00000E+00,-0.00000E+00, 1.35309E-03,-5.02782E-04, 1.35309E-03,-5.02782E-04,
 248,-3.66238E-02,-1.74036E-01,-5.74016E-02,-1.80213E-01, 0.00000E+00,-0.00000E+00, 1.36616E-03,-4.98909E-04, 1.36616E-03,-4.98909E-04,
 249,-3.66238E-02,-1.74036E-01,-5.72697E-02,-1.80192E-01, 0.00000E+00,-0.00000E+00, 1.37915E-03,-4.95048E-04, 1.37915E-03,-4.95048E-04,
 250,-3.65279E-02,-1.74036E-01,-5.71376E-02,-1.80171E-01, 0.00000E+00,-0.00000E+00, 1.39211E-03,-4.91200E-04, 1.39211E-03,-4.91200E-04,
 251,-3.65279E-02,-1.74036E-01,-5.70060E-02,-1.80151E-01, 0.00000E+00,-0.00000E+00, 1.40499E-03,-4.87366E-04, 1.40499E-03,-4.87366E-04,
 252,-3.63361E-02,-1.74036E-01,-5.68738E-02,-1.80130E-01, 0.00000E+00,-0.00000E+00, 1.41791E-03,-4.83544E-04, 1.41791E-03,-4.83544E-04,
 253,-3.62403E-02,-1.74036E-01,-5.67415E-02,-1.80109E-01, 0.00000E+00,-0.00000E+00, 1.43081E-03,-4.79736E-04, 1.43081E-03,-4.79736E-04,
 254,-3.61444E-02,-1.74036E-01,-5.66092E-02,-1.80088E-01, 0.00000E+00,-0.00000E+00, 1.44368E-03,-4.75941E-04, 1.44368E-03,-4.75941E-04,
 255,-3.59527E-02,-1.74036E-01,-5.64762E-02,-1.80067E-01, 0.00000E+00,-0.00000E+00, 1.45659E-03,-4.72159E-04, 1.45659E-03,-4.72159E-04,
 256,-3.59527E-02,-1.74036E-01,-5.63437E-02,-1.80046E-01, 0.00000E+00,-0.00000E+00, 1.46942E-03,-4.68389E-04, 1.46942E-03,-4.68389E-04,
 257,-3.58568E-02,-1.74036E-01,-5.62111E-02,-1.80026E-01, 0.00000E+00,-0.00000E+00, 1.48222E-03,-4.64633E-04, 1.48222E-03,-4.64633E-04,
 258,-3.56650E-02,-1.74036E-01,-5.60780E-02,-1.80005E-01, 0.00000E+00,-0.00000E+00, 1.49506E-03,-4.60890E-04, 1.49506E-03,-4.60890E-04,
 259,-3.55692E-02,-1.74036E-01,-5.59447E-02,-1.79984E-01, 0.00000E+00,-0.00000E+00, 1.50788E-03,-4.57160E-04, 1.50788E-03,-4.57160E-04,
 260,-3.54733E-02,-1.74036E-01,-5.58114E-02,-1.79963E-01, 0.00000E+00,-0.00000E+00, 1.52068E-03,-4.53442E-04, 1.52068E-03,-4.53442E-04,
 261,-3.54733E-02,-1.74036E-01,-5.56786E-02,-1.79943E-01, 0.00000E+00,-0.00000E+00, 1.53339E-03,-4.49738E-04, 1.53339E-03,-4.49738E-04,
 262,-3.53774E-02,-1.74036E-01,-5.55456E-02,-1.79922E-01, 0.00000E+00,-0.00000E+00, 1.54608E-03,-4.46046E-04, 1.54608E-03,-4.46046E-04,
 263,-3.52815E-02,-1.74036E-01,-5.54125E-02,-1.79902E-01, 0.00000E+00,-0.00000E+00, 1.55874E-03,-4.42368E-04, 1.55874E-03,-4.42368E-04,
 264,-3.51857E-02,-1.74036E-01,-5.52794E-02,-1.79881E-01, 0.00000E+00,-0.00000E+00, 1.57138E-03,-4.38702E-04, 1.57138E-03,-4.38702E-04,
 265,-3.49939E-02,-1.74132E-01,-5.51458E-02,-1.79861E-01, 0.00000E+00,-0.00000E+00, 1.58406E-03,-4.35109E-04, 1.58406E-03,-4.35109E-04,
 266,-3.48980E-02,-1.74132E-01,-5.50120E-02,-1.79841E-01, 0.00000E+00,-0.00000E+00, 1.59672E-03,-4.31528E-04, 1.59672E-03,-4.31528E-04,
 267,-3.48022E-02,-1.74132E-01,-5.48782E-02,-1.79821E-01, 0.00000E+00,-0.00000E+00, 1.60935E-03,-4.27960E-04, 1.60935E-03,-4.27960E-04,
 268,-3.47063E-02,-1.74132E-01,-5.47444E-02,-1.79801E-01, 0.00000E+00,-0.00000E+00, 1.62195E-03,-4.24405E-04, 1.62195E-03,-4.24405E-04,
 269,-3.46104E-02,-1.74132E-01,-5.46105E-02,-1.79781E-01, 0.00000E+00,-0.00000E+00, 1.63454E-03,-4.20862E-04, 1.63454E-03,-4.20862E-04,
 270,-3.45145E-02,-1.74132E-01,-5.44765E-02,-1.79761E-01, 0.00000E+00,-0.00000E+00, 1.64710E-03,-4.17331E-04, 1.64710E-03,-4.17331E-04,
 271,-3.45145E-02,-1.74132E-01,-5.43429E-02,-1.79741E-01, 0.00000E+00,-0.00000E+00, 1.65957E-03,-4.13813E-04, 1.65957E-03,-4.13813E-04,
 272,-3.43228E-02,-1.74132E-01,-5.42088E-02,-1.79721E-01, 0.00000E+00,-0.00000E+00, 1.67209E-03,-4.10308E-04, 1.67209E-03,-4.10308E-04,
 273,-3.42269E-02,-1.74132E-01,-5.40746E-02,-1.79702E-01, 0.00000E+00,-0.00000E+00, 1.68458E-03,-4.06814E-04, 1.68458E-03,-4.06814E-04,
 274,-3.41311E-02,-1.74132E-01,-5.39403E-02,-1.79682E-01, 0.00000E+00,-0.00000E+00, 1.69704E-03,-4.03334E-04, 1.69704E-03,-4.03334E-04,
 275,-3.40352E-02,-1.74132E-01,-5.38060E-02,-1.79662E-01, 0.00000E+00,-0.00000E+00, 1.70948E-03,-3.99865E-04, 1.70948E-03,-3.99865E-04,
 276,-3.39393E-02,-1.74132E-01,-5.36716E-02,-1.79642E-01, 0.00000E+00,-0.00000E+00, 1.72190E-03,-3.96409E-04, 1.72190E-03,-3.96409E-04,
 277,-3.38434E-02,-1.74132E-01,-5.35372E-02,-1.79623E-01, 0.00000E+00,-0.00000E+00, 1.73429E-03,-3.92965E-04, 1.73429E-03,-3.92965E-04,
 278,-3.36517E-02,-1.74132E-01,-5.34022E-02,-1.79603E-01, 0.00000E+00,-0.00000E+00, 1.74672E-03,-3.89534E-04, 1.74672E-03,-3.89534E-04,
 279,-3.35558E-02,-1.74132E-01,-5.32672E-02,-1.79583E-01, 0.00000E+00,-0.00000E+00, 1.75912E-03,-3.86115E-04, 1.75912E-03,-3.86115E-04,
 280,-3.35558E-02,-1.74132E-01,-5.31326E-02,-1.79564E-01, 0.00000E+00,-0.00000E+00, 1.77144E-03,-3.82708E-04, 1.77144E-03,-3.82708E-04,
 281,-3.35558E-02,-1.74132E-01,-5.29984E-02,-1.79544E-01, 0.00000E+00,-0.00000E+00, 1.78368E-03,-3.79313E-04, 1.78368E-03,-3.79313E-04,
 282,-3.33641E-02,-1.74132E-01,-5.28637E-02,-1.79525E-01, 0.00000E+00,-0.00000E+00, 1.79595E-03,-3.75931E-04, 1.79595E-03,-3.75931E-04,
 283,-3.32682E-02,-1.74132E-01,-5.27289E-02,-1.79505E-01, 0.00000E+00,-0.00000E+00, 1.80820E-03,-3.72560E-04, 1.80820E-03,-3.72560E-04,
 284,-3.31723E-02,-1.74132E-01,-5.25941E-02,-1.79486E-01, 0.00000E+00,-0.00000E+00, 1.82042E-03,-3.69202E-04, 1.82042E-03,-3.69202E-04,
 285,-3.29806E-02,-1.74132E-01,-5.24587E-02,-1.79466E-01, 0.00000E+00,-0.00000E+00, 1.83268E-03,-3.65856E-04, 1.83268E-03,-3.65856E-04,
 286,-3.28847E-02,-1.74228E-01,-5.23233E-02,-1.79447E-01, 0.00000E+00,-0.00000E+00, 1.84491E-03,-3.62583E-04, 1.84491E-03,-3.62583E-04,
 287,-3.28847E-02,-1.74228E-01,-5.21883E-02,-1.79428E-01, 0.00000E+00,-0.00000E+00, 1.85706E-03,-3.59321E-04, 1.85706E-03,-3.59321E-04,
 288,-3.26929E-02,-1.74228E-01,-5.20528E-02,-1.79409E-01, 0.00000E+00,-0.00000E+00, 1.86924E-03,-3.56071E-04, 1.86924E-03,-3.56071E-04,
 289,-3.25971E-02,-1.74228E-01,-5.19173E-02,-1.79390E-01, 0.00000E+00,-0.00000E+00, 1.88140E-03,-3.52832E-04, 1.88140E-03,-3.52832E-04,
 290,-3.25012E-02,-1.74228E-01,-5.17817E-02,-1.79372E-01, 0.00000E+00,-0.00000E+00, 1.89354E-03,-3.49606E-04, 1.89354E-03,-3.49606E-04,
 291,-3.25012E-02,-1.74228E-01,-5.16465E-02,-1.79353E-01, 0.00000E+00,-0.00000E+00, 1.90559E-03,-3.46391E-04, 1.90559E-03,-3.46391E-04,
 292,-3.23094E-02,-1.74228E-01,-5.15108E-02,-1.79334E-01, 0.00000E+00,-0.00000E+00, 1.91768E-03,-3.43188E-04, 1.91768E-03,-3.43188E-04,
 293,-3.23094E-02,-1.74228E-01,-5.13755E-02,-1.79315E-01, 0.00000E+00,-0.00000E+00, 1.92968E-03,-3.39997E-04, 1.92968E-03,-3.39997E-04,
 294,-3.22136E-02,-1.74228E-01,-5.12402E-02,-1.79297E-01, 0.00000E+00,-0.00000E+00, 1.94165E-03,-3.36817E-04, 1.94165E-03,-3.36817E-04,
 295,-3.20218E-02,-1.74228E-01,-5.11043E-02,-1.79278E-01, 0.00000E+00,-0.00000E+00, 1.95366E-03,-3.33649E-04, 1.95366E-03,-3.33649E-04,
 296,-3.19260E-02,-1.74228E-01,-5.09684E-02,-1.79259E-01, 0.00000E+00,-0.00000E+00, 1.96565E-03,-3.30493E-04, 1.96565E-03,-3.30493E-04,
 297,-3.18301E-02,-1.74228E-01,-5.08325E-02,-1.79241E-01, 0.00000E+00,-0.00000E+00, 1.97761E-03,-3.27349E-04, 1.97761E-03,-3.27349E-04,
 298,-3.16383E-02,-1.74228E-01,-5.06960E-02,-1.79222E-01, 0.00000E+00,-0.00000E+00, 1.98961E-03,-3.24216E-04, 1.98961E-03,-3.24216E-04,
 299,-3.16383E-02,-1.74228E-01,-5.05600E-02,-1.79204E-01, 0.00000E+00,-0.00000E+00, 2.00152E-03,-3.21094E-04, 2.00152E-03,-3.21094E-04,
 300,-3.15425E-02,-1.74228E-01,-5.04240E-02,-1.79185E-01, 0.00000E+00,-0.00000E+00, 2.01340E-03,-3.17985E-04, 2.01340E-03,-3.17985E-04,
 301,-3.15425E-02,-1.74228E-01,-5.02883E-02,-1.79167E-01, 0.00000E+00,-0.00000E+00, 2.02520E-03,-3.14887E-04, 2.02520E-03,-3.14887E-04,
 302,-3.13507E-02,-1.74228E-01,-5.01522E-02,-1.79148E-01, 0.00000E+00,-0.00000E+00, 2.03704E-03,-3.11800E-04, 2.03704E-03,-3.11800E-04,
 303,-3.12548E-02,-1.74228E-01,-5.00160E-02,-1.79130E-01, 0.00000E+00,-0.00000E+00, 2.04885E-03,-3.08725E-04, 2.04885E-03,-3.08725E-04,
 304,-3.11590E-02,-1.74228E-01,-4.98798E-02,-1.79111E-01, 0.00000E+00,-0.00000E+00, 2.06064E-03,-3.05661E-04, 2.06064E-03,-3.05661E-04,
 305,-3.10631E-02,-1.74228E-01,-4.97435E-02,-1.79093E-01, 0.00000E+00,-0.00000E+00, 2.07240E-03,-3.02609E-04, 2.07240E-03,-3.02609E-04,
 306,-3.09672E-02,-1.74228E-01,-4.96073E-02,-1.79075E-01, 0.00000E+00,-0.00000E+00, 2.08413E-03,-2.99569E-04, 2.08413E-03,-2.99569E-04,
 307,-3.08714E-02,-1.74228E-01,-4.94709E-02,-1.79056E-01, 0.00000E+00,-0.00000E+00, 2.09584E-03,-2.96540E-04, 2.09584E-03,-2.96540E-04,
 308,-3.06796E-02,-1.74324E-01,-4.93341E-02,-1.79038E-01, 0.00000E+00,-0.00000E+00, 2.10759E-03,-2.93582E-04, 2.10759E-03,-2.93582E-04,
 309,-3.05837E-02,-1.74324E-01,-4.91972E-02,-1.79021E-01, 0.00000E+00,-0.00000E+00, 2.11931E-03,-2.90635E-04, 2.11931E-03,-2.90635E-04,
 310,-3.04879E-02,-1.74324E-01,-4.90603E-02,-1.79003E-01, 0.00000E+00,-0.00000E+00, 2.13100E-03,-2.87700E-04, 2.13100E-03,-2.87700E-04,
 311,-3.04879E-02,-1.74324E-01,-4.89238E-02,-1.78985E-01, 0.00000E+00,-0.00000E+00, 2.14261E-03,-2.84776E-04, 2.14261E-03,-2.84776E-04,
 312,-3.03920E-02,-1.74324E-01,-4.87873E-02,-1.78968E-01, 0.00000E+00,-0.00000E+00, 2.15419E-03,-2.81862E-04, 2.15419E-03,-2.81862E-04,
 313,-3.02961E-02,-1.74324E-01,-4.86508E-02,-1.78950E-01, 0.00000E+00,-0.00000E+00, 2.16575E-03,-2.78960E-04, 2.16575E-03,-2.78960E-04,
 314,-3.02002E-02,-1.74324E-01,-4.85143E-02,-1.78932E-01, 0.00000E+00,-0.00000E+00, 2.17728E-03,-2.76069E-04, 2.17728E-03,-2.76069E-04,
 315,-3.00085E-02,-1.74324E-01,-4.83772E-02,-1.78915E-01, 0.00000E+00,-0.00000E+00, 2.18884E-03,-2.73188E-04, 2.18884E-03,-2.73188E-04,
 316,-2.99126E-02,-1.74324E-01,-4.82401E-02,-1.78897E-01, 0.00000E+00,-0.00000E+00, 2.20038E-03,-2.70319E-04, 2.20038E-03,-2.70319E-04,
 317,-2.98167E-02,-1.74324E-01,-4.81030E-02,-1.78880E-01, 0.00000E+00,-0.00000E+00, 2.21190E-03,-2.67461E-04, 2.21190E-03,-2.67461E-04,
 318,-2.97209E-02,-1.74324E-01,-4.79658E-02,-1.78862E-01, 0.00000E+00,-0.00000E+00, 2.22339E-03,-2.64614E-04, 2.22339E-03,-2.64614E-04,
 319,-2.96250E-02,-1.74324E-01,-4.78286E-02,-1.78845E-01, 0.00000E+00,-0.00000E+00, 2.23485E-03,-2.61777E-04, 2.23485E-03,-2.61777E-04,
 320,-2.95291E-02,-1.74324E-01,-4.76914E-02,-1.78827E-01, 0.00000E+00,-0.00000E+00, 2.24629E-03,-2.58952E-04, 2.24629E-03,-2.58952E-04,
 321,-2.95291E-02,-1.74324E-01,-4.75547E-02,-1.78810E-01, 0.00000E+00,-0.00000E+00, 2.25764E-03,-2.56137E-04, 2.25764E-03,-2.56137E-04,
 322,-2.93374E-02,-1.74324E-01,-4.74174E-02,-1.78793E-01, 0.00000E+00,-0.00000E+00, 2.26902E-03,-2.53333E-04, 2.26902E-03,-2.53333E-04,
 323,-2.92415E-02,-1.74324E-01,-4.72801E-02,-1.78775E-01, 0.00000E+00,-0.00000E+00, 2.28038E-03,-2.50540E-04, 2.28038E-03,-2.50540E-04,
 324,-2.91456E-02,-1.74324E-01,-4.71428E-02,-1.78758E-01, 0.00000E+00,-0.00000E+00, 2.29172E-03,-2.47758E-04, 2.29172E-03,-2.47758E-04,
 325,-2.90498E-02,-1.74324E-01,-4.70055E-02,-1.78741E-01, 0.00000E+00,-0.00000E+00, 2.30303E-03,-2.44987E-04, 2.30303E-03,-2.44987E-04,
 326,-2.89539E-02,-1.74324E-01,-4.68681E-02,-1.78723E-01, 0.00000E+00,-0.00000E+00, 2.31431E-03,-2.42227E-04, 2.31431E-03,-2.42227E-04,
 327,-2.88580E-02,-1.74324E-01,-4.67308E-02,-1.78706E-01, 0.00000E+00,-0.00000E+00, 2.32556E-03,-2.39477E-04, 2.32556E-03,-2.39477E-04,
 328,-2.86663E-02,-1.74420E-01,-4.65929E-02,-1.78689E-01, 0.00000E+00,-0.00000E+00, 2.33685E-03,-2.36798E-04, 2.33685E-03,-2.36798E-04,
 329,-2.85704E-02,-1.74420E-01,-4.64550E-02,-1.78673E-01, 0.00000E+00,-0.00000E+00, 2.34812E-03,-2.34130E-04, 2.34812E-03,-2.34130E-04,
 330,-2.85704E-02,-1.74420E-01,-4.63176E-02,-1.78656E-01, 0.00000E+00,-0.00000E+00, 2.35930E-03,-2.31472E-04, 2.35930E-03,-2.31472E-04,
 331,-2.85704E-02,-1.74420E-01,-4.61806E-02,-1.78640E-01, 0.00000E+00,-0.00000E+00, 2.37039E-03,-2.28824E-04, 2.37039E-03,-2.28824E-04,
 332,-2.83786E-02,-1.74420E-01,-4.60431E-02,-1.78623E-01, 0.00000E+00,-0.00000E+00, 2.38151E-03,-2.26187E-04, 2.38151E-03,-2.26187E-04,
 333,-2.82828E-02,-1.74420E-01,-4.59056E-02,-1.78606E-01, 0.00000E+00,-0.00000E+00, 2.39261E-03,-2.23560E-04, 2.39261E-03,-2.23560E-04,
 334,-2.81869E-02,-1.74420E-01,-4.57681E-02,-1.78590E-01, 0.00000E+00,-0.00000E+00, 2.40369E-03,-2.20943E-04, 2.40369E-03,-2.20943E-04,
 335,-2.79951E-02,-1.74420E-01,-4.56301E-02,-1.78573E-01, 0.00000E+00,-0.00000E+00, 2.41480E-03,-2.18337E-04, 2.41480E-03,-2.18337E-04,
 336,-2.79951E-02,-1.74420E-01,-4.54926E-02,-1.78557E-01, 0.00000E+00,-0.00000E+00, 2.42582E-03,-2.15741E-04, 2.42582E-03,-2.15741E-04,
 337,-2.78993E-02,-1.74420E-01,-4.53550E-02,-1.78540E-01, 0.00000E+00,-0.00000E+00, 2.43681E-03,-2.13155E-04, 2.43681E-03,-2.13155E-04,
 338,-2.77075E-02,-1.74420E-01,-4.52170E-02,-1.78524E-01, 0.00000E+00,-0.00000E+00, 2.44784E-03,-2.10580E-04, 2.44784E-03,-2.10580E-04,
 339,-2.76116E-02,-1.74420E-01,-4.50789E-02,-1.78508E-01, 0.00000E+00,-0.00000E+00, 2.45885E-03,-2.08015E-04, 2.45885E-03,-2.08015E-04,
 340,-2.75158E-02,-1.74420E-01,-4.49408E-02,-1.78491E-01, 0.00000E+00,-0.00000E+00, 2.46982E-03,-2.05460E-04, 2.46982E-03,-2.05460E-04,
 341,-2.75158E-02,-1.74420E-01,-4.48032E-02,-1.78475E-01, 0.00000E+00,-0.00000E+00, 2.48071E-03,-2.02915E-04, 2.48071E-03,-2.02915E-04,
 342,-2.74199E-02,-1.74420E-01,-4.46656E-02,-1.78459E-01, 0.00000E+00,-0.00000E+00, 2.49158E-03,-2.00381E-04, 2.49158E-03,-2.00381E-04,
 343,-2.73240E-02,-1.74420E-01,-4.45280E-02,-1.78443E-01, 0.00000E+00,-0.00000E+00, 2.50242E-03,-1.97856E-04, 2.50242E-03,-1.97856E-04,
 344,-2.72281E-02,-1.74420E-01,-4.43903E-02,-1.78426E-01, 0.00000E+00,-0.00000E+00, 2.51323E-03,-1.95342E-04, 2.51323E-03,-1.95342E-04,
 345,-2.70364E-02,-1.74420E-01,-4.42522E-02,-1.78410E-01, 0.00000E+00,-0.00000E+00, 2.52407E-03,-1.92838E-04, 2.52407E-03,-1.92838E-04,
 346,-2.69405E-02,-1.74420E-01,-4.41140E-02,-1.78394E-01, 0.00000E+00,-0.00000E+00, 2.53489E-03,-1.90344E-04, 2.53489E-03,-1.90344E-04,
 347,-2.68447E-02,-1.74420E-01,-4.39759E-02,-1.78378E-01, 0.00000E+00,-0.00000E+00, 2.54569E-03,-1.87860E-04, 2.54569E-03,-1.87860E-04,
 348,-2.67488E-02,-1.74420E-01,-4.38377E-02,-1.78362E-01, 0.00000E+00,-0.00000E+00, 2.55645E-03,-1.85387E-04, 2.55645E-03,-1.85387E-04,
 349,-2.66529E-02,-1.74420E-01,-4.36996E-02,-1.78346E-01, 0.00000E+00,-0.00000E+00, 2.56719E-03,-1.82923E-04, 2.56719E-03,-1.82923E-04,
 350,-2.65570E-02,-1.74516E-01,-4.35614E-02,-1.78330E-01, 0.00000E+00,-0.00000E+00, 2.57791E-03,-1.80529E-04, 2.57791E-03,-1.80529E-04,
 351,-2.65570E-02,-1.74516E-01,-4.34237E-02,-1.78315E-01, 0.00000E+00,-0.00000E+00, 2.58854E-03,-1.78145E-04, 2.58854E-03,-1.78145E-04,
 352,-2.63653E-02,-1.74516E-01,-4.32855E-02,-1.78299E-01, 0.00000E+00,-0.00000E+00, 2.59920E-03,-1.75771E-04, 2.59920E-03,-1.75771E-04,
 353,-2.62694E-02,-1.74516E-01,-4.31473E-02,-1.78284E-01, 0.00000E+00,-0.00000E+00, 2.60983E-03,-1.73406E-04, 2.60983E-03,-1.73406E-04,
 354,-2.61735E-02,-1.74516E-01,-4.30091E-02,-1.78268E-01, 0.00000E+00,-0.00000E+00, 2.62044E-03,-1.71051E-04, 2.62044E-03,-1.71051E-04,
 355,-2.60777E-02,-1.74516E-01,-4.28709E-02,-1.78253E-01, 0.00000E+00,-0.00000E+00, 2.63102E-03,-1.68706E-04, 2.63102E-03,-1.68706E-04,
 356,-2.59818E-02,-1.74516E-01,-4.27327E-02,-1.78238E-01, 0.00000E+00,-0.00000E+00, 2.64158E-03,-1.66370E-04, 2.64158E-03,-1.66370E-04,
 357,-2.58859E-02,-1.74516E-01,-4.25945E-02,-1.78222E-01, 0.00000E+00,-0.00000E+00, 2.65211E-03,-1.64044E-04, 2.65211E-03,-1.64044E-04,
 358,-2.56942E-02,-1.74516E-01,-4.24558E-02,-1.78207E-01, 0.00000E+00,-0.00000E+00, 2.66267E-03,-1.61727E-04, 2.66267E-03,-1.61727E-04,
 359,-2.55983E-02,-1.74516E-01,-4.23172E-02,-1.78192E-01, 0.00000E+00,-0.00000E+00, 2.67321E-03,-1.59420E-04, 2.67321E-03,-1.59420E-04,
 360,-2.55024E-02,-1.74516E-01,-4.21785E-02,-1.78176E-01, 0.00000E+00,-0.00000E+00, 2.68372E-03,-1.57123E-04, 2.68372E-03,-1.57123E-04,
 361,-2.55024E-02,-1.74516E-01,-4.20403E-02,-1.78161E-01, 0.00000E+00,-0.00000E+00, 2.69414E-03,-1.54835E-04, 2.69414E-03,-1.54835E-04,
 362,-2.54065E-02,-1.74516E-01,-4.19021E-02,-1.78146E-01, 0.00000E+00,-0.00000E+00, 2.70453E-03,-1.52556E-04, 2.70453E-03,-1.52556E-04,
 363,-2.53107E-02,-1.74516E-01,-4.17639E-02,-1.78131E-01, 0.00000E+00,-0.00000E+00, 2.71490E-03,-1.50288E-04, 2.71490E-03,-1.50288E-04,
 364,-2.52148E-02,-1.74516E-01,-4.16257E-02,-1.78116E-01, 0.00000E+00,-0.00000E+00, 2.72525E-03,-1.48028E-04, 2.72525E-03,-1.48028E-04,
 365,-2.50230E-02,-1.74516E-01,-4.14870E-02,-1.78101E-01, 0.00000E+00,-0.00000E+00, 2.73562E-03,-1.45778E-04, 2.73562E-03,-1.45778E-04,
 366,-2.49272E-02,-1.74516E-01,-4.13483E-02,-1.78086E-01, 0.00000E+00,-0.00000E+00, 2.74597E-03,-1.43538E-04, 2.74597E-03,-1.43538E-04,
 367,-2.49272E-02,-1.74516E-01,-4.12101E-02,-1.78071E-01, 0.00000E+00,-0.00000E+00, 2.75624E-03,-1.41306E-04, 2.75624E-03,-1.41306E-04,
 368,-2.47354E-02,-1.74516E-01,-4.10714E-02,-1.78055E-01, 0.00000E+00,-0.00000E+00, 2.76653E-03,-1.39085E-04, 2.76653E-03,-1.39085E-04,
 369,-2.46396E-02,-1.74516E-01,-4.09328E-02,-1.78041E-01, 0.00000E+00,-0.00000E+00, 2.77680E-03,-1.36872E-04, 2.77680E-03,-1.36872E-04,
 370,-2.45437E-02,-1.74516E-01,-4.07941E-02,-1.78026E-01, 0.00000E+00,-0.00000E+00, 2.78705E-03,-1.34669E-04, 2.78705E-03,-1.34669E-04,
 371,-2.45437E-02,-1.74516E-01,-4.06559E-02,-1.78011E-01, 0.00000E+00,-0.00000E+00, 2.79720E-03,-1.32476E-04, 2.79720E-03,-1.32476E-04,
 372,-2.43519E-02,-1.74612E-01,-4.05173E-02,-1.77996E-01, 0.00000E+00,-0.00000E+00, 2.80739E-03,-1.30351E-04, 2.80739E-03,-1.30351E-04,
 373,-2.43519E-02,-1.74612E-01,-4.03791E-02,-1.77982E-01, 0.00000E+00,-0.00000E+00, 2.81749E-03,-1.28236E-04, 2.81749E-03,-1.28236E-04,
 374,-2.42561E-02,-1.74612E-01,-4.02410E-02,-1.77968E-01, 0.00000E+00,-0.00000E+00, 2.82757E-03,-1.26129E-04, 2.82757E-03,-1.26129E-04,
 375,-2.40643E-02,-1.74612E-01,-4.01023E-02,-1.77953E-01, 0.00000E+00,-0.00000E+00, 2.83768E-03,-1.24032E-04, 2.83768E-03,-1.24032E-04,
 376,-2.39684E-02,-1.74612E-01,-3.99637E-02,-1.77939E-01, 0.00000E+00,-0.00000E+00, 2.84777E-03,-1.21943E-04, 2.84777E-03,-1.21943E-04,
 377,-2.38726E-02,-1.74612E-01,-3.98251E-02,-1.77925E-01, 0.00000E+00,-0.00000E+00, 2.85782E-03,-1.19863E-04, 2.85782E-03,-1.19863E-04,
 378,-2.36808E-02,-1.74612E-01,-3.96860E-02,-1.77911E-01, 0.00000E+00,-0.00000E+00, 2.86791E-03,-1.17793E-04, 2.86791E-03,-1.17793E-04,
 379,-2.36808E-02,-1.74612E-01,-3.95474E-02,-1.77896E-01, 0.00000E+00,-0.00000E+00, 2.87792E-03,-1.15731E-04, 2.87792E-03,-1.15731E-04,
 380,-2.35849E-02,-1.74612E-01,-3.94088E-02,-1.77882E-01, 0.00000E+00,-0.00000E+00, 2.88789E-03,-1.13678E-04, 2.88789E-03,-1.13678E-04,
 381,-2.35849E-02,-1.74612E-01,-3.92707E-02,-1.77868E-01, 0.00000E+00,-0.00000E+00, 2.89778E-03,-1.11634E-04, 2.89778E-03,-1.11634E-04,
 382,-2.33932E-02,-1.74612E-01,-3.91322E-02,-1.77854E-01, 0.00000E+00,-0.00000E+00, 2.90770E-03,-1.09598E-04, 2.90770E-03,-1.09598E-04,
 383,-2.32973E-02,-1.74612E-01,-3.89936E-02,-1.77840E-01, 0.00000E+00,-0.00000E+00, 2.91760E-03,-1.07572E-04, 2.91760E-03,-1.07572E-04,
 384,-2.32014E-02,-1.74612E-01,-3.88551E-02,-1.77826E-01, 0.00000E+00,-0.00000E+00, 2.92747E-03,-1.05554E-04, 2.92747E-03,-1.05554E-04,
 385,-2.31056E-02,-1.74612E-01,-3.87166E-02,-1.77812E-01, 0.00000E+00,-0.00000E+00, 2.93731E-03,-1.03545E-04, 2.93731E-03,-1.03545E-04,
 386,-2.30097E-02,-1.74612E-01,-3.85781E-02,-1.77798E-01, 0.00000E+00,-0.00000E+00, 2.94713E-03,-1.01545E-04, 2.94713E-03,-1.01545E-04,
 387,-2.29138E-02,-1.74612E-01,-3.84396E-02,-1.77784E-01, 0.00000E+00,-0.00000E+00, 2.95692E-03,-9.95536E-05, 2.95692E-03,-9.95536E-05,
 388,-2.27221E-02,-1.74612E-01,-3.83006E-02,-1.77770E-01, 0.00000E+00,-0.00000E+00, 2.96674E-03,-9.75709E-05, 2.96674E-03,-9.75709E-05,
 389,-2.26262E-02,-1.74612E-01,-3.81617E-02,-1.77756E-01, 0.00000E+00,-0.00000E+00, 2.97654E-03,-9.55968E-05, 2.97654E-03,-9.55968E-05,
 390,-2.25303E-02,-1.74612E-01,-3.80227E-02,-1.77742E-01, 0.00000E+00,-0.00000E+00, 2.98631E-03,-9.36315E-05, 2.98631E-03,-9.36315E-05,
 391,-2.25303E-02,-1.74612E-01,-3.78843E-02,-1.77728E-01, 0.00000E+00,-0.00000E+00, 2.99599E-03,-9.16748E-05, 2.99599E-03,-9.16748E-05,
 392,-2.24345E-02,-1.74612E-01,-3.77459E-02,-1.77715E-01, 0.00000E+00,-0.00000E+00, 3.00565E-03,-8.97267E-05, 3.00565E-03,-8.97267E-05,
 393,-2.23386E-02,-1.74707E-01,-3.76075E-02,-1.77701E-01, 0.00000E+00,-0.00000E+00, 3.01528E-03,-8.78472E-05, 3.01528E-03,-8.78472E-05,
 394,-2.22427E-02,-1.74707E-01,-3.74691E-02,-1.77688E-01, 0.00000E+00,-0.00000E+00, 3.02488E-03,-8.59760E-05, 3.02488E-03,-8.59760E-05,
 395,-2.20510E-02,-1.74707E-01,-3.73303E-02,-1.77675E-01, 0.00000E+00,-0.00000E+00, 3.03452E-03,-8.41131E-05, 3.03452E-03,-8.41131E-05,
 396,-2.19551E-02,-1.74707E-01,-3.71914E-02,-1.77662E-01, 0.00000E+00,-0.00000E+00, 3.04413E-03,-8.22585E-05, 3.04413E-03,-8.22585E-05,
 397,-2.18592E-02,-1.74707E-01,-3.70526E-02,-1.77648E-01, 0.00000E+00,-0.00000E+00, 3.05371E-03,-8.04121E-05, 3.05371E-03,-8.04121E-05,
 398,-2.17633E-02,-1.74707E-01,-3.69139E-02,-1.77635E-01, 0.00000E+00,-0.00000E+00, 3.06327E-03,-7.85739E-05, 3.06327E-03,-7.85739E-05,
 399,-2.16675E-02,-1.74707E-01,-3.67751E-02,-1.77622E-01, 0.00000E+00,-0.00000E+00, 3.07279E-03,-7.67440E-05, 3.07279E-03,-7.67440E-05,
 400,-2.15716E-02,-1.74707E-01,-3.66363E-02,-1.77609E-01, 0.00000E+00,-0.00000E+00, 3.08230E-03,-7.49222E-05, 3.08230E-03,-7.49222E-05,
 401,-2.15716E-02,-1.74707E-01,-3.64981E-02,-1.77596E-01, 0.00000E+00,-0.00000E+00, 3.09171E-03,-7.31087E-05, 3.09171E-03,-7.31087E-05,
 402,-2.13798E-02,-1.74707E-01,-3.63594E-02,-1.77583E-01, 0.00000E+00,-0.00000E+00, 3.10116E-03,-7.13033E-05, 3.10116E-03,-7.13033E-05,
 403,-2.12840E-02,-1.74707E-01,-3.62207E-02,-1.77570E-01, 0.00000E+00,-0.00000E+00, 3.11058E-03,-6.95060E-05, 3.11058E-03,-6.95060E-05,
 404,-2.11881E-02,-1.74707E-01,-3.60821E-02,-1.77557E-01, 0.00000E+00,-0.00000E+00, 3.11998E-03,-6.77168E-05, 3.11998E-03,-6.77168E-05,
 405,-2.10922E-02,-1.74707E-01,-3.59434E-02,-1.77544E-01, 0.00000E+00,-0.00000E+00, 3.12935E-03,-6.59358E-05, 3.12935E-03,-6.59358E-05,
 406,-2.09964E-02,-1.74707E-01,-3.58048E-02,-1.77531E-01, 0.00000E+00,-0.00000E+00, 3.13869E-03,-6.41628E-05, 3.13869E-03,-6.41628E-05,
 407,-2.09005E-02,-1.74707E-01,-3.56662E-02,-1.77518E-01, 0.00000E+00,-0.00000E+00, 3.14800E-03,-6.23979E-05, 3.14800E-03,-6.23979E-05,
 408,-2.07087E-02,-1.74707E-01,-3.55272E-02,-1.77506E-01, 0.00000E+00,-0.00000E+00, 3.15735E-03,-6.06411E-05, 3.15735E-03,-6.06411E-05,
 409,-2.06129E-02,-1.74707E-01,-3.53882E-02,-1.77493E-01, 0.00000E+00,-0.00000E+00, 3.16667E-03,-5.88923E-05, 3.16667E-03,-5.88923E-05,
 410,-2.06129E-02,-1.74707E-01,-3.52497E-02,-1.77480E-01, 0.00000E+00,-0.00000E+00, 3.17591E-03,-5.71514E-05, 3.17591E-03,-5.71514E-05,
 411,-2.06129E-02,-1.74707E-01,-3.51117E-02,-1.77467E-01, 0.00000E+00,-0.00000E+00, 3.18505E-03,-5.54186E-05, 3.18505E-03,-5.54186E-05,
 412,-2.04211E-02,-1.74707E-01,-3.49732E-02,-1.77454E-01, 0.00000E+00,-0.00000E+00, 3.19424E-03,-5.36938E-05, 3.19424E-03,-5.36938E-05,
 413,-2.03252E-02,-1.74707E-01,-3.48348E-02,-1.77442E-01, 0.00000E+00,-0.00000E+00, 3.20339E-03,-5.19769E-05, 3.20339E-03,-5.19769E-05,
 414,-2.01335E-02,-1.74803E-01,-3.46959E-02,-1.77430E-01, 0.00000E+00,-0.00000E+00, 3.21258E-03,-5.03278E-05, 3.21258E-03,-5.03278E-05,
 415,-2.00376E-02,-1.74803E-01,-3.45570E-02,-1.77417E-01, 0.00000E+00,-0.00000E+00, 3.22174E-03,-4.86864E-05, 3.22174E-03,-4.86864E-05,
 416,-2.00376E-02,-1.74803E-01,-3.44187E-02,-1.77405E-01, 0.00000E+00,-0.00000E+00, 3.23082E-03,-4.70526E-05, 3.23082E-03,-4.70526E-05,
 417,-1.99417E-02,-1.74803E-01,-3.42804E-02,-1.77393E-01, 0.00000E+00,-0.00000E+00, 3.23986E-03,-4.54264E-05, 3.23986E-03,-4.54264E-05,
 418,-1.97500E-02,-1.74803E-01,-3.41416E-02,-1.77381E-01, 0.00000E+00,-0.00000E+00, 3.24894E-03,-4.38077E-05, 3.24894E-03,-4.38077E-05,
 419,-1.96541E-02,-1.74803E-01,-3.40029E-02,-1.77369E-01, 0.00000E+00,-0.00000E+00, 3.25800E-03,-4.21966E-05, 3.25800E-03,-4.21966E-05,
 420,-1.95582E-02,-1.74803E-01,-3.38642E-02,-1.77357E-01, 0.00000E+00,-0.00000E+00, 3.26703E-03,-4.05930E-05, 3.26703E-03,-4.05930E-05,
 421,-1.95582E-02,-1.74803E-01,-3.37260E-02,-1.77345E-01, 0.00000E+00,-0.00000E+00, 3.27597E-03,-3.89969E-05, 3.27597E-03,-3.89969E-05,
 422,-1.93665E-02,-1.74803E-01,-3.35873E-02,-1.77333E-01, 0.00000E+00,-0.00000E+00, 3.28494E-03,-3.74084E-05, 3.28494E-03,-3.74084E-05,
 423,-1.93665E-02,-1.74803E-01,-3.34492E-02,-1.77321E-01, 0.00000E+00,-0.00000E+00, 3.29383E-03,-3.58273E-05, 3.29383E-03,-3.58273E-05,
 424,-1.92706E-02,-1.74803E-01,-3.33111E-02,-1.77309E-01, 0.00000E+00,-0.00000E+00, 3.30269E-03,-3.42537E-05, 3.30269E-03,-3.42537E-05,
 425,-1.90789E-02,-1.74803E-01,-3.31725E-02,-1.77297E-01, 0.00000E+00,-0.00000E+00, 3.31159E-03,-3.26875E-05, 3.31159E-03,-3.26875E-05,
 426,-1.89830E-02,-1.74803E-01,-3.30340E-02,-1.77285E-01, 0.00000E+00,-0.00000E+00, 3.32046E-03,-3.11287E-05, 3.32046E-03,-3.11287E-05,
 427,-1.88871E-02,-1.74803E-01,-3.28955E-02,-1.77274E-01, 0.00000E+00,-0.00000E+00, 3.32930E-03,-2.95773E-05, 3.32930E-03,-2.95773E-05,
 428,-1.87913E-02,-1.74803E-01,-3.27571E-02,-1.77262E-01, 0.00000E+00,-0.00000E+00, 3.33811E-03,-2.80334E-05, 3.33811E-03,-2.80334E-05,
 429,-1.86954E-02,-1.74803E-01,-3.26186E-02,-1.77250E-01, 0.00000E+00,-0.00000E+00, 3.34690E-03,-2.64968E-05, 3.34690E-03,-2.64968E-05,
 430,-1.85036E-02,-1.74803E-01,-3.24798E-02,-1.77238E-01, 0.00000E+00,-0.00000E+00, 3.35572E-03,-2.49676E-05, 3.35572E-03,-2.49676E-05,
 431,-1.85036E-02,-1.74803E-01,-3.23414E-02,-1.77227E-01, 0.00000E+00,-0.00000E+00, 3.36446E-03,-2.34457E-05, 3.36446E-03,-2.34457E-05,
 432,-1.84078E-02,-1.74803E-01,-3.22031E-02,-1.77215E-01, 0.00000E+00,-0.00000E+00, 3.37317E-03,-2.19311E-05, 3.37317E-03,-2.19311E-05,
 433,-1.83119E-02,-1.74803E-01,-3.20648E-02,-1.77203E-01, 0.00000E+00,-0.00000E+00, 3.38185E-03,-2.04239E-05, 3.38185E-03,-2.04239E-05,
 434,-1.82160E-02,-1.74803E-01,-3.19266E-02,-1.77192E-01, 0.00000E+00,-0.00000E+00, 3.39050E-03,-1.89239E-05, 3.39050E-03,-1.89239E-05,
 435,-1.81201E-02,-1.74899E-01,-3.17884E-02,-1.77181E-01, 0.00000E+00,-0.00000E+00, 3.39913E-03,-1.74911E-05, 3.39913E-03,-1.74911E-05,
 436,-1.80243E-02,-1.74899E-01,-3.16502E-02,-1.77169E-01, 0.00000E+00,-0.00000E+00, 3.40773E-03,-1.60653E-05, 3.40773E-03,-1.60653E-05,
 437,-1.79284E-02,-1.74899E-01,-3.15121E-02,-1.77158E-01, 0.00000E+00,-0.00000E+00, 3.41631E-03,-1.46463E-05, 3.41631E-03,-1.46463E-05,
 438,-1.77366E-02,-1.74899E-01,-3.13735E-02,-1.77147E-01, 0.00000E+00,-0.00000E+00, 3.42492E-03,-1.32343E-05, 3.42492E-03,-1.32343E-05,
 439,-1.76408E-02,-1.74899E-01,-3.12349E-02,-1.77136E-01, 0.00000E+00,-0.00000E+00, 3.43350E-03,-1.18292E-05, 3.43350E-03,-1.18292E-05,
 440,-1.75449E-02,-1.74899E-01,-3.10964E-02,-1.77125E-01, 0.00000E+00,-0.00000E+00, 3.44206E-03,-1.04310E-05, 3.44206E-03,-1.04310E-05,
 441,-1.75449E-02,-1.74899E-01,-3.09585E-02,-1.77114E-01, 0.00000E+00,-0.00000E+00, 3.45053E-03,-9.03968E-06, 3.45053E-03,-9.03968E-06,
 442,-1.74490E-02,-1.74899E-01,-3.08205E-02,-1.77103E-01, 0.00000E+00,-0.00000E+00, 3.45897E-03,-7.65518E-06, 3.45897E-03,-7.65518E-06,
 443,-1.73531E-02,-1.74899E-01,-3.06826E-02,-1.77093E-01, 0.00000E+00,-0.00000E+00, 3.46739E-03,-6.27751E-06, 3.46739E-03,-6.27751E-06,
 444,-1.72573E-02,-1.74899E-01,-3.05448E-02,-1.77082E-01, 0.00000E+00,-0.00000E+00, 3.47578E-03,-4.90666E-06, 3.47578E-03,-4.90666E-06,
 445,-1.70655E-02,-1.74899E-01,-3.04065E-02,-1.77071E-01, 0.00000E+00,-0.00000E+00, 3.48420E-03,-3.54261E-06, 3.48420E-03,-3.54261E-06,
 446,-1.69697E-02,-1.74899E-01,-3.02682E-02,-1.77060E-01, 0.00000E+00,-0.00000E+00, 3.49260E-03,-2.18533E-06, 3.49260E-03,-2.18533E-06,
 447,-1.68738E-02,-1.74899E-01,-3.01300E-02,-1.77049E-01, 0.00000E+00,-0.00000E+00, 3.50097E-03,-8.34822E-07, 3.50097E-03,-8.34822E-07,
 448,-1.67779E-02,-1.74899E-01,-2.99918E-02,-1.77038E-01, 0.00000E+00,-0.00000E+00, 3.50932E-03, 5.08946E-07, 3.50932E-03, 5.08946E-07,
 449,-1.66820E-02,-1.74899E-01,-2.98537E-02,-1.77028E-01, 0.00000E+00,-0.00000E+00, 3.51764E-03, 1.84598E-06, 3.51764E-03, 1.84598E-06,
 450,-1.65862E-02,-1.74899E-01,-2.97156E-02,-1.77017E-01, 0.00000E+00,-0.00000E+00, 3.52593E-03, 3.17630E-06, 3.52593E-03, 3.17630E-06,
 451,-1.65862E-02,-1.74899E-01,-2.95780E-02,-1.77006E-01, 0.00000E+00,-0.00000E+00, 3.53413E-03, 4.49992E-06, 3.53413E-03, 4.49992E-06,
 452,-1.63944E-02,-1.74899E-01,-2.94400E-02,-1.76996E-01, 0.00000E+00,-0.00000E+00, 3.54237E-03, 5.81687E-06, 3.54237E-03, 5.81687E-06,
 453,-1.62985E-02,-1.74899E-01,-2.93020E-02,-1.76985E-01, 0.00000E+00,-0.00000E+00, 3.55059E-03, 7.12716E-06, 3.55059E-03, 7.12716E-06,
 454,-1.62985E-02,-1.74899E-01,-2.91646E-02,-1.76974E-01, 0.00000E+00,-0.00000E+00, 3.55871E-03, 8.43079E-06, 3.55871E-03, 8.43079E-06,
 455,-1.61068E-02,-1.74899E-01,-2.90267E-02,-1.76964E-01, 0.00000E+00,-0.00000E+00, 3.56688E-03, 9.72780E-06, 3.56688E-03, 9.72780E-06,
 456,-1.60109E-02,-1.74995E-01,-2.88889E-02,-1.76954E-01, 0.00000E+00,-0.00000E+00, 3.57501E-03, 1.09583E-05, 3.57501E-03, 1.09583E-05,
 457,-1.59150E-02,-1.74995E-01,-2.87511E-02,-1.76944E-01, 0.00000E+00,-0.00000E+00, 3.58312E-03, 1.21824E-05, 3.58312E-03, 1.21824E-05,
 458,-1.57233E-02,-1.74995E-01,-2.86129E-02,-1.76934E-01, 0.00000E+00,-0.00000E+00, 3.59126E-03, 1.34003E-05, 3.59126E-03, 1.34003E-05,
 459,-1.57233E-02,-1.74995E-01,-2.84752E-02,-1.76924E-01, 0.00000E+00,-0.00000E+00, 3.59932E-03, 1.46120E-05, 3.59932E-03, 1.46120E-05,
 460,-1.56274E-02,-1.74995E-01,-2.83375E-02,-1.76914E-01, 0.00000E+00,-0.00000E+00, 3.60735E-03, 1.58174E-05, 3.60735E-03, 1.58174E-05,
 461,-1.56274E-02,-1.74995E-01,-2.82004E-02,-1.76904E-01, 0.00000E+00,-0.00000E+00, 3.61529E-03, 1.70165E-05, 3.61529E-03, 1.70165E-05,
 462,-1.54357E-02,-1.74995E-01,-2.80628E-02,-1.76894E-01, 0.00000E+00,-0.00000E+00, 3.62327E-03, 1.82095E-05, 3.62327E-03, 1.82095E-05,
 463,-1.53398E-02,-1.74995E-01,-2.79253E-02,-1.76884E-01, 0.00000E+00,-0.00000E+00, 3.63122E-03, 1.93962E-05, 3.63122E-03, 1.93962E-05,
 464,-1.52439E-02,-1.74995E-01,-2.77878E-02,-1.76874E-01, 0.00000E+00,-0.00000E+00, 3.63915E-03, 2.05768E-05, 3.63915E-03, 2.05768E-05,
 465,-1.50522E-02,-1.74995E-01,-2.76499E-02,-1.76864E-01, 0.00000E+00,-0.00000E+00, 3.64711E-03, 2.17512E-05, 3.64711E-03, 2.17512E-05,
 466,-1.50522E-02,-1.74995E-01,-2.75126E-02,-1.76854E-01, 0.00000E+00,-0.00000E+00, 3.65498E-03, 2.29195E-05, 3.65498E-03, 2.29195E-05,
 467,-1.49563E-02,-1.74995E-01,-2.73752E-02,-1.76845E-01, 0.00000E+00,-0.00000E+00, 3.66283E-03, 2.40816E-05, 3.66283E-03, 2.40816E-05,
 468,-1.47646E-02,-1.74995E-01,-2.72375E-02,-1.76835E-01, 0.00000E+00,-0.00000E+00, 3.67071E-03, 2.52376E-05, 3.67071E-03, 2.52376E-05,
 469,-1.46687E-02,-1.74995E-01,-2.70998E-02,-1.76825E-01, 0.00000E+00,-0.00000E+00, 3.67856E-03, 2.63875E-05, 3.67856E-03, 2.63875E-05,
 470,-1.45728E-02,-1.74995E-01,-2.69621E-02,-1.76815E-01, 0.00000E+00,-0.00000E+00, 3.68639E-03, 2.75314E-05, 3.68639E-03, 2.75314E-05,
 471,-1.45728E-02,-1.74995E-01,-2.68250E-02,-1.76806E-01, 0.00000E+00,-0.00000E+00, 3.69414E-03, 2.86691E-05, 3.69414E-03, 2.86691E-05,
 472,-1.44769E-02,-1.74995E-01,-2.66879E-02,-1.76796E-01, 0.00000E+00,-0.00000E+00, 3.70185E-03, 2.98008E-05, 3.70185E-03, 2.98008E-05,
 473,-1.43811E-02,-1.74995E-01,-2.65509E-02,-1.76787E-01, 0.00000E+00,-0.00000E+00, 3.70955E-03, 3.09265E-05, 3.70955E-03, 3.09265E-05,
 474,-1.41893E-02,-1.74995E-01,-2.64134E-02,-1.76777E-01, 0.00000E+00,-0.00000E+00, 3.71727E-03, 3.20462E-05, 3.71727E-03, 3.20462E-05,
 475,-1.40934E-02,-1.74995E-01,-2.62760E-02,-1.76767E-01, 0.00000E+00,-0.00000E+00, 3.72497E-03, 3.31598E-05, 3.72497E-03, 3.31598E-05,
 476,-1.39976E-02,-1.74995E-01,-2.61387E-02,-1.76758E-01, 0.00000E+00,-0.00000E+00, 3.73265E-03, 3.42675E-05, 3.73265E-03, 3.42675E-05,
 477,-1.38058E-02,-1.75091E-01,-2.60009E-02,-1.76749E-01, 0.00000E+00,-0.00000E+00, 3.74035E-03, 3.53092E-05, 3.74035E-03, 3.53092E-05,
 478,-1.38058E-02,-1.75091E-01,-2.58636E-02,-1.76740E-01, 0.00000E+00,-0.00000E+00, 3.74797E-03, 3.63454E-05, 3.74797E-03, 3.63454E-05,
 479,-1.38058E-02,-1.75091E-01,-2.57269E-02,-1.76731E-01, 0.00000E+00,-0.00000E+00, 3.75551E-03, 3.73758E-05, 3.75551E-03, 3.73758E-05,
 480,-1.37099E-02,-1.75091E-01,-2.55902E-02,-1.76722E-01, 0.00000E+00,-0.00000E+00, 3.76302E-03, 3.84007E-05, 3.76302E-03, 3.84007E-05,
 481,-1.35182E-02,-1.75091E-01,-2.54531E-02,-1.76713E-01, 0.00000E+00,-0.00000E+00, 3.77057E-03, 3.94199E-05, 3.77057E-03, 3.94199E-05,
 482,-1.34223E-02,-1.75091E-01,-2.53161E-02,-1.76704E-01, 0.00000E+00,-0.00000E+00, 3.77809E-03, 4.04336E-05, 3.77809E-03, 4.04336E-05,
 483,-1.33265E-02,-1.75091E-01,-2.51791E-02,-1.76695E-01, 0.00000E+00,-0.00000E+00, 3.78558E-03, 4.14417E-05, 3.78558E-03, 4.14417E-05,
 484,-1.32306E-02,-1.75091E-01,-2.50422E-02,-1.76686E-01, 0.00000E+00,-0.00000E+00, 3.79305E-03, 4.24442E-05, 3.79305E-03, 4.24442E-05,
 485,-1.31347E-02,-1.75091E-01,-2.49053E-02,-1.76677E-01, 0.00000E+00,-0.00000E+00, 3.80049E-03, 4.34411E-05, 3.80049E-03, 4.34411E-05,
 486,-1.30388E-02,-1.75091E-01,-2.47685E-02,-1.76668E-01, 0.00000E+00,-0.00000E+00, 3.80790E-03, 4.44326E-05, 3.80790E-03, 4.44326E-05,
 487,-1.28471E-02,-1.75091E-01,-2.46312E-02,-1.76660E-01, 0.00000E+00,-0.00000E+00, 3.81536E-03, 4.54185E-05, 3.81536E-03, 4.54185E-05,
 488,-1.27512E-02,-1.75091E-01,-2.44940E-02,-1.76651E-01, 0.00000E+00,-0.00000E+00, 3.82278E-03, 4.63989E-05, 3.82278E-03, 4.63989E-05,
 489,-1.27512E-02,-1.75091E-01,-2.43573E-02,-1.76642E-01, 0.00000E+00,-0.00000E+00, 3.83012E-03, 4.73738E-05, 3.83012E-03, 4.73738E-05,
 490,-1.26553E-02,-1.75091E-01,-2.42207E-02,-1.76633E-01, 0.00000E+00,-0.00000E+00, 3.83743E-03, 4.83433E-05, 3.83743E-03, 4.83433E-05,
 491,-1.25595E-02,-1.75091E-01,-2.40842E-02,-1.76625E-01, 0.00000E+00,-0.00000E+00, 3.84472E-03, 4.93073E-05, 3.84472E-03, 4.93073E-05,
 492,-1.24636E-02,-1.75091E-01,-2.39477E-02,-1.76616E-01, 0.00000E+00,-0.00000E+00, 3.85198E-03, 5.02658E-05, 3.85198E-03, 5.02658E-05,
 493,-1.23677E-02,-1.75091E-01,-2.38112E-02,-1.76607E-01, 0.00000E+00,-0.00000E+00, 3.85922E-03, 5.12190E-05, 3.85922E-03, 5.12190E-05,
 494,-1.21760E-02,-1.75091E-01,-2.36744E-02,-1.76599E-01, 0.00000E+00,-0.00000E+00, 3.86649E-03, 5.21667E-05, 3.86649E-03, 5.21667E-05,
 495,-1.20801E-02,-1.75091E-01,-2.35376E-02,-1.76590E-01, 0.00000E+00,-0.00000E+00, 3.87374E-03, 5.31090E-05, 3.87374E-03, 5.31090E-05,
 496,-1.19842E-02,-1.75091E-01,-2.34008E-02,-1.76581E-01, 0.00000E+00,-0.00000E+00, 3.88096E-03, 5.40460E-05, 3.88096E-03, 5.40460E-05,
 497,-1.18883E-02,-1.75091E-01,-2.32641E-02,-1.76573E-01, 0.00000E+00,-0.00000E+00, 3.88816E-03, 5.49775E-05, 3.88816E-03, 5.49775E-05,
 498,-1.17925E-02,-1.75187E-01,-2.31275E-02,-1.76565E-01, 0.00000E+00,-0.00000E+00, 3.89533E-03, 5.58439E-05, 3.89533E-03, 5.58439E-05,
 499,-1.17925E-02,-1.75187E-01,-2.29914E-02,-1.76557E-01, 0.00000E+00,-0.00000E+00, 3.90241E-03, 5.67051E-05, 3.90241E-03, 5.67051E-05,
 500,-1.16966E-02,-1.75187E-01,-2.28554E-02,-1.76549E-01, 0.00000E+00,-0.00000E+00, 3.90947E-03, 5.75614E-05, 3.90947E-03, 5.75614E-05,
 501,-1.15048E-02,-1.75187E-01,-2.27189E-02,-1.76541E-01, 0.00000E+00,-0.00000E+00, 3.91656E-03, 5.84126E-05, 3.91656E-03, 5.84126E-05,
 502,-1.14090E-02,-1.75187E-01,-2.25825E-02,-1.76533E-01, 0.00000E+00,-0.00000E+00, 3.92363E-03, 5.92589E-05, 3.92363E-03, 5.92589E-05,
 503,-1.14090E-02,-1.75187E-01,-2.24466E-02,-1.76525E-01, 0.00000E+00,-0.00000E+00, 3.93061E-03, 6.01002E-05, 3.93061E-03, 6.01002E-05,
 504,-1.12172E-02,-1.75187E-01,-2.23103E-02,-1.76517E-01, 0.00000E+00,-0.00000E+00, 3.93763E-03, 6.09365E-05, 3.93763E-03, 6.09365E-05,
 505,-1.11214E-02,-1.75187E-01,-2.21741E-02,-1.76509E-01, 0.00000E+00,-0.00000E+00, 3.94462E-03, 6.17679E-05, 3.94462E-03, 6.17679E-05,
 506,-1.10255E-02,-1.75187E-01,-2.20379E-02,-1.76501E-01, 0.00000E+00,-0.00000E+00, 3.95159E-03, 6.25943E-05, 3.95159E-03, 6.25943E-05,
 507,-1.08337E-02,-1.75187E-01,-2.19014E-02,-1.76493E-01, 0.00000E+00,-0.00000E+00, 3.95859E-03, 6.34159E-05, 3.95859E-03, 6.34159E-05,
 508,-1.07379E-02,-1.75187E-01,-2.17648E-02,-1.76486E-01, 0.00000E+00,-0.00000E+00, 3.96557E-03, 6.42325E-05, 3.96557E-03, 6.42325E-05,
 509,-1.07379E-02,-1.75187E-01,-2.16289E-02,-1.76478E-01, 0.00000E+00,-0.00000E+00, 3.97246E-03, 6.50442E-05, 3.97246E-03, 6.50442E-05,
 510,-1.07379E-02,-1.75187E-01,-2.14934E-02,-1.76470E-01, 0.00000E+00,-0.00000E+00, 3.97927E-03, 6.58511E-05, 3.97927E-03, 6.58511E-05,
 511,-1.05461E-02,-1.75187E-01,-2.13575E-02,-1.76462E-01, 0.00000E+00,-0.00000E+00, 3.98611E-03, 6.66530E-05, 3.98611E-03, 6.66530E-05,
 512,-1.04502E-02,-1.75187E-01,-2.12217E-02,-1.76454E-01, 0.00000E+00,-0.00000E+00, 3.99293E-03, 6.74502E-05, 3.99293E-03, 6.74502E-05,
 513,-1.03544E-02,-1.75187E-01,-2.10860E-02,-1.76447E-01, 0.00000E+00,-0.00000E+00, 3.99972E-03, 6.82425E-05, 3.99972E-03, 6.82425E-05,
 514,-1.01626E-02,-1.75187E-01,-2.09499E-02,-1.76439E-01, 0.00000E+00,-0.00000E+00, 4.00655E-03, 6.90300E-05, 4.00655E-03, 6.90300E-05,
 515,-1.01626E-02,-1.75187E-01,-2.08142E-02,-1.76431E-01, 0.00000E+00,-0.00000E+00, 4.01329E-03, 6.98126E-05, 4.01329E-03, 6.98126E-05,
 516,-1.00667E-02,-1.75187E-01,-2.06787E-02,-1.76424E-01, 0.00000E+00,-0.00000E+00, 4.02001E-03, 7.05905E-05, 4.02001E-03, 7.05905E-05,
 517,-9.87499E-03,-1.75187E-01,-2.05427E-02,-1.76416E-01, 0.00000E+00,-0.00000E+00, 4.02676E-03, 7.13636E-05, 4.02676E-03, 7.13636E-05,
 518,-9.77912E-03,-1.75187E-01,-2.04068E-02,-1.76409E-01, 0.00000E+00,-0.00000E+00, 4.03349E-03, 7.21320E-05, 4.03349E-03, 7.21320E-05,
 519,-9.77912E-03,-1.75187E-01,-2.02714E-02,-1.76401E-01, 0.00000E+00,-0.00000E+00, 4.04013E-03, 7.28956E-05, 4.04013E-03, 7.28956E-05,
 520,-9.58737E-03,-1.75283E-01,-2.01357E-02,-1.76394E-01, 0.00000E+00,-0.00000E+00, 4.04681E-03, 7.35946E-05, 4.04681E-03, 7.35946E-05,
 521,-9.58737E-03,-1.75283E-01,-2.00004E-02,-1.76387E-01, 0.00000E+00,-0.00000E+00, 4.05340E-03, 7.42891E-05, 4.05340E-03, 7.42891E-05,
 522,-9.49150E-03,-1.75283E-01,-1.98653E-02,-1.76380E-01, 0.00000E+00,-0.00000E+00, 4.05997E-03, 7.49792E-05, 4.05997E-03, 7.49792E-05,
 523,-9.39563E-03,-1.75283E-01,-1.97301E-02,-1.76373E-01, 0.00000E+00,-0.00000E+00, 4.06651E-03, 7.56649E-05, 4.06651E-03, 7.56649E-05,
 524,-9.20388E-03,-1.75283E-01,-1.95946E-02,-1.76366E-01, 0.00000E+00,-0.00000E+00, 4.07309E-03, 7.63463E-05, 4.07309E-03, 7.63463E-05,
 525,-9.10801E-03,-1.75283E-01,-1.94592E-02,-1.76359E-01, 0.00000E+00,-0.00000E+00, 4.07964E-03, 7.70233E-05, 4.07964E-03, 7.70233E-05,
 526,-9.01213E-03,-1.75283E-01,-1.93238E-02,-1.76352E-01, 0.00000E+00,-0.00000E+00, 4.08617E-03, 7.76959E-05, 4.08617E-03, 7.76959E-05,
 527,-8.91626E-03,-1.75283E-01,-1.91884E-02,-1.76345E-01, 0.00000E+00,-0.00000E+00, 4.09267E-03, 7.83642E-05, 4.09267E-03, 7.83642E-05,
 528,-8.91626E-03,-1.75283E-01,-1.90536E-02,-1.76338E-01, 0.00000E+00,-0.00000E+00, 4.09909E-03, 7.90282E-05, 4.09909E-03, 7.90282E-05,
 529,-8.82038E-03,-1.75283E-01,-1.89189E-02,-1.76331E-01, 0.00000E+00,-0.00000E+00, 4.10549E-03, 7.96878E-05, 4.10549E-03, 7.96878E-05,
 530,-8.62864E-03,-1.75283E-01,-1.87838E-02,-1.76324E-01, 0.00000E+00,-0.00000E+00, 4.11192E-03, 8.03432E-05, 4.11192E-03, 8.03432E-05,
 531,-8.53276E-03,-1.75283E-01,-1.86487E-02,-1.76318E-01, 0.00000E+00,-0.00000E+00, 4.11833E-03, 8.09943E-05, 4.11833E-03, 8.09943E-05,
 532,-8.43689E-03,-1.75283E-01,-1.85137E-02,-1.76311E-01, 0.00000E+00,-0.00000E+00, 4.12471E-03, 8.16411E-05, 4.12471E-03, 8.16411E-05,
 533,-8.34101E-03,-1.75283E-01,-1.83788E-02,-1.76304E-01, 0.00000E+00,-0.00000E+00, 4.13107E-03, 8.22836E-05, 4.13107E-03, 8.22836E-05,
 534,-8.24514E-03,-1.75283E-01,-1.82439E-02,-1.76297E-01, 0.00000E+00,-0.00000E+00, 4.13740E-03, 8.29219E-05, 4.13740E-03, 8.29219E-05,
 535,-8.14927E-03,-1.75283E-01,-1.81091E-02,-1.76290E-01, 0.00000E+00,-0.00000E+00, 4.14371E-03, 8.35560E-05, 4.14371E-03, 8.35560E-05,
 536,-8.05339E-03,-1.75283E-01,-1.79743E-02,-1.76284E-01, 0.00000E+00,-0.00000E+00, 4.14999E-03, 8.41858E-05, 4.14999E-03, 8.41858E-05,
 537,-7.86165E-03,-1.75283E-01,-1.78392E-02,-1.76277E-01, 0.00000E+00,-0.00000E+00, 4.15632E-03, 8.48115E-05, 4.15632E-03, 8.48115E-05,
 538,-7.76577E-03,-1.75283E-01,-1.77041E-02,-1.76270E-01, 0.00000E+00,-0.00000E+00, 4.16261E-03, 8.54329E-05, 4.16261E-03, 8.54329E-05,
 539,-7.76577E-03,-1.75283E-01,-1.75696E-02,-1.76264E-01, 0.00000E+00,-0.00000E+00, 4.16882E-03, 8.60502E-05, 4.16882E-03, 8.60502E-05,
 540,-7.66990E-03,-1.75283E-01,-1.74351E-02,-1.76257E-01, 0.00000E+00,-0.00000E+00, 4.17501E-03, 8.66633E-05, 4.17501E-03, 8.66633E-05,
 541,-7.57403E-03,-1.75379E-01,-1.73007E-02,-1.76251E-01, 0.00000E+00,-0.00000E+00, 4.18117E-03, 8.72123E-05, 4.18117E-03, 8.72123E-05,
 542,-7.47815E-03,-1.75379E-01,-1.71663E-02,-1.76245E-01, 0.00000E+00,-0.00000E+00, 4.18731E-03, 8.77575E-05, 4.18731E-03, 8.77575E-05,
 543,-7.38228E-03,-1.75379E-01,-1.70321E-02,-1.76239E-01, 0.00000E+00,-0.00000E+00, 4.19343E-03, 8.82989E-05, 4.19343E-03, 8.82989E-05,
 544,-7.19053E-03,-1.75379E-01,-1.68974E-02,-1.76233E-01, 0.00000E+00,-0.00000E+00, 4.19958E-03, 8.88364E-05, 4.19958E-03, 8.88364E-05,
 545,-7.09466E-03,-1.75379E-01,-1.67628E-02,-1.76226E-01, 0.00000E+00,-0.00000E+00, 4.20570E-03, 8.93702E-05, 4.20570E-03, 8.93702E-05,
 546,-7.09466E-03,-1.75379E-01,-1.66287E-02,-1.76220E-01, 0.00000E+00,-0.00000E+00, 4.21175E-03, 8.99001E-05, 4.21175E-03, 8.99001E-05,
 547,-6.90291E-03,-1.75379E-01,-1.64943E-02,-1.76214E-01, 0.00000E+00,-0.00000E+00, 4.21782E-03, 9.04263E-05, 4.21782E-03, 9.04263E-05,
 548,-6.80704E-03,-1.75379E-01,-1.63599E-02,-1.76208E-01, 0.00000E+00,-0.00000E+00, 4.22388E-03, 9.09487E-05, 4.22388E-03, 9.09487E-05,
 549,-6.80704E-03,-1.75379E-01,-1.62260E-02,-1.76202E-01, 0.00000E+00,-0.00000E+00, 4.22985E-03, 9.14674E-05, 4.22985E-03, 9.14674E-05,
 550,-6.71116E-03,-1.75379E-01,-1.60922E-02,-1.76196E-01, 0.00000E+00,-0.00000E+00, 4.23579E-03, 9.19823E-05, 4.23579E-03, 9.19823E-05,
 551,-6.51941E-03,-1.75379E-01,-1.59580E-02,-1.76191E-01, 0.00000E+00,-0.00000E+00, 4.24178E-03, 9.24935E-05, 4.24178E-03, 9.24935E-05,
 552,-6.42354E-03,-1.75379E-01,-1.58239E-02,-1.76185E-01, 0.00000E+00,-0.00000E+00, 4.24774E-03, 9.30010E-05, 4.24774E-03, 9.30010E-05,
 553,-6.42354E-03,-1.75379E-01,-1.56903E-02,-1.76179E-01, 0.00000E+00,-0.00000E+00, 4.25361E-03, 9.35047E-05, 4.25361E-03, 9.35047E-05,
 554,-6.23179E-03,-1.75379E-01,-1.55563E-02,-1.76173E-01, 0.00000E+00,-0.00000E+00, 4.25952E-03, 9.40048E-05, 4.25952E-03, 9.40048E-05,
 555,-6.13592E-03,-1.75379E-01,-1.54224E-02,-1.76167E-01, 0.00000E+00,-0.00000E+00, 4.26541E-03, 9.45012E-05, 4.26541E-03, 9.45012E-05,
 556,-5.94417E-03,-1.75379E-01,-1.52881E-02,-1.76161E-01, 0.00000E+00,-0.00000E+00, 4.27133E-03, 9.49939E-05, 4.27133E-03, 9.49939E-05,
 557,-5.84830E-03,-1.75379E-01,-1.51538E-02,-1.76155E-01, 0.00000E+00,-0.00000E+00, 4.27723E-03, 9.54830E-05, 4.27723E-03, 9.54830E-05,
 558,-5.84830E-03,-1.75379E-01,-1.50201E-02,-1.76149E-01, 0.00000E+00,-0.00000E+00, 4.28305E-03, 9.59684E-05, 4.28305E-03, 9.59684E-05,
 559,-5.84830E-03,-1.75379E-01,-1.48870E-02,-1.76144E-01, 0.00000E+00,-0.00000E+00, 4.28878E-03, 9.64502E-05, 4.28878E-03, 9.64502E-05,
 560,-5.65655E-03,-1.75379E-01,-1.47534E-02,-1.76138E-01, 0.00000E+00,-0.00000E+00, 4.29455E-03, 9.69284E-05, 4.29455E-03, 9.69284E-05,
 561,-5.56068E-03,-1.75379E-01,-1.46200E-02,-1.76132E-01, 0.00000E+00,-0.00000E+00, 4.30029E-03, 9.74030E-05, 4.30029E-03, 9.74030E-05,
 562,-5.46480E-03,-1.75474E-01,-1.44865E-02,-1.76127E-01, 0.00000E+00,-0.00000E+00, 4.30602E-03, 9.78140E-05, 4.30602E-03, 9.78140E-05,
 563,-5.36893E-03,-1.75474E-01,-1.43532E-02,-1.76122E-01, 0.00000E+00,-0.00000E+00, 4.31171E-03, 9.82218E-05, 4.31171E-03, 9.82218E-05,
 564,-5.27306E-03,-1.75474E-01,-1.42199E-02,-1.76116E-01, 0.00000E+00,-0.00000E+00, 4.31739E-03, 9.86263E-05, 4.31739E-03, 9.86263E-05,
 565,-5.17718E-03,-1.75474E-01,-1.40867E-02,-1.76111E-01, 0.00000E+00,-0.00000E+00, 4.32304E-03, 9.90276E-05, 4.32304E-03, 9.90276E-05,
 566,-5.08131E-03,-1.75474E-01,-1.39536E-02,-1.76106E-01, 0.00000E+00,-0.00000E+00, 4.32867E-03, 9.94256E-05, 4.32867E-03, 9.94256E-05,
 567,-4.88956E-03,-1.75474E-01,-1.38201E-02,-1.76101E-01, 0.00000E+00,-0.00000E+00, 4.33433E-03, 9.98203E-05, 4.33433E-03, 9.98203E-05,
 568,-4.79369E-03,-1.75474E-01,-1.36866E-02,-1.76096E-01, 0.00000E+00,-0.00000E+00, 4.33997E-03, 1.00212E-04, 4.33997E-03, 1.00212E-04,
 569,-4.79369E-03,-1.75474E-01,-1.35537E-02,-1.76091E-01, 0.00000E+00,-0.00000E+00, 4.34553E-03, 1.00600E-04, 4.34553E-03, 1.00600E-04,
 570,-4.69781E-03,-1.75474E-01,-1.34208E-02,-1.76086E-01, 0.00000E+00,-0.00000E+00, 4.35107E-03, 1.00985E-04, 4.35107E-03, 1.00985E-04,
 571,-4.60194E-03,-1.75474E-01,-1.32881E-02,-1.76080E-01, 0.00000E+00,-0.00000E+00, 4.35658E-03, 1.01367E-04, 4.35658E-03, 1.01367E-04,
 572,-4.50607E-03,-1.75474E-01,-1.31554E-02,-1.76075E-01, 0.00000E+00,-0.00000E+00, 4.36207E-03, 1.01746E-04, 4.36207E-03, 1.01746E-04,
 573,-4.41019E-03,-1.75474E-01,-1.30228E-02,-1.76070E-01, 0.00000E+00,-0.00000E+00, 4.36753E-03, 1.02122E-04, 4.36753E-03, 1.02122E-04,
 574,-4.21844E-03,-1.75474E-01,-1.28898E-02,-1.76065E-01, 0.00000E+00,-0.00000E+00, 4.37304E-03, 1.02494E-04, 4.37304E-03, 1.02494E-04,
 575,-4.12257E-03,-1.75474E-01,-1.27568E-02,-1.76060E-01, 0.00000E+00,-0.00000E+00, 4.37851E-03, 1.02863E-04, 4.37851E-03, 1.02863E-04,
 576,-4.02670E-03,-1.75474E-01,-1.26239E-02,-1.76055E-01, 0.00000E+00,-0.00000E+00, 4.38397E-03, 1.03229E-04, 4.38397E-03, 1.03229E-04,
 577,-3.93082E-03,-1.75474E-01,-1.24911E-02,-1.76050E-01, 0.00000E+00,-0.00000E+00, 4.38940E-03, 1.03592E-04, 4.38940E-03, 1.03592E-04,
 578,-3.83495E-03,-1.75474E-01,-1.23584E-02,-1.76045E-01, 0.00000E+00,-0.00000E+00, 4.39481E-03, 1.03952E-04, 4.39481E-03, 1.03952E-04,
 579,-3.83495E-03,-1.75474E-01,-1.22262E-02,-1.76040E-01, 0.00000E+00,-0.00000E+00, 4.40014E-03, 1.04309E-04, 4.40014E-03, 1.04309E-04,
 580,-3.73908E-03,-1.75474E-01,-1.20941E-02,-1.76035E-01, 0.00000E+00,-0.00000E+00, 4.40544E-03, 1.04663E-04, 4.40544E-03, 1.04663E-04,
 581,-3.54733E-03,-1.75474E-01,-1.19616E-02,-1.76031E-01, 0.00000E+00,-0.00000E+00, 4.41079E-03, 1.05013E-04, 4.41079E-03, 1.05013E-04,
 582,-3.45146E-03,-1.75474E-01,-1.18292E-02,-1.76026E-01, 0.00000E+00,-0.00000E+00, 4.41611E-03, 1.05361E-04, 4.41611E-03, 1.05361E-04,
 583,-3.35558E-03,-1.75474E-01,-1.16968E-02,-1.76021E-01, 0.00000E+00,-0.00000E+00, 4.42140E-03, 1.05705E-04, 4.42140E-03, 1.05705E-04,
 584,-3.25971E-03,-1.75570E-01,-1.15645E-02,-1.76016E-01, 0.00000E+00,-0.00000E+00, 4.42667E-03, 1.05987E-04, 4.42667E-03, 1.05987E-04,
 585,-3.16383E-03,-1.75570E-01,-1.14323E-02,-1.76012E-01, 0.00000E+00,-0.00000E+00, 4.43192E-03, 1.06266E-04, 4.43192E-03, 1.06266E-04,
 586,-3.06796E-03,-1.75570E-01,-1.13002E-02,-1.76008E-01, 0.00000E+00,-0.00000E+00, 4.43715E-03, 1.06542E-04, 4.43715E-03, 1.06542E-04,
 587,-2.87621E-03,-1.75570E-01,-1.11677E-02,-1.76003E-01, 0.00000E+00,-0.00000E+00, 4.44242E-03, 1.06815E-04, 4.44242E-03, 1.06815E-04,
 588,-2.78034E-03,-1.75570E-01,-1.10352E-02,-1.75999E-01, 0.00000E+00,-0.00000E+00, 4.44766E-03, 1.07086E-04, 4.44766E-03, 1.07086E-04,
 589,-2.78034E-03,-1.75570E-01,-1.09033E-02,-1.75995E-01, 0.00000E+00,-0.00000E+00, 4.45282E-03, 1.07354E-04, 4.45282E-03, 1.07354E-04,
 590,-2.78034E-03,-1.75570E-01,-1.07719E-02,-1.75990E-01, 0.00000E+00,-0.00000E+00, 4.45789E-03, 1.07619E-04, 4.45789E-03, 1.07619E-04,
 591,-2.58859E-03,-1.75570E-01,-1.06402E-02,-1.75986E-01, 0.00000E+00,-0.00000E+00, 4.46301E-03, 1.07881E-04, 4.46301E-03, 1.07881E-04,
 592,-2.49272E-03,-1.75570E-01,-1.05085E-02,-1.75982E-01, 0.00000E+00,-0.00000E+00, 4.46810E-03, 1.08141E-04, 4.46810E-03, 1.08141E-04,
 593,-2.39684E-03,-1.75570E-01,-1.03769E-02,-1.75978E-01, 0.00000E+00,-0.00000E+00, 4.47317E-03, 1.08398E-04, 4.47317E-03, 1.08398E-04,
 594,-2.20510E-03,-1.75570E-01,-1.02449E-02,-1.75973E-01, 0.00000E+00,-0.00000E+00, 4.47828E-03, 1.08653E-04, 4.47828E-03, 1.08653E-04,
 595,-2.20510E-03,-1.75570E-01,-1.01135E-02,-1.75969E-01, 0.00000E+00,-0.00000E+00, 4.48330E-03, 1.08905E-04, 4.48330E-03, 1.08905E-04,
 596,-2.10922E-03,-1.75570E-01,-9.98208E-03,-1.75965E-01, 0.00000E+00,-0.00000E+00, 4.48831E-03, 1.09154E-04, 4.48831E-03, 1.09154E-04,
 597,-1.91747E-03,-1.75570E-01,-9.85031E-03,-1.75961E-01, 0.00000E+00,-0.00000E+00, 4.49335E-03, 1.09401E-04, 4.49335E-03, 1.09401E-04,
 598,-1.82160E-03,-1.75570E-01,-9.71861E-03,-1.75957E-01, 0.00000E+00,-0.00000E+00, 4.49836E-03, 1.09645E-04, 4.49836E-03, 1.09645E-04,
 599,-1.82160E-03,-1.75570E-01,-9.58746E-03,-1.75953E-01, 0.00000E+00,-0.00000E+00, 4.50330E-03, 1.09887E-04, 4.50330E-03, 1.09887E-04,
 600,-1.62985E-03,-1.75570E-01,-9.45592E-03,-1.75948E-01, 0.00000E+00,-0.00000E+00, 4.50827E-03, 1.10126E-04, 4.50827E-03, 1.10126E-04,
 601,-1.53398E-03,-1.75570E-01,-9.32445E-03,-1.75944E-01, 0.00000E+00,-0.00000E+00, 4.51322E-03, 1.10362E-04, 4.51322E-03, 1.10362E-04,
 602,-1.53398E-03,-1.75570E-01,-9.19354E-03,-1.75940E-01, 0.00000E+00,-0.00000E+00, 4.51809E-03, 1.10596E-04, 4.51809E-03, 1.10596E-04,
 603,-1.43811E-03,-1.75570E-01,-9.06271E-03,-1.75936E-01, 0.00000E+00,-0.00000E+00, 4.52294E-03, 1.10827E-04, 4.52294E-03, 1.10827E-04,
 604,-1.24636E-03,-1.75666E-01,-8.93147E-03,-1.75933E-01, 0.00000E+00,-0.00000E+00, 4.52782E-03, 1.10996E-04, 4.52782E-03, 1.10996E-04,
 605,-1.15048E-03,-1.75666E-01,-8.80030E-03,-1.75929E-01, 0.00000E+00,-0.00000E+00, 4.53269E-03, 1.11162E-04, 4.53269E-03, 1.11162E-04,
 606,-1.05461E-03,-1.75666E-01,-8.66922E-03,-1.75926E-01, 0.00000E+00,-0.00000E+00, 4.53753E-03, 1.11327E-04, 4.53753E-03, 1.11327E-04,
 607,-9.58737E-04,-1.75666E-01,-8.53822E-03,-1.75922E-01, 0.00000E+00,-0.00000E+00, 4.54235E-03, 1.11489E-04, 4.54235E-03, 1.11489E-04,
 608,-9.58737E-04,-1.75666E-01,-8.40777E-03,-1.75918E-01, 0.00000E+00,-0.00000E+00, 4.54708E-03, 1.11649E-04, 4.54708E-03, 1.11649E-04,
 609,-8.62864E-04,-1.75666E-01,-8.27740E-03,-1.75915E-01, 0.00000E+00,-0.00000E+00, 4.55180E-03, 1.11806E-04, 4.55180E-03, 1.11806E-04,
 610,-6.71116E-04,-1.75666E-01,-8.14662E-03,-1.75911E-01, 0.00000E+00,-0.00000E+00, 4.55655E-03, 1.11962E-04, 4.55655E-03, 1.11962E-04,
 611,-5.75242E-04,-1.75666E-01,-8.01593E-03,-1.75908E-01, 0.00000E+00,-0.00000E+00, 4.56128E-03, 1.12115E-04, 4.56128E-03, 1.12115E-04,
 612,-4.79369E-04,-1.75666E-01,-7.88531E-03,-1.75905E-01, 0.00000E+00,-0.00000E+00, 4.56599E-03, 1.12266E-04, 4.56599E-03, 1.12266E-04,
 613,-2.87621E-04,-1.75666E-01,-7.75429E-03,-1.75901E-01, 0.00000E+00,-0.00000E+00, 4.57074E-03, 1.12415E-04, 4.57074E-03, 1.12415E-04,
 614,-2.87621E-04,-1.75666E-01,-7.62383E-03,-1.75898E-01, 0.00000E+00,-0.00000E+00, 4.57541E-03, 1.12562E-04, 4.57541E-03, 1.12562E-04,
 615,-1.91748E-04,-1.75666E-01,-7.49345E-03,-1.75894E-01, 0.00000E+00,-0.00000E+00, 4.58005E-03, 1.12707E-04, 4.58005E-03, 1.12707E-04,
 616,-1.91748E-04,-1.75666E-01,-7.36363E-03,-1.75891E-01, 0.00000E+00,-0.00000E+00, 4.58462E-03, 1.12849E-04, 4.58462E-03, 1.12849E-04,
 617, 0.00000E+00,-1.75666E-01,-7.23340E-03,-1.75887E-01, 0.00000E+00,-0.00000E+00, 4.58922E-03, 1.12990E-04, 4.58922E-03, 1.12990E-04,
 618, 0.00000E+00,-1.75666E-01,-7.10374E-03,-1.75884E-01, 0.00000E+00,-0.00000E+00, 4.59374E-03, 1.13128E-04, 4.59374E-03, 1.13128E-04,
 619, 9.58738E-05,-1.75666E-01,-6.97415E-03,-1.75881E-01, 0.00000E+00,-0.00000E+00, 4.59824E-03, 1.13264E-04, 4.59824E-03, 1.13264E-04,
 620, 1.91748E-04,-1.75666E-01,-6.84463E-03,-1.75877E-01, 0.00000E+00,-0.00000E+00, 4.60272E-03, 1.13398E-04, 4.60272E-03, 1.13398E-04,
 621, 2.87621E-04,-1.75666E-01,-6.71520E-03,-1.75874E-01, 0.00000E+00,-0.00000E+00, 4.60718E-03, 1.13530E-04, 4.60718E-03, 1.13530E-04,
 622, 3.83495E-04,-1.75666E-01,-6.58584E-03,-1.75871E-01, 0.00000E+00,-0.00000E+00, 4.61161E-03, 1.13660E-04, 4.61161E-03, 1.13660E-04,
 623, 5.75242E-04,-1.75666E-01,-6.45609E-03,-1.75867E-01, 0.00000E+00,-0.00000E+00, 4.61609E-03, 1.13788E-04, 4.61609E-03, 1.13788E-04,
 624, 6.71116E-04,-1.75666E-01,-6.32640E-03,-1.75864E-01, 0.00000E+00,-0.00000E+00, 4.62054E-03, 1.13914E-04, 4.62054E-03, 1.13914E-04,
 625, 7.66990E-04,-1.75666E-01,-6.19680E-03,-1.75861E-01, 0.00000E+00,-0.00000E+00, 4.62497E-03, 1.14037E-04, 4.62497E-03, 1.14037E-04,
 626, 7.66990E-04,-1.75666E-01,-6.06776E-03,-1.75858E-01, 0.00000E+00,-0.00000E+00, 4.62933E-03, 1.14159E-04, 4.62933E-03, 1.14159E-04,
 627, 8.62864E-04,-1.75762E-01,-5.93879E-03,-1.75855E-01, 0.00000E+00,-0.00000E+00, 4.63366E-03, 1.14219E-04, 4.63366E-03, 1.14219E-04,
 628, 9.58737E-04,-1.75762E-01,-5.80990E-03,-1.75852E-01, 0.00000E+00,-0.00000E+00, 4.63797E-03, 1.14277E-04, 4.63797E-03, 1.14277E-04,
 629, 1.05461E-03,-1.75762E-01,-5.68109E-03,-1.75849E-01, 0.00000E+00,-0.00000E+00, 4.64226E-03, 1.14333E-04, 4.64226E-03, 1.14333E-04,
 630, 1.24636E-03,-1.75762E-01,-5.55188E-03,-1.75847E-01, 0.00000E+00,-0.00000E+00, 4.64659E-03, 1.14388E-04, 4.64659E-03, 1.14388E-04,
 631, 1.34223E-03,-1.75762E-01,-5.42274E-03,-1.75844E-01, 0.00000E+00,-0.00000E+00, 4.65090E-03, 1.14440E-04, 4.65090E-03, 1.14440E-04,
 632, 1.43811E-03,-1.75762E-01,-5.29369E-03,-1.75841E-01, 0.00000E+00,-0.00000E+00, 4.65518E-03, 1.14491E-04, 4.65518E-03, 1.14491E-04,
 633, 1.53398E-03,-1.75762E-01,-5.16471E-03,-1.75838E-01, 0.00000E+00,-0.00000E+00, 4.65945E-03, 1.14541E-04, 4.65945E-03, 1.14541E-04,
 634, 1.62985E-03,-1.75762E-01,-5.03581E-03,-1.75836E-01, 0.00000E+00,-0.00000E+00, 4.66370E-03, 1.14589E-04, 4.66370E-03, 1.14589E-04,
 635, 1.72573E-03,-1.75762E-01,-4.90699E-03,-1.75833E-01, 0.00000E+00,-0.00000E+00, 4.66792E-03, 1.14635E-04, 4.66792E-03, 1.14635E-04,
 636, 1.91747E-03,-1.75762E-01,-4.77777E-03,-1.75830E-01, 0.00000E+00,-0.00000E+00, 4.67219E-03, 1.14679E-04, 4.67219E-03, 1.14679E-04,
 637, 1.91747E-03,-1.75762E-01,-4.64912E-03,-1.75828E-01, 0.00000E+00,-0.00000E+00, 4.67637E-03, 1.14722E-04, 4.67637E-03, 1.14722E-04,
 638, 2.01335E-03,-1.75762E-01,-4.52054E-03,-1.75825E-01, 0.00000E+00,-0.00000E+00, 4.68054E-03, 1.14763E-04, 4.68054E-03, 1.14763E-04,
 639, 2.01335E-03,-1.75762E-01,-4.39252E-03,-1.75823E-01, 0.00000E+00,-0.00000E+00, 4.68462E-03, 1.14802E-04, 4.68462E-03, 1.14802E-04,
 640, 2.20510E-03,-1.75762E-01,-4.26409E-03,-1.75820E-01, 0.00000E+00,-0.00000E+00, 4.68874E-03, 1.14840E-04, 4.68874E-03, 1.14840E-04,
 641, 2.30097E-03,-1.75762E-01,-4.13575E-03,-1.75817E-01, 0.00000E+00,-0.00000E+00, 4.69285E-03, 1.14876E-04, 4.69285E-03, 1.14876E-04,
 642, 2.39684E-03,-1.75762E-01,-4.00749E-03,-1.75815E-01, 0.00000E+00,-0.00000E+00, 4.69693E-03, 1.14911E-04, 4.69693E-03, 1.14911E-04,
 643, 2.58859E-03,-1.75762E-01,-3.87882E-03,-1.75812E-01, 0.00000E+00,-0.00000E+00, 4.70105E-03, 1.14944E-04, 4.70105E-03, 1.14944E-04,
 644, 2.68446E-03,-1.75762E-01,-3.75023E-03,-1.75810E-01, 0.00000E+00,-0.00000E+00, 4.70515E-03, 1.14975E-04, 4.70515E-03, 1.14975E-04,
 645, 2.68446E-03,-1.75762E-01,-3.62221E-03,-1.75807E-01, 0.00000E+00,-0.00000E+00, 4.70918E-03, 1.15005E-04, 4.70918E-03, 1.15005E-04,
 646, 2.68446E-03,-1.75762E-01,-3.49475E-03,-1.75805E-01, 0.00000E+00,-0.00000E+00, 4.71312E-03, 1.15033E-04, 4.71312E-03, 1.15033E-04,
 647, 2.87621E-03,-1.75858E-01,-3.36688E-03,-1.75803E-01, 0.00000E+00,-0.00000E+00, 4.71710E-03, 1.15000E-04, 4.71710E-03, 1.15000E-04,
 648, 2.97209E-03,-1.75858E-01,-3.23909E-03,-1.75801E-01, 0.00000E+00,-0.00000E+00, 4.72106E-03, 1.14965E-04, 4.72106E-03, 1.14965E-04,
 649, 3.06796E-03,-1.75858E-01,-3.11138E-03,-1.75798E-01, 0.00000E+00,-0.00000E+00, 4.72500E-03, 1.14929E-04, 4.72500E-03, 1.14929E-04,
 650, 3.25971E-03,-1.75858E-01,-2.98327E-03,-1.75796E-01, 0.00000E+00,-0.00000E+00, 4.72898E-03, 1.14892E-04, 4.72898E-03, 1.14892E-04,
 651, 3.25971E-03,-1.75858E-01,-2.85572E-03,-1.75794E-01, 0.00000E+00,-0.00000E+00, 4.73289E-03, 1.14854E-04, 4.73289E-03, 1.14854E-04,
 652, 3.35558E-03,-1.75858E-01,-2.72825E-03,-1.75793E-01, 0.00000E+00,-0.00000E+00, 4.73677E-03, 1.14814E-04, 4.73677E-03, 1.14814E-04,
 653, 3.54733E-03,-1.75858E-01,-2.60038E-03,-1.75791E-01, 0.00000E+00,-0.00000E+00, 4.74069E-03, 1.14773E-04, 4.74069E-03, 1.14773E-04,
 654, 3.64320E-03,-1.75858E-01,-2.47259E-03,-1.75789E-01, 0.00000E+00,-0.00000E+00, 4.74459E-03, 1.14731E-04, 4.74459E-03, 1.14731E-04,
 655, 3.64320E-03,-1.75858E-01,-2.34536E-03,-1.75787E-01, 0.00000E+00,-0.00000E+00, 4.74841E-03, 1.14688E-04, 4.74841E-03, 1.14688E-04,
 656, 3.83495E-03,-1.75858E-01,-2.21773E-03,-1.75785E-01, 0.00000E+00,-0.00000E+00, 4.75228E-03, 1.14643E-04, 4.75228E-03, 1.14643E-04,
 657, 3.93082E-03,-1.75858E-01,-2.09018E-03,-1.75783E-01, 0.00000E+00,-0.00000E+00, 4.75612E-03, 1.14597E-04, 4.75612E-03, 1.14597E-04,
 658, 3.93082E-03,-1.75858E-01,-1.96319E-03,-1.75781E-01, 0.00000E+00,-0.00000E+00, 4.75988E-03, 1.14550E-04, 4.75988E-03, 1.14550E-04,
 659, 4.12257E-03,-1.75858E-01,-1.83580E-03,-1.75779E-01, 0.00000E+00,-0.00000E+00, 4.76368E-03, 1.14502E-04, 4.76368E-03, 1.14502E-04,
 660, 4.21845E-03,-1.75858E-01,-1.70849E-03,-1.75777E-01, 0.00000E+00,-0.00000E+00, 4.76747E-03, 1.14453E-04, 4.76747E-03, 1.14453E-04,
 661, 4.31432E-03,-1.75858E-01,-1.58126E-03,-1.75775E-01, 0.00000E+00,-0.00000E+00, 4.77123E-03, 1.14402E-04, 4.77123E-03, 1.14402E-04,
 662, 4.50607E-03,-1.75858E-01,-1.45363E-03,-1.75773E-01, 0.00000E+00,-0.00000E+00, 4.77504E-03, 1.14350E-04, 4.77504E-03, 1.14350E-04,
 663, 4.50607E-03,-1.75858E-01,-1.32656E-03,-1.75771E-01, 0.00000E+00,-0.00000E+00, 4.77876E-03, 1.14297E-04, 4.77876E-03, 1.14297E-04,
 664, 4.50607E-03,-1.75858E-01,-1.20006E-03,-1.75769E-01, 0.00000E+00,-0.00000E+00, 4.78241E-03, 1.14243E-04, 4.78241E-03, 1.14243E-04,
 665, 4.60194E-03,-1.75858E-01,-1.07363E-03,-1.75768E-01, 0.00000E+00,-0.00000E+00, 4.78603E-03, 1.14188E-04, 4.78603E-03, 1.14188E-04,
 666, 4.79369E-03,-1.75858E-01,-9.46801E-04,-1.75766E-01, 0.00000E+00,-0.00000E+00, 4.78970E-03, 1.14131E-04, 4.78970E-03, 1.14131E-04,
 667, 4.88956E-03,-1.75858E-01,-8.20054E-04,-1.75764E-01, 0.00000E+00,-0.00000E+00, 4.79335E-03, 1.14074E-04, 4.79335E-03, 1.14074E-04,
 668, 4.98543E-03,-1.75858E-01,-6.93387E-04,-1.75762E-01, 0.00000E+00,-0.00000E+00, 4.79697E-03, 1.14015E-04, 4.79697E-03, 1.14015E-04,
 669, 5.08131E-03,-1.75954E-01,-5.66800E-04,-1.75761E-01, 0.00000E+00,-0.00000E+00, 4.80058E-03, 1.13895E-04, 4.80058E-03, 1.13895E-04,
 670, 5.17718E-03,-1.75954E-01,-4.40292E-04,-1.75760E-01, 0.00000E+00,-0.00000E+00, 4.80417E-03, 1.13775E-04, 4.80417E-03, 1.13775E-04,
 671, 5.27306E-03,-1.75954E-01,-3.13865E-04,-1.75758E-01, 0.00000E+00,-0.00000E+00, 4.80774E-03, 1.13653E-04, 4.80774E-03, 1.13653E-04,
 672, 5.46480E-03,-1.75954E-01,-1.87038E-04,-1.75757E-01, 0.00000E+00,-0.00000E+00, 4.81135E-03, 1.13531E-04, 4.81135E-03, 1.13531E-04,
 673, 5.56068E-03,-1.75954E-01,-6.02932E-05,-1.75756E-01, 0.00000E+00,-0.00000E+00, 4.81495E-03, 1.13408E-04, 4.81495E-03, 1.13408E-04,
 674, 5.56068E-03,-1.75954E-01, 6.58899E-05,-1.75754E-01, 0.00000E+00,-0.00000E+00, 4.81846E-03, 1.13284E-04, 4.81846E-03, 1.13284E-04,
 675, 5.65655E-03,-1.75954E-01, 1.91993E-04,-1.75753E-01, 0.00000E+00,-0.00000E+00, 4.82195E-03, 1.13160E-04, 4.82195E-03, 1.13160E-04,
 676, 5.75242E-03,-1.75954E-01, 3.18015E-04,-1.75752E-01, 0.00000E+00,-0.00000E+00, 4.82543E-03, 1.13034E-04, 4.82543E-03, 1.13034E-04,
 677, 5.84830E-03,-1.75954E-01, 4.43957E-04,-1.75751E-01, 0.00000E+00,-0.00000E+00, 4.82889E-03, 1.12908E-04, 4.82889E-03, 1.12908E-04,
 678, 5.94417E-03,-1.75954E-01, 5.69818E-04,-1.75749E-01, 0.00000E+00,-0.00000E+00, 4.83232E-03, 1.12781E-04, 4.83232E-03, 1.12781E-04,
 679, 6.13592E-03,-1.75954E-01, 6.96080E-04,-1.75748E-01, 0.00000E+00,-0.00000E+00, 4.83580E-03, 1.12653E-04, 4.83580E-03, 1.12653E-04,
 680, 6.23179E-03,-1.75954E-01, 8.22260E-04,-1.75747E-01, 0.00000E+00,-0.00000E+00, 4.83926E-03, 1.12524E-04, 4.83926E-03, 1.12524E-04,
 681, 6.32767E-03,-1.75954E-01, 9.48358E-04,-1.75746E-01, 0.00000E+00,-0.00000E+00, 4.84270E-03, 1.12395E-04, 4.84270E-03, 1.12395E-04,
 682, 6.42354E-03,-1.75954E-01, 1.07438E-03,-1.75744E-01, 0.00000E+00,-0.00000E+00, 4.84612E-03, 1.12265E-04, 4.84612E-03, 1.12265E-04,
 683, 6.51941E-03,-1.75954E-01, 1.20031E-03,-1.75743E-01, 0.00000E+00,-0.00000E+00, 4.84953E-03, 1.12134E-04, 4.84953E-03, 1.12134E-04,
 684, 6.51941E-03,-1.75954E-01, 1.32568E-03,-1.75742E-01, 0.00000E+00,-0.00000E+00, 4.85285E-03, 1.12002E-04, 4.85285E-03, 1.12002E-04,
 685, 6.71116E-03,-1.75954E-01, 1.45146E-03,-1.75741E-01, 0.00000E+00,-0.00000E+00, 4.85622E-03, 1.11870E-04, 4.85622E-03, 1.11870E-04,
 686, 6.80704E-03,-1.75954E-01, 1.57715E-03,-1.75740E-01, 0.00000E+00,-0.00000E+00, 4.85956E-03, 1.11737E-04, 4.85956E-03, 1.11737E-04,
 687, 6.90291E-03,-1.75954E-01, 1.70276E-03,-1.75738E-01, 0.00000E+00,-0.00000E+00, 4.86289E-03, 1.11603E-04, 4.86289E-03, 1.11603E-04,
 688, 6.99878E-03,-1.75954E-01, 1.82829E-03,-1.75737E-01, 0.00000E+00,-0.00000E+00, 4.86620E-03, 1.11468E-04, 4.86620E-03, 1.11468E-04,
 689, 7.09466E-03,-1.76050E-01, 1.95374E-03,-1.75737E-01, 0.00000E+00,-0.00000E+00, 4.86949E-03, 1.11273E-04, 4.86949E-03, 1.11273E-04,
 690, 7.19053E-03,-1.76050E-01, 2.07911E-03,-1.75736E-01, 0.00000E+00,-0.00000E+00, 4.87277E-03, 1.11078E-04, 4.87277E-03, 1.11078E-04,
 691, 7.19053E-03,-1.76050E-01, 2.20392E-03,-1.75735E-01, 0.00000E+00,-0.00000E+00, 4.87596E-03, 1.10882E-04, 4.87596E-03, 1.10882E-04,
 692, 7.38228E-03,-1.76050E-01, 2.32913E-03,-1.75735E-01, 0.00000E+00,-0.00000E+00, 4.87920E-03, 1.10685E-04, 4.87920E-03, 1.10685E-04,
 693, 7.47815E-03,-1.76050E-01, 2.45425E-03,-1.75734E-01, 0.00000E+00,-0.00000E+00, 4.88241E-03, 1.10488E-04, 4.88241E-03, 1.10488E-04,
 694, 7.57403E-03,-1.76050E-01, 2.57930E-03,-1.75733E-01, 0.00000E+00,-0.00000E+00, 4.88561E-03, 1.10291E-04, 4.88561E-03, 1.10291E-04,
 695, 7.66990E-03,-1.76050E-01, 2.70427E-03,-1.75733E-01, 0.00000E+00,-0.00000E+00, 4.88880E-03, 1.10093E-04, 4.88880E-03, 1.10093E-04,
 696, 7.76577E-03,-1.76050E-01, 2.82915E-03,-1.75732E-01, 0.00000E+00,-0.00000E+00, 4.89196E-03, 1.09895E-04, 4.89196E-03, 1.09895E-04,
 697, 7.86165E-03,-1.76050E-01, 2.95395E-03,-1.75732E-01, 0.00000E+00,-0.00000E+00, 4.89510E-03, 1.09697E-04, 4.89510E-03, 1.09697E-04,
 698, 8.05339E-03,-1.76050E-01, 3.07915E-03,-1.75731E-01, 0.00000E+00,-0.00000E+00, 4.89829E-03, 1.09498E-04, 4.89829E-03, 1.09498E-04,
 699, 8.14927E-03,-1.76050E-01, 3.20427E-03,-1.75730E-01, 0.00000E+00,-0.00000E+00, 4.90146E-03, 1.09299E-04, 4.90146E-03, 1.09299E-04,
 700, 8.24514E-03,-1.76050E-01, 3.32931E-03,-1.75730E-01, 0.00000E+00,-0.00000E+00, 4.90461E-03, 1.09099E-04, 4.90461E-03, 1.09099E-04,
 701, 8.24514E-03,-1.76050E-01, 3.45379E-03,-1.75729E-01, 0.00000E+00,-0.00000E+00, 4.90768E-03, 1.08899E-04, 4.90768E-03, 1.08899E-04,
 702, 8.34102E-03,-1.76050E-01, 3.57818E-03,-1.75729E-01, 0.00000E+00,-0.00000E+00, 4.91074E-03, 1.08699E-04, 4.91074E-03, 1.08699E-04,
 703, 8.43689E-03,-1.76050E-01, 3.70249E-03,-1.75728E-01, 0.00000E+00,-0.00000E+00, 4.91377E-03, 1.08498E-04, 4.91377E-03, 1.08498E-04,
 704, 8.53276E-03,-1.76050E-01, 3.82673E-03,-1.75727E-01, 0.00000E+00,-0.00000E+00, 4.91679E-03, 1.08297E-04, 4.91679E-03, 1.08297E-04,
 705, 8.72451E-03,-1.76050E-01, 3.95136E-03,-1.75727E-01, 0.00000E+00,-0.00000E+00, 4.91985E-03, 1.08095E-04, 4.91985E-03, 1.08095E-04,
 706, 8.82038E-03,-1.76050E-01, 4.07591E-03,-1.75726E-01, 0.00000E+00,-0.00000E+00, 4.92289E-03, 1.07894E-04, 4.92289E-03, 1.07894E-04,
 707, 8.91626E-03,-1.76050E-01, 4.20038E-03,-1.75726E-01, 0.00000E+00,-0.00000E+00, 4.92592E-03, 1.07692E-04, 4.92592E-03, 1.07692E-04,
 708, 9.01213E-03,-1.76050E-01, 4.32477E-03,-1.75725E-01, 0.00000E+00,-0.00000E+00, 4.92893E-03, 1.07489E-04, 4.92893E-03, 1.07489E-04,
 709, 9.10800E-03,-1.76050E-01, 4.44907E-03,-1.75725E-01, 0.00000E+00,-0.00000E+00, 4.93192E-03, 1.07286E-04, 4.93192E-03, 1.07286E-04,
 710, 9.20388E-03,-1.76050E-01, 4.57329E-03,-1.75724E-01, 0.00000E+00,-0.00000E+00, 4.93489E-03, 1.07083E-04, 4.93489E-03, 1.07083E-04,
 711, 9.20388E-03,-1.76050E-01, 4.69696E-03,-1.75724E-01, 0.00000E+00,-0.00000E+00, 4.93778E-03, 1.06880E-04, 4.93778E-03, 1.06880E-04,
 712, 9.39563E-03,-1.76146E-01, 4.82102E-03,-1.75724E-01, 0.00000E+00,-0.00000E+00, 4.94072E-03, 1.06616E-04, 4.94072E-03, 1.06616E-04,
 713, 9.39563E-03,-1.76146E-01, 4.94452E-03,-1.75724E-01, 0.00000E+00,-0.00000E+00, 4.94358E-03, 1.06352E-04, 4.94358E-03, 1.06352E-04,
 714, 9.58737E-03,-1.76146E-01, 5.06842E-03,-1.75724E-01, 0.00000E+00,-0.00000E+00, 4.94648E-03, 1.06089E-04, 4.94648E-03, 1.06089E-04,
 715, 9.68325E-03,-1.76146E-01, 5.19224E-03,-1.75724E-01, 0.00000E+00,-0.00000E+00, 4.94936E-03, 1.05825E-04, 4.94936E-03, 1.05825E-04,
 716, 9.77912E-03,-1.76146E-01, 5.31598E-03,-1.75724E-01, 0.00000E+00,-0.00000E+00, 4.95223E-03, 1.05561E-04, 4.95223E-03, 1.05561E-04,
 717, 9.87499E-03,-1.76146E-01, 5.43964E-03,-1.75724E-01, 0.00000E+00,-0.00000E+00, 4.95508E-03, 1.05297E-04, 4.95508E-03, 1.05297E-04,
 718, 1.00667E-02,-1.76146E-01, 5.56370E-03,-1.75724E-01, 0.00000E+00,-0.00000E+00, 4.95797E-03, 1.05034E-04, 4.95797E-03, 1.05034E-04,
 719, 1.00667E-02,-1.76146E-01, 5.68719E-03,-1.75724E-01, 0.00000E+00,-0.00000E+00, 4.96078E-03, 1.04770E-04, 4.96078E-03, 1.04770E-04,
 720, 1.01626E-02,-1.76146E-01, 5.81060E-03,-1.75724E-01, 0.00000E+00,-0.00000E+00, 4.96358E-03, 1.04506E-04, 4.96358E-03, 1.04506E-04,
 721, 1.03544E-02,-1.76146E-01, 5.93441E-03,-1.75724E-01, 0.00000E+00,-0.00000E+00, 4.96642E-03, 1.04242E-04, 4.96642E-03, 1.04242E-04,
 722, 1.03544E-02,-1.76146E-01, 6.05766E-03,-1.75724E-01, 0.00000E+00,-0.00000E+00, 4.96918E-03, 1.03979E-04, 4.96918E-03, 1.03979E-04,
 723, 1.04502E-02,-1.76146E-01, 6.18083E-03,-1.75724E-01, 0.00000E+00,-0.00000E+00, 4.97193E-03, 1.03715E-04, 4.97193E-03, 1.03715E-04,
 724, 1.05461E-02,-1.76146E-01, 6.30392E-03,-1.75724E-01, 0.00000E+00,-0.00000E+00, 4.97466E-03, 1.03451E-04, 4.97466E-03, 1.03451E-04,
 725, 1.06420E-02,-1.76146E-01, 6.42693E-03,-1.75724E-01, 0.00000E+00,-0.00000E+00, 4.97737E-03, 1.03188E-04, 4.97737E-03, 1.03188E-04,
 726, 1.07379E-02,-1.76146E-01, 6.54985E-03,-1.75724E-01, 0.00000E+00,-0.00000E+00, 4.98006E-03, 1.02924E-04, 4.98006E-03, 1.02924E-04,
 727, 1.09296E-02,-1.76146E-01, 6.67318E-03,-1.75724E-01, 0.00000E+00,-0.00000E+00, 4.98280E-03, 1.02660E-04, 4.98280E-03, 1.02660E-04,
 728, 1.10255E-02,-1.76146E-01, 6.79642E-03,-1.75724E-01, 0.00000E+00,-0.00000E+00, 4.98552E-03, 1.02397E-04, 4.98552E-03, 1.02397E-04,
 729, 1.11214E-02,-1.76146E-01, 6.91958E-03,-1.75724E-01, 0.00000E+00,-0.00000E+00, 4.98822E-03, 1.02133E-04, 4.98822E-03, 1.02133E-04,
 730, 1.12172E-02,-1.76146E-01, 7.04266E-03,-1.75724E-01, 0.00000E+00,-0.00000E+00, 4.99091E-03, 1.01870E-04, 4.99091E-03, 1.01870E-04,
 731, 1.12172E-02,-1.76146E-01, 7.16518E-03,-1.75724E-01, 0.00000E+00,-0.00000E+00, 4.99352E-03, 1.01606E-04, 4.99352E-03, 1.01606E-04,
 732, 1.13131E-02,-1.76146E-01, 7.28762E-03,-1.75724E-01, 0.00000E+00,-0.00000E+00, 4.99611E-03, 1.01343E-04, 4.99611E-03, 1.01343E-04,
 733, 1.14090E-02,-1.76241E-01, 7.40998E-03,-1.75725E-01, 0.00000E+00,-0.00000E+00, 4.99868E-03, 1.01019E-04, 4.99868E-03, 1.01019E-04,
 734, 1.16007E-02,-1.76241E-01, 7.53273E-03,-1.75725E-01, 0.00000E+00,-0.00000E+00, 5.00130E-03, 1.00696E-04, 5.00130E-03, 1.00696E-04,
 735, 1.16966E-02,-1.76241E-01, 7.65541E-03,-1.75726E-01, 0.00000E+00,-0.00000E+00, 5.00390E-03, 1.00374E-04, 5.00390E-03, 1.00374E-04,
 736, 1.17925E-02,-1.76241E-01, 7.77801E-03,-1.75726E-01, 0.00000E+00,-0.00000E+00, 5.00649E-03, 1.00052E-04, 5.00649E-03, 1.00052E-04,
 737, 1.18883E-02,-1.76241E-01, 7.90052E-03,-1.75727E-01, 0.00000E+00,-0.00000E+00, 5.00906E-03, 9.97297E-05, 5.00906E-03, 9.97297E-05,
 738, 1.18883E-02,-1.76241E-01, 8.02248E-03,-1.75728E-01, 0.00000E+00,-0.00000E+00, 5.01155E-03, 9.94082E-05, 5.01155E-03, 9.94082E-05,
 739, 1.19842E-02,-1.76241E-01, 8.14435E-03,-1.75728E-01, 0.00000E+00,-0.00000E+00, 5.01403E-03, 9.90870E-05, 5.01403E-03, 9.90870E-05,
 740, 1.21760E-02,-1.76241E-01, 8.26662E-03,-1.75729E-01, 0.00000E+00,-0.00000E+00, 5.01655E-03, 9.87661E-05, 5.01655E-03, 9.87661E-05,
 741, 1.22718E-02,-1.76241E-01, 8.38881E-03,-1.75729E-01, 0.00000E+00,-0.00000E+00, 5.01905E-03, 9.84457E-05, 5.01905E-03, 9.84457E-05,
 742, 1.23677E-02,-1.76241E-01, 8.51093E-03,-1.75730E-01, 0.00000E+00,-0.00000E+00, 5.02154E-03, 9.81256E-05, 5.02154E-03, 9.81256E-05,
 743, 1.24636E-02,-1.76241E-01, 8.63296E-03,-1.75730E-01, 0.00000E+00,-0.00000E+00, 5.02401E-03, 9.78059E-05, 5.02401E-03, 9.78059E-05,
 744, 1.25595E-02,-1.76241E-01, 8.75491E-03,-1.75731E-01, 0.00000E+00,-0.00000E+00, 5.02646E-03, 9.74865E-05, 5.02646E-03, 9.74865E-05,
 745, 1.26553E-02,-1.76241E-01, 8.87677E-03,-1.75732E-01, 0.00000E+00,-0.00000E+00, 5.02890E-03, 9.71675E-05, 5.02890E-03, 9.71675E-05,
 746, 1.27512E-02,-1.76241E-01, 8.99856E-03,-1.75732E-01, 0.00000E+00,-0.00000E+00, 5.03132E-03, 9.68489E-05, 5.03132E-03, 9.68489E-05,
 747, 1.29430E-02,-1.76241E-01, 9.12075E-03,-1.75733E-01, 0.00000E+00,-0.00000E+00, 5.03378E-03, 9.65307E-05, 5.03378E-03, 9.65307E-05,
 748, 1.30388E-02,-1.76241E-01, 9.24286E-03,-1.75733E-01, 0.00000E+00,-0.00000E+00, 5.03623E-03, 9.62128E-05, 5.03623E-03, 9.62128E-05,
 749, 1.30388E-02,-1.76241E-01, 9.36440E-03,-1.75734E-01, 0.00000E+00,-0.00000E+00, 5.03861E-03, 9.58954E-05, 5.03861E-03, 9.58954E-05,
 750, 1.31347E-02,-1.76241E-01, 9.48587E-03,-1.75735E-01, 0.00000E+00,-0.00000E+00, 5.04096E-03, 9.55783E-05, 5.04096E-03, 9.55783E-05,
 751, 1.32306E-02,-1.76241E-01, 9.60725E-03,-1.75735E-01, 0.00000E+00,-0.00000E+00, 5.04330E-03, 9.52616E-05, 5.04330E-03, 9.52616E-05,
 752, 1.33264E-02,-1.76241E-01, 9.72855E-03,-1.75736E-01, 0.00000E+00,-0.00000E+00, 5.04563E-03, 9.49453E-05, 5.04563E-03, 9.49453E-05,
 753, 1.34223E-02,-1.76241E-01, 9.84978E-03,-1.75737E-01, 0.00000E+00,-0.00000E+00, 5.04793E-03, 9.46294E-05, 5.04793E-03, 9.46294E-05,
 754, 1.36141E-02,-1.76337E-01, 9.97140E-03,-1.75738E-01, 0.00000E+00,-0.00000E+00, 5.05029E-03, 9.42539E-05, 5.05029E-03, 9.42539E-05,
 755, 1.37099E-02,-1.76337E-01, 1.00929E-02,-1.75739E-01, 0.00000E+00,-0.00000E+00, 5.05262E-03, 9.38792E-05, 5.05262E-03, 9.38792E-05,
 756, 1.37099E-02,-1.76337E-01, 1.02139E-02,-1.75740E-01, 0.00000E+00,-0.00000E+00, 5.05488E-03, 9.35052E-05, 5.05488E-03, 9.35052E-05,
 757, 1.39017E-02,-1.76337E-01, 1.03353E-02,-1.75741E-01, 0.00000E+00,-0.00000E+00, 5.05719E-03, 9.31318E-05, 5.05719E-03, 9.31318E-05,
 758, 1.39976E-02,-1.76337E-01, 1.04566E-02,-1.75742E-01, 0.00000E+00,-0.00000E+00, 5.05948E-03, 9.27592E-05, 5.05948E-03, 9.27592E-05,
 759, 1.39976E-02,-1.76337E-01, 1.05774E-02,-1.75743E-01, 0.00000E+00,-0.00000E+00, 5.06169E-03, 9.23872E-05, 5.06169E-03, 9.23872E-05,
 760, 1.40934E-02,-1.76337E-01, 1.06980E-02,-1.75744E-01, 0.00000E+00,-0.00000E+00, 5.06389E-03, 9.20160E-05, 5.06389E-03, 9.20160E-05,
 761, 1.42852E-02,-1.76337E-01, 1.08191E-02,-1.75746E-01, 0.00000E+00,-0.00000E+00, 5.06613E-03, 9.16454E-05, 5.06613E-03, 9.16454E-05,
 762, 1.43811E-02,-1.76337E-01, 1.09401E-02,-1.75747E-01, 0.00000E+00,-0.00000E+00, 5.06835E-03, 9.12756E-05, 5.06835E-03, 9.12756E-05,
 763, 1.43811E-02,-1.76337E-01, 1.10605E-02,-1.75748E-01, 0.00000E+00,-0.00000E+00, 5.07050E-03, 9.09064E-05, 5.07050E-03, 9.09064E-05,
 764, 1.45728E-02,-1.76337E-01, 1.11813E-02,-1.75749E-01, 0.00000E+00,-0.00000E+00, 5.07270E-03, 9.05380E-05, 5.07270E-03, 9.05380E-05,
 765, 1.46687E-02,-1.76337E-01, 1.13020E-02,-1.75750E-01, 0.00000E+00,-0.00000E+00, 5.07488E-03, 9.01703E-05, 5.07488E-03, 9.01703E-05,
 766, 1.47646E-02,-1.76337E-01, 1.14227E-02,-1.75751E-01, 0.00000E+00,-0.00000E+00, 5.07704E-03, 8.98032E-05, 5.07704E-03, 8.98032E-05,
 767, 1.49563E-02,-1.76337E-01, 1.15438E-02,-1.75752E-01, 0.00000E+00,-0.00000E+00, 5.07925E-03, 8.94369E-05, 5.07925E-03, 8.94369E-05,
 768, 1.49563E-02,-1.76337E-01, 1.16643E-02,-1.75753E-01, 0.00000E+00,-0.00000E+00, 5.08138E-03, 8.90713E-05, 5.08138E-03, 8.90713E-05,
 769, 1.49563E-02,-1.76337E-01, 1.17842E-02,-1.75755E-01, 0.00000E+00,-0.00000E+00, 5.08344E-03, 8.87064E-05, 5.08344E-03, 8.87064E-05,
 770, 1.50522E-02,-1.76337E-01, 1.19041E-02,-1.75756E-01, 0.00000E+00,-0.00000E+00, 5.08548E-03, 8.83422E-05, 5.08548E-03, 8.83422E-05,
 771, 1.52439E-02,-1.76337E-01, 1.20243E-02,-1.75757E-01, 0.00000E+00,-0.00000E+00, 5.08757E-03, 8.79788E-05, 5.08757E-03, 8.79788E-05,
 772, 1.53398E-02,-1.76337E-01, 1.21445E-02,-1.75758E-01, 0.00000E+00,-0.00000E+00, 5.08964E-03, 8.76160E-05, 5.08964E-03, 8.76160E-05,
 773, 1.54357E-02,-1.76337E-01, 1.22646E-02,-1.75759E-01, 0.00000E+00,-0.00000E+00, 5.09170E-03, 8.72540E-05, 5.09170E-03, 8.72540E-05,
 774, 1.55315E-02,-1.76337E-01, 1.23846E-02,-1.75760E-01, 0.00000E+00,-0.00000E+00, 5.09374E-03, 8.68926E-05, 5.09374E-03, 8.68926E-05,
 775, 1.56274E-02,-1.76433E-01, 1.25046E-02,-1.75762E-01, 0.00000E+00,-0.00000E+00, 5.09577E-03, 8.64721E-05, 5.09577E-03, 8.64721E-05,
 776, 1.57233E-02,-1.76433E-01, 1.26244E-02,-1.75764E-01, 0.00000E+00,-0.00000E+00, 5.09778E-03, 8.60526E-05, 5.09778E-03, 8.60526E-05,
 777, 1.59150E-02,-1.76433E-01, 1.27447E-02,-1.75765E-01, 0.00000E+00,-0.00000E+00, 5.09984E-03, 8.56340E-05, 5.09984E-03, 8.56340E-05,
 778, 1.60109E-02,-1.76433E-01, 1.28649E-02,-1.75767E-01, 0.00000E+00,-0.00000E+00, 5.10188E-03, 8.52165E-05, 5.10188E-03, 8.52165E-05,
 779, 1.60109E-02,-1.76433E-01, 1.29845E-02,-1.75768E-01, 0.00000E+00,-0.00000E+00, 5.10384E-03, 8.48001E-05, 5.10384E-03, 8.48001E-05,
 780, 1.61068E-02,-1.76433E-01, 1.31041E-02,-1.75770E-01, 0.00000E+00,-0.00000E+00, 5.10579E-03, 8.43846E-05, 5.10579E-03, 8.43846E-05,
 781, 1.62027E-02,-1.76433E-01, 1.32235E-02,-1.75772E-01, 0.00000E+00,-0.00000E+00, 5.10773E-03, 8.39701E-05, 5.10773E-03, 8.39701E-05,
 782, 1.62985E-02,-1.76433E-01, 1.33429E-02,-1.75773E-01, 0.00000E+00,-0.00000E+00, 5.10965E-03, 8.35567E-05, 5.10965E-03, 8.35567E-05,
 783, 1.63944E-02,-1.76433E-01, 1.34622E-02,-1.75775E-01, 0.00000E+00,-0.00000E+00, 5.11156E-03, 8.31443E-05, 5.11156E-03, 8.31443E-05,
 784, 1.65862E-02,-1.76433E-01, 1.35820E-02,-1.75777E-01, 0.00000E+00,-0.00000E+00, 5.11351E-03, 8.27329E-05, 5.11351E-03, 8.27329E-05,
 785, 1.66820E-02,-1.76433E-01, 1.37016E-02,-1.75778E-01, 0.00000E+00,-0.00000E+00, 5.11545E-03, 8.23225E-05, 5.11545E-03, 8.23225E-05,
 786, 1.67779E-02,-1.76433E-01, 1.38211E-02,-1.75780E-01, 0.00000E+00,-0.00000E+00, 5.11737E-03, 8.19131E-05, 5.11737E-03, 8.19131E-05,
 787, 1.68738E-02,-1.76433E-01, 1.39406E-02,-1.75781E-01, 0.00000E+00,-0.00000E+00, 5.11928E-03, 8.15048E-05, 5.11928E-03, 8.15048E-05,
 788, 1.69697E-02,-1.76433E-01, 1.40600E-02,-1.75783E-01, 0.00000E+00,-0.00000E+00, 5.12117E-03, 8.10974E-05, 5.12117E-03, 8.10974E-05,
 789, 1.69697E-02,-1.76433E-01, 1.41788E-02,-1.75785E-01, 0.00000E+00,-0.00000E+00, 5.12299E-03, 8.06911E-05, 5.12299E-03, 8.06911E-05,
 790, 1.72573E-02,-1.76433E-01, 1.42986E-02,-1.75786E-01, 0.00000E+00,-0.00000E+00, 5.12491E-03, 8.02858E-05, 5.12491E-03, 8.02858E-05,
 791, 1.72573E-02,-1.76433E-01, 1.44177E-02,-1.75788E-01, 0.00000E+00,-0.00000E+00, 5.12676E-03, 7.98815E-05, 5.12676E-03, 7.98815E-05,
 792, 1.73531E-02,-1.76433E-01, 1.45368E-02,-1.75790E-01, 0.00000E+00,-0.00000E+00, 5.12860E-03, 7.94782E-05, 5.12860E-03, 7.94782E-05,
 793, 1.74490E-02,-1.76433E-01, 1.46558E-02,-1.75791E-01, 0.00000E+00,-0.00000E+00, 5.13042E-03, 7.90759E-05, 5.13042E-03, 7.90759E-05,
 794, 1.75449E-02,-1.76433E-01, 1.47747E-02,-1.75793E-01, 0.00000E+00,-0.00000E+00, 5.13222E-03, 7.86746E-05, 5.13222E-03, 7.86746E-05,
 795, 1.76408E-02,-1.76433E-01, 1.48936E-02,-1.75794E-01, 0.00000E+00,-0.00000E+00, 5.13401E-03, 7.82744E-05, 5.13401E-03, 7.82744E-05,
 796, 1.77366E-02,-1.76433E-01, 1.50123E-02,-1.75796E-01, 0.00000E+00,-0.00000E+00, 5.13579E-03, 7.78752E-05, 5.13579E-03, 7.78752E-05,
 797, 1.79284E-02,-1.76529E-01, 1.51315E-02,-1.75798E-01, 0.00000E+00,-0.00000E+00, 5.13761E-03, 7.74171E-05, 5.13761E-03, 7.74171E-05,
 798, 1.80243E-02,-1.76529E-01, 1.52506E-02,-1.75800E-01, 0.00000E+00,-0.00000E+00, 5.13942E-03, 7.69602E-05, 5.13942E-03, 7.69602E-05,
 799, 1.80243E-02,-1.76529E-01, 1.53691E-02,-1.75802E-01, 0.00000E+00,-0.00000E+00, 5.14115E-03, 7.65048E-05, 5.14115E-03, 7.65048E-05,
 800, 1.80243E-02,-1.76529E-01, 1.54871E-02,-1.75804E-01, 0.00000E+00,-0.00000E+00, 5.14281E-03, 7.60506E-05, 5.14281E-03, 7.60506E-05,
 801, 1.82160E-02,-1.76529E-01, 1.56054E-02,-1.75807E-01, 0.00000E+00,-0.00000E+00, 5.14452E-03, 7.55977E-05, 5.14452E-03, 7.55977E-05,
 802, 1.83119E-02,-1.76529E-01, 1.57237E-02,-1.75809E-01, 0.00000E+00,-0.00000E+00, 5.14621E-03, 7.51461E-05, 5.14621E-03, 7.51461E-05,
 803, 1.84078E-02,-1.76529E-01, 1.58419E-02,-1.75811E-01, 0.00000E+00,-0.00000E+00, 5.14788E-03, 7.46959E-05, 5.14788E-03, 7.46959E-05,
 804, 1.85995E-02,-1.76529E-01, 1.59606E-02,-1.75813E-01, 0.00000E+00,-0.00000E+00, 5.14961E-03, 7.42470E-05, 5.14961E-03, 7.42470E-05,
 805, 1.86954E-02,-1.76529E-01, 1.60791E-02,-1.75815E-01, 0.00000E+00,-0.00000E+00, 5.15132E-03, 7.37994E-05, 5.15132E-03, 7.37994E-05,
 806, 1.86954E-02,-1.76529E-01, 1.61971E-02,-1.75817E-01, 0.00000E+00,-0.00000E+00, 5.15295E-03, 7.33531E-05, 5.15295E-03, 7.33531E-05,
 807, 1.88871E-02,-1.76529E-01, 1.63155E-02,-1.75819E-01, 0.00000E+00,-0.00000E+00, 5.15463E-03, 7.29081E-05, 5.15463E-03, 7.29081E-05,
 808, 1.89830E-02,-1.76529E-01, 1.64338E-02,-1.75821E-01, 0.00000E+00,-0.00000E+00, 5.15630E-03, 7.24644E-05, 5.15630E-03, 7.24644E-05,
 809, 1.89830E-02,-1.76529E-01, 1.65515E-02,-1.75823E-01, 0.00000E+00,-0.00000E+00, 5.15789E-03, 7.20220E-05, 5.15789E-03, 7.20220E-05,
 810, 1.91747E-02,-1.76529E-01, 1.66696E-02,-1.75825E-01, 0.00000E+00,-0.00000E+00, 5.15953E-03, 7.15810E-05, 5.15953E-03, 7.15810E-05,
 811, 1.92706E-02,-1.76529E-01, 1.67877E-02,-1.75828E-01, 0.00000E+00,-0.00000E+00, 5.16116E-03, 7.11412E-05, 5.16116E-03, 7.11412E-05,
 812, 1.92706E-02,-1.76529E-01, 1.69052E-02,-1.75830E-01, 0.00000E+00,-0.00000E+00, 5.16271E-03, 7.07027E-05, 5.16271E-03, 7.07027E-05,
 813, 1.94624E-02,-1.76529E-01, 1.70231E-02,-1.75832E-01, 0.00000E+00,-0.00000E+00, 5.16431E-03, 7.02656E-05, 5.16431E-03, 7.02656E-05,
 814, 1.95582E-02,-1.76529E-01, 1.71410E-02,-1.75834E-01, 0.00000E+00,-0.00000E+00, 5.16589E-03, 6.98297E-05, 5.16589E-03, 6.98297E-05,
 815, 1.96541E-02,-1.76529E-01, 1.72587E-02,-1.75836E-01, 0.00000E+00,-0.00000E+00, 5.16746E-03, 6.93952E-05, 5.16746E-03, 6.93952E-05,
 816, 1.96541E-02,-1.76529E-01, 1.73759E-02,-1.75838E-01, 0.00000E+00,-0.00000E+00, 5.16896E-03, 6.89619E-05, 5.16896E-03, 6.89619E-05,
 817, 1.98459E-02,-1.76529E-01, 1.74935E-02,-1.75840E-01, 0.00000E+00,-0.00000E+00, 5.17050E-03, 6.85300E-05, 5.17050E-03, 6.85300E-05,
 818, 1.98459E-02,-1.76625E-01, 1.76106E-02,-1.75843E-01, 0.00000E+00,-0.00000E+00, 5.17197E-03, 6.80394E-05, 5.17197E-03, 6.80394E-05,
 819, 1.99417E-02,-1.76625E-01, 1.77276E-02,-1.75845E-01, 0.00000E+00,-0.00000E+00, 5.17343E-03, 6.75504E-05, 5.17343E-03, 6.75504E-05,
 820, 2.01335E-02,-1.76625E-01, 1.78449E-02,-1.75848E-01, 0.00000E+00,-0.00000E+00, 5.17493E-03, 6.70631E-05, 5.17493E-03, 6.70631E-05,
 821, 2.02294E-02,-1.76625E-01, 1.79622E-02,-1.75850E-01, 0.00000E+00,-0.00000E+00, 5.17642E-03, 6.65773E-05, 5.17642E-03, 6.65773E-05,
 822, 2.03252E-02,-1.76625E-01, 1.80795E-02,-1.75853E-01, 0.00000E+00,-0.00000E+00, 5.17790E-03, 6.60931E-05, 5.17790E-03, 6.60931E-05,
 823, 2.05170E-02,-1.76625E-01, 1.81971E-02,-1.75855E-01, 0.00000E+00,-0.00000E+00, 5.17942E-03, 6.56105E-05, 5.17942E-03, 6.56105E-05,
 824, 2.05170E-02,-1.76625E-01, 1.83141E-02,-1.75858E-01, 0.00000E+00,-0.00000E+00, 5.18087E-03, 6.51295E-05, 5.18087E-03, 6.51295E-05,
 825, 2.06129E-02,-1.76625E-01, 1.84311E-02,-1.75860E-01, 0.00000E+00,-0.00000E+00, 5.18231E-03, 6.46501E-05, 5.18231E-03, 6.46501E-05,
 826, 2.06129E-02,-1.76625E-01, 1.85476E-02,-1.75863E-01, 0.00000E+00,-0.00000E+00, 5.18367E-03, 6.41723E-05, 5.18367E-03, 6.41723E-05,
 827, 2.08046E-02,-1.76625E-01, 1.86644E-02,-1.75865E-01, 0.00000E+00,-0.00000E+00, 5.18508E-03, 6.36960E-05, 5.18508E-03, 6.36960E-05,
 828, 2.09005E-02,-1.76625E-01, 1.87812E-02,-1.75868E-01, 0.00000E+00,-0.00000E+00, 5.18648E-03, 6.32213E-05, 5.18648E-03, 6.32213E-05,
 829, 2.09964E-02,-1.76625E-01, 1.88979E-02,-1.75870E-01, 0.00000E+00,-0.00000E+00, 5.18786E-03, 6.27482E-05, 5.18786E-03, 6.27482E-05,
 830, 2.10922E-02,-1.76625E-01, 1.90145E-02,-1.75873E-01, 0.00000E+00,-0.00000E+00, 5.18924E-03, 6.22767E-05, 5.18924E-03, 6.22767E-05,
 831, 2.11881E-02,-1.76625E-01, 1.91310E-02,-1.75876E-01, 0.00000E+00,-0.00000E+00, 5.19059E-03, 6.18068E-05, 5.19059E-03, 6.18068E-05,
 832, 2.12840E-02,-1.76625E-01, 1.92475E-02,-1.75878E-01, 0.00000E+00,-0.00000E+00, 5.19194E-03, 6.13384E-05, 5.19194E-03, 6.13384E-05,
 833, 2.14757E-02,-1.76625E-01, 1.93643E-02,-1.75881E-01, 0.00000E+00,-0.00000E+00, 5.19333E-03, 6.08716E-05, 5.19333E-03, 6.08716E-05,
 834, 2.15716E-02,-1.76625E-01, 1.94811E-02,-1.75883E-01, 0.00000E+00,-0.00000E+00, 5.19471E-03, 6.04063E-05, 5.19471E-03, 6.04063E-05,
 835, 2.16675E-02,-1.76625E-01, 1.95978E-02,-1.75886E-01, 0.00000E+00,-0.00000E+00, 5.19608E-03, 5.99427E-05, 5.19608E-03, 5.99427E-05,
 836, 2.16675E-02,-1.76625E-01, 1.97140E-02,-1.75888E-01, 0.00000E+00,-0.00000E+00, 5.19737E-03, 5.94806E-05, 5.19737E-03, 5.94806E-05,
 837, 2.17633E-02,-1.76625E-01, 1.98300E-02,-1.75891E-01, 0.00000E+00,-0.00000E+00, 5.19865E-03, 5.90200E-05, 5.19865E-03, 5.90200E-05,
 838, 2.18592E-02,-1.76625E-01, 1.99460E-02,-1.75893E-01, 0.00000E+00,-0.00000E+00, 5.19992E-03, 5.85611E-05, 5.19992E-03, 5.85611E-05,
 839, 2.20510E-02,-1.76721E-01, 2.00625E-02,-1.75896E-01, 0.00000E+00,-0.00000E+00, 5.20123E-03, 5.80437E-05, 5.20123E-03, 5.80437E-05,
 840, 2.21468E-02,-1.76721E-01, 2.01788E-02,-1.75899E-01, 0.00000E+00,-0.00000E+00, 5.20254E-03, 5.75282E-05, 5.20254E-03, 5.75282E-05,
 841, 2.22427E-02,-1.76721E-01, 2.02950E-02,-1.75902E-01, 0.00000E+00,-0.00000E+00, 5.20383E-03, 5.70146E-05, 5.20383E-03, 5.70146E-05,
 842, 2.23386E-02,-1.76721E-01, 2.04112E-02,-1.75905E-01, 0.00000E+00,-0.00000E+00, 5.20510E-03, 5.65028E-05, 5.20510E-03, 5.65028E-05,
 843, 2.24345E-02,-1.76721E-01, 2.05273E-02,-1.75908E-01, 0.00000E+00,-0.00000E+00, 5.20637E-03, 5.59929E-05, 5.20637E-03, 5.59929E-05,
 844, 2.25303E-02,-1.76721E-01, 2.06434E-02,-1.75911E-01, 0.00000E+00,-0.00000E+00, 5.20762E-03, 5.54848E-05, 5.20762E-03, 5.54848E-05,
 845, 2.26262E-02,-1.76721E-01, 2.07593E-02,-1.75914E-01, 0.00000E+00,-0.00000E+00, 5.20886E-03, 5.49785E-05, 5.20886E-03, 5.49785E-05,
 846, 2.26262E-02,-1.76721E-01, 2.08747E-02,-1.75917E-01, 0.00000E+00,-0.00000E+00, 5.21003E-03, 5.44741E-05, 5.21003E-03, 5.44741E-05,
 847, 2.28180E-02,-1.76721E-01, 2.09905E-02,-1.75920E-01, 0.00000E+00,-0.00000E+00, 5.21124E-03, 5.39715E-05, 5.21124E-03, 5.39715E-05,
 848, 2.29138E-02,-1.76721E-01, 2.11062E-02,-1.75923E-01, 0.00000E+00,-0.00000E+00, 5.21244E-03, 5.34708E-05, 5.21244E-03, 5.34708E-05,
 849, 2.29138E-02,-1.76721E-01, 2.12214E-02,-1.75925E-01, 0.00000E+00,-0.00000E+00, 5.21357E-03, 5.29719E-05, 5.21357E-03, 5.29719E-05,
 850, 2.31056E-02,-1.76721E-01, 2.13370E-02,-1.75928E-01, 0.00000E+00,-0.00000E+00, 5.21475E-03, 5.24748E-05, 5.21475E-03, 5.24748E-05,
 851, 2.32014E-02,-1.76721E-01, 2.14525E-02,-1.75931E-01, 0.00000E+00,-0.00000E+00, 5.21591E-03, 5.19795E-05, 5.21591E-03, 5.19795E-05,
 852, 2.32973E-02,-1.76721E-01, 2.15679E-02,-1.75934E-01, 0.00000E+00,-0.00000E+00, 5.21707E-03, 5.14861E-05, 5.21707E-03, 5.14861E-05,
 853, 2.34891E-02,-1.76721E-01, 2.16838E-02,-1.75937E-01, 0.00000E+00,-0.00000E+00, 5.21827E-03, 5.09945E-05, 5.21827E-03, 5.09945E-05,
 854, 2.35849E-02,-1.76721E-01, 2.17995E-02,-1.75940E-01, 0.00000E+00,-0.00000E+00, 5.21946E-03, 5.05047E-05, 5.21946E-03, 5.05047E-05,
 855, 2.35849E-02,-1.76721E-01, 2.19147E-02,-1.75943E-01, 0.00000E+00,-0.00000E+00, 5.22057E-03, 5.00167E-05, 5.22057E-03, 5.00167E-05,
 856, 2.35849E-02,-1.76721E-01, 2.20294E-02,-1.75946E-01, 0.00000E+00,-0.00000E+00, 5.22161E-03, 4.95305E-05, 5.22161E-03, 4.95305E-05,
 857, 2.37767E-02,-1.76721E-01, 2.21444E-02,-1.75949E-01, 0.00000E+00,-0.00000E+00, 5.22271E-03, 4.90461E-05, 5.22271E-03, 4.90461E-05,
 858, 2.38726E-02,-1.76721E-01, 2.22594E-02,-1.75952E-01, 0.00000E+00,-0.00000E+00, 5.22379E-03, 4.85636E-05, 5.22379E-03, 4.85636E-05,
 859, 2.39684E-02,-1.76721E-01, 2.23743E-02,-1.75954E-01, 0.00000E+00,-0.00000E+00, 5.22485E-03, 4.80828E-05, 5.22485E-03, 4.80828E-05,
 860, 2.41602E-02,-1.76817E-01, 2.24896E-02,-1.75958E-01, 0.00000E+00,-0.00000E+00, 5.22597E-03, 4.75439E-05, 5.22597E-03, 4.75439E-05,
 861, 2.41602E-02,-1.76817E-01, 2.26044E-02,-1.75961E-01, 0.00000E+00,-0.00000E+00, 5.22701E-03, 4.70071E-05, 5.22701E-03, 4.70071E-05,
 862, 2.42561E-02,-1.76817E-01, 2.27191E-02,-1.75964E-01, 0.00000E+00,-0.00000E+00, 5.22805E-03, 4.64724E-05, 5.22805E-03, 4.64724E-05,
 863, 2.44478E-02,-1.76817E-01, 2.28342E-02,-1.75968E-01, 0.00000E+00,-0.00000E+00, 5.22913E-03, 4.59398E-05, 5.22913E-03, 4.59398E-05,
 864, 2.45437E-02,-1.76817E-01, 2.29492E-02,-1.75971E-01, 0.00000E+00,-0.00000E+00, 5.23019E-03, 4.54092E-05, 5.23019E-03, 4.54092E-05,
 865, 2.46396E-02,-1.76817E-01, 2.30642E-02,-1.75974E-01, 0.00000E+00,-0.00000E+00, 5.23125E-03, 4.48808E-05, 5.23125E-03, 4.48808E-05,
 866, 2.46396E-02,-1.76817E-01, 2.31786E-02,-1.75978E-01, 0.00000E+00,-0.00000E+00, 5.23223E-03, 4.43544E-05, 5.23223E-03, 4.43544E-05,
 867, 2.48313E-02,-1.76817E-01, 2.32934E-02,-1.75981E-01, 0.00000E+00,-0.00000E+00, 5.23327E-03, 4.38301E-05, 5.23327E-03, 4.38301E-05,
 868, 2.48313E-02,-1.76817E-01, 2.34076E-02,-1.75984E-01, 0.00000E+00,-0.00000E+00, 5.23423E-03, 4.33079E-05, 5.23423E-03, 4.33079E-05,
 869, 2.50231E-02,-1.76817E-01, 2.35223E-02,-1.75988E-01, 0.00000E+00,-0.00000E+00, 5.23524E-03, 4.27877E-05, 5.23524E-03, 4.27877E-05,
 870, 2.51189E-02,-1.76817E-01, 2.36368E-02,-1.75991E-01, 0.00000E+00,-0.00000E+00, 5.23624E-03, 4.22696E-05, 5.23624E-03, 4.22696E-05,
 871, 2.52148E-02,-1.76817E-01, 2.37514E-02,-1.75994E-01, 0.00000E+00,-0.00000E+00, 5.23722E-03, 4.17536E-05, 5.23722E-03, 4.17536E-05,
 872, 2.53107E-02,-1.76817E-01, 2.38658E-02,-1.75998E-01, 0.00000E+00,-0.00000E+00, 5.23820E-03, 4.12396E-05, 5.23820E-03, 4.12396E-05,
 873, 2.54065E-02,-1.76817E-01, 2.39802E-02,-1.76001E-01, 0.00000E+00,-0.00000E+00, 5.23916E-03, 4.07276E-05, 5.23916E-03, 4.07276E-05,
 874, 2.55024E-02,-1.76817E-01, 2.40944E-02,-1.76004E-01, 0.00000E+00,-0.00000E+00, 5.24011E-03, 4.02178E-05, 5.24011E-03, 4.02178E-05,
 875, 2.55983E-02,-1.76817E-01, 2.42087E-02,-1.76007E-01, 0.00000E+00,-0.00000E+00, 5.24105E-03, 3.97099E-05, 5.24105E-03, 3.97099E-05,
 876, 2.55983E-02,-1.76817E-01, 2.43223E-02,-1.76011E-01, 0.00000E+00,-0.00000E+00, 5.24192E-03, 3.92041E-05, 5.24192E-03, 3.92041E-05,
 877, 2.57900E-02,-1.76817E-01, 2.44364E-02,-1.76014E-01, 0.00000E+00,-0.00000E+00, 5.24283E-03, 3.87003E-05, 5.24283E-03, 3.87003E-05,
 878, 2.58859E-02,-1.76817E-01, 2.45504E-02,-1.76017E-01, 0.00000E+00,-0.00000E+00, 5.24374E-03, 3.81986E-05, 5.24374E-03, 3.81986E-05,
 879, 2.59818E-02,-1.76817E-01, 2.46643E-02,-1.76020E-01, 0.00000E+00,-0.00000E+00, 5.24464E-03, 3.76988E-05, 5.24464E-03, 3.76988E-05,
 880, 2.60777E-02,-1.76817E-01, 2.47782E-02,-1.76024E-01, 0.00000E+00,-0.00000E+00, 5.24552E-03, 3.72011E-05, 5.24552E-03, 3.72011E-05,
 881, 2.61735E-02,-1.76817E-01, 2.48920E-02,-1.76027E-01, 0.00000E+00,-0.00000E+00, 5.24639E-03, 3.67055E-05, 5.24639E-03, 3.67055E-05,
 882, 2.63653E-02,-1.76913E-01, 2.50061E-02,-1.76031E-01, 0.00000E+00,-0.00000E+00, 5.24731E-03, 3.61519E-05, 5.24731E-03, 3.61519E-05,
 883, 2.64612E-02,-1.76913E-01, 2.51203E-02,-1.76034E-01, 0.00000E+00,-0.00000E+00, 5.24822E-03, 3.56006E-05, 5.24822E-03, 3.56006E-05,
 884, 2.65570E-02,-1.76913E-01, 2.52343E-02,-1.76038E-01, 0.00000E+00,-0.00000E+00, 5.24912E-03, 3.50516E-05, 5.24912E-03, 3.50516E-05,
 885, 2.66529E-02,-1.76913E-01, 2.53483E-02,-1.76042E-01, 0.00000E+00,-0.00000E+00, 5.25000E-03, 3.45049E-05, 5.25000E-03, 3.45049E-05,
 886, 2.66529E-02,-1.76913E-01, 2.54617E-02,-1.76045E-01, 0.00000E+00,-0.00000E+00, 5.25082E-03, 3.39606E-05, 5.25082E-03, 3.39606E-05,
 887, 2.67488E-02,-1.76913E-01, 2.55751E-02,-1.76049E-01, 0.00000E+00,-0.00000E+00, 5.25162E-03, 3.34185E-05, 5.25162E-03, 3.34185E-05,
 888, 2.68447E-02,-1.76913E-01, 2.56883E-02,-1.76053E-01, 0.00000E+00,-0.00000E+00, 5.25242E-03, 3.28787E-05, 5.25242E-03, 3.28787E-05,
 889, 2.69405E-02,-1.76913E-01, 2.58015E-02,-1.76056E-01, 0.00000E+00,-0.00000E+00, 5.25320E-03, 3.23412E-05, 5.25320E-03, 3.23412E-05,
 890, 2.71323E-02,-1.76913E-01, 2.59152E-02,-1.76060E-01, 0.00000E+00,-0.00000E+00, 5.25403E-03, 3.18060E-05, 5.25403E-03, 3.18060E-05,
 891, 2.72281E-02,-1.76913E-01, 2.60287E-02,-1.76063E-01, 0.00000E+00,-0.00000E+00, 5.25485E-03, 3.12730E-05, 5.25485E-03, 3.12730E-05,
 892, 2.72281E-02,-1.76913E-01, 2.61417E-02,-1.76067E-01, 0.00000E+00,-0.00000E+00, 5.25560E-03, 3.07424E-05, 5.25560E-03, 3.07424E-05,
 893, 2.74199E-02,-1.76913E-01, 2.62551E-02,-1.76071E-01, 0.00000E+00,-0.00000E+00, 5.25640E-03, 3.02139E-05, 5.25640E-03, 3.02139E-05,
 894, 2.75158E-02,-1.76913E-01, 2.63684E-02,-1.76074E-01, 0.00000E+00,-0.00000E+00, 5.25719E-03, 2.96878E-05, 5.25719E-03, 2.96878E-05,
 895, 2.76116E-02,-1.76913E-01, 2.64817E-02,-1.76078E-01, 0.00000E+00,-0.00000E+00, 5.25796E-03, 2.91639E-05, 5.25796E-03, 2.91639E-05,
 896, 2.78034E-02,-1.76913E-01, 2.65954E-02,-1.76082E-01, 0.00000E+00,-0.00000E+00, 5.25879E-03, 2.86422E-05, 5.25879E-03, 2.86422E-05,
 897, 2.78034E-02,-1.76913E-01, 2.67085E-02,-1.76085E-01, 0.00000E+00,-0.00000E+00, 5.25954E-03, 2.81228E-05, 5.25954E-03, 2.81228E-05,
 898, 2.78993E-02,-1.76913E-01, 2.68215E-02,-1.76089E-01, 0.00000E+00,-0.00000E+00, 5.26029E-03, 2.76057E-05, 5.26029E-03, 2.76057E-05,
 899, 2.78993E-02,-1.76913E-01, 2.69340E-02,-1.76092E-01, 0.00000E+00,-0.00000E+00, 5.26096E-03, 2.70908E-05, 5.26096E-03, 2.70908E-05,
 900, 2.80910E-02,-1.76913E-01, 2.70469E-02,-1.76096E-01, 0.00000E+00,-0.00000E+00, 5.26168E-03, 2.65781E-05, 5.26168E-03, 2.65781E-05,
 901, 2.81869E-02,-1.76913E-01, 2.71597E-02,-1.76099E-01, 0.00000E+00,-0.00000E+00, 5.26240E-03, 2.60676E-05, 5.26240E-03, 2.60676E-05,
 902, 2.82828E-02,-1.76913E-01, 2.72725E-02,-1.76103E-01, 0.00000E+00,-0.00000E+00, 5.26310E-03, 2.55594E-05, 5.26310E-03, 2.55594E-05,
 903, 2.84745E-02,-1.77008E-01, 2.73857E-02,-1.76107E-01, 0.00000E+00,-0.00000E+00, 5.26385E-03, 2.49935E-05, 5.26385E-03, 2.49935E-05,
 904, 2.84745E-02,-1.77008E-01, 2.74983E-02,-1.76111E-01, 0.00000E+00,-0.00000E+00, 5.26453E-03, 2.44300E-05, 5.26453E-03, 2.44300E-05,
 905, 2.85704E-02,-1.77008E-01, 2.76109E-02,-1.76115E-01, 0.00000E+00,-0.00000E+00, 5.26520E-03, 2.38691E-05, 5.26520E-03, 2.38691E-05,
 906, 2.87621E-02,-1.77008E-01, 2.77238E-02,-1.76119E-01, 0.00000E+00,-0.00000E+00, 5.26592E-03, 2.33107E-05, 5.26592E-03, 2.33107E-05,
 907, 2.87621E-02,-1.77008E-01, 2.78362E-02,-1.76123E-01, 0.00000E+00,-0.00000E+00, 5.26657E-03, 2.27548E-05, 5.26657E-03, 2.27548E-05,
 908, 2.88580E-02,-1.77008E-01, 2.79486E-02,-1.76127E-01, 0.00000E+00,-0.00000E+00, 5.26721E-03, 2.22014E-05, 5.26721E-03, 2.22014E-05,
 909, 2.89539E-02,-1.77008E-01, 2.80608E-02,-1.76131E-01, 0.00000E+00,-0.00000E+00, 5.26783E-03, 2.16504E-05, 5.26783E-03, 2.16504E-05,
 910, 2.91456E-02,-1.77008E-01, 2.81735E-02,-1.76135E-01, 0.00000E+00,-0.00000E+00, 5.26851E-03, 2.11019E-05, 5.26851E-03, 2.11019E-05,
 911, 2.91456E-02,-1.77008E-01, 2.82857E-02,-1.76139E-01, 0.00000E+00,-0.00000E+00, 5.26912E-03, 2.05560E-05, 5.26912E-03, 2.05560E-05,
 912, 2.92415E-02,-1.77008E-01, 2.83977E-02,-1.76143E-01, 0.00000E+00,-0.00000E+00, 5.26972E-03, 2.00124E-05, 5.26972E-03, 2.00124E-05,
 913, 2.94332E-02,-1.77008E-01, 2.85102E-02,-1.76147E-01, 0.00000E+00,-0.00000E+00, 5.27036E-03, 1.94714E-05, 5.27036E-03, 1.94714E-05,
 914, 2.95291E-02,-1.77008E-01, 2.86226E-02,-1.76151E-01, 0.00000E+00,-0.00000E+00, 5.27100E-03, 1.89328E-05, 5.27100E-03, 1.89328E-05,
 915, 2.96250E-02,-1.77008E-01, 2.87349E-02,-1.76154E-01, 0.00000E+00,-0.00000E+00, 5.27163E-03, 1.83966E-05, 5.27163E-03, 1.83966E-05,
 916, 2.96250E-02,-1.77008E-01, 2.88467E-02,-1.76158E-01, 0.00000E+00,-0.00000E+00, 5.27218E-03, 1.78629E-05, 5.27218E-03, 1.78629E-05,
 917, 2.97209E-02,-1.77008E-01, 2.89584E-02,-1.76162E-01, 0.00000E+00,-0.00000E+00, 5.27273E-03, 1.73317E-05, 5.27273E-03, 1.73317E-05,
 918, 2.98167E-02,-1.77008E-01, 2.90701E-02,-1.76166E-01, 0.00000E+00,-0.00000E+00, 5.27326E-03, 1.68028E-05, 5.27326E-03, 1.68028E-05,
 919, 2.99126E-02,-1.77008E-01, 2.91817E-02,-1.76170E-01, 0.00000E+00,-0.00000E+00, 5.27379E-03, 1.62764E-05, 5.27379E-03, 1.62764E-05,
 920, 3.01044E-02,-1.77008E-01, 2.92937E-02,-1.76174E-01, 0.00000E+00,-0.00000E+00, 5.27437E-03, 1.57524E-05, 5.27437E-03, 1.57524E-05,
 921, 3.02002E-02,-1.77008E-01, 2.94056E-02,-1.76178E-01, 0.00000E+00,-0.00000E+00, 5.27493E-03, 1.52309E-05, 5.27493E-03, 1.52309E-05,
 922, 3.02961E-02,-1.77008E-01, 2.95174E-02,-1.76182E-01, 0.00000E+00,-0.00000E+00, 5.27549E-03, 1.47117E-05, 5.27549E-03, 1.47117E-05,
 923, 3.03920E-02,-1.77008E-01, 2.96292E-02,-1.76185E-01, 0.00000E+00,-0.00000E+00, 5.27604E-03, 1.41950E-05, 5.27604E-03, 1.41950E-05,
 924, 3.04879E-02,-1.77104E-01, 2.97409E-02,-1.76190E-01, 0.00000E+00,-0.00000E+00, 5.27657E-03, 1.36207E-05, 5.27657E-03, 1.36207E-05,
 925, 3.05837E-02,-1.77104E-01, 2.98526E-02,-1.76194E-01, 0.00000E+00,-0.00000E+00, 5.27710E-03, 1.30492E-05, 5.27710E-03, 1.30492E-05,
 926, 3.05837E-02,-1.77104E-01, 2.99637E-02,-1.76198E-01, 0.00000E+00,-0.00000E+00, 5.27756E-03, 1.24803E-05, 5.27756E-03, 1.24803E-05,
 927, 3.07755E-02,-1.77104E-01, 3.00752E-02,-1.76203E-01, 0.00000E+00,-0.00000E+00, 5.27806E-03, 1.19141E-05, 5.27806E-03, 1.19141E-05,
 928, 3.08713E-02,-1.77104E-01, 3.01866E-02,-1.76207E-01, 0.00000E+00,-0.00000E+00, 5.27856E-03, 1.13506E-05, 5.27856E-03, 1.13506E-05,
 929, 3.09672E-02,-1.77104E-01, 3.02980E-02,-1.76211E-01, 0.00000E+00,-0.00000E+00, 5.27905E-03, 1.07897E-05, 5.27905E-03, 1.07897E-05,
 930, 3.10631E-02,-1.77104E-01, 3.04093E-02,-1.76215E-01, 0.00000E+00,-0.00000E+00, 5.27953E-03, 1.02316E-05, 5.27953E-03, 1.02316E-05,
 931, 3.11590E-02,-1.77104E-01, 3.05206E-02,-1.76220E-01, 0.00000E+00,-0.00000E+00, 5.27999E-03, 9.67603E-06, 5.27999E-03, 9.67603E-06,
 932, 3.12548E-02,-1.77104E-01, 3.06318E-02,-1.76224E-01, 0.00000E+00,-0.00000E+00, 5.28045E-03, 9.12316E-06, 5.28045E-03, 9.12316E-06,
 933, 3.14466E-02,-1.77104E-01, 3.07433E-02,-1.76228E-01, 0.00000E+00,-0.00000E+00, 5.28096E-03, 8.57294E-06, 5.28096E-03, 8.57294E-06,
 934, 3.15425E-02,-1.77104E-01, 3.08549E-02,-1.76232E-01, 0.00000E+00,-0.00000E+00, 5.28146E-03, 8.02535E-06, 5.28146E-03, 8.02535E-06,
 935, 3.15425E-02,-1.77104E-01, 3.09658E-02,-1.76237E-01, 0.00000E+00,-0.00000E+00, 5.28189E-03, 7.48039E-06, 5.28189E-03, 7.48039E-06,
 936, 3.17342E-02,-1.77104E-01, 3.10772E-02,-1.76241E-01, 0.00000E+00,-0.00000E+00, 5.28237E-03, 6.93806E-06, 5.28237E-03, 6.93806E-06,
 937, 3.17342E-02,-1.77104E-01, 3.11881E-02,-1.76245E-01, 0.00000E+00,-0.00000E+00, 5.28278E-03, 6.39835E-06, 5.28278E-03, 6.39835E-06,
 938, 3.18301E-02,-1.77104E-01, 3.12988E-02,-1.76249E-01, 0.00000E+00,-0.00000E+00, 5.28318E-03, 5.86126E-06, 5.28318E-03, 5.86126E-06,
 939, 3.19260E-02,-1.77104E-01, 3.14095E-02,-1.76253E-01, 0.00000E+00,-0.00000E+00, 5.28357E-03, 5.32677E-06, 5.28357E-03, 5.32677E-06,
 940, 3.21177E-02,-1.77104E-01, 3.15206E-02,-1.76257E-01, 0.00000E+00,-0.00000E+00, 5.28402E-03, 4.79488E-06, 5.28402E-03, 4.79488E-06,
 941, 3.22136E-02,-1.77104E-01, 3.16317E-02,-1.76262E-01, 0.00000E+00,-0.00000E+00, 5.28445E-03, 4.26559E-06, 5.28445E-03, 4.26559E-06,
 942, 3.22136E-02,-1.77104E-01, 3.17422E-02,-1.76266E-01, 0.00000E+00,-0.00000E+00, 5.28481E-03, 3.73889E-06, 5.28481E-03, 3.73889E-06,
 943, 3.24053E-02,-1.77104E-01, 3.18531E-02,-1.76270E-01, 0.00000E+00,-0.00000E+00, 5.28523E-03, 3.21477E-06, 5.28523E-03, 3.21477E-06,
 944, 3.25012E-02,-1.77104E-01, 3.19640E-02,-1.76274E-01, 0.00000E+00,-0.00000E+00, 5.28563E-03, 2.69323E-06, 5.28563E-03, 2.69323E-06,
 945, 3.25971E-02,-1.77104E-01, 3.20747E-02,-1.76278E-01, 0.00000E+00,-0.00000E+00, 5.28603E-03, 2.17426E-06, 5.28603E-03, 2.17426E-06,
 946, 3.25971E-02,-1.77104E-01, 3.21850E-02,-1.76282E-01, 0.00000E+00,-0.00000E+00, 5.28635E-03, 1.65785E-06, 5.28635E-03, 1.65785E-06,
 947, 3.27888E-02,-1.77200E-01, 3.22956E-02,-1.76287E-01, 0.00000E+00,-0.00000E+00, 5.28673E-03, 1.08408E-06, 5.28673E-03, 1.08408E-06,
 948, 3.27888E-02,-1.77200E-01, 3.24057E-02,-1.76291E-01, 0.00000E+00,-0.00000E+00, 5.28704E-03, 5.13166E-07, 5.28704E-03, 5.13166E-07,
 949, 3.28847E-02,-1.77200E-01, 3.25158E-02,-1.76296E-01, 0.00000E+00,-0.00000E+00, 5.28734E-03,-5.49133E-08, 5.28734E-03,-5.49133E-08,
 950, 3.30764E-02,-1.77200E-01, 3.26262E-02,-1.76300E-01, 0.00000E+00,-0.00000E+00, 5.28769E-03,-6.20152E-07, 5.28769E-03,-6.20152E-07,
 951, 3.31723E-02,-1.77200E-01, 3.27366E-02,-1.76305E-01, 0.00000E+00,-0.00000E+00, 5.28803E-03,-1.18256E-06, 5.28803E-03,-1.18256E-06,
 952, 3.32682E-02,-1.77200E-01, 3.28470E-02,-1.76309E-01, 0.00000E+00,-0.00000E+00, 5.28836E-03,-1.74214E-06, 5.28836E-03,-1.74214E-06,
 953, 3.34599E-02,-1.77200E-01, 3.29577E-02,-1.76314E-01, 0.00000E+00,-0.00000E+00, 5.28874E-03,-2.29892E-06, 5.28874E-03,-2.29892E-06,
 954, 3.34599E-02,-1.77200E-01, 3.30679E-02,-1.76318E-01, 0.00000E+00,-0.00000E+00, 5.28906E-03,-2.85288E-06, 5.28906E-03,-2.85288E-06,
 955, 3.35558E-02,-1.77200E-01, 3.31780E-02,-1.76323E-01, 0.00000E+00,-0.00000E+00, 5.28936E-03,-3.40403E-06, 5.28936E-03,-3.40403E-06,
 956, 3.35558E-02,-1.77200E-01, 3.32876E-02,-1.76327E-01, 0.00000E+00,-0.00000E+00, 5.28960E-03,-3.95239E-06, 5.28960E-03,-3.95239E-06,
 957, 3.37476E-02,-1.77200E-01, 3.33976E-02,-1.76332E-01, 0.00000E+00,-0.00000E+00, 5.28988E-03,-4.49797E-06, 5.28988E-03,-4.49797E-06,
 958, 3.38434E-02,-1.77200E-01, 3.35075E-02,-1.76336E-01, 0.00000E+00,-0.00000E+00, 5.29016E-03,-5.04077E-06, 5.29016E-03,-5.04077E-06,
 959, 3.39393E-02,-1.77200E-01, 3.36174E-02,-1.76341E-01, 0.00000E+00,-0.00000E+00, 5.29043E-03,-5.58080E-06, 5.29043E-03,-5.58080E-06,
 960, 3.40352E-02,-1.77200E-01, 3.37272E-02,-1.76345E-01, 0.00000E+00,-0.00000E+00, 5.29069E-03,-6.11806E-06, 5.29069E-03,-6.11806E-06,
 961, 3.41310E-02,-1.77200E-01, 3.38369E-02,-1.76349E-01, 0.00000E+00,-0.00000E+00, 5.29095E-03,-6.65257E-06, 5.29095E-03,-6.65257E-06,
 962, 3.42269E-02,-1.77200E-01, 3.39466E-02,-1.76354E-01, 0.00000E+00,-0.00000E+00, 5.29119E-03,-7.18432E-06, 5.29119E-03,-7.18432E-06,
 963, 3.44187E-02,-1.77200E-01, 3.40567E-02,-1.76358E-01, 0.00000E+00,-0.00000E+00, 5.29148E-03,-7.71333E-06, 5.29148E-03,-7.71333E-06,
 964, 3.45145E-02,-1.77200E-01, 3.41667E-02,-1.76362E-01, 0.00000E+00,-0.00000E+00, 5.29177E-03,-8.23960E-06, 5.29177E-03,-8.23960E-06,
 965, 3.46104E-02,-1.77200E-01, 3.42767E-02,-1.76367E-01, 0.00000E+00,-0.00000E+00, 5.29205E-03,-8.76315E-06, 5.29205E-03,-8.76315E-06,
 966, 3.46104E-02,-1.77200E-01, 3.43861E-02,-1.76371E-01, 0.00000E+00,-0.00000E+00, 5.29225E-03,-9.28397E-06, 5.29225E-03,-9.28397E-06,
 967, 3.47063E-02,-1.77296E-01, 3.44954E-02,-1.76376E-01, 0.00000E+00,-0.00000E+00, 5.29245E-03,-9.86199E-06, 5.29245E-03,-9.86199E-06,
 968, 3.48022E-02,-1.77296E-01, 3.46047E-02,-1.76381E-01, 0.00000E+00,-0.00000E+00, 5.29265E-03,-1.04370E-05, 5.29265E-03,-1.04370E-05,
 969, 3.48980E-02,-1.77296E-01, 3.47140E-02,-1.76386E-01, 0.00000E+00,-0.00000E+00, 5.29283E-03,-1.10090E-05, 5.29283E-03,-1.10090E-05,
 970, 3.50898E-02,-1.77296E-01, 3.48236E-02,-1.76390E-01, 0.00000E+00,-0.00000E+00, 5.29306E-03,-1.15781E-05, 5.29306E-03,-1.15781E-05,
 971, 3.51857E-02,-1.77296E-01, 3.49332E-02,-1.76395E-01, 0.00000E+00,-0.00000E+00, 5.29329E-03,-1.21441E-05, 5.29329E-03,-1.21441E-05,
 972, 3.52815E-02,-1.77296E-01, 3.50427E-02,-1.76400E-01, 0.00000E+00,-0.00000E+00, 5.29351E-03,-1.27072E-05, 5.29351E-03,-1.27072E-05,
 973, 3.53774E-02,-1.77296E-01, 3.51521E-02,-1.76405E-01, 0.00000E+00,-0.00000E+00, 5.29372E-03,-1.32672E-05, 5.29372E-03,-1.32672E-05,
 974, 3.54733E-02,-1.77296E-01, 3.52615E-02,-1.76409E-01, 0.00000E+00,-0.00000E+00, 5.29392E-03,-1.38244E-05, 5.29392E-03,-1.38244E-05,
 975, 3.55692E-02,-1.77296E-01, 3.53709E-02,-1.76414E-01, 0.00000E+00,-0.00000E+00, 5.29411E-03,-1.43785E-05, 5.29411E-03,-1.43785E-05,
 976, 3.57609E-02,-1.77296E-01, 3.54806E-02,-1.76419E-01, 0.00000E+00,-0.00000E+00, 5.29435E-03,-1.49298E-05, 5.29435E-03,-1.49298E-05,
 977, 3.57609E-02,-1.77296E-01, 3.55898E-02,-1.76423E-01, 0.00000E+00,-0.00000E+00, 5.29453E-03,-1.54781E-05, 5.29453E-03,-1.54781E-05,
 978, 3.58568E-02,-1.77296E-01, 3.56989E-02,-1.76428E-01, 0.00000E+00,-0.00000E+00, 5.29469E-03,-1.60234E-05, 5.29469E-03,-1.60234E-05,
 979, 3.58568E-02,-1.77296E-01, 3.58075E-02,-1.76433E-01, 0.00000E+00,-0.00000E+00, 5.29479E-03,-1.65659E-05, 5.29479E-03,-1.65659E-05,
 980, 3.60485E-02,-1.77296E-01, 3.59165E-02,-1.76437E-01, 0.00000E+00,-0.00000E+00, 5.29494E-03,-1.71054E-05, 5.29494E-03,-1.71054E-05,
 981, 3.61444E-02,-1.77296E-01, 3.60255E-02,-1.76442E-01, 0.00000E+00,-0.00000E+00, 5.29508E-03,-1.76420E-05, 5.29508E-03,-1.76420E-05,
 982, 3.62403E-02,-1.77296E-01, 3.61343E-02,-1.76447E-01, 0.00000E+00,-0.00000E+00, 5.29522E-03,-1.81757E-05, 5.29522E-03,-1.81757E-05,
 983, 3.64320E-02,-1.77296E-01, 3.62436E-02,-1.76451E-01, 0.00000E+00,-0.00000E+00, 5.29540E-03,-1.87066E-05, 5.29540E-03,-1.87066E-05,
 984, 3.65279E-02,-1.77296E-01, 3.63529E-02,-1.76456E-01, 0.00000E+00,-0.00000E+00, 5.29558E-03,-1.92345E-05, 5.29558E-03,-1.92345E-05,
 985, 3.65279E-02,-1.77296E-01, 3.64616E-02,-1.76461E-01, 0.00000E+00,-0.00000E+00, 5.29569E-03,-1.97596E-05, 5.29569E-03,-1.97596E-05,
 986, 3.65279E-02,-1.77296E-01, 3.65697E-02,-1.76465E-01, 0.00000E+00,-0.00000E+00, 5.29573E-03,-2.02818E-05, 5.29573E-03,-2.02818E-05,
 987, 3.67196E-02,-1.77296E-01, 3.66783E-02,-1.76470E-01, 0.00000E+00,-0.00000E+00, 5.29583E-03,-2.08011E-05, 5.29583E-03,-2.08011E-05,
 988, 3.68155E-02,-1.77296E-01, 3.67868E-02,-1.76474E-01, 0.00000E+00,-0.00000E+00, 5.29591E-03,-2.13176E-05, 5.29591E-03,-2.13176E-05,
 989, 3.69114E-02,-1.77392E-01, 3.68952E-02,-1.76479E-01, 0.00000E+00,-0.00000E+00, 5.29599E-03,-2.18912E-05, 5.29599E-03,-2.18912E-05,
 990, 3.71031E-02,-1.77392E-01, 3.70041E-02,-1.76484E-01, 0.00000E+00,-0.00000E+00, 5.29612E-03,-2.24616E-05, 5.29612E-03,-2.24616E-05,
 991, 3.71031E-02,-1.77392E-01, 3.71124E-02,-1.76489E-01, 0.00000E+00,-0.00000E+00, 5.29618E-03,-2.30289E-05, 5.29618E-03,-2.30289E-05,
 992, 3.71990E-02,-1.77392E-01, 3.72207E-02,-1.76494E-01, 0.00000E+00,-0.00000E+00, 5.29623E-03,-2.35931E-05, 5.29623E-03,-2.35931E-05,
 993, 3.73908E-02,-1.77392E-01, 3.73294E-02,-1.76499E-01, 0.00000E+00,-0.00000E+00, 5.29634E-03,-2.41542E-05, 5.29634E-03,-2.41542E-05,
 994, 3.74866E-02,-1.77392E-01, 3.74380E-02,-1.76504E-01, 0.00000E+00,-0.00000E+00, 5.29644E-03,-2.47122E-05, 5.29644E-03,-2.47122E-05,
 995, 3.75825E-02,-1.77392E-01, 3.75466E-02,-1.76509E-01, 0.00000E+00,-0.00000E+00, 5.29653E-03,-2.52670E-05, 5.29653E-03,-2.52670E-05,
 996, 3.75825E-02,-1.77392E-01, 3.76546E-02,-1.76514E-01, 0.00000E+00,-0.00000E+00, 5.29655E-03,-2.58188E-05, 5.29655E-03,-2.58188E-05,
 997, 3.76784E-02,-1.77392E-01, 3.77625E-02,-1.76519E-01, 0.00000E+00,-0.00000E+00, 5.29657E-03,-2.63676E-05, 5.29657E-03,-2.63676E-05,
 998, 3.77743E-02,-1.77392E-01, 3.78704E-02,-1.76524E-01, 0.00000E+00,-0.00000E+00, 5.29657E-03,-2.69132E-05, 5.29657E-03,-2.69132E-05,
 999, 3.78701E-02,-1.77392E-01, 3.79783E-02,-1.76529E-01, 0.00000E+00,-0.00000E+00, 5.29657E-03,-2.74558E-05, 5.29657E-03,-2.74558E-05,
 1000, 3.80619E-02,-1.77392E-01, 3.80865E-02,-1.76534E-01, 0.00000E+00,-0.00000E+00, 5.29662E-03,-2.79954E-05, 5.29662E-03,-2.79954E-05,
 1001, 3.81577E-02,-1.77392E-01, 3.81947E-02,-1.76538E-01, 0.00000E+00,-0.00000E+00, 5.29667E-03,-2.85319E-05, 5.29667E-03,-2.85319E-05,
 1002, 3.82536E-02,-1.77392E-01, 3.83029E-02,-1.76543E-01, 0.00000E+00,-0.00000E+00, 5.29671E-03,-2.90653E-05, 5.29671E-03,-2.90653E-05,
 1003, 3.83495E-02,-1.77392E-01, 3.84109E-02,-1.76548E-01, 0.00000E+00,-0.00000E+00, 5.29673E-03,-2.95958E-05, 5.29673E-03,-2.95958E-05,
 1004, 3.84454E-02,-1.77392E-01, 3.85190E-02,-1.76553E-01, 0.00000E+00,-0.00000E+00, 5.29676E-03,-3.01232E-05, 5.29676E-03,-3.01232E-05,
 1005, 3.85412E-02,-1.77392E-01, 3.86269E-02,-1.76558E-01, 0.00000E+00,-0.00000E+00, 5.29677E-03,-3.06476E-05, 5.29677E-03,-3.06476E-05,
 1006, 3.87330E-02,-1.77392E-01, 3.87353E-02,-1.76562E-01, 0.00000E+00,-0.00000E+00, 5.29684E-03,-3.11690E-05, 5.29684E-03,-3.11690E-05,
 1007, 3.87330E-02,-1.77392E-01, 3.88431E-02,-1.76567E-01, 0.00000E+00,-0.00000E+00, 5.29683E-03,-3.16874E-05, 5.29683E-03,-3.16874E-05,
 1008, 3.88289E-02,-1.77392E-01, 3.89509E-02,-1.76572E-01, 0.00000E+00,-0.00000E+00, 5.29682E-03,-3.22028E-05, 5.29682E-03,-3.22028E-05,
 1009, 3.89247E-02,-1.77392E-01, 3.90586E-02,-1.76577E-01, 0.00000E+00,-0.00000E+00, 5.29681E-03,-3.27153E-05, 5.29681E-03,-3.27153E-05,
 1010, 3.90206E-02,-1.77488E-01, 3.91662E-02,-1.76582E-01, 0.00000E+00,-0.00000E+00, 5.29678E-03,-3.32847E-05, 5.29678E-03,-3.32847E-05,
 1011, 3.91165E-02,-1.77488E-01, 3.92738E-02,-1.76587E-01, 0.00000E+00,-0.00000E+00, 5.29675E-03,-3.38509E-05, 5.29675E-03,-3.38509E-05,
 1012, 3.92124E-02,-1.77488E-01, 3.93814E-02,-1.76592E-01, 0.00000E+00,-0.00000E+00, 5.29671E-03,-3.44138E-05, 5.29671E-03,-3.44138E-05,
 1013, 3.94041E-02,-1.77488E-01, 3.94893E-02,-1.76597E-01, 0.00000E+00,-0.00000E+00, 5.29673E-03,-3.49735E-05, 5.29673E-03,-3.49735E-05,
 1014, 3.95000E-02,-1.77488E-01, 3.95972E-02,-1.76603E-01, 0.00000E+00,-0.00000E+00, 5.29673E-03,-3.55299E-05, 5.29673E-03,-3.55299E-05,
 1015, 3.95959E-02,-1.77488E-01, 3.97051E-02,-1.76608E-01, 0.00000E+00,-0.00000E+00, 5.29673E-03,-3.60831E-05, 5.29673E-03,-3.60831E-05,
 1016, 3.95959E-02,-1.77488E-01, 3.98124E-02,-1.76613E-01, 0.00000E+00,-0.00000E+00, 5.29666E-03,-3.66331E-05, 5.29666E-03,-3.66331E-05,
 1017, 3.96917E-02,-1.77488E-01, 3.99196E-02,-1.76618E-01, 0.00000E+00,-0.00000E+00, 5.29659E-03,-3.71799E-05, 5.29659E-03,-3.71799E-05,
 1018, 3.97876E-02,-1.77488E-01, 4.00268E-02,-1.76623E-01, 0.00000E+00,-0.00000E+00, 5.29651E-03,-3.77235E-05, 5.29651E-03,-3.77235E-05,
 1019, 3.98835E-02,-1.77488E-01, 4.01339E-02,-1.76628E-01, 0.00000E+00,-0.00000E+00, 5.29642E-03,-3.82639E-05, 5.29642E-03,-3.82639E-05,
 1020, 4.00752E-02,-1.77488E-01, 4.02414E-02,-1.76633E-01, 0.00000E+00,-0.00000E+00, 5.29638E-03,-3.88012E-05, 5.29638E-03,-3.88012E-05,
 1021, 4.01711E-02,-1.77488E-01, 4.03489E-02,-1.76638E-01, 0.00000E+00,-0.00000E+00, 5.29634E-03,-3.93352E-05, 5.29634E-03,-3.93352E-05,
 1022, 4.02670E-02,-1.77488E-01, 4.04563E-02,-1.76643E-01, 0.00000E+00,-0.00000E+00, 5.29628E-03,-3.98662E-05, 5.29628E-03,-3.98662E-05,
 1023, 4.03628E-02,-1.77488E-01, 4.05637E-02,-1.76648E-01, 0.00000E+00,-0.00000E+00, 5.29623E-03,-4.03939E-05, 5.29623E-03,-4.03939E-05,
 1024, 4.04587E-02,-1.77488E-01, 4.06710E-02,-1.76653E-01, 0.00000E+00,-0.00000E+00, 5.29616E-03,-4.09186E-05, 5.29616E-03,-4.09186E-05,
 1025, 4.05546E-02,-1.77488E-01, 4.07783E-02,-1.76658E-01, 0.00000E+00,-0.00000E+00, 5.29609E-03,-4.14401E-05, 5.29609E-03,-4.14401E-05,
 1026, 4.05546E-02,-1.77488E-01, 4.08850E-02,-1.76663E-01, 0.00000E+00,-0.00000E+00, 5.29595E-03,-4.19584E-05, 5.29595E-03,-4.19584E-05,
 1027, 4.07463E-02,-1.77488E-01, 4.09921E-02,-1.76668E-01, 0.00000E+00,-0.00000E+00, 5.29586E-03,-4.24737E-05, 5.29586E-03,-4.24737E-05,
 1028, 4.08422E-02,-1.77488E-01, 4.10992E-02,-1.76673E-01, 0.00000E+00,-0.00000E+00, 5.29577E-03,-4.29859E-05, 5.29577E-03,-4.29859E-05,
 1029, 4.09381E-02,-1.77488E-01, 4.12062E-02,-1.76678E-01, 0.00000E+00,-0.00000E+00, 5.29566E-03,-4.34950E-05, 5.29566E-03,-4.34950E-05,
 1030, 4.10340E-02,-1.77488E-01, 4.13131E-02,-1.76683E-01, 0.00000E+00,-0.00000E+00, 5.29556E-03,-4.40010E-05, 5.29556E-03,-4.40010E-05,
 1031, 4.11298E-02,-1.77584E-01, 4.14200E-02,-1.76688E-01, 0.00000E+00,-0.00000E+00, 5.29544E-03,-4.45638E-05, 5.29544E-03,-4.45638E-05,
 1032, 4.13216E-02,-1.77584E-01, 4.15274E-02,-1.76694E-01, 0.00000E+00,-0.00000E+00, 5.29538E-03,-4.51233E-05, 5.29538E-03,-4.51233E-05,
 1033, 4.14175E-02,-1.77584E-01, 4.16346E-02,-1.76699E-01, 0.00000E+00,-0.00000E+00, 5.29531E-03,-4.56794E-05, 5.29531E-03,-4.56794E-05,
 1034, 4.14175E-02,-1.77584E-01, 4.17414E-02,-1.76705E-01, 0.00000E+00,-0.00000E+00, 5.29517E-03,-4.62322E-05, 5.29517E-03,-4.62322E-05,
 1035, 4.14175E-02,-1.77584E-01, 4.18475E-02,-1.76710E-01, 0.00000E+00,-0.00000E+00, 5.29497E-03,-4.67816E-05, 5.29497E-03,-4.67816E-05,
 1036, 4.16092E-02,-1.77584E-01, 4.19542E-02,-1.76715E-01, 0.00000E+00,-0.00000E+00, 5.29482E-03,-4.73278E-05, 5.29482E-03,-4.73278E-05,
 1037, 4.17051E-02,-1.77584E-01, 4.20607E-02,-1.76720E-01, 0.00000E+00,-0.00000E+00, 5.29467E-03,-4.78706E-05, 5.29467E-03,-4.78706E-05,
 1038, 4.18010E-02,-1.77584E-01, 4.21672E-02,-1.76726E-01, 0.00000E+00,-0.00000E+00, 5.29450E-03,-4.84101E-05, 5.29450E-03,-4.84101E-05,
 1039, 4.19927E-02,-1.77584E-01, 4.22741E-02,-1.76731E-01, 0.00000E+00,-0.00000E+00, 5.29440E-03,-4.89463E-05, 5.29440E-03,-4.89463E-05,
 1040, 4.19927E-02,-1.77584E-01, 4.23805E-02,-1.76736E-01, 0.00000E+00,-0.00000E+00, 5.29422E-03,-4.94792E-05, 5.29422E-03,-4.94792E-05,
 1041, 4.20886E-02,-1.77584E-01, 4.24869E-02,-1.76741E-01, 0.00000E+00,-0.00000E+00, 5.29404E-03,-5.00088E-05, 5.29404E-03,-5.00088E-05,
 1042, 4.22803E-02,-1.77584E-01, 4.25936E-02,-1.76747E-01, 0.00000E+00,-0.00000E+00, 5.29391E-03,-5.05352E-05, 5.29391E-03,-5.05352E-05,
 1043, 4.23762E-02,-1.77584E-01, 4.27003E-02,-1.76752E-01, 0.00000E+00,-0.00000E+00, 5.29377E-03,-5.10583E-05, 5.29377E-03,-5.10583E-05,
 1044, 4.24721E-02,-1.77584E-01, 4.28070E-02,-1.76757E-01, 0.00000E+00,-0.00000E+00, 5.29363E-03,-5.15782E-05, 5.29363E-03,-5.15782E-05,
 1045, 4.24721E-02,-1.77584E-01, 4.29131E-02,-1.76762E-01, 0.00000E+00,-0.00000E+00, 5.29342E-03,-5.20948E-05, 5.29342E-03,-5.20948E-05,
 1046, 4.26638E-02,-1.77584E-01, 4.30196E-02,-1.76767E-01, 0.00000E+00,-0.00000E+00, 5.29326E-03,-5.26082E-05, 5.29326E-03,-5.26082E-05,
 1047, 4.26638E-02,-1.77584E-01, 4.31256E-02,-1.76773E-01, 0.00000E+00,-0.00000E+00, 5.29304E-03,-5.31184E-05, 5.29304E-03,-5.31184E-05,
 1048, 4.28556E-02,-1.77584E-01, 4.32320E-02,-1.76778E-01, 0.00000E+00,-0.00000E+00, 5.29287E-03,-5.36253E-05, 5.29287E-03,-5.36253E-05,
 1049, 4.29514E-02,-1.77584E-01, 4.33384E-02,-1.76783E-01, 0.00000E+00,-0.00000E+00, 5.29270E-03,-5.41291E-05, 5.29270E-03,-5.41291E-05,
 1050, 4.30473E-02,-1.77584E-01, 4.34447E-02,-1.76788E-01, 0.00000E+00,-0.00000E+00, 5.29251E-03,-5.46296E-05, 5.29251E-03,-5.46296E-05,
 1051, 4.31432E-02,-1.77584E-01, 4.35509E-02,-1.76793E-01, 0.00000E+00,-0.00000E+00, 5.29232E-03,-5.51270E-05, 5.29232E-03,-5.51270E-05,
 1052, 4.32391E-02,-1.77680E-01, 4.36571E-02,-1.76798E-01, 0.00000E+00,-0.00000E+00, 5.29213E-03,-5.56811E-05, 5.29213E-03,-5.56811E-05,
 1053, 4.33349E-02,-1.77680E-01, 4.37632E-02,-1.76804E-01, 0.00000E+00,-0.00000E+00, 5.29193E-03,-5.62318E-05, 5.29193E-03,-5.62318E-05,
 1054, 4.33349E-02,-1.77680E-01, 4.38688E-02,-1.76810E-01, 0.00000E+00,-0.00000E+00, 5.29166E-03,-5.67790E-05, 5.29166E-03,-5.67790E-05,
 1055, 4.34308E-02,-1.77680E-01, 4.39744E-02,-1.76815E-01, 0.00000E+00,-0.00000E+00, 5.29139E-03,-5.73227E-05, 5.29139E-03,-5.73227E-05,
 1056, 4.36226E-02,-1.77680E-01, 4.40804E-02,-1.76820E-01, 0.00000E+00,-0.00000E+00, 5.29117E-03,-5.78631E-05, 5.29117E-03,-5.78631E-05,
 1057, 4.37184E-02,-1.77680E-01, 4.41863E-02,-1.76826E-01, 0.00000E+00,-0.00000E+00, 5.29094E-03,-5.84000E-05, 5.29094E-03,-5.84000E-05,
 1058, 4.38143E-02,-1.77680E-01, 4.42921E-02,-1.76831E-01, 0.00000E+00,-0.00000E+00, 5.29071E-03,-5.89335E-05, 5.29071E-03,-5.89335E-05,
 1059, 4.39102E-02,-1.77680E-01, 4.43980E-02,-1.76837E-01, 0.00000E+00,-0.00000E+00, 5.29047E-03,-5.94636E-05, 5.29047E-03,-5.94636E-05,
 1060, 4.40060E-02,-1.77680E-01, 4.45037E-02,-1.76842E-01, 0.00000E+00,-0.00000E+00, 5.29022E-03,-5.99903E-05, 5.29022E-03,-5.99903E-05,
 1061, 4.41019E-02,-1.77680E-01, 4.46094E-02,-1.76848E-01, 0.00000E+00,-0.00000E+00, 5.28997E-03,-6.05137E-05, 5.28997E-03,-6.05137E-05,
 1062, 4.42937E-02,-1.77680E-01, 4.47155E-02,-1.76853E-01, 0.00000E+00,-0.00000E+00, 5.28977E-03,-6.10336E-05, 5.28977E-03,-6.10336E-05,
 1063, 4.42937E-02,-1.77680E-01, 4.48211E-02,-1.76858E-01, 0.00000E+00,-0.00000E+00, 5.28951E-03,-6.15502E-05, 5.28951E-03,-6.15502E-05,
 1064, 4.43895E-02,-1.77680E-01, 4.49267E-02,-1.76864E-01, 0.00000E+00,-0.00000E+00, 5.28924E-03,-6.20635E-05, 5.28924E-03,-6.20635E-05,
 1065, 4.44854E-02,-1.77680E-01, 4.50321E-02,-1.76869E-01, 0.00000E+00,-0.00000E+00, 5.28896E-03,-6.25734E-05, 5.28896E-03,-6.25734E-05,
 1066, 4.45813E-02,-1.77680E-01, 4.51376E-02,-1.76874E-01, 0.00000E+00,-0.00000E+00, 5.28868E-03,-6.30800E-05, 5.28868E-03,-6.30800E-05,
 1067, 4.46772E-02,-1.77680E-01, 4.52430E-02,-1.76880E-01, 0.00000E+00,-0.00000E+00, 5.28839E-03,-6.35833E-05, 5.28839E-03,-6.35833E-05,
 1068, 4.48689E-02,-1.77680E-01, 4.53488E-02,-1.76885E-01, 0.00000E+00,-0.00000E+00, 5.28816E-03,-6.40833E-05, 5.28816E-03,-6.40833E-05,
 1069, 4.49648E-02,-1.77680E-01, 4.54545E-02,-1.76890E-01, 0.00000E+00,-0.00000E+00, 5.28792E-03,-6.45799E-05, 5.28792E-03,-6.45799E-05,
 1070, 4.50607E-02,-1.77680E-01, 4.55602E-02,-1.76895E-01, 0.00000E+00,-0.00000E+00, 5.28767E-03,-6.50733E-05, 5.28767E-03,-6.50733E-05,
 1071, 4.51565E-02,-1.77680E-01, 4.56658E-02,-1.76901E-01, 0.00000E+00,-0.00000E+00, 5.28742E-03,-6.55634E-05, 5.28742E-03,-6.55634E-05,
 1072, 4.51565E-02,-1.77680E-01, 4.57709E-02,-1.76906E-01, 0.00000E+00,-0.00000E+00, 5.28710E-03,-6.60503E-05, 5.28710E-03,-6.60503E-05,
 1073, 4.52524E-02,-1.77680E-01, 4.58760E-02,-1.76911E-01, 0.00000E+00,-0.00000E+00, 5.28678E-03,-6.65339E-05, 5.28678E-03,-6.65339E-05,
 1074, 4.53483E-02,-1.77775E-01, 4.59810E-02,-1.76917E-01, 0.00000E+00,-0.00000E+00, 5.28645E-03,-6.70741E-05, 5.28645E-03,-6.70741E-05,
 1075, 4.55400E-02,-1.77775E-01, 4.60864E-02,-1.76922E-01, 0.00000E+00,-0.00000E+00, 5.28617E-03,-6.76109E-05, 5.28617E-03,-6.76109E-05,
 1076, 4.56359E-02,-1.77775E-01, 4.61918E-02,-1.76928E-01, 0.00000E+00,-0.00000E+00, 5.28589E-03,-6.81441E-05, 5.28589E-03,-6.81441E-05,
 1077, 4.57318E-02,-1.77775E-01, 4.62971E-02,-1.76933E-01, 0.00000E+00,-0.00000E+00, 5.28560E-03,-6.86738E-05, 5.28560E-03,-6.86738E-05,
 1078, 4.58276E-02,-1.77775E-01, 4.64024E-02,-1.76939E-01, 0.00000E+00,-0.00000E+00, 5.28531E-03,-6.92000E-05, 5.28531E-03,-6.92000E-05,
 1079, 4.59235E-02,-1.77775E-01, 4.65076E-02,-1.76945E-01, 0.00000E+00,-0.00000E+00, 5.28501E-03,-6.97226E-05, 5.28501E-03,-6.97226E-05,
 1080, 4.60194E-02,-1.77775E-01, 4.66128E-02,-1.76950E-01, 0.00000E+00,-0.00000E+00, 5.28470E-03,-7.02419E-05, 5.28470E-03,-7.02419E-05,
 1081, 4.60194E-02,-1.77775E-01, 4.67174E-02,-1.76956E-01, 0.00000E+00,-0.00000E+00, 5.28433E-03,-7.07576E-05, 5.28433E-03,-7.07576E-05,
 1082, 4.62111E-02,-1.77775E-01, 4.68224E-02,-1.76961E-01, 0.00000E+00,-0.00000E+00, 5.28402E-03,-7.12699E-05, 5.28402E-03,-7.12699E-05,
 1083, 4.63070E-02,-1.77775E-01, 4.69275E-02,-1.76967E-01, 0.00000E+00,-0.00000E+00, 5.28369E-03,-7.17787E-05, 5.28369E-03,-7.17787E-05,
 1084, 4.63070E-02,-1.77775E-01, 4.70319E-02,-1.76972E-01, 0.00000E+00,-0.00000E+00, 5.28331E-03,-7.22842E-05, 5.28331E-03,-7.22842E-05,
 1085, 4.64988E-02,-1.77775E-01, 4.71368E-02,-1.76978E-01, 0.00000E+00,-0.00000E+00, 5.28297E-03,-7.27861E-05, 5.28297E-03,-7.27861E-05,
 1086, 4.65946E-02,-1.77775E-01, 4.72417E-02,-1.76983E-01, 0.00000E+00,-0.00000E+00, 5.28263E-03,-7.32847E-05, 5.28263E-03,-7.32847E-05,
 1087, 4.66905E-02,-1.77775E-01, 4.73465E-02,-1.76989E-01, 0.00000E+00,-0.00000E+00, 5.28229E-03,-7.37798E-05, 5.28229E-03,-7.37798E-05,
 1088, 4.68823E-02,-1.77775E-01, 4.74517E-02,-1.76994E-01, 0.00000E+00,-0.00000E+00, 5.28200E-03,-7.42716E-05, 5.28200E-03,-7.42716E-05,
 1089, 4.69781E-02,-1.77775E-01, 4.75569E-02,-1.76999E-01, 0.00000E+00,-0.00000E+00, 5.28170E-03,-7.47600E-05, 5.28170E-03,-7.47600E-05,
 1090, 4.69781E-02,-1.77775E-01, 4.76615E-02,-1.77005E-01, 0.00000E+00,-0.00000E+00, 5.28134E-03,-7.52450E-05, 5.28134E-03,-7.52450E-05,
 1091, 4.69781E-02,-1.77775E-01, 4.77656E-02,-1.77010E-01, 0.00000E+00,-0.00000E+00, 5.28091E-03,-7.57266E-05, 5.28091E-03,-7.57266E-05,
 1092, 4.71699E-02,-1.77775E-01, 4.78702E-02,-1.77015E-01, 0.00000E+00,-0.00000E+00, 5.28054E-03,-7.62049E-05, 5.28054E-03,-7.62049E-05,
 1093, 4.72658E-02,-1.77775E-01, 4.79747E-02,-1.77021E-01, 0.00000E+00,-0.00000E+00, 5.28016E-03,-7.66799E-05, 5.28016E-03,-7.66799E-05,
 1094, 4.73616E-02,-1.77775E-01, 4.80791E-02,-1.77026E-01, 0.00000E+00,-0.00000E+00, 5.27978E-03,-7.71515E-05, 5.27978E-03,-7.71515E-05,
 1095, 4.75534E-02,-1.77871E-01, 4.81840E-02,-1.77032E-01, 0.00000E+00,-0.00000E+00, 5.27945E-03,-7.76797E-05, 5.27945E-03,-7.76797E-05,
 1096, 4.75534E-02,-1.77871E-01, 4.82883E-02,-1.77038E-01, 0.00000E+00,-0.00000E+00, 5.27906E-03,-7.82044E-05, 5.27906E-03,-7.82044E-05,
 1097, 4.76493E-02,-1.77871E-01, 4.83926E-02,-1.77043E-01, 0.00000E+00,-0.00000E+00, 5.27866E-03,-7.87254E-05, 5.27866E-03,-7.87254E-05,
 1098, 4.78410E-02,-1.77871E-01, 4.84973E-02,-1.77049E-01, 0.00000E+00,-0.00000E+00, 5.27831E-03,-7.92429E-05, 5.27831E-03,-7.92429E-05,
 1099, 4.79369E-02,-1.77871E-01, 4.86020E-02,-1.77055E-01, 0.00000E+00,-0.00000E+00, 5.27796E-03,-7.97567E-05, 5.27796E-03,-7.97567E-05,
 1100, 4.80327E-02,-1.77871E-01, 4.87066E-02,-1.77060E-01, 0.00000E+00,-0.00000E+00, 5.27760E-03,-8.02670E-05, 5.27760E-03,-8.02670E-05,
 1101, 4.80327E-02,-1.77871E-01, 4.88107E-02,-1.77066E-01, 0.00000E+00,-0.00000E+00, 5.27718E-03,-8.07738E-05, 5.27718E-03,-8.07738E-05,
 1102, 4.82245E-02,-1.77871E-01, 4.89152E-02,-1.77072E-01, 0.00000E+00,-0.00000E+00, 5.27682E-03,-8.12770E-05, 5.27682E-03,-8.12770E-05,
 1103, 4.82245E-02,-1.77871E-01, 4.90192E-02,-1.77077E-01, 0.00000E+00,-0.00000E+00, 5.27638E-03,-8.17767E-05, 5.27638E-03,-8.17767E-05,
 1104, 4.83204E-02,-1.77871E-01, 4.91231E-02,-1.77083E-01, 0.00000E+00,-0.00000E+00, 5.27595E-03,-8.22729E-05, 5.27595E-03,-8.22729E-05,
 1105, 4.85121E-02,-1.77871E-01, 4.92275E-02,-1.77089E-01, 0.00000E+00,-0.00000E+00, 5.27557E-03,-8.27656E-05, 5.27557E-03,-8.27656E-05,
 1106, 4.86080E-02,-1.77871E-01, 4.93318E-02,-1.77094E-01, 0.00000E+00,-0.00000E+00, 5.27518E-03,-8.32548E-05, 5.27518E-03,-8.32548E-05,
 1107, 4.87039E-02,-1.77871E-01, 4.94361E-02,-1.77100E-01, 0.00000E+00,-0.00000E+00, 5.27479E-03,-8.37405E-05, 5.27479E-03,-8.37405E-05,
 1108, 4.87997E-02,-1.77871E-01, 4.95403E-02,-1.77105E-01, 0.00000E+00,-0.00000E+00, 5.27439E-03,-8.42227E-05, 5.27439E-03,-8.42227E-05,
 1109, 4.88956E-02,-1.77871E-01, 4.96444E-02,-1.77111E-01, 0.00000E+00,-0.00000E+00, 5.27398E-03,-8.47015E-05, 5.27398E-03,-8.47015E-05,
 1110, 4.89915E-02,-1.77871E-01, 4.97485E-02,-1.77116E-01, 0.00000E+00,-0.00000E+00, 5.27358E-03,-8.51768E-05, 5.27358E-03,-8.51768E-05,
 1111, 4.91832E-02,-1.77871E-01, 4.98531E-02,-1.77122E-01, 0.00000E+00,-0.00000E+00, 5.27322E-03,-8.56487E-05, 5.27322E-03,-8.56487E-05,
 1112, 4.91832E-02,-1.77871E-01, 4.99571E-02,-1.77127E-01, 0.00000E+00,-0.00000E+00, 5.27280E-03,-8.61171E-05, 5.27280E-03,-8.61171E-05,
 1113, 4.92791E-02,-1.77871E-01, 5.00611E-02,-1.77133E-01, 0.00000E+00,-0.00000E+00, 5.27238E-03,-8.65822E-05, 5.27238E-03,-8.65822E-05,
 1114, 4.93750E-02,-1.77871E-01, 5.01650E-02,-1.77138E-01, 0.00000E+00,-0.00000E+00, 5.27195E-03,-8.70438E-05, 5.27195E-03,-8.70438E-05,
 1115, 4.94708E-02,-1.77871E-01, 5.02689E-02,-1.77143E-01, 0.00000E+00,-0.00000E+00, 5.27152E-03,-8.75021E-05, 5.27152E-03,-8.75021E-05,
 1116, 4.95667E-02,-1.77967E-01, 5.03727E-02,-1.77149E-01, 0.00000E+00,-0.00000E+00, 5.27108E-03,-8.80169E-05, 5.27108E-03,-8.80169E-05,
 1117, 4.96626E-02,-1.77967E-01, 5.04764E-02,-1.77155E-01, 0.00000E+00,-0.00000E+00, 5.27063E-03,-8.85280E-05, 5.27063E-03,-8.85280E-05,
 1118, 4.98543E-02,-1.77967E-01, 5.05807E-02,-1.77161E-01, 0.00000E+00,-0.00000E+00, 5.27024E-03,-8.90355E-05, 5.27024E-03,-8.90355E-05,
 1119, 4.99502E-02,-1.77967E-01, 5.06848E-02,-1.77167E-01, 0.00000E+00,-0.00000E+00, 5.26985E-03,-8.95393E-05, 5.26985E-03,-8.95393E-05,
 1120, 5.00461E-02,-1.77967E-01, 5.07889E-02,-1.77173E-01, 0.00000E+00,-0.00000E+00, 5.26945E-03,-9.00395E-05, 5.26945E-03,-9.00395E-05,
 1121, 5.01420E-02,-1.77967E-01, 5.08930E-02,-1.77178E-01, 0.00000E+00,-0.00000E+00, 5.26905E-03,-9.05361E-05, 5.26905E-03,-9.05361E-05,
 1122, 5.01420E-02,-1.77967E-01, 5.09965E-02,-1.77184E-01, 0.00000E+00,-0.00000E+00, 5.26858E-03,-9.10290E-05, 5.26858E-03,-9.10290E-05,
 1123, 5.02378E-02,-1.77967E-01, 5.11000E-02,-1.77190E-01, 0.00000E+00,-0.00000E+00, 5.26810E-03,-9.15184E-05, 5.26810E-03,-9.15184E-05,
 1124, 5.03337E-02,-1.77967E-01, 5.12034E-02,-1.77196E-01, 0.00000E+00,-0.00000E+00, 5.26762E-03,-9.20041E-05, 5.26762E-03,-9.20041E-05,
 1125, 5.05255E-02,-1.77967E-01, 5.13073E-02,-1.77201E-01, 0.00000E+00,-0.00000E+00, 5.26720E-03,-9.24863E-05, 5.26720E-03,-9.24863E-05,
 1126, 5.06213E-02,-1.77967E-01, 5.14111E-02,-1.77207E-01, 0.00000E+00,-0.00000E+00, 5.26677E-03,-9.29650E-05, 5.26677E-03,-9.29650E-05,
 1127, 5.06213E-02,-1.77967E-01, 5.15143E-02,-1.77213E-01, 0.00000E+00,-0.00000E+00, 5.26628E-03,-9.34401E-05, 5.26628E-03,-9.34401E-05,
 1128, 5.08131E-02,-1.77967E-01, 5.16181E-02,-1.77218E-01, 0.00000E+00,-0.00000E+00, 5.26584E-03,-9.39116E-05, 5.26584E-03,-9.39116E-05,
 1129, 5.09090E-02,-1.77967E-01, 5.17217E-02,-1.77224E-01, 0.00000E+00,-0.00000E+00, 5.26539E-03,-9.43796E-05, 5.26539E-03,-9.43796E-05,
 1130, 5.10048E-02,-1.77967E-01, 5.18254E-02,-1.77230E-01, 0.00000E+00,-0.00000E+00, 5.26495E-03,-9.48441E-05, 5.26495E-03,-9.48441E-05,
 1131, 5.10048E-02,-1.77967E-01, 5.19284E-02,-1.77235E-01, 0.00000E+00,-0.00000E+00, 5.26443E-03,-9.53051E-05, 5.26443E-03,-9.53051E-05,
 1132, 5.11966E-02,-1.77967E-01, 5.20320E-02,-1.77241E-01, 0.00000E+00,-0.00000E+00, 5.26397E-03,-9.57626E-05, 5.26397E-03,-9.57626E-05,
 1133, 5.12925E-02,-1.77967E-01, 5.21355E-02,-1.77246E-01, 0.00000E+00,-0.00000E+00, 5.26351E-03,-9.62166E-05, 5.26351E-03,-9.62166E-05,
 1134, 5.12925E-02,-1.77967E-01, 5.22384E-02,-1.77252E-01, 0.00000E+00,-0.00000E+00, 5.26299E-03,-9.66672E-05, 5.26299E-03,-9.66672E-05,
 1135, 5.14842E-02,-1.77967E-01, 5.23418E-02,-1.77257E-01, 0.00000E+00,-0.00000E+00, 5.26251E-03,-9.71143E-05, 5.26251E-03,-9.71143E-05,
 1136, 5.15801E-02,-1.77967E-01, 5.24451E-02,-1.77263E-01, 0.00000E+00,-0.00000E+00, 5.26204E-03,-9.75580E-05, 5.26204E-03,-9.75580E-05,
 1137, 5.17718E-02,-1.78063E-01, 5.25489E-02,-1.77269E-01, 0.00000E+00,-0.00000E+00, 5.26162E-03,-9.80581E-05, 5.26162E-03,-9.80581E-05,
 1138, 5.18677E-02,-1.78063E-01, 5.26526E-02,-1.77275E-01, 0.00000E+00,-0.00000E+00, 5.26119E-03,-9.85545E-05, 5.26119E-03,-9.85545E-05,
 1139, 5.18677E-02,-1.78063E-01, 5.27558E-02,-1.77281E-01, 0.00000E+00,-0.00000E+00, 5.26070E-03,-9.90472E-05, 5.26070E-03,-9.90472E-05,
 1140, 5.19636E-02,-1.78063E-01, 5.28590E-02,-1.77287E-01, 0.00000E+00,-0.00000E+00, 5.26020E-03,-9.95363E-05, 5.26020E-03,-9.95363E-05,
 1141, 5.19636E-02,-1.78063E-01, 5.29616E-02,-1.77292E-01, 0.00000E+00,-0.00000E+00, 5.25964E-03,-1.00022E-04, 5.25964E-03,-1.00022E-04,
 1142, 5.21553E-02,-1.78063E-01, 5.30646E-02,-1.77298E-01, 0.00000E+00,-0.00000E+00, 5.25914E-03,-1.00503E-04, 5.25914E-03,-1.00503E-04,
 1143, 5.22512E-02,-1.78063E-01, 5.31677E-02,-1.77304E-01, 0.00000E+00,-0.00000E+00, 5.25863E-03,-1.00981E-04, 5.25863E-03,-1.00981E-04,
 1144, 5.24429E-02,-1.78063E-01, 5.32711E-02,-1.77310E-01, 0.00000E+00,-0.00000E+00, 5.25818E-03,-1.01456E-04, 5.25818E-03,-1.01456E-04,
 1145, 5.24429E-02,-1.78063E-01, 5.33740E-02,-1.77316E-01, 0.00000E+00,-0.00000E+00, 5.25766E-03,-1.01926E-04, 5.25766E-03,-1.01926E-04,
 1146, 5.25388E-02,-1.78063E-01, 5.34769E-02,-1.77321E-01, 0.00000E+00,-0.00000E+00, 5.25714E-03,-1.02393E-04, 5.25714E-03,-1.02393E-04,
 1147, 5.27306E-02,-1.78063E-01, 5.35802E-02,-1.77327E-01, 0.00000E+00,-0.00000E+00, 5.25667E-03,-1.02857E-04, 5.25667E-03,-1.02857E-04,
 1148, 5.28264E-02,-1.78063E-01, 5.36835E-02,-1.77333E-01, 0.00000E+00,-0.00000E+00, 5.25620E-03,-1.03317E-04, 5.25620E-03,-1.03317E-04,
 1149, 5.29223E-02,-1.78063E-01, 5.37867E-02,-1.77339E-01, 0.00000E+00,-0.00000E+00, 5.25572E-03,-1.03773E-04, 5.25572E-03,-1.03773E-04,
 1150, 5.30182E-02,-1.78063E-01, 5.38898E-02,-1.77344E-01, 0.00000E+00,-0.00000E+00, 5.25524E-03,-1.04226E-04, 5.25524E-03,-1.04226E-04,
 1151, 5.30182E-02,-1.78063E-01, 5.39925E-02,-1.77350E-01, 0.00000E+00,-0.00000E+00, 5.25470E-03,-1.04675E-04, 5.25470E-03,-1.04675E-04,
 1152, 5.31141E-02,-1.78063E-01, 5.40951E-02,-1.77356E-01, 0.00000E+00,-0.00000E+00, 5.25415E-03,-1.05121E-04, 5.25415E-03,-1.05121E-04,
 1153, 5.32099E-02,-1.78063E-01, 5.41976E-02,-1.77361E-01, 0.00000E+00,-0.00000E+00, 5.25360E-03,-1.05563E-04, 5.25360E-03,-1.05563E-04,
 1154, 5.34017E-02,-1.78063E-01, 5.43006E-02,-1.77367E-01, 0.00000E+00,-0.00000E+00, 5.25310E-03,-1.06001E-04, 5.25310E-03,-1.06001E-04,
 1155, 5.34976E-02,-1.78063E-01, 5.44036E-02,-1.77373E-01, 0.00000E+00,-0.00000E+00, 5.25260E-03,-1.06436E-04, 5.25260E-03,-1.06436E-04,
 1156, 5.35934E-02,-1.78063E-01, 5.45065E-02,-1.77378E-01, 0.00000E+00,-0.00000E+00, 5.25209E-03,-1.06868E-04, 5.25209E-03,-1.06868E-04,
 1157, 5.36893E-02,-1.78063E-01, 5.46093E-02,-1.77384E-01, 0.00000E+00,-0.00000E+00, 5.25158E-03,-1.07296E-04, 5.25158E-03,-1.07296E-04,
 1158, 5.37852E-02,-1.78063E-01, 5.47121E-02,-1.77389E-01, 0.00000E+00,-0.00000E+00, 5.25106E-03,-1.07720E-04, 5.25106E-03,-1.07720E-04,
 1159, 5.38810E-02,-1.78159E-01, 5.48149E-02,-1.77395E-01, 0.00000E+00,-0.00000E+00, 5.25054E-03,-1.08201E-04, 5.25054E-03,-1.08201E-04,
 1160, 5.39769E-02,-1.78159E-01, 5.49176E-02,-1.77401E-01, 0.00000E+00,-0.00000E+00, 5.25002E-03,-1.08679E-04, 5.25002E-03,-1.08679E-04,
 1161, 5.39769E-02,-1.78159E-01, 5.50198E-02,-1.77407E-01, 0.00000E+00,-0.00000E+00, 5.24943E-03,-1.09152E-04, 5.24943E-03,-1.09152E-04,
 1162, 5.41687E-02,-1.78159E-01, 5.51224E-02,-1.77413E-01, 0.00000E+00,-0.00000E+00, 5.24890E-03,-1.09622E-04, 5.24890E-03,-1.09622E-04,
 1163, 5.42645E-02,-1.78159E-01, 5.52250E-02,-1.77419E-01, 0.00000E+00,-0.00000E+00, 5.24836E-03,-1.10088E-04, 5.24836E-03,-1.10088E-04,
 1164, 5.43604E-02,-1.78159E-01, 5.53275E-02,-1.77425E-01, 0.00000E+00,-0.00000E+00, 5.24782E-03,-1.10550E-04, 5.24782E-03,-1.10550E-04,
 1165, 5.44563E-02,-1.78159E-01, 5.54300E-02,-1.77431E-01, 0.00000E+00,-0.00000E+00, 5.24728E-03,-1.11009E-04, 5.24728E-03,-1.11009E-04,
 1166, 5.45522E-02,-1.78159E-01, 5.55325E-02,-1.77437E-01, 0.00000E+00,-0.00000E+00, 5.24673E-03,-1.11464E-04, 5.24673E-03,-1.11464E-04,
 1167, 5.46480E-02,-1.78159E-01, 5.56349E-02,-1.77443E-01, 0.00000E+00,-0.00000E+00, 5.24618E-03,-1.11916E-04, 5.24618E-03,-1.11916E-04,
 1168, 5.48398E-02,-1.78159E-01, 5.57377E-02,-1.77448E-01, 0.00000E+00,-0.00000E+00, 5.24568E-03,-1.12363E-04, 5.24568E-03,-1.12363E-04,
 1169, 5.49357E-02,-1.78159E-01, 5.58405E-02,-1.77454E-01, 0.00000E+00,-0.00000E+00, 5.24518E-03,-1.12807E-04, 5.24518E-03,-1.12807E-04,
 1170, 5.49357E-02,-1.78159E-01, 5.59428E-02,-1.77460E-01, 0.00000E+00,-0.00000E+00, 5.24461E-03,-1.13248E-04, 5.24461E-03,-1.13248E-04,
 1171, 5.51274E-02,-1.78159E-01, 5.60455E-02,-1.77466E-01, 0.00000E+00,-0.00000E+00, 5.24410E-03,-1.13685E-04, 5.24410E-03,-1.13685E-04,
 1172, 5.51274E-02,-1.78159E-01, 5.61477E-02,-1.77471E-01, 0.00000E+00,-0.00000E+00, 5.24353E-03,-1.14118E-04, 5.24353E-03,-1.14118E-04,
 1173, 5.52233E-02,-1.78159E-01, 5.62498E-02,-1.77477E-01, 0.00000E+00,-0.00000E+00, 5.24295E-03,-1.14547E-04, 5.24295E-03,-1.14547E-04,
 1174, 5.53192E-02,-1.78159E-01, 5.63519E-02,-1.77483E-01, 0.00000E+00,-0.00000E+00, 5.24237E-03,-1.14974E-04, 5.24237E-03,-1.14974E-04,
 1175, 5.55109E-02,-1.78159E-01, 5.64544E-02,-1.77489E-01, 0.00000E+00,-0.00000E+00, 5.24184E-03,-1.15396E-04, 5.24184E-03,-1.15396E-04,
 1176, 5.56068E-02,-1.78159E-01, 5.65569E-02,-1.77494E-01, 0.00000E+00,-0.00000E+00, 5.24131E-03,-1.15815E-04, 5.24131E-03,-1.15815E-04,
 1177, 5.57026E-02,-1.78159E-01, 5.66594E-02,-1.77500E-01, 0.00000E+00,-0.00000E+00, 5.24078E-03,-1.16230E-04, 5.24078E-03,-1.16230E-04,
 1178, 5.57985E-02,-1.78159E-01, 5.67618E-02,-1.77506E-01, 0.00000E+00,-0.00000E+00, 5.24024E-03,-1.16642E-04, 5.24024E-03,-1.16642E-04,
 1179, 5.58944E-02,-1.78159E-01, 5.68641E-02,-1.77511E-01, 0.00000E+00,-0.00000E+00, 5.23970E-03,-1.17051E-04, 5.23970E-03,-1.17051E-04,
 1180, 5.60861E-02,-1.78255E-01, 5.69669E-02,-1.77517E-01, 0.00000E+00,-0.00000E+00, 5.23921E-03,-1.17515E-04, 5.23921E-03,-1.17515E-04,
 1181, 5.60861E-02,-1.78255E-01, 5.70692E-02,-1.77523E-01, 0.00000E+00,-0.00000E+00, 5.23866E-03,-1.17976E-04, 5.23866E-03,-1.17976E-04,
 1182, 5.61820E-02,-1.78255E-01, 5.71714E-02,-1.77529E-01, 0.00000E+00,-0.00000E+00, 5.23810E-03,-1.18434E-04, 5.23810E-03,-1.18434E-04,
 1183, 5.61820E-02,-1.78255E-01, 5.72731E-02,-1.77535E-01, 0.00000E+00,-0.00000E+00, 5.23749E-03,-1.18887E-04, 5.23749E-03,-1.18887E-04,
 1184, 5.62779E-02,-1.78255E-01, 5.73748E-02,-1.77541E-01, 0.00000E+00,-0.00000E+00, 5.23686E-03,-1.19337E-04, 5.23686E-03,-1.19337E-04,
 1185, 5.64696E-02,-1.78255E-01, 5.74769E-02,-1.77547E-01, 0.00000E+00,-0.00000E+00, 5.23630E-03,-1.19783E-04, 5.23630E-03,-1.19783E-04,
 1186, 5.65655E-02,-1.78255E-01, 5.75790E-02,-1.77553E-01, 0.00000E+00,-0.00000E+00, 5.23573E-03,-1.20225E-04, 5.23573E-03,-1.20225E-04,
 1187, 5.66614E-02,-1.78255E-01, 5.76810E-02,-1.77559E-01, 0.00000E+00,-0.00000E+00, 5.23515E-03,-1.20664E-04, 5.23515E-03,-1.20664E-04,
 1188, 5.67573E-02,-1.78255E-01, 5.77830E-02,-1.77565E-01, 0.00000E+00,-0.00000E+00, 5.23458E-03,-1.21098E-04, 5.23458E-03,-1.21098E-04,
 1189, 5.68531E-02,-1.78255E-01, 5.78849E-02,-1.77571E-01, 0.00000E+00,-0.00000E+00, 5.23400E-03,-1.21530E-04, 5.23400E-03,-1.21530E-04,
 1190, 5.69490E-02,-1.78255E-01, 5.79868E-02,-1.77577E-01, 0.00000E+00,-0.00000E+00, 5.23341E-03,-1.21957E-04, 5.23341E-03,-1.21957E-04,
 1191, 5.69490E-02,-1.78255E-01, 5.80881E-02,-1.77582E-01, 0.00000E+00,-0.00000E+00, 5.23276E-03,-1.22381E-04, 5.23276E-03,-1.22381E-04,
 1192, 5.71408E-02,-1.78255E-01, 5.81900E-02,-1.77588E-01, 0.00000E+00,-0.00000E+00, 5.23217E-03,-1.22801E-04, 5.23217E-03,-1.22801E-04,
 1193, 5.72366E-02,-1.78255E-01, 5.82917E-02,-1.77594E-01, 0.00000E+00,-0.00000E+00, 5.23157E-03,-1.23218E-04, 5.23157E-03,-1.23218E-04,
 1194, 5.73325E-02,-1.78255E-01, 5.83934E-02,-1.77600E-01, 0.00000E+00,-0.00000E+00, 5.23097E-03,-1.23631E-04, 5.23097E-03,-1.23631E-04,
 1195, 5.74284E-02,-1.78255E-01, 5.84951E-02,-1.77606E-01, 0.00000E+00,-0.00000E+00, 5.23037E-03,-1.24040E-04, 5.23037E-03,-1.24040E-04,
 1196, 5.75242E-02,-1.78255E-01, 5.85968E-02,-1.77611E-01, 0.00000E+00,-0.00000E+00, 5.22976E-03,-1.24446E-04, 5.22976E-03,-1.24446E-04,
 1197, 5.77160E-02,-1.78255E-01, 5.86988E-02,-1.77617E-01, 0.00000E+00,-0.00000E+00, 5.22921E-03,-1.24848E-04, 5.22921E-03,-1.24848E-04,
 1198, 5.78119E-02,-1.78255E-01, 5.88009E-02,-1.77623E-01, 0.00000E+00,-0.00000E+00, 5.22866E-03,-1.25247E-04, 5.22866E-03,-1.25247E-04,
 1199, 5.79077E-02,-1.78255E-01, 5.89029E-02,-1.77628E-01, 0.00000E+00,-0.00000E+00, 5.22810E-03,-1.25642E-04, 5.22810E-03,-1.25642E-04,
 1200, 5.80036E-02,-1.78255E-01, 5.90048E-02,-1.77634E-01, 0.00000E+00,-0.00000E+00, 5.22754E-03,-1.26033E-04, 5.22754E-03,-1.26033E-04,
 1201, 5.80036E-02,-1.78255E-01, 5.91063E-02,-1.77640E-01, 0.00000E+00,-0.00000E+00, 5.22691E-03,-1.26421E-04, 5.22691E-03,-1.26421E-04,
 1202, 5.80995E-02,-1.78255E-01, 5.92076E-02,-1.77645E-01, 0.00000E+00,-0.00000E+00, 5.22628E-03,-1.26806E-04, 5.22628E-03,-1.26806E-04,
 1203, 5.81954E-02,-1.78351E-01, 5.93090E-02,-1.77651E-01, 0.00000E+00,-0.00000E+00, 5.22565E-03,-1.27246E-04, 5.22565E-03,-1.27246E-04,
 1204, 5.82912E-02,-1.78351E-01, 5.94103E-02,-1.77657E-01, 0.00000E+00,-0.00000E+00, 5.22501E-03,-1.27683E-04, 5.22501E-03,-1.27683E-04,
 1205, 5.84830E-02,-1.78351E-01, 5.95121E-02,-1.77663E-01, 0.00000E+00,-0.00000E+00, 5.22443E-03,-1.28117E-04, 5.22443E-03,-1.28117E-04,
 1206, 5.85789E-02,-1.78351E-01, 5.96138E-02,-1.77669E-01, 0.00000E+00,-0.00000E+00, 5.22385E-03,-1.28546E-04, 5.22385E-03,-1.28546E-04,
 1207, 5.86747E-02,-1.78351E-01, 5.97154E-02,-1.77675E-01, 0.00000E+00,-0.00000E+00, 5.22326E-03,-1.28972E-04, 5.22326E-03,-1.28972E-04,
 1208, 5.87706E-02,-1.78351E-01, 5.98171E-02,-1.77681E-01, 0.00000E+00,-0.00000E+00, 5.22267E-03,-1.29394E-04, 5.22267E-03,-1.29394E-04,
 1209, 5.88665E-02,-1.78351E-01, 5.99187E-02,-1.77687E-01, 0.00000E+00,-0.00000E+00, 5.22208E-03,-1.29813E-04, 5.22208E-03,-1.29813E-04,
 1210, 5.89624E-02,-1.78351E-01, 6.00202E-02,-1.77693E-01, 0.00000E+00,-0.00000E+00, 5.22148E-03,-1.30227E-04, 5.22148E-03,-1.30227E-04,
 1211, 5.91541E-02,-1.78351E-01, 6.01222E-02,-1.77699E-01, 0.00000E+00,-0.00000E+00, 5.22094E-03,-1.30638E-04, 5.22094E-03,-1.30638E-04,
 1212, 5.91541E-02,-1.78351E-01, 6.02237E-02,-1.77705E-01, 0.00000E+00,-0.00000E+00, 5.22033E-03,-1.31045E-04, 5.22033E-03,-1.31045E-04,
 1213, 5.92500E-02,-1.78351E-01, 6.03251E-02,-1.77711E-01, 0.00000E+00,-0.00000E+00, 5.21972E-03,-1.31449E-04, 5.21972E-03,-1.31449E-04,
 1214, 5.92500E-02,-1.78351E-01, 6.04260E-02,-1.77717E-01, 0.00000E+00,-0.00000E+00, 5.21905E-03,-1.31849E-04, 5.21905E-03,-1.31849E-04,
 1215, 5.94417E-02,-1.78351E-01, 6.05273E-02,-1.77722E-01, 0.00000E+00,-0.00000E+00, 5.21844E-03,-1.32245E-04, 5.21844E-03,-1.32245E-04,
 1216, 5.95376E-02,-1.78351E-01, 6.06286E-02,-1.77728E-01, 0.00000E+00,-0.00000E+00, 5.21782E-03,-1.32638E-04, 5.21782E-03,-1.32638E-04,
 1217, 5.96335E-02,-1.78351E-01, 6.07299E-02,-1.77734E-01, 0.00000E+00,-0.00000E+00, 5.21720E-03,-1.33027E-04, 5.21720E-03,-1.33027E-04,
 1218, 5.98252E-02,-1.78351E-01, 6.08316E-02,-1.77740E-01, 0.00000E+00,-0.00000E+00, 5.21663E-03,-1.33412E-04, 5.21663E-03,-1.33412E-04,
 1219, 5.98252E-02,-1.78351E-01, 6.09328E-02,-1.77745E-01, 0.00000E+00,-0.00000E+00, 5.21600E-03,-1.33794E-04, 5.21600E-03,-1.33794E-04,
 1220, 5.99211E-02,-1.78351E-01, 6.10339E-02,-1.77751E-01, 0.00000E+00,-0.00000E+00, 5.21537E-03,-1.34172E-04, 5.21537E-03,-1.34172E-04,
 1221, 6.01128E-02,-1.78351E-01, 6.11355E-02,-1.77757E-01, 0.00000E+00,-0.00000E+00, 5.21479E-03,-1.34547E-04, 5.21479E-03,-1.34547E-04,
 1222, 6.01128E-02,-1.78351E-01, 6.12366E-02,-1.77762E-01, 0.00000E+00,-0.00000E+00, 5.21415E-03,-1.34918E-04, 5.21415E-03,-1.34918E-04,
 1223, 6.02087E-02,-1.78351E-01, 6.13376E-02,-1.77768E-01, 0.00000E+00,-0.00000E+00, 5.21351E-03,-1.35286E-04, 5.21351E-03,-1.35286E-04,
 1224, 6.03046E-02,-1.78447E-01, 6.14386E-02,-1.77774E-01, 0.00000E+00,-0.00000E+00, 5.21286E-03,-1.35710E-04, 5.21286E-03,-1.35710E-04,
 1225, 6.04963E-02,-1.78447E-01, 6.15400E-02,-1.77780E-01, 0.00000E+00,-0.00000E+00, 5.21227E-03,-1.36130E-04, 5.21227E-03,-1.36130E-04,
 1226, 6.04963E-02,-1.78447E-01, 6.16410E-02,-1.77786E-01, 0.00000E+00,-0.00000E+00, 5.21162E-03,-1.36546E-04, 5.21162E-03,-1.36546E-04,
 1227, 6.05922E-02,-1.78447E-01, 6.17418E-02,-1.77792E-01, 0.00000E+00,-0.00000E+00, 5.21097E-03,-1.36959E-04, 5.21097E-03,-1.36959E-04,
 1228, 6.07840E-02,-1.78447E-01, 6.18431E-02,-1.77798E-01, 0.00000E+00,-0.00000E+00, 5.21037E-03,-1.37368E-04, 5.21037E-03,-1.37368E-04,
 1229, 6.08798E-02,-1.78447E-01, 6.19444E-02,-1.77804E-01, 0.00000E+00,-0.00000E+00, 5.20977E-03,-1.37773E-04, 5.20977E-03,-1.37773E-04,
 1230, 6.09757E-02,-1.78447E-01, 6.20457E-02,-1.77810E-01, 0.00000E+00,-0.00000E+00, 5.20916E-03,-1.38174E-04, 5.20916E-03,-1.38174E-04,
 1231, 6.10716E-02,-1.78447E-01, 6.21469E-02,-1.77816E-01, 0.00000E+00,-0.00000E+00, 5.20855E-03,-1.38572E-04, 5.20855E-03,-1.38572E-04,
 1232, 6.10716E-02,-1.78447E-01, 6.22475E-02,-1.77822E-01, 0.00000E+00,-0.00000E+00, 5.20788E-03,-1.38966E-04, 5.20788E-03,-1.38966E-04,
 1233, 6.11675E-02,-1.78447E-01, 6.23482E-02,-1.77828E-01, 0.00000E+00,-0.00000E+00, 5.20720E-03,-1.39356E-04, 5.20720E-03,-1.39356E-04,
 1234, 6.12633E-02,-1.78447E-01, 6.24488E-02,-1.77834E-01, 0.00000E+00,-0.00000E+00, 5.20652E-03,-1.39743E-04, 5.20652E-03,-1.39743E-04,
 1235, 6.14551E-02,-1.78447E-01, 6.25498E-02,-1.77840E-01, 0.00000E+00,-0.00000E+00, 5.20590E-03,-1.40125E-04, 5.20590E-03,-1.40125E-04,
 1236, 6.15510E-02,-1.78447E-01, 6.26508E-02,-1.77846E-01, 0.00000E+00,-0.00000E+00, 5.20528E-03,-1.40505E-04, 5.20528E-03,-1.40505E-04,
 1237, 6.16468E-02,-1.78447E-01, 6.27518E-02,-1.77851E-01, 0.00000E+00,-0.00000E+00, 5.20465E-03,-1.40880E-04, 5.20465E-03,-1.40880E-04,
 1238, 6.17427E-02,-1.78447E-01, 6.28527E-02,-1.77857E-01, 0.00000E+00,-0.00000E+00, 5.20402E-03,-1.41252E-04, 5.20402E-03,-1.41252E-04,
 1239, 6.18386E-02,-1.78447E-01, 6.29536E-02,-1.77863E-01, 0.00000E+00,-0.00000E+00, 5.20339E-03,-1.41620E-04, 5.20339E-03,-1.41620E-04,
 1240, 6.19344E-02,-1.78447E-01, 6.30544E-02,-1.77869E-01, 0.00000E+00,-0.00000E+00, 5.20275E-03,-1.41985E-04, 5.20275E-03,-1.41985E-04,
 1241, 6.19344E-02,-1.78447E-01, 6.31548E-02,-1.77875E-01, 0.00000E+00,-0.00000E+00, 5.20205E-03,-1.42346E-04, 5.20205E-03,-1.42346E-04,
 1242, 6.21262E-02,-1.78447E-01, 6.32556E-02,-1.77880E-01, 0.00000E+00,-0.00000E+00, 5.20141E-03,-1.42704E-04, 5.20141E-03,-1.42704E-04,
 1243, 6.22221E-02,-1.78447E-01, 6.33563E-02,-1.77886E-01, 0.00000E+00,-0.00000E+00, 5.20076E-03,-1.43058E-04, 5.20076E-03,-1.43058E-04,
 1244, 6.23179E-02,-1.78447E-01, 6.34570E-02,-1.77892E-01, 0.00000E+00,-0.00000E+00, 5.20011E-03,-1.43408E-04, 5.20011E-03,-1.43408E-04,
 1245, 6.24138E-02,-1.78542E-01, 6.35577E-02,-1.77898E-01, 0.00000E+00,-0.00000E+00, 5.19946E-03,-1.43815E-04, 5.19946E-03,-1.43815E-04,
 1246, 6.25097E-02,-1.78542E-01, 6.36583E-02,-1.77904E-01, 0.00000E+00,-0.00000E+00, 5.19880E-03,-1.44218E-04, 5.19880E-03,-1.44218E-04,
 1247, 6.27014E-02,-1.78542E-01, 6.37594E-02,-1.77910E-01, 0.00000E+00,-0.00000E+00, 5.19820E-03,-1.44617E-04, 5.19820E-03,-1.44617E-04,
 1248, 6.27973E-02,-1.78542E-01, 6.38604E-02,-1.77916E-01, 0.00000E+00,-0.00000E+00, 5.19760E-03,-1.45012E-04, 5.19760E-03,-1.45012E-04,
 1249, 6.28932E-02,-1.78542E-01, 6.39614E-02,-1.77922E-01, 0.00000E+00,-0.00000E+00, 5.19700E-03,-1.45404E-04, 5.19700E-03,-1.45404E-04,
 1250, 6.29890E-02,-1.78542E-01, 6.40623E-02,-1.77928E-01, 0.00000E+00,-0.00000E+00, 5.19639E-03,-1.45791E-04, 5.19639E-03,-1.45791E-04,
 1251, 6.29890E-02,-1.78542E-01, 6.41628E-02,-1.77934E-01, 0.00000E+00,-0.00000E+00, 5.19572E-03,-1.46175E-04, 5.19572E-03,-1.46175E-04,
 1252, 6.30849E-02,-1.78542E-01, 6.42632E-02,-1.77940E-01, 0.00000E+00,-0.00000E+00, 5.19504E-03,-1.46556E-04, 5.19504E-03,-1.46556E-04,
 1253, 6.31808E-02,-1.78542E-01, 6.43636E-02,-1.77946E-01, 0.00000E+00,-0.00000E+00, 5.19437E-03,-1.46932E-04, 5.19437E-03,-1.46932E-04,
 1254, 6.32767E-02,-1.78542E-01, 6.44639E-02,-1.77952E-01, 0.00000E+00,-0.00000E+00, 5.19369E-03,-1.47305E-04, 5.19369E-03,-1.47305E-04,
 1255, 6.34684E-02,-1.78542E-01, 6.45647E-02,-1.77958E-01, 0.00000E+00,-0.00000E+00, 5.19307E-03,-1.47674E-04, 5.19307E-03,-1.47674E-04,
 1256, 6.35643E-02,-1.78542E-01, 6.46654E-02,-1.77964E-01, 0.00000E+00,-0.00000E+00, 5.19244E-03,-1.48040E-04, 5.19244E-03,-1.48040E-04,
 1257, 6.35643E-02,-1.78542E-01, 6.47656E-02,-1.77969E-01, 0.00000E+00,-0.00000E+00, 5.19175E-03,-1.48401E-04, 5.19175E-03,-1.48401E-04,
 1258, 6.37560E-02,-1.78542E-01, 6.48663E-02,-1.77975E-01, 0.00000E+00,-0.00000E+00, 5.19112E-03,-1.48759E-04, 5.19112E-03,-1.48759E-04,
 1259, 6.38519E-02,-1.78542E-01, 6.49669E-02,-1.77981E-01, 0.00000E+00,-0.00000E+00, 5.19049E-03,-1.49114E-04, 5.19049E-03,-1.49114E-04,
 1260, 6.39478E-02,-1.78542E-01, 6.50675E-02,-1.77987E-01, 0.00000E+00,-0.00000E+00, 5.18985E-03,-1.49465E-04, 5.18985E-03,-1.49465E-04,
 1261, 6.39478E-02,-1.78542E-01, 6.51676E-02,-1.77993E-01, 0.00000E+00,-0.00000E+00, 5.18915E-03,-1.49812E-04, 5.18915E-03,-1.49812E-04,
 1262, 6.41395E-02,-1.78542E-01, 6.52681E-02,-1.77998E-01, 0.00000E+00,-0.00000E+00, 5.18851E-03,-1.50156E-04, 5.18851E-03,-1.50156E-04,
 1263, 6.41395E-02,-1.78542E-01, 6.53681E-02,-1.78004E-01, 0.00000E+00,-0.00000E+00, 5.18780E-03,-1.50496E-04, 5.18780E-03,-1.50496E-04,
 1264, 6.42354E-02,-1.78542E-01, 6.54681E-02,-1.78010E-01, 0.00000E+00,-0.00000E+00, 5.18709E-03,-1.50832E-04, 5.18709E-03,-1.50832E-04,
 1265, 6.44271E-02,-1.78542E-01, 6.55685E-02,-1.78015E-01, 0.00000E+00,-0.00000E+00, 5.18644E-03,-1.51165E-04, 5.18644E-03,-1.51165E-04,
 1266, 6.45230E-02,-1.78542E-01, 6.56689E-02,-1.78021E-01, 0.00000E+00,-0.00000E+00, 5.18579E-03,-1.51494E-04, 5.18579E-03,-1.51494E-04,
 1267, 6.47148E-02,-1.78638E-01, 6.57697E-02,-1.78027E-01, 0.00000E+00,-0.00000E+00, 5.18519E-03,-1.51880E-04, 5.18519E-03,-1.51880E-04,
 1268, 6.48107E-02,-1.78638E-01, 6.58705E-02,-1.78033E-01, 0.00000E+00,-0.00000E+00, 5.18459E-03,-1.52262E-04, 5.18459E-03,-1.52262E-04,
 1269, 6.48107E-02,-1.78638E-01, 6.59707E-02,-1.78039E-01, 0.00000E+00,-0.00000E+00, 5.18393E-03,-1.52640E-04, 5.18393E-03,-1.52640E-04,
 1270, 6.49065E-02,-1.78638E-01, 6.60710E-02,-1.78045E-01, 0.00000E+00,-0.00000E+00, 5.18326E-03,-1.53014E-04, 5.18326E-03,-1.53014E-04,
 1271, 6.49065E-02,-1.78638E-01, 6.61707E-02,-1.78051E-01, 0.00000E+00,-0.00000E+00, 5.18254E-03,-1.53385E-04, 5.18254E-03,-1.53385E-04,
 1272, 6.50983E-02,-1.78638E-01, 6.62708E-02,-1.78057E-01, 0.00000E+00,-0.00000E+00, 5.18187E-03,-1.53752E-04, 5.18187E-03,-1.53752E-04,
 1273, 6.51941E-02,-1.78638E-01, 6.63710E-02,-1.78063E-01, 0.00000E+00,-0.00000E+00, 5.18119E-03,-1.54115E-04, 5.18119E-03,-1.54115E-04,
 1274, 6.52900E-02,-1.78638E-01, 6.64711E-02,-1.78069E-01, 0.00000E+00,-0.00000E+00, 5.18052E-03,-1.54474E-04, 5.18052E-03,-1.54474E-04,
 1275, 6.53859E-02,-1.78638E-01, 6.65711E-02,-1.78075E-01, 0.00000E+00,-0.00000E+00, 5.17984E-03,-1.54829E-04, 5.17984E-03,-1.54829E-04,
 1276, 6.54818E-02,-1.78638E-01, 6.66711E-02,-1.78081E-01, 0.00000E+00,-0.00000E+00, 5.17916E-03,-1.55181E-04, 5.17916E-03,-1.55181E-04,
 1277, 6.55776E-02,-1.78638E-01, 6.67711E-02,-1.78087E-01, 0.00000E+00,-0.00000E+00, 5.17847E-03,-1.55529E-04, 5.17847E-03,-1.55529E-04,
 1278, 6.57694E-02,-1.78638E-01, 6.68716E-02,-1.78093E-01, 0.00000E+00,-0.00000E+00, 5.17785E-03,-1.55874E-04, 5.17785E-03,-1.55874E-04,
 1279, 6.58653E-02,-1.78638E-01, 6.69720E-02,-1.78099E-01, 0.00000E+00,-0.00000E+00, 5.17722E-03,-1.56215E-04, 5.17722E-03,-1.56215E-04,
 1280, 6.59611E-02,-1.78638E-01, 6.70723E-02,-1.78105E-01, 0.00000E+00,-0.00000E+00, 5.17659E-03,-1.56552E-04, 5.17659E-03,-1.56552E-04,
 1281, 6.59611E-02,-1.78638E-01, 6.71722E-02,-1.78110E-01, 0.00000E+00,-0.00000E+00, 5.17589E-03,-1.56885E-04, 5.17589E-03,-1.56885E-04,
 1282, 6.60570E-02,-1.78638E-01, 6.72720E-02,-1.78116E-01, 0.00000E+00,-0.00000E+00, 5.17519E-03,-1.57215E-04, 5.17519E-03,-1.57215E-04,
 1283, 6.61529E-02,-1.78638E-01, 6.73718E-02,-1.78122E-01, 0.00000E+00,-0.00000E+00, 5.17449E-03,-1.57541E-04, 5.17449E-03,-1.57541E-04,
 1284, 6.62488E-02,-1.78638E-01, 6.74715E-02,-1.78128E-01, 0.00000E+00,-0.00000E+00, 5.17379E-03,-1.57864E-04, 5.17379E-03,-1.57864E-04,
 1285, 6.64405E-02,-1.78638E-01, 6.75717E-02,-1.78133E-01, 0.00000E+00,-0.00000E+00, 5.17315E-03,-1.58183E-04, 5.17315E-03,-1.58183E-04,
 1286, 6.65364E-02,-1.78638E-01, 6.76719E-02,-1.78139E-01, 0.00000E+00,-0.00000E+00, 5.17250E-03,-1.58499E-04, 5.17250E-03,-1.58499E-04,
 1287, 6.66322E-02,-1.78638E-01, 6.77720E-02,-1.78145E-01, 0.00000E+00,-0.00000E+00, 5.17185E-03,-1.58811E-04, 5.17185E-03,-1.58811E-04,
 1288, 6.67281E-02,-1.78734E-01, 6.78721E-02,-1.78151E-01, 0.00000E+00,-0.00000E+00, 5.17120E-03,-1.59179E-04, 5.17120E-03,-1.59179E-04,
 1289, 6.68240E-02,-1.78734E-01, 6.79721E-02,-1.78157E-01, 0.00000E+00,-0.00000E+00, 5.17054E-03,-1.59544E-04, 5.17054E-03,-1.59544E-04,
 1290, 6.69199E-02,-1.78734E-01, 6.80722E-02,-1.78163E-01, 0.00000E+00,-0.00000E+00, 5.16988E-03,-1.59904E-04, 5.16988E-03,-1.59904E-04,
 1291, 6.69199E-02,-1.78734E-01, 6.81717E-02,-1.78169E-01, 0.00000E+00,-0.00000E+00, 5.16916E-03,-1.60261E-04, 5.16916E-03,-1.60261E-04,
 1292, 6.71116E-02,-1.78734E-01, 6.82716E-02,-1.78175E-01, 0.00000E+00,-0.00000E+00, 5.16850E-03,-1.60614E-04, 5.16850E-03,-1.60614E-04,
 1293, 6.72075E-02,-1.78734E-01, 6.83715E-02,-1.78181E-01, 0.00000E+00,-0.00000E+00, 5.16784E-03,-1.60964E-04, 5.16784E-03,-1.60964E-04,
 1294, 6.72075E-02,-1.78734E-01, 6.84710E-02,-1.78187E-01, 0.00000E+00,-0.00000E+00, 5.16711E-03,-1.61309E-04, 5.16711E-03,-1.61309E-04,
 1295, 6.73992E-02,-1.78734E-01, 6.85708E-02,-1.78193E-01, 0.00000E+00,-0.00000E+00, 5.16644E-03,-1.61651E-04, 5.16644E-03,-1.61651E-04,
 1296, 6.74951E-02,-1.78734E-01, 6.86706E-02,-1.78199E-01, 0.00000E+00,-0.00000E+00, 5.16577E-03,-1.61989E-04, 5.16577E-03,-1.61989E-04,
 1297, 6.76869E-02,-1.78734E-01, 6.87709E-02,-1.78205E-01, 0.00000E+00,-0.00000E+00, 5.16515E-03,-1.62324E-04, 5.16515E-03,-1.62324E-04,
 1298, 6.77827E-02,-1.78734E-01, 6.88711E-02,-1.78211E-01, 0.00000E+00,-0.00000E+00, 5.16453E-03,-1.62654E-04, 5.16453E-03,-1.62654E-04,
 1299, 6.78786E-02,-1.78734E-01, 6.89713E-02,-1.78217E-01, 0.00000E+00,-0.00000E+00, 5.16391E-03,-1.62981E-04, 5.16391E-03,-1.62981E-04,
 1300, 6.78786E-02,-1.78734E-01, 6.90710E-02,-1.78223E-01, 0.00000E+00,-0.00000E+00, 5.16323E-03,-1.63305E-04, 5.16323E-03,-1.63305E-04,
 1301, 6.78786E-02,-1.78734E-01, 6.91702E-02,-1.78228E-01, 0.00000E+00,-0.00000E+00, 5.16248E-03,-1.63624E-04, 5.16248E-03,-1.63624E-04,
 1302, 6.80704E-02,-1.78734E-01, 6.92698E-02,-1.78234E-01, 0.00000E+00,-0.00000E+00, 5.16180E-03,-1.63941E-04, 5.16180E-03,-1.63941E-04,
 1303, 6.81662E-02,-1.78734E-01, 6.93694E-02,-1.78240E-01, 0.00000E+00,-0.00000E+00, 5.16111E-03,-1.64253E-04, 5.16111E-03,-1.64253E-04,
 1304, 6.82621E-02,-1.78734E-01, 6.94689E-02,-1.78246E-01, 0.00000E+00,-0.00000E+00, 5.16041E-03,-1.64562E-04, 5.16041E-03,-1.64562E-04,
 1305, 6.84539E-02,-1.78734E-01, 6.95689E-02,-1.78251E-01, 0.00000E+00,-0.00000E+00, 5.15978E-03,-1.64867E-04, 5.15978E-03,-1.64867E-04,
 1306, 6.84539E-02,-1.78734E-01, 6.96684E-02,-1.78257E-01, 0.00000E+00,-0.00000E+00, 5.15908E-03,-1.65169E-04, 5.15908E-03,-1.65169E-04,
 1307, 6.85497E-02,-1.78734E-01, 6.97679E-02,-1.78263E-01, 0.00000E+00,-0.00000E+00, 5.15838E-03,-1.65467E-04, 5.15838E-03,-1.65467E-04,
 1308, 6.87415E-02,-1.78734E-01, 6.98678E-02,-1.78269E-01, 0.00000E+00,-0.00000E+00, 5.15774E-03,-1.65761E-04, 5.15774E-03,-1.65761E-04,
 1309, 6.88373E-02,-1.78830E-01, 6.99677E-02,-1.78275E-01, 0.00000E+00,-0.00000E+00, 5.15710E-03,-1.66112E-04, 5.15710E-03,-1.66112E-04,
 1310, 6.89332E-02,-1.78830E-01, 7.00675E-02,-1.78281E-01, 0.00000E+00,-0.00000E+00, 5.15645E-03,-1.66459E-04, 5.15645E-03,-1.66459E-04,
 1311, 6.91250E-02,-1.78830E-01, 7.01678E-02,-1.78287E-01, 0.00000E+00,-0.00000E+00, 5.15586E-03,-1.66803E-04, 5.15586E-03,-1.66803E-04,
 1312, 6.91250E-02,-1.78830E-01, 7.02676E-02,-1.78293E-01, 0.00000E+00,-0.00000E+00, 5.15521E-03,-1.67142E-04, 5.15521E-03,-1.67142E-04,
 1313, 6.91250E-02,-1.78830E-01, 7.03668E-02,-1.78299E-01, 0.00000E+00,-0.00000E+00, 5.15449E-03,-1.67478E-04, 5.15449E-03,-1.67478E-04,
 1314, 6.93167E-02,-1.78830E-01, 7.04665E-02,-1.78305E-01, 0.00000E+00,-0.00000E+00, 5.15384E-03,-1.67810E-04, 5.15384E-03,-1.67810E-04,
 1315, 6.94126E-02,-1.78830E-01, 7.05662E-02,-1.78311E-01, 0.00000E+00,-0.00000E+00, 5.15318E-03,-1.68138E-04, 5.15318E-03,-1.68138E-04,
 1316, 6.95084E-02,-1.78830E-01, 7.06659E-02,-1.78317E-01, 0.00000E+00,-0.00000E+00, 5.15252E-03,-1.68462E-04, 5.15252E-03,-1.68462E-04,
 1317, 6.96043E-02,-1.78830E-01, 7.07655E-02,-1.78323E-01, 0.00000E+00,-0.00000E+00, 5.15185E-03,-1.68783E-04, 5.15185E-03,-1.68783E-04,
 1318, 6.97002E-02,-1.78830E-01, 7.08650E-02,-1.78329E-01, 0.00000E+00,-0.00000E+00, 5.15119E-03,-1.69100E-04, 5.15119E-03,-1.69100E-04,
 1319, 6.97961E-02,-1.78830E-01, 7.09646E-02,-1.78335E-01, 0.00000E+00,-0.00000E+00, 5.15052E-03,-1.69413E-04, 5.15052E-03,-1.69413E-04,
 1320, 6.98920E-02,-1.78830E-01, 7.10641E-02,-1.78340E-01, 0.00000E+00,-0.00000E+00, 5.14985E-03,-1.69723E-04, 5.14985E-03,-1.69723E-04,
 1321, 6.98920E-02,-1.78830E-01, 7.11631E-02,-1.78346E-01, 0.00000E+00,-0.00000E+00, 5.14912E-03,-1.70029E-04, 5.14912E-03,-1.70029E-04,
 1322, 7.00837E-02,-1.78830E-01, 7.12626E-02,-1.78352E-01, 0.00000E+00,-0.00000E+00, 5.14844E-03,-1.70331E-04, 5.14844E-03,-1.70331E-04,
 1323, 7.01796E-02,-1.78830E-01, 7.13620E-02,-1.78358E-01, 0.00000E+00,-0.00000E+00, 5.14776E-03,-1.70630E-04, 5.14776E-03,-1.70630E-04,
 1324, 7.02754E-02,-1.78830E-01, 7.14614E-02,-1.78364E-01, 0.00000E+00,-0.00000E+00, 5.14708E-03,-1.70925E-04, 5.14708E-03,-1.70925E-04,
 1325, 7.03713E-02,-1.78830E-01, 7.15607E-02,-1.78369E-01, 0.00000E+00,-0.00000E+00, 5.14640E-03,-1.71217E-04, 5.14640E-03,-1.71217E-04,
 1326, 7.04672E-02,-1.78830E-01, 7.16600E-02,-1.78375E-01, 0.00000E+00,-0.00000E+00, 5.14572E-03,-1.71505E-04, 5.14572E-03,-1.71505E-04,
 1327, 7.05631E-02,-1.78830E-01, 7.17593E-02,-1.78381E-01, 0.00000E+00,-0.00000E+00, 5.14503E-03,-1.71789E-04, 5.14503E-03,-1.71789E-04,
 1328, 7.07548E-02,-1.78830E-01, 7.18591E-02,-1.78387E-01, 0.00000E+00,-0.00000E+00, 5.14440E-03,-1.72070E-04, 5.14440E-03,-1.72070E-04,
 1329, 7.08507E-02,-1.78830E-01, 7.19588E-02,-1.78392E-01, 0.00000E+00,-0.00000E+00, 5.14377E-03,-1.72347E-04, 5.14377E-03,-1.72347E-04,
 1330, 7.09466E-02,-1.78830E-01, 7.20585E-02,-1.78398E-01, 0.00000E+00,-0.00000E+00, 5.14314E-03,-1.72620E-04, 5.14314E-03,-1.72620E-04,
 1331, 7.10424E-02,-1.78926E-01, 7.21581E-02,-1.78404E-01, 0.00000E+00,-0.00000E+00, 5.14251E-03,-1.72950E-04, 5.14251E-03,-1.72950E-04,
 1332, 7.10424E-02,-1.78926E-01, 7.22573E-02,-1.78410E-01, 0.00000E+00,-0.00000E+00, 5.14181E-03,-1.73277E-04, 5.14181E-03,-1.73277E-04,
 1333, 7.11383E-02,-1.78926E-01, 7.23564E-02,-1.78416E-01, 0.00000E+00,-0.00000E+00, 5.14111E-03,-1.73599E-04, 5.14111E-03,-1.73599E-04,
 1334, 7.12342E-02,-1.78926E-01, 7.24554E-02,-1.78422E-01, 0.00000E+00,-0.00000E+00, 5.14041E-03,-1.73918E-04, 5.14041E-03,-1.73918E-04,
 1335, 7.14259E-02,-1.78926E-01, 7.25550E-02,-1.78428E-01, 0.00000E+00,-0.00000E+00, 5.13976E-03,-1.74233E-04, 5.13976E-03,-1.74233E-04,
 1336, 7.15218E-02,-1.78926E-01, 7.26545E-02,-1.78434E-01, 0.00000E+00,-0.00000E+00, 5.13912E-03,-1.74544E-04, 5.13912E-03,-1.74544E-04,
 1337, 7.16177E-02,-1.78926E-01, 7.27539E-02,-1.78440E-01, 0.00000E+00,-0.00000E+00, 5.13847E-03,-1.74851E-04, 5.13847E-03,-1.74851E-04,
 1338, 7.17135E-02,-1.78926E-01, 7.28534E-02,-1.78446E-01, 0.00000E+00,-0.00000E+00, 5.13782E-03,-1.75155E-04, 5.13782E-03,-1.75155E-04,
 1339, 7.18094E-02,-1.78926E-01, 7.29528E-02,-1.78452E-01, 0.00000E+00,-0.00000E+00, 5.13717E-03,-1.75455E-04, 5.13717E-03,-1.75455E-04,
 1340, 7.19053E-02,-1.78926E-01, 7.30521E-02,-1.78458E-01, 0.00000E+00,-0.00000E+00, 5.13651E-03,-1.75751E-04, 5.13651E-03,-1.75751E-04,
 1341, 7.19053E-02,-1.78926E-01, 7.31510E-02,-1.78464E-01, 0.00000E+00,-0.00000E+00, 5.13579E-03,-1.76044E-04, 5.13579E-03,-1.76044E-04,
 1342, 7.20970E-02,-1.78926E-01, 7.32503E-02,-1.78469E-01, 0.00000E+00,-0.00000E+00, 5.13514E-03,-1.76333E-04, 5.13514E-03,-1.76333E-04,
 1343, 7.21929E-02,-1.78926E-01, 7.33496E-02,-1.78475E-01, 0.00000E+00,-0.00000E+00, 5.13447E-03,-1.76618E-04, 5.13447E-03,-1.76618E-04,
 1344, 7.21929E-02,-1.78926E-01, 7.34483E-02,-1.78481E-01, 0.00000E+00,-0.00000E+00, 5.13375E-03,-1.76900E-04, 5.13375E-03,-1.76900E-04,
 1345, 7.23847E-02,-1.78926E-01, 7.35476E-02,-1.78487E-01, 0.00000E+00,-0.00000E+00, 5.13309E-03,-1.77178E-04, 5.13309E-03,-1.77178E-04,
 1346, 7.24805E-02,-1.78926E-01, 7.36468E-02,-1.78492E-01, 0.00000E+00,-0.00000E+00, 5.13242E-03,-1.77452E-04, 5.13242E-03,-1.77452E-04,
 1347, 7.25764E-02,-1.78926E-01, 7.37459E-02,-1.78498E-01, 0.00000E+00,-0.00000E+00, 5.13175E-03,-1.77723E-04, 5.13175E-03,-1.77723E-04,
 1348, 7.27682E-02,-1.78926E-01, 7.38455E-02,-1.78504E-01, 0.00000E+00,-0.00000E+00, 5.13114E-03,-1.77991E-04, 5.13114E-03,-1.77991E-04,
 1349, 7.27682E-02,-1.78926E-01, 7.39446E-02,-1.78510E-01, 0.00000E+00,-0.00000E+00, 5.13046E-03,-1.78254E-04, 5.13046E-03,-1.78254E-04,
 1350, 7.28640E-02,-1.78926E-01, 7.40437E-02,-1.78515E-01, 0.00000E+00,-0.00000E+00, 5.12979E-03,-1.78515E-04, 5.12979E-03,-1.78515E-04,
 1351, 7.30558E-02,-1.78926E-01, 7.41432E-02,-1.78521E-01, 0.00000E+00,-0.00000E+00, 5.12917E-03,-1.78771E-04, 5.12917E-03,-1.78771E-04,
 1352, 7.30558E-02,-1.78926E-01, 7.42422E-02,-1.78526E-01, 0.00000E+00,-0.00000E+00, 5.12849E-03,-1.79024E-04, 5.12849E-03,-1.79024E-04,
 1353, 7.31517E-02,-1.79022E-01, 7.43412E-02,-1.78532E-01, 0.00000E+00,-0.00000E+00, 5.12781E-03,-1.79334E-04, 5.12781E-03,-1.79334E-04,
 1354, 7.32476E-02,-1.79022E-01, 7.44402E-02,-1.78538E-01, 0.00000E+00,-0.00000E+00, 5.12713E-03,-1.79640E-04, 5.12713E-03,-1.79640E-04,
 1355, 7.34393E-02,-1.79022E-01, 7.45395E-02,-1.78544E-01, 0.00000E+00,-0.00000E+00, 5.12650E-03,-1.79942E-04, 5.12650E-03,-1.79942E-04,
 1356, 7.34393E-02,-1.79022E-01, 7.46384E-02,-1.78550E-01, 0.00000E+00,-0.00000E+00, 5.12581E-03,-1.80240E-04, 5.12581E-03,-1.80240E-04,
 1357, 7.36310E-02,-1.79022E-01, 7.47378E-02,-1.78556E-01, 0.00000E+00,-0.00000E+00, 5.12518E-03,-1.80535E-04, 5.12518E-03,-1.80535E-04,
 1358, 7.37269E-02,-1.79022E-01, 7.48371E-02,-1.78562E-01, 0.00000E+00,-0.00000E+00, 5.12455E-03,-1.80826E-04, 5.12455E-03,-1.80826E-04,
 1359, 7.38228E-02,-1.79022E-01, 7.49364E-02,-1.78568E-01, 0.00000E+00,-0.00000E+00, 5.12392E-03,-1.81113E-04, 5.12392E-03,-1.81113E-04,
 1360, 7.39186E-02,-1.79022E-01, 7.50356E-02,-1.78574E-01, 0.00000E+00,-0.00000E+00, 5.12328E-03,-1.81396E-04, 5.12328E-03,-1.81396E-04,
 1361, 7.39186E-02,-1.79022E-01, 7.51344E-02,-1.78580E-01, 0.00000E+00,-0.00000E+00, 5.12258E-03,-1.81676E-04, 5.12258E-03,-1.81676E-04,
 1362, 7.40145E-02,-1.79022E-01, 7.52331E-02,-1.78586E-01, 0.00000E+00,-0.00000E+00, 5.12188E-03,-1.81952E-04, 5.12188E-03,-1.81952E-04,
 1363, 7.41104E-02,-1.79022E-01, 7.53318E-02,-1.78592E-01, 0.00000E+00,-0.00000E+00, 5.12118E-03,-1.82224E-04, 5.12118E-03,-1.82224E-04,
 1364, 7.42063E-02,-1.79022E-01, 7.54304E-02,-1.78597E-01, 0.00000E+00,-0.00000E+00, 5.12048E-03,-1.82493E-04, 5.12048E-03,-1.82493E-04,
 1365, 7.43980E-02,-1.79022E-01, 7.55295E-02,-1.78603E-01, 0.00000E+00,-0.00000E+00, 5.11983E-03,-1.82758E-04, 5.11983E-03,-1.82758E-04,
 1366, 7.43980E-02,-1.79022E-01, 7.56281E-02,-1.78609E-01, 0.00000E+00,-0.00000E+00, 5.11912E-03,-1.83020E-04, 5.11912E-03,-1.83020E-04,
 1367, 7.43980E-02,-1.79022E-01, 7.57262E-02,-1.78615E-01, 0.00000E+00,-0.00000E+00, 5.11835E-03,-1.83278E-04, 5.11835E-03,-1.83278E-04,
 1368, 7.43980E-02,-1.79022E-01, 7.58238E-02,-1.78620E-01, 0.00000E+00,-0.00000E+00, 5.11752E-03,-1.83532E-04, 5.11752E-03,-1.83532E-04,
 1369, 7.43980E-02,-1.79022E-01, 7.59209E-02,-1.78626E-01, 0.00000E+00,-0.00000E+00, 5.11663E-03,-1.83783E-04, 5.11663E-03,-1.83783E-04,
 1370, 7.43980E-02,-1.79022E-01, 7.60174E-02,-1.78632E-01, 0.00000E+00,-0.00000E+00, 5.11568E-03,-1.84030E-04, 5.11568E-03,-1.84030E-04,
 1371, 7.43980E-02,-1.79022E-01, 7.61135E-02,-1.78637E-01, 0.00000E+00,-0.00000E+00, 5.11467E-03,-1.84274E-04, 5.11467E-03,-1.84274E-04,
 1372, 7.43980E-02,-1.79022E-01, 7.62091E-02,-1.78643E-01, 0.00000E+00,-0.00000E+00, 5.11360E-03,-1.84515E-04, 5.11360E-03,-1.84515E-04,
 1373, 7.43980E-02,-1.79022E-01, 7.63041E-02,-1.78649E-01, 0.00000E+00,-0.00000E+00, 5.11246E-03,-1.84751E-04, 5.11246E-03,-1.84751E-04,
 1374, 7.43980E-02,-1.79022E-01, 7.63987E-02,-1.78654E-01, 0.00000E+00,-0.00000E+00, 5.11127E-03,-1.84984E-04, 5.11127E-03,-1.84984E-04,
 1375, 7.43980E-02,-1.79022E-01, 7.64928E-02,-1.78660E-01, 0.00000E+00,-0.00000E+00, 5.11002E-03,-1.85214E-04, 5.11002E-03,-1.85214E-04,
 1376, 7.43980E-02,-1.79022E-01, 7.65863E-02,-1.78665E-01, 0.00000E+00,-0.00000E+00, 5.10871E-03,-1.85441E-04, 5.10871E-03,-1.85441E-04,
 1377, 7.43980E-02,-1.79022E-01, 7.66794E-02,-1.78671E-01, 0.00000E+00,-0.00000E+00, 5.10734E-03,-1.85663E-04, 5.10734E-03,-1.85663E-04,
 1378, 7.43980E-02,-1.79022E-01, 7.67720E-02,-1.78676E-01, 0.00000E+00,-0.00000E+00, 5.10592E-03,-1.85883E-04, 5.10592E-03,-1.85883E-04,
 1379, 7.43980E-02,-1.79022E-01, 7.68641E-02,-1.78682E-01, 0.00000E+00,-0.00000E+00, 5.10443E-03,-1.86099E-04, 5.10443E-03,-1.86099E-04,
 1380, 7.43980E-02,-1.79022E-01, 7.69557E-02,-1.78687E-01, 0.00000E+00,-0.00000E+00, 5.10289E-03,-1.86312E-04, 5.10289E-03,-1.86312E-04,
 1381, 7.43980E-02,-1.79022E-01, 7.70468E-02,-1.78692E-01, 0.00000E+00,-0.00000E+00, 5.10129E-03,-1.86521E-04, 5.10129E-03,-1.86521E-04,
 1382, 7.43980E-02,-1.79022E-01, 7.71374E-02,-1.78698E-01, 0.00000E+00,-0.00000E+00, 5.09964E-03,-1.86727E-04, 5.09964E-03,-1.86727E-04,
 1383, 7.43980E-02,-1.79022E-01, 7.72275E-02,-1.78703E-01, 0.00000E+00,-0.00000E+00, 5.09793E-03,-1.86929E-04, 5.09793E-03,-1.86929E-04,
 1384, 7.43980E-02,-1.79022E-01, 7.73172E-02,-1.78708E-01, 0.00000E+00,-0.00000E+00, 5.09616E-03,-1.87128E-04, 5.09616E-03,-1.87128E-04,
 1385, 7.43980E-02,-1.79022E-01, 7.74063E-02,-1.78714E-01, 0.00000E+00,-0.00000E+00, 5.09433E-03,-1.87324E-04, 5.09433E-03,-1.87324E-04,
 1386, 7.43980E-02,-1.79022E-01, 7.74950E-02,-1.78719E-01, 0.00000E+00,-0.00000E+00, 5.09245E-03,-1.87517E-04, 5.09245E-03,-1.87517E-04,
 1387, 7.43980E-02,-1.79022E-01, 7.75832E-02,-1.78724E-01, 0.00000E+00,-0.00000E+00, 5.09052E-03,-1.87706E-04, 5.09052E-03,-1.87706E-04,
 1388, 7.43980E-02,-1.79022E-01, 7.76709E-02,-1.78730E-01, 0.00000E+00,-0.00000E+00, 5.08853E-03,-1.87892E-04, 5.08853E-03,-1.87892E-04,
 1389, 7.43980E-02,-1.79022E-01, 7.77581E-02,-1.78735E-01, 0.00000E+00,-0.00000E+00, 5.08648E-03,-1.88074E-04, 5.08648E-03,-1.88074E-04,
 1390, 7.43980E-02,-1.79022E-01, 7.78448E-02,-1.78740E-01, 0.00000E+00,-0.00000E+00, 5.08438E-03,-1.88254E-04, 5.08438E-03,-1.88254E-04,
 1391, 7.43980E-02,-1.79022E-01, 7.79311E-02,-1.78745E-01, 0.00000E+00,-0.00000E+00, 5.08222E-03,-1.88430E-04, 5.08222E-03,-1.88430E-04,
 1392, 7.43980E-02,-1.79022E-01, 7.80169E-02,-1.78750E-01, 0.00000E+00,-0.00000E+00, 5.08002E-03,-1.88603E-04, 5.08002E-03,-1.88603E-04,
 1393, 7.43980E-02,-1.79022E-01, 7.81022E-02,-1.78755E-01, 0.00000E+00,-0.00000E+00, 5.07775E-03,-1.88773E-04, 5.07775E-03,-1.88773E-04,
 1394, 7.43980E-02,-1.79022E-01, 7.81871E-02,-1.78760E-01, 0.00000E+00,-0.00000E+00, 5.07544E-03,-1.88939E-04, 5.07544E-03,-1.88939E-04,
 1395, 7.43980E-02,-1.79022E-01, 7.82714E-02,-1.78766E-01, 0.00000E+00,-0.00000E+00, 5.07307E-03,-1.89102E-04, 5.07307E-03,-1.89102E-04,
 1396, 7.43980E-02,-1.79022E-01, 7.83553E-02,-1.78771E-01, 0.00000E+00,-0.00000E+00, 5.07065E-03,-1.89263E-04, 5.07065E-03,-1.89263E-04,
 1397, 7.43980E-02,-1.79022E-01, 7.84388E-02,-1.78776E-01, 0.00000E+00,-0.00000E+00, 5.06818E-03,-1.89420E-04, 5.06818E-03,-1.89420E-04,
 1398, 7.43980E-02,-1.79022E-01, 7.85217E-02,-1.78781E-01, 0.00000E+00,-0.00000E+00, 5.06565E-03,-1.89573E-04, 5.06565E-03,-1.89573E-04,
 1399, 7.43980E-02,-1.79022E-01, 7.86042E-02,-1.78786E-01, 0.00000E+00,-0.00000E+00, 5.06307E-03,-1.89724E-04, 5.06307E-03,-1.89724E-04,
 1400, 7.43021E-02,-1.79118E-01, 7.86858E-02,-1.78791E-01, 0.00000E+00,-0.00000E+00, 5.06038E-03,-1.89932E-04, 5.06038E-03,-1.89932E-04,
 1401, 7.43021E-02,-1.79118E-01, 7.87669E-02,-1.78797E-01, 0.00000E+00,-0.00000E+00, 5.05764E-03,-1.90136E-04, 5.05764E-03,-1.90136E-04,
 1402, 7.43021E-02,-1.79118E-01, 7.88475E-02,-1.78802E-01, 0.00000E+00,-0.00000E+00, 5.05485E-03,-1.90336E-04, 5.05485E-03,-1.90336E-04,
 1403, 7.43021E-02,-1.79118E-01, 7.89277E-02,-1.78807E-01, 0.00000E+00,-0.00000E+00, 5.05201E-03,-1.90534E-04, 5.05201E-03,-1.90534E-04,
 1404, 7.43021E-02,-1.79118E-01, 7.90074E-02,-1.78813E-01, 0.00000E+00,-0.00000E+00, 5.04912E-03,-1.90728E-04, 5.04912E-03,-1.90728E-04,
 1405, 7.43021E-02,-1.79118E-01, 7.90866E-02,-1.78818E-01, 0.00000E+00,-0.00000E+00, 5.04618E-03,-1.90918E-04, 5.04618E-03,-1.90918E-04,
 1406, 7.43021E-02,-1.79118E-01, 7.91654E-02,-1.78823E-01, 0.00000E+00,-0.00000E+00, 5.04319E-03,-1.91105E-04, 5.04319E-03,-1.91105E-04,
 1407, 7.43021E-02,-1.79118E-01, 7.92437E-02,-1.78829E-01, 0.00000E+00,-0.00000E+00, 5.04015E-03,-1.91289E-04, 5.04015E-03,-1.91289E-04,
 1408, 7.43021E-02,-1.79118E-01, 7.93216E-02,-1.78834E-01, 0.00000E+00,-0.00000E+00, 5.03706E-03,-1.91470E-04, 5.03706E-03,-1.91470E-04,
 1409, 7.43021E-02,-1.79118E-01, 7.93990E-02,-1.78839E-01, 0.00000E+00,-0.00000E+00, 5.03392E-03,-1.91647E-04, 5.03392E-03,-1.91647E-04,
 1410, 7.43021E-02,-1.79118E-01, 7.94760E-02,-1.78844E-01, 0.00000E+00,-0.00000E+00, 5.03074E-03,-1.91821E-04, 5.03074E-03,-1.91821E-04,
 1411, 7.43021E-02,-1.79118E-01, 7.95525E-02,-1.78850E-01, 0.00000E+00,-0.00000E+00, 5.02750E-03,-1.91992E-04, 5.02750E-03,-1.91992E-04,
 1412, 7.43021E-02,-1.79118E-01, 7.96286E-02,-1.78855E-01, 0.00000E+00,-0.00000E+00, 5.02422E-03,-1.92160E-04, 5.02422E-03,-1.92160E-04,
 1413, 7.43021E-02,-1.79118E-01, 7.97042E-02,-1.78860E-01, 0.00000E+00,-0.00000E+00, 5.02089E-03,-1.92324E-04, 5.02089E-03,-1.92324E-04,
 1414, 7.43021E-02,-1.79118E-01, 7.97794E-02,-1.78865E-01, 0.00000E+00,-0.00000E+00, 5.01752E-03,-1.92485E-04, 5.01752E-03,-1.92485E-04,
 1415, 7.43021E-02,-1.79118E-01, 7.98541E-02,-1.78870E-01, 0.00000E+00,-0.00000E+00, 5.01409E-03,-1.92643E-04, 5.01409E-03,-1.92643E-04,
 1416, 7.43021E-02,-1.79118E-01, 7.99284E-02,-1.78875E-01, 0.00000E+00,-0.00000E+00, 5.01062E-03,-1.92798E-04, 5.01062E-03,-1.92798E-04,
 1417, 7.43021E-02,-1.79118E-01, 8.00023E-02,-1.78880E-01, 0.00000E+00,-0.00000E+00, 5.00711E-03,-1.92949E-04, 5.00711E-03,-1.92949E-04,
 1418, 7.43021E-02,-1.79118E-01, 8.00757E-02,-1.78885E-01, 0.00000E+00,-0.00000E+00, 5.00354E-03,-1.93098E-04, 5.00354E-03,-1.93098E-04,
 1419, 7.43021E-02,-1.79118E-01, 8.01486E-02,-1.78890E-01, 0.00000E+00,-0.00000E+00, 4.99993E-03,-1.93243E-04, 4.99993E-03,-1.93243E-04,
 1420, 7.43021E-02,-1.79118E-01, 8.02212E-02,-1.78895E-01, 0.00000E+00,-0.00000E+00, 4.99628E-03,-1.93385E-04, 4.99628E-03,-1.93385E-04,
 1421, 7.43021E-02,-1.79118E-01, 8.02932E-02,-1.78900E-01, 0.00000E+00,-0.00000E+00, 4.99258E-03,-1.93524E-04, 4.99258E-03,-1.93524E-04,
 1422, 7.43021E-02,-1.79118E-01, 8.03649E-02,-1.78905E-01, 0.00000E+00,-0.00000E+00, 4.98883E-03,-1.93660E-04, 4.98883E-03,-1.93660E-04,
 1423, 7.43021E-02,-1.79118E-01, 8.04361E-02,-1.78910E-01, 0.00000E+00,-0.00000E+00, 4.98505E-03,-1.93793E-04, 4.98505E-03,-1.93793E-04,
 1424, 7.43021E-02,-1.79118E-01, 8.05069E-02,-1.78915E-01, 0.00000E+00,-0.00000E+00, 4.98121E-03,-1.93922E-04, 4.98121E-03,-1.93922E-04,
 1425, 7.43021E-02,-1.79118E-01, 8.05772E-02,-1.78920E-01, 0.00000E+00,-0.00000E+00, 4.97733E-03,-1.94049E-04, 4.97733E-03,-1.94049E-04,
 1426, 7.43021E-02,-1.79118E-01, 8.06471E-02,-1.78925E-01, 0.00000E+00,-0.00000E+00, 4.97341E-03,-1.94172E-04, 4.97341E-03,-1.94172E-04,
 1427, 7.43021E-02,-1.79118E-01, 8.07166E-02,-1.78930E-01, 0.00000E+00,-0.00000E+00, 4.96945E-03,-1.94293E-04, 4.96945E-03,-1.94293E-04,
 1428, 7.43021E-02,-1.79118E-01, 8.07857E-02,-1.78934E-01, 0.00000E+00,-0.00000E+00, 4.96544E-03,-1.94410E-04, 4.96544E-03,-1.94410E-04,
 1429, 7.43021E-02,-1.79118E-01, 8.08543E-02,-1.78939E-01, 0.00000E+00,-0.00000E+00, 4.96138E-03,-1.94525E-04, 4.96138E-03,-1.94525E-04,
 1430, 7.43021E-02,-1.79118E-01, 8.09225E-02,-1.78944E-01, 0.00000E+00,-0.00000E+00, 4.95729E-03,-1.94636E-04, 4.95729E-03,-1.94636E-04,
 1431, 7.43021E-02,-1.79118E-01, 8.09903E-02,-1.78949E-01, 0.00000E+00,-0.00000E+00, 4.95315E-03,-1.94745E-04, 4.95315E-03,-1.94745E-04,
 1432, 7.43021E-02,-1.79118E-01, 8.10576E-02,-1.78954E-01, 0.00000E+00,-0.00000E+00, 4.94897E-03,-1.94850E-04, 4.94897E-03,-1.94850E-04,
 1433, 7.43021E-02,-1.79118E-01, 8.11246E-02,-1.78958E-01, 0.00000E+00,-0.00000E+00, 4.94475E-03,-1.94953E-04, 4.94475E-03,-1.94953E-04,
 1434, 7.43021E-02,-1.79118E-01, 8.11911E-02,-1.78963E-01, 0.00000E+00,-0.00000E+00, 4.94048E-03,-1.95052E-04, 4.94048E-03,-1.95052E-04,
 1435, 7.43021E-02,-1.79118E-01, 8.12572E-02,-1.78968E-01, 0.00000E+00,-0.00000E+00, 4.93618E-03,-1.95149E-04, 4.93618E-03,-1.95149E-04,
 1436, 7.43021E-02,-1.79118E-01, 8.13228E-02,-1.78972E-01, 0.00000E+00,-0.00000E+00, 4.93183E-03,-1.95243E-04, 4.93183E-03,-1.95243E-04,
 1437, 7.43021E-02,-1.79118E-01, 8.13881E-02,-1.78977E-01, 0.00000E+00,-0.00000E+00, 4.92744E-03,-1.95334E-04, 4.92744E-03,-1.95334E-04,
 1438, 7.43021E-02,-1.79118E-01, 8.14529E-02,-1.78981E-01, 0.00000E+00,-0.00000E+00, 4.92301E-03,-1.95422E-04, 4.92301E-03,-1.95422E-04,
 1439, 7.43021E-02,-1.79118E-01, 8.15173E-02,-1.78986E-01, 0.00000E+00,-0.00000E+00, 4.91854E-03,-1.95507E-04, 4.91854E-03,-1.95507E-04,
 1440, 7.43021E-02,-1.79118E-01, 8.15813E-02,-1.78991E-01, 0.00000E+00,-0.00000E+00, 4.91403E-03,-1.95589E-04, 4.91403E-03,-1.95589E-04,
 1441, 7.43021E-02,-1.79118E-01, 8.16449E-02,-1.78995E-01, 0.00000E+00,-0.00000E+00, 4.90948E-03,-1.95668E-04, 4.90948E-03,-1.95668E-04,
 1442, 7.43021E-02,-1.79118E-01, 8.17081E-02,-1.79000E-01, 0.00000E+00,-0.00000E+00, 4.90489E-03,-1.95745E-04, 4.90489E-03,-1.95745E-04,
 1443, 7.43021E-02,-1.79118E-01, 8.17709E-02,-1.79004E-01, 0.00000E+00,-0.00000E+00, 4.90027E-03,-1.95819E-04, 4.90027E-03,-1.95819E-04,
 1444, 7.43021E-02,-1.79118E-01, 8.18332E-02,-1.79009E-01, 0.00000E+00,-0.00000E+00, 4.89560E-03,-1.95889E-04, 4.89560E-03,-1.95889E-04,
 1445, 7.43021E-02,-1.79118E-01, 8.18952E-02,-1.79013E-01, 0.00000E+00,-0.00000E+00, 4.89089E-03,-1.95958E-04, 4.89089E-03,-1.95958E-04,
 1446, 7.43021E-02,-1.79118E-01, 8.19567E-02,-1.79018E-01, 0.00000E+00,-0.00000E+00, 4.88614E-03,-1.96023E-04, 4.88614E-03,-1.96023E-04,
 1447, 7.43021E-02,-1.79118E-01, 8.20179E-02,-1.79022E-01, 0.00000E+00,-0.00000E+00, 4.88136E-03,-1.96085E-04, 4.88136E-03,-1.96085E-04,
 1448, 7.43021E-02,-1.79118E-01, 8.20786E-02,-1.79026E-01, 0.00000E+00,-0.00000E+00, 4.87654E-03,-1.96145E-04, 4.87654E-03,-1.96145E-04,
 1449, 7.43021E-02,-1.79118E-01, 8.21390E-02,-1.79031E-01, 0.00000E+00,-0.00000E+00, 4.87168E-03,-1.96202E-04, 4.87168E-03,-1.96202E-04,
 1450, 7.43021E-02,-1.79118E-01, 8.21989E-02,-1.79035E-01, 0.00000E+00,-0.00000E+00, 4.86678E-03,-1.96257E-04, 4.86678E-03,-1.96257E-04,
 1451, 7.43021E-02,-1.79118E-01, 8.22584E-02,-1.79039E-01, 0.00000E+00,-0.00000E+00, 4.86184E-03,-1.96308E-04, 4.86184E-03,-1.96308E-04,
 1452, 7.43021E-02,-1.79118E-01, 8.23176E-02,-1.79044E-01, 0.00000E+00,-0.00000E+00, 4.85687E-03,-1.96357E-04, 4.85687E-03,-1.96357E-04,
 1453, 7.43021E-02,-1.79118E-01, 8.23763E-02,-1.79048E-01, 0.00000E+00,-0.00000E+00, 4.85186E-03,-1.96403E-04, 4.85186E-03,-1.96403E-04,
 1454, 7.43021E-02,-1.79118E-01, 8.24346E-02,-1.79052E-01, 0.00000E+00,-0.00000E+00, 4.84681E-03,-1.96447E-04, 4.84681E-03,-1.96447E-04,
 1455, 7.43021E-02,-1.79118E-01, 8.24926E-02,-1.79057E-01, 0.00000E+00,-0.00000E+00, 4.84173E-03,-1.96488E-04, 4.84173E-03,-1.96488E-04,
 1456, 7.43021E-02,-1.79118E-01, 8.25501E-02,-1.79061E-01, 0.00000E+00,-0.00000E+00, 4.83661E-03,-1.96526E-04, 4.83661E-03,-1.96526E-04,
 1457, 7.43021E-02,-1.79118E-01, 8.26073E-02,-1.79065E-01, 0.00000E+00,-0.00000E+00, 4.83146E-03,-1.96561E-04, 4.83146E-03,-1.96561E-04,
 1458, 7.43021E-02,-1.79118E-01, 8.26641E-02,-1.79069E-01, 0.00000E+00,-0.00000E+00, 4.82626E-03,-1.96594E-04, 4.82626E-03,-1.96594E-04,
 1459, 7.43021E-02,-1.79118E-01, 8.27204E-02,-1.79073E-01, 0.00000E+00,-0.00000E+00, 4.82104E-03,-1.96624E-04, 4.82104E-03,-1.96624E-04,
 1460, 7.43021E-02,-1.79118E-01, 8.27764E-02,-1.79077E-01, 0.00000E+00,-0.00000E+00, 4.81578E-03,-1.96652E-04, 4.81578E-03,-1.96652E-04,
 1461, 7.43021E-02,-1.79118E-01, 8.28320E-02,-1.79082E-01, 0.00000E+00,-0.00000E+00, 4.81048E-03,-1.96677E-04, 4.81048E-03,-1.96677E-04,
 1462, 7.43021E-02,-1.79118E-01, 8.28872E-02,-1.79086E-01, 0.00000E+00,-0.00000E+00, 4.80515E-03,-1.96700E-04, 4.80515E-03,-1.96700E-04,
 1463, 7.43021E-02,-1.79118E-01, 8.29421E-02,-1.79090E-01, 0.00000E+00,-0.00000E+00, 4.79978E-03,-1.96720E-04, 4.79978E-03,-1.96720E-04,
 1464, 7.43021E-02,-1.79118E-01, 8.29965E-02,-1.79094E-01, 0.00000E+00,-0.00000E+00, 4.79438E-03,-1.96737E-04, 4.79438E-03,-1.96737E-04,
 1465, 7.43021E-02,-1.79118E-01, 8.30506E-02,-1.79098E-01, 0.00000E+00,-0.00000E+00, 4.78895E-03,-1.96752E-04, 4.78895E-03,-1.96752E-04,
 1466, 7.43021E-02,-1.79118E-01, 8.31042E-02,-1.79102E-01, 0.00000E+00,-0.00000E+00, 4.78348E-03,-1.96764E-04, 4.78348E-03,-1.96764E-04,
 1467, 7.43021E-02,-1.79118E-01, 8.31575E-02,-1.79106E-01, 0.00000E+00,-0.00000E+00, 4.77798E-03,-1.96774E-04, 4.77798E-03,-1.96774E-04,
 1468, 7.43021E-02,-1.79118E-01, 8.32105E-02,-1.79110E-01, 0.00000E+00,-0.00000E+00, 4.77244E-03,-1.96781E-04, 4.77244E-03,-1.96781E-04,
 1469, 7.43021E-02,-1.79118E-01, 8.32630E-02,-1.79114E-01, 0.00000E+00,-0.00000E+00, 4.76688E-03,-1.96786E-04, 4.76688E-03,-1.96786E-04,
 1470, 7.43021E-02,-1.79118E-01, 8.33152E-02,-1.79118E-01, 0.00000E+00,-0.00000E+00, 4.76128E-03,-1.96788E-04, 4.76128E-03,-1.96788E-04,
 1471, 7.43021E-02,-1.79118E-01, 8.33670E-02,-1.79122E-01, 0.00000E+00,-0.00000E+00, 4.75564E-03,-1.96788E-04, 4.75564E-03,-1.96788E-04,
 1472, 7.43021E-02,-1.79118E-01, 8.34184E-02,-1.79126E-01, 0.00000E+00,-0.00000E+00, 4.74998E-03,-1.96786E-04, 4.74998E-03,-1.96786E-04,
 1473, 7.43021E-02,-1.79118E-01, 8.34694E-02,-1.79130E-01, 0.00000E+00,-0.00000E+00, 4.74428E-03,-1.96781E-04, 4.74428E-03,-1.96781E-04,
 1474, 7.43021E-02,-1.79118E-01, 8.35201E-02,-1.79133E-01, 0.00000E+00,-0.00000E+00, 4.73855E-03,-1.96773E-04, 4.73855E-03,-1.96773E-04,
 1475, 7.43021E-02,-1.79118E-01, 8.35704E-02,-1.79137E-01, 0.00000E+00,-0.00000E+00, 4.73279E-03,-1.96763E-04, 4.73279E-03,-1.96763E-04,
 1476, 7.43021E-02,-1.79118E-01, 8.36203E-02,-1.79141E-01, 0.00000E+00,-0.00000E+00, 4.72699E-03,-1.96751E-04, 4.72699E-03,-1.96751E-04,
 1477, 7.43021E-02,-1.79118E-01, 8.36699E-02,-1.79145E-01, 0.00000E+00,-0.00000E+00, 4.72117E-03,-1.96736E-04, 4.72117E-03,-1.96736E-04,
 1478, 7.43021E-02,-1.79118E-01, 8.37191E-02,-1.79149E-01, 0.00000E+00,-0.00000E+00, 4.71532E-03,-1.96719E-04, 4.71532E-03,-1.96719E-04,
 1479, 7.43021E-02,-1.79118E-01, 8.37679E-02,-1.79153E-01, 0.00000E+00,-0.00000E+00, 4.70943E-03,-1.96700E-04, 4.70943E-03,-1.96700E-04,
 1480, 7.43021E-02,-1.79118E-01, 8.38164E-02,-1.79156E-01, 0.00000E+00,-0.00000E+00, 4.70351E-03,-1.96678E-04, 4.70351E-03,-1.96678E-04,
 1481, 7.43021E-02,-1.79118E-01, 8.38645E-02,-1.79160E-01, 0.00000E+00,-0.00000E+00, 4.69757E-03,-1.96654E-04, 4.69757E-03,-1.96654E-04,
 1482, 7.43021E-02,-1.79118E-01, 8.39122E-02,-1.79164E-01, 0.00000E+00,-0.00000E+00, 4.69159E-03,-1.96627E-04, 4.69159E-03,-1.96627E-04,
 1483, 7.43021E-02,-1.79118E-01, 8.39596E-02,-1.79167E-01, 0.00000E+00,-0.00000E+00, 4.68558E-03,-1.96598E-04, 4.68558E-03,-1.96598E-04,
 1484, 7.43021E-02,-1.79118E-01, 8.40066E-02,-1.79171E-01, 0.00000E+00,-0.00000E+00, 4.67955E-03,-1.96567E-04, 4.67955E-03,-1.96567E-04,
 1485, 7.43021E-02,-1.79118E-01, 8.40533E-02,-1.79175E-01, 0.00000E+00,-0.00000E+00, 4.67348E-03,-1.96534E-04, 4.67348E-03,-1.96534E-04,
 1486, 7.43021E-02,-1.79118E-01, 8.40996E-02,-1.79178E-01, 0.00000E+00,-0.00000E+00, 4.66739E-03,-1.96498E-04, 4.66739E-03,-1.96498E-04,
 1487, 7.43021E-02,-1.79118E-01, 8.41455E-02,-1.79182E-01, 0.00000E+00,-0.00000E+00, 4.66126E-03,-1.96460E-04, 4.66126E-03,-1.96460E-04,
 1488, 7.43021E-02,-1.79118E-01, 8.41911E-02,-1.79186E-01, 0.00000E+00,-0.00000E+00, 4.65511E-03,-1.96420E-04, 4.65511E-03,-1.96420E-04,
 1489, 7.43021E-02,-1.79118E-01, 8.42363E-02,-1.79189E-01, 0.00000E+00,-0.00000E+00, 4.64893E-03,-1.96378E-04, 4.64893E-03,-1.96378E-04,
 1490, 7.43021E-02,-1.79118E-01, 8.42812E-02,-1.79193E-01, 0.00000E+00,-0.00000E+00, 4.64272E-03,-1.96333E-04, 4.64272E-03,-1.96333E-04,
 1491, 7.43021E-02,-1.79118E-01, 8.43257E-02,-1.79196E-01, 0.00000E+00,-0.00000E+00, 4.63648E-03,-1.96286E-04, 4.63648E-03,-1.96286E-04,
 1492, 7.43021E-02,-1.79118E-01, 8.43699E-02,-1.79200E-01, 0.00000E+00,-0.00000E+00, 4.63022E-03,-1.96237E-04, 4.63022E-03,-1.96237E-04,
 1493, 7.43021E-02,-1.79118E-01, 8.44138E-02,-1.79203E-01, 0.00000E+00,-0.00000E+00, 4.62393E-03,-1.96186E-04, 4.62393E-03,-1.96186E-04,
 1494, 7.43021E-02,-1.79118E-01, 8.44572E-02,-1.79207E-01, 0.00000E+00,-0.00000E+00, 4.61761E-03,-1.96132E-04, 4.61761E-03,-1.96132E-04,
 1495, 7.43021E-02,-1.79118E-01, 8.45004E-02,-1.79210E-01, 0.00000E+00,-0.00000E+00, 4.61126E-03,-1.96076E-04, 4.61126E-03,-1.96076E-04,
 1496, 7.43021E-02,-1.79118E-01, 8.45432E-02,-1.79214E-01, 0.00000E+00,-0.00000E+00, 4.60489E-03,-1.96018E-04, 4.60489E-03,-1.96018E-04,
 1497, 7.43021E-02,-1.79118E-01, 8.45856E-02,-1.79217E-01, 0.00000E+00,-0.00000E+00, 4.59848E-03,-1.95958E-04, 4.59848E-03,-1.95958E-04,
 1498, 7.43021E-02,-1.79118E-01, 8.46277E-02,-1.79221E-01, 0.00000E+00,-0.00000E+00, 4.59206E-03,-1.95896E-04, 4.59206E-03,-1.95896E-04,
 1499, 7.43021E-02,-1.79118E-01, 8.46695E-02,-1.79224E-01, 0.00000E+00,-0.00000E+00, 4.58560E-03,-1.95832E-04, 4.58560E-03,-1.95832E-04,
 1500, 7.43021E-02,-1.79118E-01, 8.47109E-02,-1.79227E-01, 0.00000E+00,-0.00000E+00, 4.57912E-03,-1.95765E-04, 4.57912E-03,-1.95765E-04,
 1501, 7.43021E-02,-1.79118E-01, 8.47520E-02,-1.79231E-01, 0.00000E+00,-0.00000E+00, 4.57262E-03,-1.95697E-04, 4.57262E-03,-1.95697E-04,
 1502, 7.43021E-02,-1.79118E-01, 8.47927E-02,-1.79234E-01, 0.00000E+00,-0.00000E+00, 4.56609E-03,-1.95626E-04, 4.56609E-03,-1.95626E-04,
 1503, 7.43021E-02,-1.79118E-01, 8.48331E-02,-1.79237E-01, 0.00000E+00,-0.00000E+00, 4.55953E-03,-1.95553E-04, 4.55953E-03,-1.95553E-04,
 1504, 7.43021E-02,-1.79118E-01, 8.48732E-02,-1.79241E-01, 0.00000E+00,-0.00000E+00, 4.55295E-03,-1.95479E-04, 4.55295E-03,-1.95479E-04,
 1505, 7.43021E-02,-1.79118E-01, 8.49129E-02,-1.79244E-01, 0.00000E+00,-0.00000E+00, 4.54634E-03,-1.95402E-04, 4.54634E-03,-1.95402E-04,
 1506, 7.43021E-02,-1.79118E-01, 8.49523E-02,-1.79247E-01, 0.00000E+00,-0.00000E+00, 4.53971E-03,-1.95323E-04, 4.53971E-03,-1.95323E-04,
 1507, 7.43021E-02,-1.79118E-01, 8.49914E-02,-1.79250E-01, 0.00000E+00,-0.00000E+00, 4.53305E-03,-1.95242E-04, 4.53305E-03,-1.95242E-04,
 1508, 7.43021E-02,-1.79118E-01, 8.50302E-02,-1.79254E-01, 0.00000E+00,-0.00000E+00, 4.52637E-03,-1.95159E-04, 4.52637E-03,-1.95159E-04,
 1509, 7.43021E-02,-1.79118E-01, 8.50686E-02,-1.79257E-01, 0.00000E+00,-0.00000E+00, 4.51967E-03,-1.95074E-04, 4.51967E-03,-1.95074E-04,
 1510, 7.43021E-02,-1.79118E-01, 8.51066E-02,-1.79260E-01, 0.00000E+00,-0.00000E+00, 4.51294E-03,-1.94987E-04, 4.51294E-03,-1.94987E-04,
 1511, 7.43021E-02,-1.79118E-01, 8.51444E-02,-1.79263E-01, 0.00000E+00,-0.00000E+00, 4.50618E-03,-1.94898E-04, 4.50618E-03,-1.94898E-04,
 1512, 7.43021E-02,-1.79118E-01, 8.51818E-02,-1.79266E-01, 0.00000E+00,-0.00000E+00, 4.49941E-03,-1.94807E-04, 4.49941E-03,-1.94807E-04,
 1513, 7.43021E-02,-1.79118E-01, 8.52189E-02,-1.79270E-01, 0.00000E+00,-0.00000E+00, 4.49261E-03,-1.94714E-04, 4.49261E-03,-1.94714E-04,
 1514, 7.43021E-02,-1.79118E-01, 8.52557E-02,-1.79273E-01, 0.00000E+00,-0.00000E+00, 4.48578E-03,-1.94619E-04, 4.48578E-03,-1.94619E-04,
 1515, 7.43021E-02,-1.79118E-01, 8.52921E-02,-1.79276E-01, 0.00000E+00,-0.00000E+00, 4.47894E-03,-1.94522E-04, 4.47894E-03,-1.94522E-04,
 1516, 7.43021E-02,-1.79118E-01, 8.53283E-02,-1.79279E-01, 0.00000E+00,-0.00000E+00, 4.47207E-03,-1.94423E-04, 4.47207E-03,-1.94423E-04,
 1517, 7.43021E-02,-1.79118E-01, 8.53641E-02,-1.79282E-01, 0.00000E+00,-0.00000E+00, 4.46518E-03,-1.94322E-04, 4.46518E-03,-1.94322E-04,
 1518, 7.43021E-02,-1.79118E-01, 8.53996E-02,-1.79285E-01, 0.00000E+00,-0.00000E+00, 4.45826E-03,-1.94219E-04, 4.45826E-03,-1.94219E-04,
 1519, 7.43021E-02,-1.79118E-01, 8.54347E-02,-1.79288E-01, 0.00000E+00,-0.00000E+00, 4.45133E-03,-1.94115E-04, 4.45133E-03,-1.94115E-04,
 1520, 7.43021E-02,-1.79118E-01, 8.54696E-02,-1.79291E-01, 0.00000E+00,-0.00000E+00, 4.44437E-03,-1.94008E-04, 4.44437E-03,-1.94008E-04,
 1521, 7.43021E-02,-1.79118E-01, 8.55041E-02,-1.79294E-01, 0.00000E+00,-0.00000E+00, 4.43739E-03,-1.93900E-04, 4.43739E-03,-1.93900E-04,
 1522, 7.43021E-02,-1.79118E-01, 8.55383E-02,-1.79297E-01, 0.00000E+00,-0.00000E+00, 4.43039E-03,-1.93790E-04, 4.43039E-03,-1.93790E-04,
 1523, 7.43021E-02,-1.79118E-01, 8.55722E-02,-1.79300E-01, 0.00000E+00,-0.00000E+00, 4.42336E-03,-1.93677E-04, 4.42336E-03,-1.93677E-04,
 1524, 7.43021E-02,-1.79118E-01, 8.56058E-02,-1.79303E-01, 0.00000E+00,-0.00000E+00, 4.41632E-03,-1.93563E-04, 4.41632E-03,-1.93563E-04,
 1525, 7.43021E-02,-1.79118E-01, 8.56391E-02,-1.79306E-01, 0.00000E+00,-0.00000E+00, 4.40926E-03,-1.93448E-04, 4.40926E-03,-1.93448E-04,
 1526, 7.43021E-02,-1.79118E-01, 8.56721E-02,-1.79309E-01, 0.00000E+00,-0.00000E+00, 4.40217E-03,-1.93330E-04, 4.40217E-03,-1.93330E-04,
 1527, 7.43021E-02,-1.79118E-01, 8.57048E-02,-1.79312E-01, 0.00000E+00,-0.00000E+00, 4.39506E-03,-1.93210E-04, 4.39506E-03,-1.93210E-04,
 1528, 7.43021E-02,-1.79118E-01, 8.57371E-02,-1.79315E-01, 0.00000E+00,-0.00000E+00, 4.38794E-03,-1.93089E-04, 4.38794E-03,-1.93089E-04,
 1529, 7.43021E-02,-1.79118E-01, 8.57691E-02,-1.79318E-01, 0.00000E+00,-0.00000E+00, 4.38079E-03,-1.92966E-04, 4.38079E-03,-1.92966E-04,
 1530, 7.43021E-02,-1.79118E-01, 8.58009E-02,-1.79320E-01, 0.00000E+00,-0.00000E+00, 4.37362E-03,-1.92841E-04, 4.37362E-03,-1.92841E-04,
 1531, 7.43021E-02,-1.79118E-01, 8.58323E-02,-1.79323E-01, 0.00000E+00,-0.00000E+00, 4.36644E-03,-1.92714E-04, 4.36644E-03,-1.92714E-04,
 1532, 7.43021E-02,-1.79118E-01, 8.58634E-02,-1.79326E-01, 0.00000E+00,-0.00000E+00, 4.35923E-03,-1.92586E-04, 4.35923E-03,-1.92586E-04,
 1533, 7.43021E-02,-1.79118E-01, 8.58943E-02,-1.79329E-01, 0.00000E+00,-0.00000E+00, 4.35200E-03,-1.92456E-04, 4.35200E-03,-1.92456E-04,
 1534, 7.43021E-02,-1.79118E-01, 8.59248E-02,-1.79332E-01, 0.00000E+00,-0.00000E+00, 4.34476E-03,-1.92324E-04, 4.34476E-03,-1.92324E-04,
 1535, 7.43021E-02,-1.79118E-01, 8.59550E-02,-1.79334E-01, 0.00000E+00,-0.00000E+00, 4.33749E-03,-1.92190E-04, 4.33749E-03,-1.92190E-04,
 1536, 7.43021E-02,-1.79118E-01, 8.59850E-02,-1.79337E-01, 0.00000E+00,-0.00000E+00, 4.33021E-03,-1.92055E-04, 4.33021E-03,-1.92055E-04,
 1537, 7.43021E-02,-1.79118E-01, 8.60146E-02,-1.79340E-01, 0.00000E+00,-0.00000E+00, 4.32291E-03,-1.91917E-04, 4.32291E-03,-1.91917E-04,
 1538, 7.43021E-02,-1.79118E-01, 8.60439E-02,-1.79343E-01, 0.00000E+00,-0.00000E+00, 4.31559E-03,-1.91778E-04, 4.31559E-03,-1.91778E-04,
 1539, 7.43021E-02,-1.79118E-01, 8.60729E-02,-1.79345E-01, 0.00000E+00,-0.00000E+00, 4.30825E-03,-1.91638E-04, 4.30825E-03,-1.91638E-04,
 1540, 7.43021E-02,-1.79118E-01, 8.61017E-02,-1.79348E-01, 0.00000E+00,-0.00000E+00, 4.30089E-03,-1.91496E-04, 4.30089E-03,-1.91496E-04,
 1541, 7.43021E-02,-1.79118E-01, 8.61301E-02,-1.79351E-01, 0.00000E+00,-0.00000E+00, 4.29352E-03,-1.91352E-04, 4.29352E-03,-1.91352E-04,
 1542, 7.43021E-02,-1.79118E-01, 8.61583E-02,-1.79353E-01, 0.00000E+00,-0.00000E+00, 4.28612E-03,-1.91206E-04, 4.28612E-03,-1.91206E-04,
 1543, 7.43021E-02,-1.79118E-01, 8.61861E-02,-1.79356E-01, 0.00000E+00,-0.00000E+00, 4.27871E-03,-1.91059E-04, 4.27871E-03,-1.91059E-04,
 1544, 7.43021E-02,-1.79118E-01, 8.62137E-02,-1.79359E-01, 0.00000E+00,-0.00000E+00, 4.27128E-03,-1.90910E-04, 4.27128E-03,-1.90910E-04,
 1545, 7.43021E-02,-1.79118E-01, 8.62410E-02,-1.79361E-01, 0.00000E+00,-0.00000E+00, 4.26384E-03,-1.90759E-04, 4.26384E-03,-1.90759E-04,
 1546, 7.43021E-02,-1.79118E-01, 8.62680E-02,-1.79364E-01, 0.00000E+00,-0.00000E+00, 4.25638E-03,-1.90607E-04, 4.25638E-03,-1.90607E-04,
 1547, 7.43021E-02,-1.79118E-01, 8.62947E-02,-1.79366E-01, 0.00000E+00,-0.00000E+00, 4.24890E-03,-1.90453E-04, 4.24890E-03,-1.90453E-04,
 1548, 7.43021E-02,-1.79118E-01, 8.63211E-02,-1.79369E-01, 0.00000E+00,-0.00000E+00, 4.24140E-03,-1.90298E-04, 4.24140E-03,-1.90298E-04,
 1549, 7.43021E-02,-1.79118E-01, 8.63472E-02,-1.79371E-01, 0.00000E+00,-0.00000E+00, 4.23389E-03,-1.90141E-04, 4.23389E-03,-1.90141E-04,
 1550, 7.43021E-02,-1.79118E-01, 8.63731E-02,-1.79374E-01, 0.00000E+00,-0.00000E+00, 4.22636E-03,-1.89982E-04, 4.22636E-03,-1.89982E-04,
 1551, 7.43021E-02,-1.79118E-01, 8.63986E-02,-1.79376E-01, 0.00000E+00,-0.00000E+00, 4.21882E-03,-1.89822E-04, 4.21882E-03,-1.89822E-04,
 1552, 7.43021E-02,-1.79118E-01, 8.64239E-02,-1.79379E-01, 0.00000E+00,-0.00000E+00, 4.21126E-03,-1.89661E-04, 4.21126E-03,-1.89661E-04,
 1553, 7.43021E-02,-1.79118E-01, 8.64489E-02,-1.79381E-01, 0.00000E+00,-0.00000E+00, 4.20368E-03,-1.89497E-04, 4.20368E-03,-1.89497E-04,
 1554, 7.43021E-02,-1.79118E-01, 8.64737E-02,-1.79384E-01, 0.00000E+00,-0.00000E+00, 4.19609E-03,-1.89332E-04, 4.19609E-03,-1.89332E-04,
 1555, 7.43021E-02,-1.79118E-01, 8.64981E-02,-1.79386E-01, 0.00000E+00,-0.00000E+00, 4.18848E-03,-1.89166E-04, 4.18848E-03,-1.89166E-04,
 1556, 7.43021E-02,-1.79118E-01, 8.65223E-02,-1.79389E-01, 0.00000E+00,-0.00000E+00, 4.18086E-03,-1.88998E-04, 4.18086E-03,-1.88998E-04,
 1557, 7.43021E-02,-1.79118E-01, 8.65462E-02,-1.79391E-01, 0.00000E+00,-0.00000E+00, 4.17322E-03,-1.88829E-04, 4.17322E-03,-1.88829E-04,
 1558, 7.43021E-02,-1.79118E-01, 8.65698E-02,-1.79394E-01, 0.00000E+00,-0.00000E+00, 4.16557E-03,-1.88658E-04, 4.16557E-03,-1.88658E-04,
 1559, 7.43021E-02,-1.79118E-01, 8.65931E-02,-1.79396E-01, 0.00000E+00,-0.00000E+00, 4.15790E-03,-1.88486E-04, 4.15790E-03,-1.88486E-04,
 1560, 7.43021E-02,-1.79118E-01, 8.66162E-02,-1.79398E-01, 0.00000E+00,-0.00000E+00, 4.15022E-03,-1.88312E-04, 4.15022E-03,-1.88312E-04,
 1561, 7.43021E-02,-1.79118E-01, 8.66390E-02,-1.79401E-01, 0.00000E+00,-0.00000E+00, 4.14252E-03,-1.88136E-04, 4.14252E-03,-1.88136E-04,
 1562, 7.43021E-02,-1.79118E-01, 8.66615E-02,-1.79403E-01, 0.00000E+00,-0.00000E+00, 4.13481E-03,-1.87959E-04, 4.13481E-03,-1.87959E-04,
 1563, 7.43021E-02,-1.79118E-01, 8.66838E-02,-1.79405E-01, 0.00000E+00,-0.00000E+00, 4.12709E-03,-1.87781E-04, 4.12709E-03,-1.87781E-04,
 1564, 7.43021E-02,-1.79118E-01, 8.67058E-02,-1.79408E-01, 0.00000E+00,-0.00000E+00, 4.11935E-03,-1.87601E-04, 4.11935E-03,-1.87601E-04,
 1565, 7.43021E-02,-1.79118E-01, 8.67275E-02,-1.79410E-01, 0.00000E+00,-0.00000E+00, 4.11159E-03,-1.87420E-04, 4.11159E-03,-1.87420E-04,
 1566, 7.43021E-02,-1.79118E-01, 8.67489E-02,-1.79412E-01, 0.00000E+00,-0.00000E+00, 4.10383E-03,-1.87237E-04, 4.10383E-03,-1.87237E-04,
 1567, 7.43021E-02,-1.79118E-01, 8.67701E-02,-1.79414E-01, 0.00000E+00,-0.00000E+00, 4.09605E-03,-1.87053E-04, 4.09605E-03,-1.87053E-04,
 1568, 7.43021E-02,-1.79118E-01, 8.67910E-02,-1.79417E-01, 0.00000E+00,-0.00000E+00, 4.08826E-03,-1.86868E-04, 4.08826E-03,-1.86868E-04,
 1569, 7.43021E-02,-1.79118E-01, 8.68117E-02,-1.79419E-01, 0.00000E+00,-0.00000E+00, 4.08045E-03,-1.86681E-04, 4.08045E-03,-1.86681E-04,
 1570, 7.43021E-02,-1.79118E-01, 8.68321E-02,-1.79421E-01, 0.00000E+00,-0.00000E+00, 4.07263E-03,-1.86493E-04, 4.07263E-03,-1.86493E-04,
 1571, 7.43021E-02,-1.79118E-01, 8.68522E-02,-1.79423E-01, 0.00000E+00,-0.00000E+00, 4.06480E-03,-1.86303E-04, 4.06480E-03,-1.86303E-04,
 1572, 7.43021E-02,-1.79118E-01, 8.68721E-02,-1.79426E-01, 0.00000E+00,-0.00000E+00, 4.05696E-03,-1.86112E-04, 4.05696E-03,-1.86112E-04,
 1573, 7.43021E-02,-1.79118E-01, 8.68917E-02,-1.79428E-01, 0.00000E+00,-0.00000E+00, 4.04910E-03,-1.85919E-04, 4.04910E-03,-1.85919E-04,
 1574, 7.43021E-02,-1.79118E-01, 8.69111E-02,-1.79430E-01, 0.00000E+00,-0.00000E+00, 4.04123E-03,-1.85726E-04, 4.04123E-03,-1.85726E-04,
 1575, 7.43021E-02,-1.79118E-01, 8.69302E-02,-1.79432E-01, 0.00000E+00,-0.00000E+00, 4.03335E-03,-1.85531E-04, 4.03335E-03,-1.85531E-04,
 1576, 7.43021E-02,-1.79118E-01, 8.69490E-02,-1.79434E-01, 0.00000E+00,-0.00000E+00, 4.02546E-03,-1.85334E-04, 4.02546E-03,-1.85334E-04,
 1577, 7.43021E-02,-1.79118E-01, 8.69676E-02,-1.79436E-01, 0.00000E+00,-0.00000E+00, 4.01755E-03,-1.85136E-04, 4.01755E-03,-1.85136E-04,
 1578, 7.43021E-02,-1.79118E-01, 8.69859E-02,-1.79438E-01, 0.00000E+00,-0.00000E+00, 4.00964E-03,-1.84937E-04, 4.00964E-03,-1.84937E-04,
 1579, 7.43021E-02,-1.79118E-01, 8.70040E-02,-1.79440E-01, 0.00000E+00,-0.00000E+00, 4.00171E-03,-1.84737E-04, 4.00171E-03,-1.84737E-04,
 1580, 7.43021E-02,-1.79118E-01, 8.70218E-02,-1.79443E-01, 0.00000E+00,-0.00000E+00, 3.99377E-03,-1.84535E-04, 3.99377E-03,-1.84535E-04,
 1581, 7.43021E-02,-1.79118E-01, 8.70394E-02,-1.79445E-01, 0.00000E+00,-0.00000E+00, 3.98582E-03,-1.84332E-04, 3.98582E-03,-1.84332E-04,
 1582, 7.43021E-02,-1.79118E-01, 8.70567E-02,-1.79447E-01, 0.00000E+00,-0.00000E+00, 3.97786E-03,-1.84128E-04, 3.97786E-03,-1.84128E-04,
 1583, 7.43021E-02,-1.79118E-01, 8.70738E-02,-1.79449E-01, 0.00000E+00,-0.00000E+00, 3.96989E-03,-1.83922E-04, 3.96989E-03,-1.83922E-04,
 1584, 7.43021E-02,-1.79118E-01, 8.70906E-02,-1.79451E-01, 0.00000E+00,-0.00000E+00, 3.96190E-03,-1.83715E-04, 3.96190E-03,-1.83715E-04,
 1585, 7.43021E-02,-1.79118E-01, 8.71072E-02,-1.79453E-01, 0.00000E+00,-0.00000E+00, 3.95391E-03,-1.83507E-04, 3.95391E-03,-1.83507E-04,
 1586, 7.43021E-02,-1.79118E-01, 8.71236E-02,-1.79455E-01, 0.00000E+00,-0.00000E+00, 3.94591E-03,-1.83298E-04, 3.94591E-03,-1.83298E-04,
 1587, 7.43021E-02,-1.79118E-01, 8.71397E-02,-1.79457E-01, 0.00000E+00,-0.00000E+00, 3.93789E-03,-1.83087E-04, 3.93789E-03,-1.83087E-04,
 1588, 7.43021E-02,-1.79118E-01, 8.71555E-02,-1.79459E-01, 0.00000E+00,-0.00000E+00, 3.92987E-03,-1.82875E-04, 3.92987E-03,-1.82875E-04,
 1589, 7.43021E-02,-1.79118E-01, 8.71711E-02,-1.79460E-01, 0.00000E+00,-0.00000E+00, 3.92184E-03,-1.82662E-04, 3.92184E-03,-1.82662E-04,
 1590, 7.43021E-02,-1.79118E-01, 8.71865E-02,-1.79462E-01, 0.00000E+00,-0.00000E+00, 3.91379E-03,-1.82448E-04, 3.91379E-03,-1.82448E-04,
 1591, 7.43021E-02,-1.79118E-01, 8.72016E-02,-1.79464E-01, 0.00000E+00,-0.00000E+00, 3.90574E-03,-1.82232E-04, 3.90574E-03,-1.82232E-04,
 1592, 7.43021E-02,-1.79118E-01, 8.72165E-02,-1.79466E-01, 0.00000E+00,-0.00000E+00, 3.89768E-03,-1.82016E-04, 3.89768E-03,-1.82016E-04,
 1593, 7.43021E-02,-1.79118E-01, 8.72311E-02,-1.79468E-01, 0.00000E+00,-0.00000E+00, 3.88961E-03,-1.81798E-04, 3.88961E-03,-1.81798E-04,
 1594, 7.43021E-02,-1.79118E-01, 8.72455E-02,-1.79470E-01, 0.00000E+00,-0.00000E+00, 3.88153E-03,-1.81579E-04, 3.88153E-03,-1.81579E-04,
 1595, 7.43021E-02,-1.79118E-01, 8.72597E-02,-1.79472E-01, 0.00000E+00,-0.00000E+00, 3.87344E-03,-1.81359E-04, 3.87344E-03,-1.81359E-04,
 1596, 7.43021E-02,-1.79118E-01, 8.72736E-02,-1.79474E-01, 0.00000E+00,-0.00000E+00, 3.86534E-03,-1.81137E-04, 3.86534E-03,-1.81137E-04,
 1597, 7.43021E-02,-1.79118E-01, 8.72874E-02,-1.79476E-01, 0.00000E+00,-0.00000E+00, 3.85723E-03,-1.80915E-04, 3.85723E-03,-1.80915E-04,
 1598, 7.43021E-02,-1.79118E-01, 8.73008E-02,-1.79477E-01, 0.00000E+00,-0.00000E+00, 3.84912E-03,-1.80691E-04, 3.84912E-03,-1.80691E-04,
 1599, 7.43021E-02,-1.79118E-01, 8.73140E-02,-1.79479E-01, 0.00000E+00,-0.00000E+00, 3.84099E-03,-1.80466E-04, 3.84099E-03,-1.80466E-04,
 1600, 7.43021E-02,-1.79118E-01, 8.73270E-02,-1.79481E-01, 0.00000E+00,-0.00000E+00, 3.83286E-03,-1.80240E-04, 3.83286E-03,-1.80240E-04,
 1601, 7.43021E-02,-1.79118E-01, 8.73398E-02,-1.79483E-01, 0.00000E+00,-0.00000E+00, 3.82472E-03,-1.80013E-04, 3.82472E-03,-1.80013E-04,
 1602, 7.43021E-02,-1.79118E-01, 8.73524E-02,-1.79484E-01, 0.00000E+00,-0.00000E+00, 3.81657E-03,-1.79785E-04, 3.81657E-03,-1.79785E-04,
 1603, 7.43021E-02,-1.79118E-01, 8.73647E-02,-1.79486E-01, 0.00000E+00,-0.00000E+00, 3.80841E-03,-1.79556E-04, 3.80841E-03,-1.79556E-04,
 1604, 7.43021E-02,-1.79118E-01, 8.73768E-02,-1.79488E-01, 0.00000E+00,-0.00000E+00, 3.80025E-03,-1.79325E-04, 3.80025E-03,-1.79325E-04,
 1605, 7.43021E-02,-1.79118E-01, 8.73886E-02,-1.79490E-01, 0.00000E+00,-0.00000E+00, 3.79208E-03,-1.79094E-04, 3.79208E-03,-1.79094E-04,
 1606, 7.43021E-02,-1.79118E-01, 8.74002E-02,-1.79491E-01, 0.00000E+00,-0.00000E+00, 3.78390E-03,-1.78861E-04, 3.78390E-03,-1.78861E-04,
 1607, 7.43021E-02,-1.79118E-01, 8.74116E-02,-1.79493E-01, 0.00000E+00,-0.00000E+00, 3.77571E-03,-1.78628E-04, 3.77571E-03,-1.78628E-04,
 1608, 7.43021E-02,-1.79118E-01, 8.74228E-02,-1.79495E-01, 0.00000E+00,-0.00000E+00, 3.76752E-03,-1.78393E-04, 3.76752E-03,-1.78393E-04,
 1609, 7.43021E-02,-1.79118E-01, 8.74338E-02,-1.79496E-01, 0.00000E+00,-0.00000E+00, 3.75932E-03,-1.78157E-04, 3.75932E-03,-1.78157E-04,
 1610, 7.43021E-02,-1.79118E-01, 8.74445E-02,-1.79498E-01, 0.00000E+00,-0.00000E+00, 3.75111E-03,-1.77921E-04, 3.75111E-03,-1.77921E-04,
 1611, 7.43021E-02,-1.79118E-01, 8.74550E-02,-1.79500E-01, 0.00000E+00,-0.00000E+00, 3.74290E-03,-1.77683E-04, 3.74290E-03,-1.77683E-04,
 1612, 7.43021E-02,-1.79118E-01, 8.74653E-02,-1.79501E-01, 0.00000E+00,-0.00000E+00, 3.73468E-03,-1.77444E-04, 3.73468E-03,-1.77444E-04,
 1613, 7.43021E-02,-1.79118E-01, 8.74754E-02,-1.79503E-01, 0.00000E+00,-0.00000E+00, 3.72645E-03,-1.77204E-04, 3.72645E-03,-1.77204E-04,
 1614, 7.43021E-02,-1.79118E-01, 8.74853E-02,-1.79505E-01, 0.00000E+00,-0.00000E+00, 3.71821E-03,-1.76963E-04, 3.71821E-03,-1.76963E-04,
 1615, 7.43021E-02,-1.79118E-01, 8.74949E-02,-1.79506E-01, 0.00000E+00,-0.00000E+00, 3.70998E-03,-1.76722E-04, 3.70998E-03,-1.76722E-04,
 1616, 7.43021E-02,-1.79118E-01, 8.75043E-02,-1.79508E-01, 0.00000E+00,-0.00000E+00, 3.70173E-03,-1.76479E-04, 3.70173E-03,-1.76479E-04,
 1617, 7.43021E-02,-1.79118E-01, 8.75135E-02,-1.79509E-01, 0.00000E+00,-0.00000E+00, 3.69348E-03,-1.76235E-04, 3.69348E-03,-1.76235E-04,
 1618, 7.43021E-02,-1.79118E-01, 8.75225E-02,-1.79511E-01, 0.00000E+00,-0.00000E+00, 3.68522E-03,-1.75990E-04, 3.68522E-03,-1.75990E-04,
 1619, 7.43021E-02,-1.79118E-01, 8.75313E-02,-1.79512E-01, 0.00000E+00,-0.00000E+00, 3.67696E-03,-1.75744E-04, 3.67696E-03,-1.75744E-04,
 1620, 7.43021E-02,-1.79118E-01, 8.75399E-02,-1.79514E-01, 0.00000E+00,-0.00000E+00, 3.66869E-03,-1.75498E-04, 3.66869E-03,-1.75498E-04,
 1621, 7.43021E-02,-1.79118E-01, 8.75482E-02,-1.79515E-01, 0.00000E+00,-0.00000E+00, 3.66042E-03,-1.75250E-04, 3.66042E-03,-1.75250E-04,
 1622, 7.43021E-02,-1.79118E-01, 8.75564E-02,-1.79517E-01, 0.00000E+00,-0.00000E+00, 3.65214E-03,-1.75001E-04, 3.65214E-03,-1.75001E-04,
 1623, 7.43021E-02,-1.79118E-01, 8.75643E-02,-1.79518E-01, 0.00000E+00,-0.00000E+00, 3.64385E-03,-1.74752E-04, 3.64385E-03,-1.74752E-04,
 1624, 7.43021E-02,-1.79118E-01, 8.75721E-02,-1.79520E-01, 0.00000E+00,-0.00000E+00, 3.63556E-03,-1.74501E-04, 3.63556E-03,-1.74501E-04,
 1625, 7.43021E-02,-1.79118E-01, 8.75796E-02,-1.79521E-01, 0.00000E+00,-0.00000E+00, 3.62727E-03,-1.74250E-04, 3.62727E-03,-1.74250E-04,
 1626, 7.43021E-02,-1.79118E-01, 8.75869E-02,-1.79523E-01, 0.00000E+00,-0.00000E+00, 3.61897E-03,-1.73997E-04, 3.61897E-03,-1.73997E-04,
 1627, 7.43021E-02,-1.79118E-01, 8.75940E-02,-1.79524E-01, 0.00000E+00,-0.00000E+00, 3.61067E-03,-1.73744E-04, 3.61067E-03,-1.73744E-04,
 1628, 7.43021E-02,-1.79118E-01, 8.76009E-02,-1.79526E-01, 0.00000E+00,-0.00000E+00, 3.60236E-03,-1.73490E-04, 3.60236E-03,-1.73490E-04,
 1629, 7.43021E-02,-1.79118E-01, 8.76076E-02,-1.79527E-01, 0.00000E+00,-0.00000E+00, 3.59405E-03,-1.73235E-04, 3.59405E-03,-1.73235E-04,
 1630, 7.43021E-02,-1.79118E-01, 8.76141E-02,-1.79529E-01, 0.00000E+00,-0.00000E+00, 3.58573E-03,-1.72979E-04, 3.58573E-03,-1.72979E-04,
 1631, 7.43021E-02,-1.79118E-01, 8.76204E-02,-1.79530E-01, 0.00000E+00,-0.00000E+00, 3.57741E-03,-1.72722E-04, 3.57741E-03,-1.72722E-04,
 1632, 7.43021E-02,-1.79118E-01, 8.76265E-02,-1.79531E-01, 0.00000E+00,-0.00000E+00, 3.56909E-03,-1.72465E-04, 3.56909E-03,-1.72465E-04,
 1633, 7.43021E-02,-1.79118E-01, 8.76324E-02,-1.79533E-01, 0.00000E+00,-0.00000E+00, 3.56076E-03,-1.72206E-04, 3.56076E-03,-1.72206E-04,
 1634, 7.43021E-02,-1.79118E-01, 8.76381E-02,-1.79534E-01, 0.00000E+00,-0.00000E+00, 3.55243E-03,-1.71947E-04, 3.55243E-03,-1.71947E-04,
 1635, 7.43021E-02,-1.79118E-01, 8.76436E-02,-1.79535E-01, 0.00000E+00,-0.00000E+00, 3.54409E-03,-1.71686E-04, 3.54409E-03,-1.71686E-04,
 1636, 7.43021E-02,-1.79118E-01, 8.76489E-02,-1.79537E-01, 0.00000E+00,-0.00000E+00, 3.53576E-03,-1.71425E-04, 3.53576E-03,-1.71425E-04,
 1637, 7.43021E-02,-1.79118E-01, 8.76540E-02,-1.79538E-01, 0.00000E+00,-0.00000E+00, 3.52741E-03,-1.71163E-04, 3.52741E-03,-1.71163E-04,
 1638, 7.43021E-02,-1.79118E-01, 8.76589E-02,-1.79539E-01, 0.00000E+00,-0.00000E+00, 3.51907E-03,-1.70901E-04, 3.51907E-03,-1.70901E-04,
 1639, 7.43021E-02,-1.79118E-01, 8.76636E-02,-1.79541E-01, 0.00000E+00,-0.00000E+00, 3.51072E-03,-1.70637E-04, 3.51072E-03,-1.70637E-04,
 1640, 7.43021E-02,-1.79118E-01, 8.76682E-02,-1.79542E-01, 0.00000E+00,-0.00000E+00, 3.50237E-03,-1.70373E-04, 3.50237E-03,-1.70373E-04,
 1641, 7.43021E-02,-1.79118E-01, 8.76725E-02,-1.79543E-01, 0.00000E+00,-0.00000E+00, 3.49402E-03,-1.70107E-04, 3.49402E-03,-1.70107E-04,
 1642, 7.43021E-02,-1.79118E-01, 8.76766E-02,-1.79544E-01, 0.00000E+00,-0.00000E+00, 3.48566E-03,-1.69841E-04, 3.48566E-03,-1.69841E-04,
 1643, 7.43021E-02,-1.79118E-01, 8.76806E-02,-1.79546E-01, 0.00000E+00,-0.00000E+00, 3.47730E-03,-1.69575E-04, 3.47730E-03,-1.69575E-04,
 1644, 7.43021E-02,-1.79118E-01, 8.76843E-02,-1.79547E-01, 0.00000E+00,-0.00000E+00, 3.46894E-03,-1.69307E-04, 3.46894E-03,-1.69307E-04,
 1645, 7.43021E-02,-1.79118E-01, 8.76879E-02,-1.79548E-01, 0.00000E+00,-0.00000E+00, 3.46057E-03,-1.69039E-04, 3.46057E-03,-1.69039E-04,
 1646, 7.43021E-02,-1.79118E-01, 8.76913E-02,-1.79549E-01, 0.00000E+00,-0.00000E+00, 3.45221E-03,-1.68770E-04, 3.45221E-03,-1.68770E-04,
 1647, 7.43021E-02,-1.79118E-01, 8.76945E-02,-1.79551E-01, 0.00000E+00,-0.00000E+00, 3.44384E-03,-1.68500E-04, 3.44384E-03,-1.68500E-04,
 1648, 7.43021E-02,-1.79118E-01, 8.76975E-02,-1.79552E-01, 0.00000E+00,-0.00000E+00, 3.43547E-03,-1.68229E-04, 3.43547E-03,-1.68229E-04,
 1649, 7.43021E-02,-1.79118E-01, 8.77003E-02,-1.79553E-01, 0.00000E+00,-0.00000E+00, 3.42710E-03,-1.67958E-04, 3.42710E-03,-1.67958E-04,
 1650, 7.43021E-02,-1.79118E-01, 8.77029E-02,-1.79554E-01, 0.00000E+00,-0.00000E+00, 3.41872E-03,-1.67686E-04, 3.41872E-03,-1.67686E-04,
 1651, 7.43021E-02,-1.79118E-01, 8.77054E-02,-1.79555E-01, 0.00000E+00,-0.00000E+00, 3.41035E-03,-1.67413E-04, 3.41035E-03,-1.67413E-04,
 1652, 7.43021E-02,-1.79118E-01, 8.77076E-02,-1.79556E-01, 0.00000E+00,-0.00000E+00, 3.40197E-03,-1.67140E-04, 3.40197E-03,-1.67140E-04,
 1653, 7.43021E-02,-1.79118E-01, 8.77097E-02,-1.79558E-01, 0.00000E+00,-0.00000E+00, 3.39359E-03,-1.66865E-04, 3.39359E-03,-1.66865E-04,
 1654, 7.43021E-02,-1.79118E-01, 8.77116E-02,-1.79559E-01, 0.00000E+00,-0.00000E+00, 3.38521E-03,-1.66590E-04, 3.38521E-03,-1.66590E-04,
 1655, 7.43021E-02,-1.79118E-01, 8.77134E-02,-1.79560E-01, 0.00000E+00,-0.00000E+00, 3.37683E-03,-1.66315E-04, 3.37683E-03,-1.66315E-04,
 1656, 7.43021E-02,-1.79118E-01, 8.77149E-02,-1.79561E-01, 0.00000E+00,-0.00000E+00, 3.36845E-03,-1.66038E-04, 3.36845E-03,-1.66038E-04,
 1657, 7.43021E-02,-1.79118E-01, 8.77163E-02,-1.79562E-01, 0.00000E+00,-0.00000E+00, 3.36007E-03,-1.65761E-04, 3.36007E-03,-1.65761E-04,
 1658, 7.43021E-02,-1.79118E-01, 8.77175E-02,-1.79563E-01, 0.00000E+00,-0.00000E+00, 3.35168E-03,-1.65483E-04, 3.35168E-03,-1.65483E-04,
 1659, 7.43021E-02,-1.79118E-01, 8.77185E-02,-1.79564E-01, 0.00000E+00,-0.00000E+00, 3.34330E-03,-1.65205E-04, 3.34330E-03,-1.65205E-04,
 1660, 7.43021E-02,-1.79118E-01, 8.77193E-02,-1.79565E-01, 0.00000E+00,-0.00000E+00, 3.33491E-03,-1.64926E-04, 3.33491E-03,-1.64926E-04,
 1661, 7.43021E-02,-1.79118E-01, 8.77200E-02,-1.79566E-01, 0.00000E+00,-0.00000E+00, 3.32653E-03,-1.64646E-04, 3.32653E-03,-1.64646E-04,
 1662, 7.43021E-02,-1.79118E-01, 8.77204E-02,-1.79567E-01, 0.00000E+00,-0.00000E+00, 3.31814E-03,-1.64366E-04, 3.31814E-03,-1.64366E-04,
 1663, 7.43021E-02,-1.79118E-01, 8.77208E-02,-1.79568E-01, 0.00000E+00,-0.00000E+00, 3.30975E-03,-1.64085E-04, 3.30975E-03,-1.64085E-04,
 1664, 7.43021E-02,-1.79118E-01, 8.77209E-02,-1.79569E-01, 0.00000E+00,-0.00000E+00, 3.30137E-03,-1.63803E-04, 3.30137E-03,-1.63803E-04,
 1665, 7.43021E-02,-1.79118E-01, 8.77209E-02,-1.79570E-01, 0.00000E+00,-0.00000E+00, 3.29298E-03,-1.63521E-04, 3.29298E-03,-1.63521E-04,
 1666, 7.43021E-02,-1.79118E-01, 8.77207E-02,-1.79571E-01, 0.00000E+00,-0.00000E+00, 3.28459E-03,-1.63238E-04, 3.28459E-03,-1.63238E-04,
 1667, 7.43021E-02,-1.79118E-01, 8.77203E-02,-1.79572E-01, 0.00000E+00,-0.00000E+00, 3.27621E-03,-1.62954E-04, 3.27621E-03,-1.62954E-04,
 1668, 7.43021E-02,-1.79118E-01, 8.77198E-02,-1.79573E-01, 0.00000E+00,-0.00000E+00, 3.26782E-03,-1.62670E-04, 3.26782E-03,-1.62670E-04,
 1669, 7.43021E-02,-1.79118E-01, 8.77191E-02,-1.79574E-01, 0.00000E+00,-0.00000E+00, 3.25943E-03,-1.62385E-04, 3.25943E-03,-1.62385E-04,
 1670, 7.43021E-02,-1.79118E-01, 8.77182E-02,-1.79575E-01, 0.00000E+00,-0.00000E+00, 3.25105E-03,-1.62100E-04, 3.25105E-03,-1.62100E-04,
 1671, 7.43021E-02,-1.79118E-01, 8.77171E-02,-1.79576E-01, 0.00000E+00,-0.00000E+00, 3.24266E-03,-1.61814E-04, 3.24266E-03,-1.61814E-04,
 1672, 7.43021E-02,-1.79118E-01, 8.77159E-02,-1.79577E-01, 0.00000E+00,-0.00000E+00, 3.23428E-03,-1.61527E-04, 3.23428E-03,-1.61527E-04,
 1673, 7.43021E-02,-1.79118E-01, 8.77146E-02,-1.79578E-01, 0.00000E+00,-0.00000E+00, 3.22589E-03,-1.61240E-04, 3.22589E-03,-1.61240E-04,
 1674, 7.43021E-02,-1.79118E-01, 8.77130E-02,-1.79579E-01, 0.00000E+00,-0.00000E+00, 3.21751E-03,-1.60953E-04, 3.21751E-03,-1.60953E-04,
 1675, 7.43021E-02,-1.79118E-01, 8.77113E-02,-1.79580E-01, 0.00000E+00,-0.00000E+00, 3.20913E-03,-1.60664E-04, 3.20913E-03,-1.60664E-04,
 1676, 7.43021E-02,-1.79118E-01, 8.77095E-02,-1.79581E-01, 0.00000E+00,-0.00000E+00, 3.20075E-03,-1.60375E-04, 3.20075E-03,-1.60375E-04,
 1677, 7.43021E-02,-1.79118E-01, 8.77074E-02,-1.79582E-01, 0.00000E+00,-0.00000E+00, 3.19237E-03,-1.60086E-04, 3.19237E-03,-1.60086E-04,
 1678, 7.43021E-02,-1.79118E-01, 8.77053E-02,-1.79582E-01, 0.00000E+00,-0.00000E+00, 3.18399E-03,-1.59796E-04, 3.18399E-03,-1.59796E-04,
 1679, 7.43021E-02,-1.79118E-01, 8.77029E-02,-1.79583E-01, 0.00000E+00,-0.00000E+00, 3.17561E-03,-1.59505E-04, 3.17561E-03,-1.59505E-04,
 1680, 7.43021E-02,-1.79118E-01, 8.77004E-02,-1.79584E-01, 0.00000E+00,-0.00000E+00, 3.16724E-03,-1.59214E-04, 3.16724E-03,-1.59214E-04,
 1681, 7.43021E-02,-1.79118E-01, 8.76978E-02,-1.79585E-01, 0.00000E+00,-0.00000E+00, 3.15886E-03,-1.58923E-04, 3.15886E-03,-1.58923E-04,
 1682, 7.43021E-02,-1.79118E-01, 8.76949E-02,-1.79586E-01, 0.00000E+00,-0.00000E+00, 3.15049E-03,-1.58631E-04, 3.15049E-03,-1.58631E-04,
 1683, 7.43021E-02,-1.79118E-01, 8.76920E-02,-1.79587E-01, 0.00000E+00,-0.00000E+00, 3.14212E-03,-1.58338E-04, 3.14212E-03,-1.58338E-04,
 1684, 7.43021E-02,-1.79118E-01, 8.76888E-02,-1.79587E-01, 0.00000E+00,-0.00000E+00, 3.13375E-03,-1.58045E-04, 3.13375E-03,-1.58045E-04,
 1685, 7.43021E-02,-1.79118E-01, 8.76856E-02,-1.79588E-01, 0.00000E+00,-0.00000E+00, 3.12538E-03,-1.57751E-04, 3.12538E-03,-1.57751E-04,
 1686, 7.43021E-02,-1.79118E-01, 8.76821E-02,-1.79589E-01, 0.00000E+00,-0.00000E+00, 3.11702E-03,-1.57457E-04, 3.11702E-03,-1.57457E-04,
 1687, 7.43021E-02,-1.79118E-01, 8.76785E-02,-1.79590E-01, 0.00000E+00,-0.00000E+00, 3.10866E-03,-1.57163E-04, 3.10866E-03,-1.57163E-04,
 1688, 7.43021E-02,-1.79118E-01, 8.76748E-02,-1.79591E-01, 0.00000E+00,-0.00000E+00, 3.10030E-03,-1.56867E-04, 3.10030E-03,-1.56867E-04,
 1689, 7.43021E-02,-1.79118E-01, 8.76709E-02,-1.79591E-01, 0.00000E+00,-0.00000E+00, 3.09194E-03,-1.56572E-04, 3.09194E-03,-1.56572E-04,
 1690, 7.43021E-02,-1.79118E-01, 8.76668E-02,-1.79592E-01, 0.00000E+00,-0.00000E+00, 3.08358E-03,-1.56276E-04, 3.08358E-03,-1.56276E-04,
 1691, 7.43021E-02,-1.79118E-01, 8.76627E-02,-1.79593E-01, 0.00000E+00,-0.00000E+00, 3.07523E-03,-1.55979E-04, 3.07523E-03,-1.55979E-04,
 1692, 7.43021E-02,-1.79118E-01, 8.76583E-02,-1.79594E-01, 0.00000E+00,-0.00000E+00, 3.06688E-03,-1.55682E-04, 3.06688E-03,-1.55682E-04,
 1693, 7.43021E-02,-1.79118E-01, 8.76538E-02,-1.79594E-01, 0.00000E+00,-0.00000E+00, 3.05853E-03,-1.55385E-04, 3.05853E-03,-1.55385E-04,
 1694, 7.43021E-02,-1.79118E-01, 8.76492E-02,-1.79595E-01, 0.00000E+00,-0.00000E+00, 3.05019E-03,-1.55087E-04, 3.05019E-03,-1.55087E-04,
 1695, 7.43021E-02,-1.79118E-01, 8.76444E-02,-1.79596E-01, 0.00000E+00,-0.00000E+00, 3.04185E-03,-1.54789E-04, 3.04185E-03,-1.54789E-04,
 1696, 7.43021E-02,-1.79118E-01, 8.76395E-02,-1.79596E-01, 0.00000E+00,-0.00000E+00, 3.03351E-03,-1.54490E-04, 3.03351E-03,-1.54490E-04,
 1697, 7.43021E-02,-1.79118E-01, 8.76344E-02,-1.79597E-01, 0.00000E+00,-0.00000E+00, 3.02517E-03,-1.54191E-04, 3.02517E-03,-1.54191E-04,
 1698, 7.43021E-02,-1.79118E-01, 8.76292E-02,-1.79598E-01, 0.00000E+00,-0.00000E+00, 3.01684E-03,-1.53891E-04, 3.01684E-03,-1.53891E-04,
 1699, 7.43021E-02,-1.79118E-01, 8.76238E-02,-1.79598E-01, 0.00000E+00,-0.00000E+00, 3.00851E-03,-1.53591E-04, 3.00851E-03,-1.53591E-04,
 1700, 7.43021E-02,-1.79118E-01, 8.76183E-02,-1.79599E-01, 0.00000E+00,-0.00000E+00, 3.00018E-03,-1.53290E-04, 3.00018E-03,-1.53290E-04,
 1701, 7.43021E-02,-1.79118E-01, 8.76126E-02,-1.79600E-01, 0.00000E+00,-0.00000E+00, 2.99186E-03,-1.52989E-04, 2.99186E-03,-1.52989E-04,
 1702, 7.43021E-02,-1.79118E-01, 8.76069E-02,-1.79600E-01, 0.00000E+00,-0.00000E+00, 2.98354E-03,-1.52688E-04, 2.98354E-03,-1.52688E-04,
 1703, 7.43021E-02,-1.79118E-01, 8.76009E-02,-1.79601E-01, 0.00000E+00,-0.00000E+00, 2.97522E-03,-1.52386E-04, 2.97522E-03,-1.52386E-04,
 1704, 7.43021E-02,-1.79118E-01, 8.75949E-02,-1.79602E-01, 0.00000E+00,-0.00000E+00, 2.96691E-03,-1.52084E-04, 2.96691E-03,-1.52084E-04,
 1705, 7.43021E-02,-1.79118E-01, 8.75886E-02,-1.79602E-01, 0.00000E+00,-0.00000E+00, 2.95860E-03,-1.51782E-04, 2.95860E-03,-1.51782E-04,
 1706, 7.43021E-02,-1.79118E-01, 8.75823E-02,-1.79603E-01, 0.00000E+00,-0.00000E+00, 2.95030E-03,-1.51479E-04, 2.95030E-03,-1.51479E-04,
 1707, 7.43021E-02,-1.79118E-01, 8.75758E-02,-1.79603E-01, 0.00000E+00,-0.00000E+00, 2.94200E-03,-1.51176E-04, 2.94200E-03,-1.51176E-04,
 1708, 7.43021E-02,-1.79118E-01, 8.75692E-02,-1.79604E-01, 0.00000E+00,-0.00000E+00, 2.93370E-03,-1.50872E-04, 2.93370E-03,-1.50872E-04,
 1709, 7.43021E-02,-1.79118E-01, 8.75624E-02,-1.79605E-01, 0.00000E+00,-0.00000E+00, 2.92541E-03,-1.50568E-04, 2.92541E-03,-1.50568E-04,
 1710, 7.43021E-02,-1.79118E-01, 8.75555E-02,-1.79605E-01, 0.00000E+00,-0.00000E+00, 2.91712E-03,-1.50264E-04, 2.91712E-03,-1.50264E-04,
 1711, 7.43021E-02,-1.79118E-01, 8.75485E-02,-1.79606E-01, 0.00000E+00,-0.00000E+00, 2.90884E-03,-1.49959E-04, 2.90884E-03,-1.49959E-04,
 1712, 7.43021E-02,-1.79118E-01, 8.75414E-02,-1.79606E-01, 0.00000E+00,-0.00000E+00, 2.90056E-03,-1.49654E-04, 2.90056E-03,-1.49654E-04,
 1713, 7.43021E-02,-1.79118E-01, 8.75341E-02,-1.79607E-01, 0.00000E+00,-0.00000E+00, 2.89229E-03,-1.49349E-04, 2.89229E-03,-1.49349E-04,
 1714, 7.43021E-02,-1.79118E-01, 8.75266E-02,-1.79607E-01, 0.00000E+00,-0.00000E+00, 2.88402E-03,-1.49043E-04, 2.88402E-03,-1.49043E-04,
 1715, 7.43021E-02,-1.79118E-01, 8.75191E-02,-1.79608E-01, 0.00000E+00,-0.00000E+00, 2.87575E-03,-1.48737E-04, 2.87575E-03,-1.48737E-04,
 1716, 7.43021E-02,-1.79118E-01, 8.75114E-02,-1.79608E-01, 0.00000E+00,-0.00000E+00, 2.86749E-03,-1.48431E-04, 2.86749E-03,-1.48431E-04,
 1717, 7.43021E-02,-1.79118E-01, 8.75036E-02,-1.79609E-01, 0.00000E+00,-0.00000E+00, 2.85924E-03,-1.48124E-04, 2.85924E-03,-1.48124E-04,
 1718, 7.43021E-02,-1.79118E-01, 8.74956E-02,-1.79609E-01, 0.00000E+00,-0.00000E+00, 2.85098E-03,-1.47817E-04, 2.85098E-03,-1.47817E-04,
 1719, 7.43021E-02,-1.79118E-01, 8.74876E-02,-1.79610E-01, 0.00000E+00,-0.00000E+00, 2.84274E-03,-1.47510E-04, 2.84274E-03,-1.47510E-04,
 1720, 7.43021E-02,-1.79118E-01, 8.74794E-02,-1.79610E-01, 0.00000E+00,-0.00000E+00, 2.83450E-03,-1.47202E-04, 2.83450E-03,-1.47202E-04,
 1721, 7.43021E-02,-1.79118E-01, 8.74710E-02,-1.79611E-01, 0.00000E+00,-0.00000E+00, 2.82626E-03,-1.46894E-04, 2.82626E-03,-1.46894E-04,
 1722, 7.43021E-02,-1.79118E-01, 8.74626E-02,-1.79611E-01, 0.00000E+00,-0.00000E+00, 2.81803E-03,-1.46586E-04, 2.81803E-03,-1.46586E-04,
 1723, 7.43021E-02,-1.79118E-01, 8.74540E-02,-1.79612E-01, 0.00000E+00,-0.00000E+00, 2.80981E-03,-1.46278E-04, 2.80981E-03,-1.46278E-04,
 1724, 7.43021E-02,-1.79118E-01, 8.74453E-02,-1.79612E-01, 0.00000E+00,-0.00000E+00, 2.80159E-03,-1.45969E-04, 2.80159E-03,-1.45969E-04,
 1725, 7.43021E-02,-1.79118E-01, 8.74365E-02,-1.79613E-01, 0.00000E+00,-0.00000E+00, 2.79337E-03,-1.45660E-04, 2.79337E-03,-1.45660E-04,
 1726, 7.43021E-02,-1.79118E-01, 8.74275E-02,-1.79613E-01, 0.00000E+00,-0.00000E+00, 2.78516E-03,-1.45351E-04, 2.78516E-03,-1.45351E-04,
 1727, 7.43021E-02,-1.79118E-01, 8.74184E-02,-1.79613E-01, 0.00000E+00,-0.00000E+00, 2.77696E-03,-1.45041E-04, 2.77696E-03,-1.45041E-04,
 1728, 7.43021E-02,-1.79118E-01, 8.74092E-02,-1.79614E-01, 0.00000E+00,-0.00000E+00, 2.76876E-03,-1.44731E-04, 2.76876E-03,-1.44731E-04,
 1729, 7.43021E-02,-1.79118E-01, 8.73999E-02,-1.79614E-01, 0.00000E+00,-0.00000E+00, 2.76057E-03,-1.44421E-04, 2.76057E-03,-1.44421E-04,
 1730, 7.43021E-02,-1.79118E-01, 8.73905E-02,-1.79615E-01, 0.00000E+00,-0.00000E+00, 2.75238E-03,-1.44111E-04, 2.75238E-03,-1.44111E-04,
 1731, 7.43021E-02,-1.79118E-01, 8.73809E-02,-1.79615E-01, 0.00000E+00,-0.00000E+00, 2.74420E-03,-1.43800E-04, 2.74420E-03,-1.43800E-04,
 1732, 7.43021E-02,-1.79118E-01, 8.73713E-02,-1.79615E-01, 0.00000E+00,-0.00000E+00, 2.73603E-03,-1.43489E-04, 2.73603E-03,-1.43489E-04,
 1733, 7.43021E-02,-1.79118E-01, 8.73615E-02,-1.79616E-01, 0.00000E+00,-0.00000E+00, 2.72786E-03,-1.43178E-04, 2.72786E-03,-1.43178E-04,
 1734, 7.43021E-02,-1.79118E-01, 8.73516E-02,-1.79616E-01, 0.00000E+00,-0.00000E+00, 2.71970E-03,-1.42867E-04, 2.71970E-03,-1.42867E-04,
 1735, 7.43021E-02,-1.79118E-01, 8.73415E-02,-1.79616E-01, 0.00000E+00,-0.00000E+00, 2.71154E-03,-1.42556E-04, 2.71154E-03,-1.42556E-04,
 1736, 7.43021E-02,-1.79118E-01, 8.73314E-02,-1.79617E-01, 0.00000E+00,-0.00000E+00, 2.70339E-03,-1.42244E-04, 2.70339E-03,-1.42244E-04,
 1737, 7.43021E-02,-1.79118E-01, 8.73211E-02,-1.79617E-01, 0.00000E+00,-0.00000E+00, 2.69525E-03,-1.41932E-04, 2.69525E-03,-1.41932E-04,
 1738, 7.43021E-02,-1.79118E-01, 8.73108E-02,-1.79617E-01, 0.00000E+00,-0.00000E+00, 2.68711E-03,-1.41620E-04, 2.68711E-03,-1.41620E-04,
 1739, 7.43021E-02,-1.79118E-01, 8.73003E-02,-1.79618E-01, 0.00000E+00,-0.00000E+00, 2.67898E-03,-1.41307E-04, 2.67898E-03,-1.41307E-04,
 1740, 7.43021E-02,-1.79118E-01, 8.72897E-02,-1.79618E-01, 0.00000E+00,-0.00000E+00, 2.67086E-03,-1.40995E-04, 2.67086E-03,-1.40995E-04,
 1741, 7.43021E-02,-1.79118E-01, 8.72790E-02,-1.79618E-01, 0.00000E+00,-0.00000E+00, 2.66274E-03,-1.40682E-04, 2.66274E-03,-1.40682E-04,
 1742, 7.43021E-02,-1.79118E-01, 8.72682E-02,-1.79619E-01, 0.00000E+00,-0.00000E+00, 2.65463E-03,-1.40369E-04, 2.65463E-03,-1.40369E-04,
 1743, 7.43021E-02,-1.79118E-01, 8.72572E-02,-1.79619E-01, 0.00000E+00,-0.00000E+00, 2.64652E-03,-1.40056E-04, 2.64652E-03,-1.40056E-04,
 1744, 7.43021E-02,-1.79118E-01, 8.72462E-02,-1.79619E-01, 0.00000E+00,-0.00000E+00, 2.63843E-03,-1.39743E-04, 2.63843E-03,-1.39743E-04,
 1745, 7.43021E-02,-1.79118E-01, 8.72350E-02,-1.79619E-01, 0.00000E+00,-0.00000E+00, 2.63034E-03,-1.39429E-04, 2.63034E-03,-1.39429E-04,
 1746, 7.43021E-02,-1.79118E-01, 8.72238E-02,-1.79620E-01, 0.00000E+00,-0.00000E+00, 2.62225E-03,-1.39116E-04, 2.62225E-03,-1.39116E-04,
 1747, 7.43021E-02,-1.79118E-01, 8.72124E-02,-1.79620E-01, 0.00000E+00,-0.00000E+00, 2.61418E-03,-1.38802E-04, 2.61418E-03,-1.38802E-04,
 1748, 7.43021E-02,-1.79118E-01, 8.72009E-02,-1.79620E-01, 0.00000E+00,-0.00000E+00, 2.60611E-03,-1.38488E-04, 2.60611E-03,-1.38488E-04,
 1749, 7.43021E-02,-1.79118E-01, 8.71894E-02,-1.79620E-01, 0.00000E+00,-0.00000E+00, 2.59805E-03,-1.38174E-04, 2.59805E-03,-1.38174E-04,
 1750, 7.43021E-02,-1.79118E-01, 8.71777E-02,-1.79621E-01, 0.00000E+00,-0.00000E+00, 2.58999E-03,-1.37859E-04, 2.58999E-03,-1.37859E-04,
 1751, 7.43021E-02,-1.79118E-01, 8.71659E-02,-1.79621E-01, 0.00000E+00,-0.00000E+00, 2.58194E-03,-1.37545E-04, 2.58194E-03,-1.37545E-04,
 1752, 7.43021E-02,-1.79118E-01, 8.71540E-02,-1.79621E-01, 0.00000E+00,-0.00000E+00, 2.57390E-03,-1.37230E-04, 2.57390E-03,-1.37230E-04,
 1753, 7.43021E-02,-1.79118E-01, 8.71420E-02,-1.79621E-01, 0.00000E+00,-0.00000E+00, 2.56587E-03,-1.36916E-04, 2.56587E-03,-1.36916E-04,
 1754, 7.43021E-02,-1.79118E-01, 8.71299E-02,-1.79622E-01, 0.00000E+00,-0.00000E+00, 2.55785E-03,-1.36601E-04, 2.55785E-03,-1.36601E-04,
 1755, 7.43021E-02,-1.79118E-01, 8.71177E-02,-1.79622E-01, 0.00000E+00,-0.00000E+00, 2.54983E-03,-1.36286E-04, 2.54983E-03,-1.36286E-04,
 1756, 7.43021E-02,-1.79118E-01, 8.71053E-02,-1.79622E-01, 0.00000E+00,-0.00000E+00, 2.54182E-03,-1.35971E-04, 2.54182E-03,-1.35971E-04,
 1757, 7.43021E-02,-1.79118E-01, 8.70929E-02,-1.79622E-01, 0.00000E+00,-0.00000E+00, 2.53382E-03,-1.35656E-04, 2.53382E-03,-1.35656E-04,
 1758, 7.43021E-02,-1.79118E-01, 8.70804E-02,-1.79622E-01, 0.00000E+00,-0.00000E+00, 2.52582E-03,-1.35340E-04, 2.52582E-03,-1.35340E-04,
 1759, 7.43021E-02,-1.79118E-01, 8.70678E-02,-1.79623E-01, 0.00000E+00,-0.00000E+00, 2.51784E-03,-1.35025E-04, 2.51784E-03,-1.35025E-04,
 1760, 7.43021E-02,-1.79118E-01, 8.70551E-02,-1.79623E-01, 0.00000E+00,-0.00000E+00, 2.50986E-03,-1.34709E-04, 2.50986E-03,-1.34709E-04,
 1761, 7.43021E-02,-1.79118E-01, 8.70423E-02,-1.79623E-01, 0.00000E+00,-0.00000E+00, 2.50189E-03,-1.34394E-04, 2.50189E-03,-1.34394E-04,
 1762, 7.43021E-02,-1.79118E-01, 8.70294E-02,-1.79623E-01, 0.00000E+00,-0.00000E+00, 2.49392E-03,-1.34078E-04, 2.49392E-03,-1.34078E-04,
 1763, 7.43021E-02,-1.79118E-01, 8.70164E-02,-1.79623E-01, 0.00000E+00,-0.00000E+00, 2.48597E-03,-1.33762E-04, 2.48597E-03,-1.33762E-04,
 1764, 7.43021E-02,-1.79118E-01, 8.70032E-02,-1.79623E-01, 0.00000E+00,-0.00000E+00, 2.47802E-03,-1.33446E-04, 2.47802E-03,-1.33446E-04,
 1765, 7.43021E-02,-1.79118E-01, 8.69900E-02,-1.79623E-01, 0.00000E+00,-0.00000E+00, 2.47009E-03,-1.33130E-04, 2.47009E-03,-1.33130E-04,
 1766, 7.43021E-02,-1.79118E-01, 8.69767E-02,-1.79623E-01, 0.00000E+00,-0.00000E+00, 2.46216E-03,-1.32814E-04, 2.46216E-03,-1.32814E-04,
 1767, 7.43021E-02,-1.79118E-01, 8.69634E-02,-1.79624E-01, 0.00000E+00,-0.00000E+00, 2.45423E-03,-1.32498E-04, 2.45423E-03,-1.32498E-04,
 1768, 7.43021E-02,-1.79118E-01, 8.69499E-02,-1.79624E-01, 0.00000E+00,-0.00000E+00, 2.44632E-03,-1.32182E-04, 2.44632E-03,-1.32182E-04,
 1769, 7.43021E-02,-1.79118E-01, 8.69363E-02,-1.79624E-01, 0.00000E+00,-0.00000E+00, 2.43842E-03,-1.31865E-04, 2.43842E-03,-1.31865E-04,
 1770, 7.43021E-02,-1.79118E-01, 8.69226E-02,-1.79624E-01, 0.00000E+00,-0.00000E+00, 2.43052E-03,-1.31549E-04, 2.43052E-03,-1.31549E-04,
 1771, 7.43021E-02,-1.79118E-01, 8.69089E-02,-1.79624E-01, 0.00000E+00,-0.00000E+00, 2.42263E-03,-1.31233E-04, 2.42263E-03,-1.31233E-04,
 1772, 7.43021E-02,-1.79118E-01, 8.68950E-02,-1.79624E-01, 0.00000E+00,-0.00000E+00, 2.41475E-03,-1.30916E-04, 2.41475E-03,-1.30916E-04,
 1773, 7.43021E-02,-1.79118E-01, 8.68810E-02,-1.79624E-01, 0.00000E+00,-0.00000E+00, 2.40688E-03,-1.30600E-04, 2.40688E-03,-1.30600E-04,
 1774, 7.43021E-02,-1.79118E-01, 8.68670E-02,-1.79624E-01, 0.00000E+00,-0.00000E+00, 2.39902E-03,-1.30283E-04, 2.39902E-03,-1.30283E-04,
 1775, 7.43021E-02,-1.79118E-01, 8.68529E-02,-1.79624E-01, 0.00000E+00,-0.00000E+00, 2.39117E-03,-1.29966E-04, 2.39117E-03,-1.29966E-04,
 1776, 7.43021E-02,-1.79118E-01, 8.68387E-02,-1.79624E-01, 0.00000E+00,-0.00000E+00, 2.38332E-03,-1.29650E-04, 2.38332E-03,-1.29650E-04,
 1777, 7.43021E-02,-1.79118E-01, 8.68244E-02,-1.79624E-01, 0.00000E+00,-0.00000E+00, 2.37549E-03,-1.29333E-04, 2.37549E-03,-1.29333E-04,
 1778, 7.43021E-02,-1.79118E-01, 8.68100E-02,-1.79624E-01, 0.00000E+00,-0.00000E+00, 2.36766E-03,-1.29016E-04, 2.36766E-03,-1.29016E-04,
 1779, 7.43021E-02,-1.79118E-01, 8.67955E-02,-1.79624E-01, 0.00000E+00,-0.00000E+00, 2.35984E-03,-1.28700E-04, 2.35984E-03,-1.28700E-04,
 1780, 7.43021E-02,-1.79118E-01, 8.67809E-02,-1.79624E-01, 0.00000E+00,-0.00000E+00, 2.35203E-03,-1.28383E-04, 2.35203E-03,-1.28383E-04,
 1781, 7.43021E-02,-1.79118E-01, 8.67663E-02,-1.79624E-01, 0.00000E+00,-0.00000E+00, 2.34423E-03,-1.28066E-04, 2.34423E-03,-1.28066E-04,
 1782, 7.43021E-02,-1.79118E-01, 8.67515E-02,-1.79624E-01, 0.00000E+00,-0.00000E+00, 2.33644E-03,-1.27749E-04, 2.33644E-03,-1.27749E-04,
 1783, 7.43021E-02,-1.79118E-01, 8.67367E-02,-1.79624E-01, 0.00000E+00,-0.00000E+00, 2.32866E-03,-1.27433E-04, 2.32866E-03,-1.27433E-04,
 1784, 7.43021E-02,-1.79118E-01, 8.67218E-02,-1.79624E-01, 0.00000E+00,-0.00000E+00, 2.32089E-03,-1.27116E-04, 2.32089E-03,-1.27116E-04,
 1785, 7.43021E-02,-1.79118E-01, 8.67068E-02,-1.79624E-01, 0.00000E+00,-0.00000E+00, 2.31313E-03,-1.26799E-04, 2.31313E-03,-1.26799E-04,
 1786, 7.43021E-02,-1.79118E-01, 8.66917E-02,-1.79624E-01, 0.00000E+00,-0.00000E+00, 2.30538E-03,-1.26482E-04, 2.30538E-03,-1.26482E-04,
 1787, 7.43021E-02,-1.79118E-01, 8.66766E-02,-1.79624E-01, 0.00000E+00,-0.00000E+00, 2.29763E-03,-1.26165E-04, 2.29763E-03,-1.26165E-04,
 1788, 7.43021E-02,-1.79118E-01, 8.66614E-02,-1.79624E-01, 0.00000E+00,-0.00000E+00, 2.28990E-03,-1.25849E-04, 2.28990E-03,-1.25849E-04,
 1789, 7.43021E-02,-1.79118E-01, 8.66460E-02,-1.79624E-01, 0.00000E+00,-0.00000E+00, 2.28217E-03,-1.25532E-04, 2.28217E-03,-1.25532E-04,
 1790, 7.43021E-02,-1.79118E-01, 8.66306E-02,-1.79624E-01, 0.00000E+00,-0.00000E+00, 2.27446E-03,-1.25215E-04, 2.27446E-03,-1.25215E-04,
 1791, 7.43021E-02,-1.79118E-01, 8.66152E-02,-1.79624E-01, 0.00000E+00,-0.00000E+00, 2.26675E-03,-1.24899E-04, 2.26675E-03,-1.24899E-04,
 1792, 7.43021E-02,-1.79118E-01, 8.65996E-02,-1.79624E-01, 0.00000E+00,-0.00000E+00, 2.25906E-03,-1.24582E-04, 2.25906E-03,-1.24582E-04,
 1793, 7.43021E-02,-1.79118E-01, 8.65840E-02,-1.79624E-01, 0.00000E+00,-0.00000E+00, 2.25137E-03,-1.24265E-04, 2.25137E-03,-1.24265E-04,
 1794, 7.43021E-02,-1.79118E-01, 8.65682E-02,-1.79624E-01, 0.00000E+00,-0.00000E+00, 2.24369E-03,-1.23949E-04, 2.24369E-03,-1.23949E-04,
 1795, 7.43021E-02,-1.79118E-01, 8.65524E-02,-1.79624E-01, 0.00000E+00,-0.00000E+00, 2.23603E-03,-1.23632E-04, 2.23603E-03,-1.23632E-04,
 1796, 7.43021E-02,-1.79118E-01, 8.65366E-02,-1.79624E-01, 0.00000E+00,-0.00000E+00, 2.22837E-03,-1.23315E-04, 2.22837E-03,-1.23315E-04,
 1797, 7.43021E-02,-1.79118E-01, 8.65206E-02,-1.79624E-01, 0.00000E+00,-0.00000E+00, 2.22073E-03,-1.22999E-04, 2.22073E-03,-1.22999E-04,
 1798, 7.43021E-02,-1.79118E-01, 8.65046E-02,-1.79624E-01, 0.00000E+00,-0.00000E+00, 2.21309E-03,-1.22683E-04, 2.21309E-03,-1.22683E-04,
 1799, 7.43021E-02,-1.79118E-01, 8.64885E-02,-1.79624E-01, 0.00000E+00,-0.00000E+00, 2.20546E-03,-1.22366E-04, 2.20546E-03,-1.22366E-04,
 1800, 7.43021E-02,-1.79118E-01, 8.64723E-02,-1.79624E-01, 0.00000E+00,-0.00000E+00, 2.19785E-03,-1.22050E-04, 2.19785E-03,-1.22050E-04,
 1801, 7.43021E-02,-1.79118E-01, 8.64561E-02,-1.79624E-01, 0.00000E+00,-0.00000E+00, 2.19024E-03,-1.21734E-04, 2.19024E-03,-1.21734E-04,
 1802, 7.43021E-02,-1.79118E-01, 8.64398E-02,-1.79623E-01, 0.00000E+00,-0.00000E+00, 2.18264E-03,-1.21417E-04, 2.18264E-03,-1.21417E-04,
 1803, 7.43021E-02,-1.79118E-01, 8.64234E-02,-1.79623E-01, 0.00000E+00,-0.00000E+00, 2.17506E-03,-1.21101E-04, 2.17506E-03,-1.21101E-04,
 1804, 7.43021E-02,-1.79118E-01, 8.64069E-02,-1.79623E-01, 0.00000E+00,-0.00000E+00, 2.16748E-03,-1.20785E-04, 2.16748E-03,-1.20785E-04,
