frame,tse_time,tse_in_manual,gunfire,temp1,temp2,range_fact,rk2,kg1,kg2,kg3,kg4,kg5,x1,x2,x3,x4,delta_target_range,delta_target_vel_l,delta_target_vel_m,est_target_range,est_target_vel_slm(1),est_target_vel_slm(2),est_target_vel_slm(3),tof,tse_lead_slm(1),tse_lead_slm(2),tse_lead_slm(3),c12,c14,c22,c24,c33,c35,c44,c55,tads_yaw_rate,tads_pitch_rate,tads_vel_slm(1),tads_vel_slm(2),tads_vel_slm(3),
 1, 0.00000E+00,TRUE,0, 0.00000E+00, 1.60317E+03, 1.45050E+00, 3.08781E+00, 0.00000E+00, 0.00000E+00, 9.98074E-01, 0.00000E+00, 1.24753E-03, 1.45050E+03, 2.58918E-04,-3.18120E+00, 2.92504E+00, 0.00000E+00, 2.07710E-02,-1.24724E-02, 1.45050E+03, 0.00000E+00,-3.20190E+00, 2.93751E+00, 3.40242E+00, 0.00000E+00,-1.30731E+01, 1.19936E+01, 3.20024E+01, 4.00000E-02, 1.60008E+03, 2.00000E+00, 3.08186E+00, 3.85213E-03, 1.00000E+02, 9.99975E+01,-2.19314E-03,-2.01655E-03, 0.00000E+00, 0.00000E+00, 0.00000E+00,
 2, 2.00000E-02,TRUE,0, 0.00000E+00, 6.24955E+00, 1.45050E+00, 3.08754E+00, 0.00000E+00, 0.00000E+00, 5.05957E-01, 0.00000E+00, 3.20619E-01, 1.45050E+03, 5.15014E-04,-3.17072E+00, 2.91870E+00, 0.00000E+00, 2.07469E-02,-1.24700E-02, 1.45050E+03, 2.58918E-04,-3.18120E+00, 2.92504E+00, 3.41344E+00, 1.06056E-03,-1.30306E+01, 1.19813E+01, 6.40095E+01, 1.18400E-01, 1.60024E+03, 3.96000E+00, 1.56217E+00, 9.89926E-01, 1.00000E+02, 9.93552E+01,-2.17888E-03,-2.00796E-03, 0.00000E+00, 0.00000E+00, 0.00000E+00,
 3, 4.00000E-02,TRUE,0, 0.00000E+00, 4.76777E+00, 1.45050E+00, 3.08729E+00, 0.00000E+00, 0.00000E+00, 3.52466E-01, 0.00000E+00, 6.20363E-01, 1.45050E+03, 7.68987E-04,-3.15977E+00, 2.91208E+00, 0.00000E+00, 3.07631E-02,-1.85027E-02, 1.45050E+03, 5.15014E-04,-3.17072E+00, 2.91870E+00, 3.41345E+00, 2.10957E-03,-1.29877E+01, 1.19554E+01, 9.60237E+01, 2.33648E-01, 1.60047E+03, 5.88080E+00, 1.08817E+00, 1.91524E+00, 1.00000E+02, 9.75461E+01,-2.16467E-03,-1.99938E-03, 0.00000E+00, 0.00000E+00, 0.00000E+00,
 4, 6.00000E-02,TRUE,0, 5.61971E+03, 4.32842E+00, 1.45050E+00, 3.08706E+00, 5.23788E-01, 2.27853E-02, 2.86793E-01, 6.83734E-05, 8.84809E-01, 1.44998E+03,-2.17646E-02,-3.14779E+00, 2.90485E+00,-1.00000E+00, 4.00853E-02,-2.40741E-02, 1.45050E+03, 7.68987E-04,-3.15977E+00, 2.91208E+00, 3.41345E+00, 3.14988E-03,-1.29429E+01, 1.19283E+01, 6.09775E+01, 1.82979E-01, 1.59787E+03, 7.75443E+00, 8.85346E-01, 2.73146E+00, 1.00000E+02, 9.42556E+01,-2.15043E-03,-1.99081E-03, 0.00000E+00, 0.00000E+00, 0.00000E+00,
 5, 8.00000E-02,TRUE,0, 0.00000E+00, 4.13841E+00, 1.44998E+00, 3.07041E+00, 0.00000E+00, 0.00000E+00, 2.58072E-01, 0.00000E+00, 1.10345E+00, 1.44998E+03,-2.15164E-02,-3.13390E+00, 2.89640E+00,-4.75708E-01, 4.93004E-02,-2.98657E-02, 1.44998E+03,-2.17646E-02,-3.14779E+00, 2.90485E+00, 3.41345E+00,-8.91507E-02,-1.28938E+01, 1.18987E+01, 9.29499E+01, 3.71306E-01, 1.59825E+03, 9.59934E+00, 7.92385E-01, 3.38804E+00, 1.00000E+02, 8.94464E+01,-2.13612E-03,-1.98227E-03, 0.00000E+00, 0.00000E+00, 0.00000E+00,
 6, 1.00000E-01,TRUE,0, 0.00000E+00, 4.06740E+00, 1.44998E+00, 3.07031E+00, 0.00000E+00, 0.00000E+00, 2.45142E-01, 0.00000E+00, 1.25821E+00, 1.44998E+03,-2.12706E-02,-3.11818E+00, 2.88691E+00,-4.75220E-01, 5.51414E-02,-3.31540E-02, 1.44998E+03,-2.15164E-02,-3.13390E+00, 2.89640E+00, 3.41117E+00,-8.80753E-02,-1.28283E+01, 1.18562E+01, 1.24936E+02, 5.92027E-01, 1.59871E+03, 1.14074E+01, 7.52662E-01, 3.86310E+00, 1.00000E+02, 8.34294E+01,-2.12180E-03,-1.97374E-03, 0.00000E+00, 0.00000E+00, 0.00000E+00,
 7, 1.20000E-01,TRUE,0, 3.67802E+03, 4.04160E+00, 1.44997E+00, 3.07023E+00, 3.85191E-01, 4.26690E-02, 2.40343E-01, 2.29409E-04, 1.35285E+00, 1.44979E+03,-4.12838E-02,-3.10050E+00, 2.87629E+00,-4.74731E-01, 5.88951E-02,-3.52061E-02, 1.44998E+03,-2.12706E-02,-3.11818E+00, 2.88691E+00, 3.41117E+00,-8.70693E-02,-1.27640E+01, 1.18173E+01, 9.64865E+01, 5.18758E-01, 1.59254E+03, 1.31432E+01, 7.37908E-01, 4.15356E+00, 9.99998E+01, 7.66953E+01,-2.10746E-03,-1.96524E-03, 0.00000E+00, 0.00000E+00, 0.00000E+00,
 8, 1.40000E-01,TRUE,0, 0.00000E+00, 4.02733E+00, 1.44979E+00, 3.06450E+00, 0.00000E+00, 0.00000E+00, 2.39074E-01, 0.00000E+00, 1.39622E+00, 1.44979E+03,-4.10457E-02,-3.08092E+00, 2.86455E+00,-2.90894E-01, 6.09267E-02,-3.63669E-02, 1.44979E+03,-4.12838E-02,-3.10050E+00, 2.87629E+00, 3.41117E+00,-1.68991E-01,-1.26916E+01, 1.17738E+01, 1.28365E+02, 8.05989E-01, 1.59313E+03, 1.48803E+01, 7.32642E-01, 4.27872E+00, 9.99998E+01, 6.97765E+01,-2.09310E-03,-1.95675E-03, 0.00000E+00, 0.00000E+00, 0.00000E+00,
 9, 1.60000E-01,TRUE,0, 0.00000E+00, 4.02162E+00, 1.44979E+00, 3.06446E+00, 0.00000E+00, 0.00000E+00, 2.38003E-01, 0.00000E+00, 1.39567E+00, 1.44979E+03,-4.08106E-02,-3.05991E+00, 2.85200E+00,-2.90039E-01, 6.06160E-02,-3.59747E-02, 1.44979E+03,-4.10457E-02,-3.08092E+00, 2.86455E+00, 3.41019E+00,-1.67968E-01,-1.26078E+01, 1.17224E+01, 1.60264E+02, 1.12152E+00, 1.59380E+03, 1.65827E+01, 7.29350E-01, 4.27698E+00, 9.99998E+01, 6.31517E+01,-2.07873E-03,-1.94827E-03, 0.00000E+00, 0.00000E+00, 0.00000E+00,
 10, 1.80000E-01,TRUE,0, 2.86707E+03, 4.01315E+00, 1.44979E+00, 3.06444E+00, 3.10511E-01, 6.70313E-02, 2.36400E-01, 5.10666E-04, 1.36650E+00, 1.44970E+03,-5.99630E-02,-3.03787E+00, 2.83889E+00,-2.89185E-01, 5.89392E-02,-3.47843E-02, 1.44979E+03,-4.08106E-02,-3.05991E+00, 2.85200E+00, 3.41019E+00,-1.67006E-01,-1.25218E+01, 1.16710E+01, 1.32508E+02, 1.00949E+00, 1.58164E+03, 1.81529E+01, 7.24434E-01, 4.18754E+00, 9.99990E+01, 5.71318E+01,-2.06435E-03,-1.93982E-03, 0.00000E+00, 0.00000E+00, 0.00000E+00,
 11, 2.00000E-01,TRUE,0, 0.00000E+00, 3.99730E+00, 1.44970E+00, 3.06164E+00, 0.00000E+00, 0.00000E+00, 2.34073E-01, 0.00000E+00, 1.32107E+00, 1.44970E+03,-5.97372E-02,-3.01509E+00, 2.82541E+00,-1.98120E-01, 5.66325E-02,-3.31607E-02, 1.44970E+03,-5.99630E-02,-3.03787E+00, 2.83889E+00, 3.41018E+00,-2.45382E-01,-1.24316E+01, 1.16174E+01, 1.64185E+02, 1.38510E+00, 1.58243E+03, 1.97898E+01, 7.16649E-01, 4.04465E+00, 9.99991E+01, 5.18703E+01,-2.04989E-03,-1.93144E-03, 0.00000E+00, 0.00000E+00, 0.00000E+00,
 12, 2.20000E-01,TRUE,0, 0.00000E+00, 3.97987E+00, 1.44970E+00, 3.06164E+00, 0.00000E+00, 0.00000E+00, 2.30720E-01, 0.00000E+00, 1.26629E+00, 1.44970E+03,-5.95148E-02,-2.99196E+00, 2.81178E+00,-1.96899E-01, 5.34747E-02,-3.10538E-02, 1.44970E+03,-5.97372E-02,-3.01509E+00, 2.82541E+00, 3.40956E+00,-2.44413E-01,-1.23362E+01, 1.15601E+01, 1.95886E+02, 1.78528E+00, 1.58329E+03, 2.13940E+01, 7.06380E-01, 3.87692E+00, 9.99991E+01, 4.74139E+01,-2.03548E-03,-1.92309E-03, 0.00000E+00, 0.00000E+00, 0.00000E+00,
 13, 2.40000E-01,TRUE,0, 0.00000E+00, 3.95961E+00, 1.44970E+00, 3.06165E+00, 0.00000E+00, 0.00000E+00, 2.26782E-01, 0.00000E+00, 1.20964E+00, 1.44970E+03,-5.92957E-02,-2.96868E+00, 2.79813E+00,-1.95679E-01, 5.01444E-02,-2.88768E-02, 1.44970E+03,-5.95148E-02,-2.99196E+00, 2.81178E+00, 3.40955E+00,-2.43502E-01,-1.22415E+01, 1.15043E+01, 2.27615E+02, 2.20889E+00, 1.58421E+03, 2.29661E+01, 6.94326E-01, 3.70350E+00, 9.99991E+01, 4.37234E+01,-2.02105E-03,-1.91475E-03, 0.00000E+00, 0.00000E+00, 0.00000E+00,
 14, 2.60000E-01,TRUE,0, 2.63741E+03, 3.93794E+00, 1.44969E+00, 3.06166E+00, 2.45584E-01, 9.83432E-02, 2.22523E-01, 1.00661E-03, 1.15515E+00, 1.44965E+03,-7.82037E-02,-2.94539E+00, 2.78453E+00,-1.94458E-01, 4.68488E-02,-2.67479E-02, 1.44970E+03,-5.92957E-02,-2.96868E+00, 2.79813E+00, 3.40954E+00,-2.42606E-01,-1.21462E+01, 1.14484E+01, 1.95674E+02, 2.00286E+00, 1.55968E+03, 2.42457E+01, 6.81290E-01, 3.53668E+00, 9.99965E+01, 4.07198E+01,-2.00661E-03,-1.90642E-03, 0.00000E+00, 0.00000E+00, 0.00000E+00,
 15, 2.80000E-01,TRUE,0, 0.00000E+00, 3.91456E+00, 1.44964E+00, 3.06015E+00, 0.00000E+00, 0.00000E+00, 2.18262E-01, 0.00000E+00, 1.10556E+00, 1.44965E+03,-7.79954E-02,-2.92217E+00, 2.77101E+00,-1.45020E-01, 4.38128E-02,-2.48294E-02, 1.44965E+03,-7.82037E-02,-2.94539E+00, 2.78453E+00, 3.40954E+00,-3.19967E-01,-1.20509E+01, 1.13927E+01, 2.26938E+02, 2.47802E+00, 1.56071E+03, 2.57607E+01, 6.67917E-01, 3.38318E+00, 9.99966E+01, 3.83064E+01,-1.99216E-03,-1.89812E-03, 0.00000E+00, 0.00000E+00, 0.00000E+00,
 16, 3.00000E-01,TRUE,0, 0.00000E+00, 3.89333E+00, 1.44964E+00, 3.06018E+00, 0.00000E+00, 0.00000E+00, 2.13996E-01, 0.00000E+00, 1.06104E+00, 1.44964E+03,-7.77904E-02,-2.89908E+00, 2.75762E+00,-1.43433E-01, 4.08854E-02,-2.29506E-02, 1.44965E+03,-7.79954E-02,-2.92217E+00, 2.77101E+00, 3.40907E+00,-3.19070E-01,-1.19543E+01, 1.13359E+01, 2.58233E+02, 2.97337E+00, 1.56180E+03, 2.72454E+01, 6.54865E-01, 3.24698E+00, 9.99968E+01, 3.63910E+01,-1.97769E-03,-1.88983E-03, 0.00000E+00, 0.00000E+00, 0.00000E+00,
 17, 3.20000E-01,TRUE,0, 2.30704E+03, 3.87350E+00, 1.44964E+00, 3.06021E+00, 2.25236E-01, 1.25513E-01, 2.09964E-01, 1.51186E-03, 1.02252E+00, 1.44961E+03,-9.53921E-02,-2.87615E+00, 2.74437E+00,-1.41846E-01, 3.82266E-02,-2.12460E-02, 1.44964E+03,-7.77904E-02,-2.89908E+00, 2.75762E+00, 3.40907E+00,-3.18231E-01,-1.18598E+01, 1.12811E+01, 2.24342E+02, 2.70231E+00, 1.52661E+03, 2.82627E+01, 6.42532E-01, 3.12914E+00, 9.99916E+01, 3.48854E+01,-1.96321E-03,-1.88156E-03, 0.00000E+00, 0.00000E+00, 0.00000E+00,
 18, 3.40000E-01,TRUE,0, 0.00000E+00, 3.85435E+00, 1.44961E+00, 3.05917E+00, 0.00000E+00, 0.00000E+00, 2.06309E-01, 0.00000E+00, 9.90141E-01, 1.44961E+03,-9.51980E-02,-2.85336E+00, 2.73126E+00,-1.07910E-01, 3.59914E-02,-1.97773E-02, 1.44961E+03,-9.53921E-02,-2.87615E+00, 2.74437E+00, 3.40906E+00,-3.90237E-01,-1.17660E+01, 1.12269E+01, 2.54963E+02, 3.24220E+00, 1.52779E+03, 2.96973E+01, 6.31133E-01, 3.02901E+00, 9.99919E+01, 3.37112E+01,-1.94866E-03,-1.87331E-03, 0.00000E+00, 0.00000E+00, 0.00000E+00,
 19, 3.60000E-01,TRUE,0, 0.00000E+00, 3.83816E+00, 1.44961E+00, 3.05920E+00, 0.00000E+00, 0.00000E+00, 2.02951E-01, 0.00000E+00, 9.62878E-01, 1.44961E+03,-9.50071E-02,-2.83071E+00, 2.71829E+00,-1.05957E-01, 3.39205E-02,-1.84002E-02, 1.44961E+03,-9.51980E-02,-2.85336E+00, 2.73126E+00, 3.40867E+00,-3.89398E-01,-1.16714E+01, 1.11720E+01, 2.85620E+02, 3.79942E+00, 1.52904E+03, 3.11032E+01, 6.20869E-01, 2.94564E+00, 9.99923E+01, 3.28043E+01,-1.93410E-03,-1.86508E-03, 0.00000E+00, 0.00000E+00, 0.00000E+00,
 20, 3.80000E-01,TRUE,0, 2.08112E+03, 3.82398E+00, 1.44960E+00, 3.05924E+00, 2.09918E-01, 1.51992E-01, 1.99983E-01, 2.10130E-03, 9.40531E-01, 1.44958E+03,-1.10627E-01,-2.80821E+00, 2.70546E+00,-1.04004E-01, 3.20830E-02,-1.71804E-02, 1.44961E+03,-9.50071E-02,-2.83071E+00, 2.71829E+00, 3.40866E+00,-3.88616E-01,-1.15787E+01, 1.11189E+01, 2.49914E+02, 3.45507E+00, 1.48226E+03, 3.18163E+01, 6.11798E-01, 2.87731E+00, 9.99834E+01, 3.21094E+01,-1.91952E-03,-1.85686E-03, 0.00000E+00, 0.00000E+00, 0.00000E+00,
 21, 4.00000E-01,TRUE,0, 0.00000E+00, 3.81093E+00, 1.44958E+00, 3.05849E+00, 0.00000E+00, 0.00000E+00, 1.97445E-01, 0.00000E+00, 9.22679E-01, 1.44958E+03,-1.10447E-01,-2.78585E+00, 2.69274E+00,-7.98340E-02, 3.04167E-02,-1.61464E-02, 1.44958E+03,-1.10627E-01,-2.80821E+00, 2.70546E+00, 3.40866E+00,-4.52508E-01,-1.14867E+01, 1.10664E+01, 2.79667E+02, 4.04956E+00, 1.48359E+03, 3.31796E+01, 6.03882E-01, 2.82200E+00, 9.99840E+01, 3.15807E+01,-1.90500E-03,-1.84866E-03, 0.00000E+00, 0.00000E+00, 0.00000E+00,
 22, 4.20000E-01,TRUE,0, 0.00000E+00, 3.80049E+00, 1.44958E+00, 3.05853E+00, 0.00000E+00, 0.00000E+00, 1.95227E-01, 0.00000E+00, 9.08281E-01, 1.44958E+03,-1.10270E-01,-2.76363E+00, 2.68015E+00,-7.75146E-02, 2.89125E-02,-1.51923E-02, 1.44958E+03,-1.10447E-01,-2.78585E+00, 2.69274E+00, 3.40833E+00,-4.51727E-01,-1.13941E+01, 1.10133E+01, 3.09459E+02, 4.65889E+00, 1.48497E+03, 3.45157E+01, 5.97108E-01, 2.77800E+00, 9.99847E+01, 3.11821E+01,-1.89046E-03,-1.84048E-03, 0.00000E+00, 0.00000E+00, 0.00000E+00,
 23, 4.40000E-01,TRUE,0, 0.00000E+00, 3.79173E+00, 1.44958E+00, 3.05857E+00, 0.00000E+00, 0.00000E+00, 1.93356E-01, 0.00000E+00, 8.96989E-01, 1.44958E+03,-1.10095E-01,-2.74154E+00, 2.66766E+00,-7.51953E-02, 2.76029E-02,-1.43561E-02, 1.44958E+03,-1.10270E-01,-2.76363E+00, 2.68015E+00, 3.40832E+00,-4.51001E-01,-1.13032E+01, 1.09618E+01, 3.39293E+02, 5.28221E+00, 1.48640E+03, 3.58251E+01, 5.91394E-01, 2.74351E+00, 9.99853E+01, 3.08841E+01,-1.87591E-03,-1.83232E-03, 0.00000E+00, 0.00000E+00, 0.00000E+00,
 24, 4.60000E-01,TRUE,0, 2.38660E+03, 3.78449E+00, 1.44957E+00, 3.05863E+00, 1.66372E-01, 1.54684E-01, 1.91798E-01, 2.47998E-03, 8.88261E-01, 1.44956E+03,-1.21197E-01,-2.71955E+00, 2.65529E+00,-7.28760E-02, 2.64664E-02,-1.36261E-02, 1.44958E+03,-1.10095E-01,-2.74154E+00, 2.66766E+00, 3.40831E+00,-4.50287E-01,-1.12128E+01, 1.09107E+01, 3.07750E+02, 4.93402E+00, 1.43078E+03, 3.61928E+01, 5.86640E-01, 2.71686E+00, 9.99712E+01, 3.06627E+01,-1.86135E-03,-1.82418E-03, 0.00000E+00, 0.00000E+00, 0.00000E+00,
 25, 4.80000E-01,TRUE,0, 0.00000E+00, 3.77804E+00, 1.44956E+00, 3.05815E+00, 0.00000E+00, 0.00000E+00, 1.90546E-01, 0.00000E+00, 8.81740E-01, 1.44956E+03,-1.21032E-01,-2.69764E+00, 2.64300E+00,-5.82275E-02, 2.55938E-02,-1.30131E-02, 1.44956E+03,-1.21197E-01,-2.71955E+00, 2.65529E+00, 3.40831E+00,-4.95691E-01,-1.11229E+01, 1.08600E+01, 3.36507E+02, 5.58471E+00, 1.43228E+03, 3.74684E+01, 5.82718E-01, 2.69649E+00, 9.99723E+01, 3.04989E+01,-1.84672E-03,-1.81605E-03, 0.00000E+00, 0.00000E+00, 0.00000E+00,
 26, 5.00000E-01,TRUE,0, 0.00000E+00, 3.77325E+00, 1.44956E+00, 3.05820E+00, 0.00000E+00, 0.00000E+00, 1.89503E-01, 0.00000E+00, 8.76736E-01, 1.44956E+03,-1.20870E-01,-2.67581E+00, 2.63081E+00,-5.57861E-02, 2.48113E-02,-1.24571E-02, 1.44956E+03,-1.21032E-01,-2.69764E+00, 2.64300E+00, 3.40808E+00,-4.94984E-01,-1.10325E+01, 1.08091E+01, 3.65308E+02, 6.24739E+00, 1.43383E+03, 3.87185E+01, 5.79540E-01, 2.68124E+00, 9.99734E+01, 3.03786E+01,-1.83208E-03,-1.80794E-03, 0.00000E+00, 0.00000E+00, 0.00000E+00,
 27, 5.20000E-01,TRUE,0, 2.16214E+03, 3.76944E+00, 1.44955E+00, 3.05826E+00, 1.73366E-01, 1.82299E-01, 1.88669E-01, 3.20114E-03, 8.73043E-01, 1.44954E+03,-1.30436E-01,-2.65405E+00, 2.61870E+00,-5.33447E-02, 2.40476E-02,-1.19770E-02, 1.44956E+03,-1.20870E-01,-2.67581E+00, 2.63081E+00, 3.40807E+00,-4.94321E-01,-1.09432E+01, 1.07592E+01, 3.25822E+02, 5.72139E+00, 1.36357E+03, 3.86819E+01, 5.76999E-01, 2.66999E+00, 9.99523E+01, 3.02904E+01,-1.81749E-03,-1.79985E-03, 0.00000E+00, 0.00000E+00, 0.00000E+00,
 28, 5.40000E-01,TRUE,0, 0.00000E+00, 3.76595E+00, 1.44954E+00, 3.05783E+00, 0.00000E+00, 0.00000E+00, 1.88034E-01, 0.00000E+00, 8.70475E-01, 1.44954E+03,-1.30283E-01,-2.63235E+00, 2.60666E+00,-4.13818E-02, 2.35007E-02,-1.15812E-02, 1.44954E+03,-1.30436E-01,-2.65405E+00, 2.61870E+00, 3.40807E+00,-5.33439E-01,-1.08542E+01, 1.07096E+01, 3.53254E+02, 6.40511E+00, 1.36517E+03, 3.99073E+01, 5.74974E-01, 2.66176E+00, 9.99542E+01, 3.02252E+01,-1.80282E-03,-1.79178E-03, 0.00000E+00, 0.00000E+00, 0.00000E+00,
 29, 5.60000E-01,TRUE,0, 0.00000E+00, 3.76361E+00, 1.44954E+00, 3.05788E+00, 0.00000E+00, 0.00000E+00, 1.87514E-01, 0.00000E+00, 8.68542E-01, 1.44954E+03,-1.30132E-01,-2.61070E+00, 2.59469E+00,-3.86963E-02, 2.30134E-02,-1.12245E-02, 1.44954E+03,-1.30283E-01,-2.63235E+00, 2.60666E+00, 3.40788E+00,-5.32784E-01,-1.07649E+01, 1.06598E+01, 3.80732E+02, 7.09917E+00, 1.36681E+03, 4.11083E+01, 5.73394E-01, 2.65590E+00, 9.99561E+01, 3.01770E+01,-1.78815E-03,-1.78372E-03, 0.00000E+00, 0.00000E+00, 0.00000E+00,
 30, 5.80000E-01,TRUE,0, 1.99973E+03, 3.76182E+00, 1.44954E+00, 3.05794E+00, 1.77797E-01, 2.04157E-01, 1.87112E-01, 3.90198E-03, 8.67181E-01, 1.44953E+03,-1.37336E-01,-2.58908E+00, 2.58280E+00,-3.60107E-02, 2.25985E-02,-1.09208E-02, 1.44954E+03,-1.30132E-01,-2.61070E+00, 2.59469E+00, 3.40787E+00,-5.32168E-01,-1.06763E+01, 1.06108E+01, 3.35671E+02, 6.41556E+00, 1.28515E+03, 4.06923E+01, 5.72177E-01, 2.65178E+00, 9.99274E+01, 3.01410E+01,-1.77347E-03,-1.77569E-03, 0.00000E+00, 0.00000E+00, 0.00000E+00,
 31, 6.00000E-01,TRUE,0, 0.00000E+00, 3.76002E+00, 1.44953E+00, 3.05755E+00, 0.00000E+00, 0.00000E+00, 1.86827E-01, 0.00000E+00, 8.66340E-01, 1.44953E+03,-1.37194E-01,-2.56752E+00, 2.57096E+00,-2.67334E-02, 2.21720E-02,-1.06757E-02, 1.44953E+03,-1.37336E-01,-2.58908E+00, 2.58280E+00, 3.40786E+00,-5.61627E-01,-1.05879E+01, 1.05622E+01, 3.61550E+02, 7.12479E+00, 1.28683E+03, 4.18770E+01, 5.71233E-01, 2.64887E+00, 9.99303E+01, 3.01133E+01,-1.75884E-03,-1.76767E-03, 0.00000E+00, 0.00000E+00, 0.00000E+00,
 32, 6.20000E-01,TRUE,0, 0.00000E+00, 3.75900E+00, 1.44952E+00, 3.05760E+00, 0.00000E+00, 0.00000E+00, 1.86591E-01, 0.00000E+00, 8.65676E-01, 1.44952E+03,-1.37054E-01,-2.54599E+00, 2.55919E+00,-2.39258E-02, 2.18921E-02,-1.04575E-02, 1.44953E+03,-1.37194E-01,-2.56752E+00, 2.57096E+00, 3.40771E+00,-5.61021E-01,-1.04992E+01, 1.05133E+01, 3.87478E+02, 7.84306E+00, 1.28855E+03, 4.30381E+01, 5.70522E-01, 2.64689E+00, 9.99331E+01, 3.00918E+01,-1.74415E-03,-1.75967E-03, 0.00000E+00, 0.00000E+00, 0.00000E+00,
 33, 6.40000E-01,TRUE,0, 0.00000E+00, 3.75825E+00, 1.44952E+00, 3.05766E+00, 0.00000E+00, 0.00000E+00, 1.86414E-01, 0.00000E+00, 8.65221E-01, 1.44952E+03,-1.36917E-01,-2.52448E+00, 2.54746E+00,-2.11182E-02, 2.16599E-02,-1.02756E-02, 1.44952E+03,-1.37054E-01,-2.54599E+00, 2.55919E+00, 3.40770E+00,-5.60447E-01,-1.04112E+01, 1.04651E+01, 4.13455E+02, 8.56972E+00, 1.29032E+03, 4.41761E+01, 5.69991E-01, 2.64555E+00, 9.99357E+01, 3.00747E+01,-1.72944E-03,-1.75168E-03, 0.00000E+00, 0.00000E+00, 0.00000E+00,
 34, 6.60000E-01,TRUE,0, 2.34587E+03, 3.75771E+00, 1.44952E+00, 3.05772E+00, 1.51931E-01, 1.87343E-01, 1.86282E-01, 3.96618E-03, 8.64907E-01, 1.44952E+03,-1.40212E-01,-2.50301E+00, 2.53581E+00,-1.83105E-02, 2.13821E-02,-1.00384E-02, 1.44952E+03,-1.36917E-01,-2.52448E+00, 2.54746E+00, 3.40769E+00,-5.59884E-01,-1.03232E+01, 1.04172E+01, 3.72713E+02, 7.89056E+00, 1.20980E+03, 4.35483E+01, 5.69597E-01, 2.64464E+00, 9.99014E+01, 3.00607E+01,-1.71478E-03,-1.74378E-03, 0.00000E+00, 0.00000E+00, 0.00000E+00,
 35, 6.80000E-01,TRUE,0, 0.00000E+00, 3.75698E+00, 1.44951E+00, 3.05743E+00, 0.00000E+00, 0.00000E+00, 1.86201E-01, 0.00000E+00, 8.64767E-01, 1.44951E+03,-1.40081E-01,-2.48155E+00, 2.52422E+00,-1.26953E-02, 2.12502E-02,-9.85146E-03, 1.44952E+03,-1.40212E-01,-2.50301E+00, 2.53581E+00, 3.40768E+00,-5.73358E-01,-1.02354E+01, 1.03695E+01, 3.97117E+02, 8.62626E+00, 1.21158E+03, 4.46754E+01, 5.69296E-01, 2.64396E+00, 9.99053E+01, 3.00487E+01,-1.70006E-03,-1.73589E-03, 0.00000E+00, 0.00000E+00, 0.00000E+00,
 36, 7.00000E-01,TRUE,0, 0.00000E+00, 3.75670E+00, 1.44951E+00, 3.05749E+00, 0.00000E+00, 0.00000E+00, 1.86125E-01, 0.00000E+00, 8.64593E-01, 1.44951E+03,-1.39952E-01,-2.46011E+00, 2.51268E+00,-9.88770E-03, 2.11411E-02,-9.69791E-03, 1.44951E+03,-1.40081E-01,-2.48155E+00, 2.52422E+00, 3.40761E+00,-5.72809E-01,-1.01474E+01, 1.03218E+01, 4.21573E+02, 9.36933E+00, 1.21341E+03, 4.57801E+01, 5.69075E-01, 2.64348E+00, 9.99091E+01, 3.00385E+01,-1.68533E-03,-1.72802E-03, 0.00000E+00, 0.00000E+00, 0.00000E+00,
 37, 7.19999E-01,TRUE,0, 2.14009E+03, 3.75651E+00, 1.44951E+00, 3.05755E+00, 1.64876E-01, 2.08440E-01, 1.86069E-01, 4.72839E-03, 8.64459E-01, 1.44951E+03,-1.41302E-01,-2.43867E+00, 2.50120E+00,-7.08008E-03, 2.10569E-02,-9.57870E-03, 1.44951E+03,-1.39952E-01,-2.46011E+00, 2.51268E+00, 3.40760E+00,-5.72281E-01,-1.00597E+01, 1.02746E+01, 3.72533E+02, 8.45078E+00, 1.12231E+03, 4.47535E+01, 5.68913E-01, 2.64312E+00, 9.98649E+01, 3.00298E+01,-1.67059E-03,-1.72017E-03, 0.00000E+00, 0.00000E+00, 0.00000E+00,
 38, 7.39999E-01,TRUE,0, 0.00000E+00, 3.75604E+00, 1.44950E+00, 3.05725E+00, 0.00000E+00, 0.00000E+00, 1.86043E-01, 0.00000E+00, 8.64430E-01, 1.44950E+03,-1.41178E-01,-2.41722E+00, 2.48976E+00,-2.92969E-03, 2.10834E-02,-9.49049E-03, 1.44951E+03,-1.41302E-01,-2.43867E+00, 2.50120E+00, 3.40759E+00,-5.77797E-01,-9.97197E+00, 1.02277E+01, 3.95199E+02, 9.19888E+00, 1.12414E+03, 4.58558E+01, 5.68782E-01, 2.64278E+00, 9.98703E+01, 3.00219E+01,-1.65578E-03,-1.71234E-03, 0.00000E+00, 0.00000E+00, 0.00000E+00,
 39, 7.59999E-01,TRUE,0, 0.00000E+00, 3.75594E+00, 1.44950E+00, 3.05730E+00, 0.00000E+00, 0.00000E+00, 1.86008E-01, 0.00000E+00, 8.64323E-01, 1.44950E+03,-1.41057E-01,-2.39578E+00, 2.47838E+00, 0.00000E+00, 2.10197E-02,-9.42373E-03, 1.44950E+03,-1.41178E-01,-2.41722E+00, 2.48976E+00, 3.40755E+00,-5.77286E-01,-9.88417E+00, 1.01808E+01, 4.17919E+02, 9.95363E+00, 1.12602E+03, 4.69362E+01, 5.68684E-01, 2.64250E+00, 9.98755E+01, 3.00152E+01,-1.64103E-03,-1.70452E-03, 0.00000E+00, 0.00000E+00, 0.00000E+00,
 40, 7.79999E-01,TRUE,0, 1.98896E+03, 3.75588E+00, 1.44950E+00, 3.05736E+00, 1.73370E-01, 2.21569E-01, 1.85981E-01, 5.38695E-03, 8.64229E-01, 1.44950E+03,-1.40289E-01,-2.37434E+00, 2.46703E+00, 2.92969E-03, 2.09734E-02,-9.37676E-03, 1.44950E+03,-1.41057E-01,-2.39578E+00, 2.47838E+00, 3.40754E+00,-5.76789E-01,-9.79646E+00, 1.01342E+01, 3.64289E+02, 8.85689E+00, 1.03029E+03, 4.56211E+01, 5.68610E-01, 2.64226E+00, 9.98227E+01, 3.00093E+01,-1.62627E-03,-1.69672E-03, 0.00000E+00, 0.00000E+00, 0.00000E+00,
 41, 7.99999E-01,TRUE,0, 0.00000E+00, 3.75551E+00, 1.44949E+00, 3.05708E+00, 0.00000E+00, 0.00000E+00, 1.85976E-01, 0.00000E+00, 8.64221E-01, 1.44949E+03,-1.40172E-01,-2.35292E+00, 2.45572E+00, 5.24902E-03, 2.08538E-02,-9.34553E-03, 1.44950E+03,-1.40289E-01,-2.37434E+00, 2.46703E+00, 3.40753E+00,-5.73647E-01,-9.70878E+00, 1.00878E+01, 3.85125E+02, 9.61386E+00, 1.03216E+03, 4.67053E+01, 5.68542E-01, 2.64199E+00, 9.98298E+01, 3.00040E+01,-1.61156E-03,-1.68894E-03, 0.00000E+00, 0.00000E+00, 0.00000E+00,
 42, 8.19999E-01,TRUE,0, 0.00000E+00, 3.75547E+00, 1.44949E+00, 3.05712E+00, 0.00000E+00, 0.00000E+00, 1.85955E-01, 0.00000E+00, 8.64132E-01, 1.44949E+03,-1.40057E-01,-2.33150E+00, 2.44445E+00, 8.05664E-03, 2.08516E-02,-9.32837E-03, 1.44949E+03,-1.40172E-01,-2.35292E+00, 2.45572E+00, 3.40753E+00,-5.73168E-01,-9.62119E+00, 1.00415E+01, 4.06014E+02, 1.03769E+01, 1.03407E+03, 4.77679E+01, 5.68489E-01, 2.64176E+00, 9.98366E+01, 2.99996E+01,-1.59679E-03,-1.68118E-03, 0.00000E+00, 0.00000E+00, 0.00000E+00,
 43, 8.39999E-01,TRUE,0, 0.00000E+00, 3.75546E+00, 1.44949E+00, 3.05717E+00, 0.00000E+00, 0.00000E+00, 1.85939E-01, 0.00000E+00, 8.64053E-01, 1.44949E+03,-1.39945E-01,-2.31008E+00, 2.43322E+00, 1.08643E-02, 2.08571E-02,-9.32169E-03, 1.44949E+03,-1.40057E-01,-2.33150E+00, 2.44445E+00, 3.40752E+00,-5.72697E-01,-9.53357E+00, 9.99543E+00, 4.26957E+02, 1.11456E+01, 1.03603E+03, 4.88094E+01, 5.68447E-01, 2.64156E+00, 9.98432E+01, 2.99958E+01,-1.58201E-03,-1.67344E-03, 0.00000E+00, 0.00000E+00, 0.00000E+00,
 44, 8.59999E-01,TRUE,0, 2.34111E+03, 3.75546E+00, 1.44949E+00, 3.05723E+00, 1.50222E-01, 1.91344E-01, 1.85925E-01, 5.09130E-03, 8.63982E-01, 1.44949E+03,-1.37218E-01,-2.28865E+00, 2.42201E+00, 1.36719E-02, 2.08685E-02,-9.32288E-03, 1.44949E+03,-1.39945E-01,-2.31008E+00, 2.43322E+00, 3.40751E+00,-5.72235E-01,-9.44594E+00, 9.94945E+00, 3.80663E+02, 1.01287E+01, 9.52305E+02, 4.75495E+01, 5.68414E-01, 2.64139E+00, 9.97887E+01, 2.99926E+01,-1.56722E-03,-1.66571E-03, 0.00000E+00, 0.00000E+00, 0.00000E+00,
 45, 8.79999E-01,TRUE,0, 0.00000E+00, 3.75520E+00, 1.44949E+00, 3.05700E+00, 0.00000E+00, 0.00000E+00, 1.85927E-01, 0.00000E+00, 8.63981E-01, 1.44949E+03,-1.37108E-01,-2.26720E+00, 2.41084E+00, 1.45264E-02, 2.09682E-02,-9.32622E-03, 1.44949E+03,-1.37218E-01,-2.28865E+00, 2.42201E+00, 3.40750E+00,-5.61084E-01,-9.35829E+00, 9.90361E+00, 3.99966E+02, 1.08981E+01, 9.54249E+02, 4.85945E+01, 5.68378E-01, 2.64119E+00, 9.97972E+01, 2.99898E+01,-1.55237E-03,-1.65800E-03, 0.00000E+00, 0.00000E+00, 0.00000E+00,
 46, 8.99999E-01,TRUE,0, 0.00000E+00, 3.75520E+00, 1.44948E+00, 3.05705E+00, 0.00000E+00, 0.00000E+00, 1.85915E-01, 0.00000E+00, 8.63917E-01, 1.44948E+03,-1.37001E-01,-2.24575E+00, 2.39970E+00, 1.73340E-02, 2.09692E-02,-9.33766E-03, 1.44949E+03,-1.37108E-01,-2.26720E+00, 2.41084E+00, 3.40754E+00,-5.60642E-01,-9.27069E+00, 9.85803E+00, 4.19324E+02, 1.16725E+01, 9.56234E+02, 4.96187E+01, 5.68350E-01, 2.64104E+00, 9.98053E+01, 2.99875E+01,-1.53757E-03,-1.65031E-03, 0.00000E+00, 0.00000E+00, 0.00000E+00,
 47, 9.19999E-01,TRUE,0, 2.13638E+03, 3.75521E+00, 1.44948E+00, 3.05710E+00, 1.63442E-01, 2.05365E-01, 1.85904E-01, 5.82829E-03, 8.63861E-01, 1.44948E+03,-1.32759E-01,-2.22429E+00, 2.38858E+00, 2.01416E-02, 2.09742E-02,-9.35102E-03, 1.44948E+03,-1.37001E-01,-2.24575E+00, 2.39970E+00, 3.40753E+00,-5.60200E-01,-9.18294E+00, 9.81244E+00, 3.67030E+02, 1.04164E+01, 8.68157E+02, 4.80655E+01, 5.68327E-01, 2.64091E+00, 9.97405E+01, 2.99857E+01,-1.52276E-03,-1.64264E-03, 0.00000E+00, 0.00000E+00, 0.00000E+00,
 48, 9.39999E-01,TRUE,0, 0.00000E+00, 3.75495E+00, 1.44948E+00, 3.05687E+00, 0.00000E+00, 0.00000E+00, 1.85909E-01, 0.00000E+00, 8.63877E-01, 1.44948E+03,-1.32653E-01,-2.20281E+00, 2.37749E+00, 1.96533E-02, 2.10636E-02,-9.36007E-03, 1.44948E+03,-1.32759E-01,-2.22429E+00, 2.38858E+00, 3.40752E+00,-5.42853E-01,-9.09517E+00, 9.76695E+00, 3.84656E+02, 1.11900E+01, 8.70121E+02, 4.90992E+01, 5.68300E-01, 2.64076E+00, 9.97509E+01, 2.99840E+01,-1.50790E-03,-1.63498E-03, 0.00000E+00, 0.00000E+00, 0.00000E+00,
 49, 9.59999E-01,TRUE,0, 0.00000E+00, 3.75496E+00, 1.44948E+00, 3.05691E+00, 0.00000E+00, 0.00000E+00, 1.85900E-01, 0.00000E+00, 8.63828E-01, 1.44948E+03,-1.32549E-01,-2.18131E+00, 2.36643E+00, 2.23389E-02, 2.11430E-02,-9.37510E-03, 1.44948E+03,-1.32653E-01,-2.20281E+00, 2.37749E+00, 3.40758E+00,-5.42431E-01,-9.00752E+00, 9.72180E+00, 4.02338E+02, 1.19685E+01, 8.72125E+02, 5.01124E+01, 5.68279E-01, 2.64064E+00, 9.97608E+01, 2.99827E+01,-1.49302E-03,-1.62734E-03, 0.00000E+00, 0.00000E+00, 0.00000E+00,
 50, 9.79999E-01,TRUE,0, 1.98450E+03, 3.75497E+00, 1.44947E+00, 3.05695E+00, 1.71524E-01, 2.11678E-01, 1.85892E-01, 6.42540E-03, 8.63788E-01, 1.44948E+03,-1.27150E-01,-2.15980E+00, 2.35539E+00, 2.50244E-02, 2.12076E-02,-9.38964E-03, 1.44948E+03,-1.32549E-01,-2.18131E+00, 2.36643E+00, 3.40757E+00,-5.42005E-01,-8.91959E+00, 9.67653E+00, 3.48023E+02, 1.05641E+01, 7.85249E+02, 4.84064E+01, 5.68263E-01, 2.64056E+00, 9.96885E+01, 2.99817E+01,-1.47814E-03,-1.61972E-03, 0.00000E+00, 0.00000E+00, 0.00000E+00,
 51, 9.99999E-01,TRUE,0, 0.00000E+00, 3.75473E+00, 1.44948E+00, 3.05673E+00, 0.00000E+00, 0.00000E+00, 1.85898E-01, 0.00000E+00, 8.63816E-01, 1.44948E+03,-1.27048E-01,-2.13828E+00, 2.34438E+00, 2.33154E-02, 2.11654E-02,-9.39536E-03, 1.44948E+03,-1.27150E-01,-2.15980E+00, 2.35539E+00, 3.40756E+00,-5.19927E-01,-8.83158E+00, 9.63137E+00, 3.63994E+02, 1.13414E+01, 7.87226E+02, 4.94323E+01, 5.68242E-01, 2.64045E+00, 9.97009E+01, 2.99807E+01,-1.46332E-03,-1.61212E-03, 0.00000E+00, 0.00000E+00, 0.00000E+00,
 52, 1.02000E+00,TRUE,0, 0.00000E+00, 3.75474E+00, 1.44947E+00, 3.05677E+00, 0.00000E+00, 0.00000E+00, 1.85891E-01, 0.00000E+00, 8.63781E-01, 1.44947E+03,-1.26947E-01,-2.11676E+00, 2.33339E+00, 2.58789E-02, 2.11372E-02,-9.40728E-03, 1.44948E+03,-1.27048E-01,-2.13828E+00, 2.34438E+00, 3.40765E+00,-5.19520E-01,-8.74382E+00, 9.58659E+00, 3.80022E+02, 1.21234E+01, 7.89243E+02, 5.04379E+01, 5.68226E-01, 2.64038E+00, 9.97129E+01, 2.99800E+01,-1.44849E-03,-1.60454E-03, 0.00000E+00, 0.00000E+00, 0.00000E+00,
 53, 1.04000E+00,TRUE,0, 0.00000E+00, 3.75475E+00, 1.44947E+00, 3.05680E+00, 0.00000E+00, 0.00000E+00, 1.85885E-01, 0.00000E+00, 8.63754E-01, 1.44947E+03,-1.26848E-01,-2.09524E+00, 2.32243E+00, 2.84424E-02, 2.11141E-02,-9.41682E-03, 1.44947E+03,-1.26947E-01,-2.11676E+00, 2.33339E+00, 3.40764E+00,-5.19107E-01,-8.65580E+00, 9.54163E+00, 3.96106E+02, 1.29094E+01, 7.91300E+02, 5.14236E+01, 5.68214E-01, 2.64033E+00, 9.97244E+01, 2.99795E+01,-1.43366E-03,-1.59697E-03, 0.00000E+00, 0.00000E+00, 0.00000E+00,
 54, 1.06000E+00,TRUE,0, 2.33349E+03, 3.75478E+00, 1.44947E+00, 3.05684E+00, 1.47461E-01, 1.76665E-01, 1.85880E-01, 5.87059E-03, 8.63733E-01, 1.44947E+03,-1.21274E-01,-2.07372E+00, 2.31149E+00, 3.10059E-02, 2.10958E-02,-9.42373E-03, 1.44947E+03,-1.26848E-01,-2.09524E+00, 2.32243E+00, 3.40763E+00,-5.18702E-01,-8.56778E+00, 9.49678E+00, 3.51457E+02, 1.16789E+01, 7.20566E+02, 4.99697E+01, 5.68206E-01, 2.64029E+00, 9.96550E+01, 2.99791E+01,-1.41883E-03,-1.58942E-03, 0.00000E+00, 0.00000E+00, 0.00000E+00,
 55, 1.08000E+00,TRUE,0, 0.00000E+00, 3.75460E+00, 1.44947E+00, 3.05667E+00, 0.00000E+00, 0.00000E+00, 1.85887E-01, 0.00000E+00, 8.63764E-01, 1.44947E+03,-1.21176E-01,-2.05218E+00, 2.30059E+00, 2.89307E-02, 2.11613E-02,-9.33313E-03, 1.44947E+03,-1.21274E-01,-2.07372E+00, 2.31149E+00, 3.40762E+00,-4.95907E-01,-8.47975E+00, 9.45202E+00, 3.66159E+02, 1.24646E+01, 7.22604E+02, 5.09637E+01, 5.68193E-01, 2.64024E+00, 9.96688E+01, 2.99787E+01,-1.40393E-03,-1.58195E-03, 0.00000E+00, 0.00000E+00, 0.00000E+00,
 56, 1.10000E+00,TRUE,0, 0.00000E+00, 3.75461E+00, 1.44947E+00, 3.05670E+00, 0.00000E+00, 0.00000E+00, 1.85882E-01, 0.00000E+00, 8.63744E-01, 1.44947E+03,-1.21079E-01,-2.03063E+00, 2.28973E+00, 3.13721E-02, 2.12197E-02,-9.26661E-03, 1.44947E+03,-1.21176E-01,-2.05218E+00, 2.30059E+00, 3.40771E+00,-4.95518E-01,-8.39190E+00, 9.40770E+00, 3.80918E+02, 1.32541E+01, 7.24682E+02, 5.19381E+01, 5.68185E-01, 2.64021E+00, 9.96820E+01, 2.99784E+01,-1.38903E-03,-1.57450E-03, 0.00000E+00, 0.00000E+00, 0.00000E+00,
 57, 1.12000E+00,TRUE,0, 2.12626E+03, 3.75464E+00, 1.44947E+00, 3.05673E+00, 1.59468E-01, 1.86117E-01, 1.85878E-01, 6.60637E-03, 8.63729E-01, 1.44947E+03,-1.14692E-01,-2.00906E+00, 2.27890E+00, 3.38135E-02, 2.12647E-02,-9.21297E-03, 1.44947E+03,-1.21079E-01,-2.03063E+00, 2.28973E+00, 3.40770E+00,-4.95123E-01,-8.30372E+00, 9.36325E+00, 3.32628E+02, 1.18068E+01, 6.53144E+02, 5.02788E+01, 5.68179E-01, 2.64019E+00, 9.96019E+01, 2.99782E+01,-1.37412E-03,-1.56706E-03, 0.00000E+00, 0.00000E+00, 0.00000E+00,
 58, 1.14000E+00,TRUE,0, 0.00000E+00, 3.75445E+00, 1.44947E+00, 3.05656E+00, 0.00000E+00, 0.00000E+00, 1.85885E-01, 0.00000E+00, 8.63764E-01, 1.44947E+03,-1.14595E-01,-1.98747E+00, 2.26812E+00, 3.07617E-02, 2.12903E-02,-9.16147E-03, 1.44947E+03,-1.14692E-01,-2.00906E+00, 2.27890E+00, 3.40769E+00,-4.69002E-01,-8.21549E+00, 9.31896E+00, 3.45983E+02, 1.25960E+01, 6.55195E+02, 5.12656E+01, 5.68169E-01, 2.64014E+00, 9.96178E+01, 2.99779E+01,-1.35921E-03,-1.55964E-03, 0.00000E+00, 0.00000E+00, 0.00000E+00,
 59, 1.16000E+00,TRUE,0, 0.00000E+00, 3.75447E+00, 1.44947E+00, 3.05658E+00, 0.00000E+00, 0.00000E+00, 1.85881E-01, 0.00000E+00, 8.63748E-01, 1.44947E+03,-1.14501E-01,-1.96588E+00, 2.25736E+00, 3.30811E-02, 2.13141E-02,-9.12905E-03, 1.44947E+03,-1.14595E-01,-1.98747E+00, 2.26812E+00, 3.40780E+00,-4.68622E-01,-8.12748E+00, 9.27513E+00, 3.59397E+02, 1.33888E+01, 6.57284E+02, 5.22330E+01, 5.68162E-01, 2.64012E+00, 9.96331E+01, 2.99777E+01,-1.34430E-03,-1.55224E-03, 0.00000E+00, 0.00000E+00, 0.00000E+00,
 60, 1.18000E+00,TRUE,0, 1.97223E+03, 3.75449E+00, 1.44946E+00, 3.05661E+00, 1.66375E-01, 1.89059E-01, 1.85878E-01, 7.19217E-03, 8.63737E-01, 1.44947E+03,-1.07716E-01,-1.94427E+00, 2.24663E+00, 3.54004E-02, 2.13293E-02,-9.10401E-03, 1.44947E+03,-1.14501E-01,-1.96588E+00, 2.25736E+00, 3.40779E+00,-4.68234E-01,-8.03915E+00, 9.23112E+00, 3.10833E+02, 1.18246E+01, 5.88917E+02, 5.04995E+01, 5.68157E-01, 2.64011E+00, 9.95458E+01, 2.99776E+01,-1.32939E-03,-1.54486E-03, 0.00000E+00, 0.00000E+00, 0.00000E+00,
 61, 1.20000E+00,TRUE,0, 0.00000E+00, 3.75432E+00, 1.44947E+00, 3.05644E+00, 0.00000E+00, 0.00000E+00, 1.85885E-01, 0.00000E+00, 8.63773E-01, 1.44947E+03,-1.07620E-01,-1.92267E+00, 2.23594E+00, 3.17383E-02, 2.12418E-02,-9.07540E-03, 1.44947E+03,-1.07716E-01,-1.94427E+00, 2.24663E+00, 3.40778E+00,-4.40485E-01,-7.95077E+00, 9.18724E+00, 3.22905E+02, 1.26178E+01, 5.90976E+02, 5.14808E+01, 5.68148E-01, 2.64007E+00, 9.95639E+01, 2.99774E+01,-1.31454E-03,-1.53750E-03, 0.00000E+00, 0.00000E+00, 0.00000E+00,
 62, 1.22000E+00,TRUE,0, 0.00000E+00, 3.75433E+00, 1.44947E+00, 3.05647E+00, 0.00000E+00, 0.00000E+00, 1.85882E-01, 0.00000E+00, 8.63760E-01, 1.44947E+03,-1.07527E-01,-1.90106E+00, 2.22528E+00, 3.39355E-02, 2.12616E-02,-9.06205E-03, 1.44947E+03,-1.07620E-01,-1.92267E+00, 2.23594E+00, 3.40789E+00,-4.40110E-01,-7.86271E+00, 9.14382E+00, 3.35034E+02, 1.34143E+01, 5.93074E+02, 5.24428E+01, 5.68142E-01, 2.64005E+00, 9.95814E+01, 2.99773E+01,-1.29962E-03,-1.53015E-03, 0.00000E+00, 0.00000E+00, 0.00000E+00,
 63, 1.24000E+00,TRUE,0, 0.00000E+00, 3.75434E+00, 1.44946E+00, 3.05649E+00, 0.00000E+00, 0.00000E+00, 1.85879E-01, 0.00000E+00, 8.63750E-01, 1.44946E+03,-1.07435E-01,-1.87944E+00, 2.21464E+00, 3.61328E-02, 2.12737E-02,-9.05204E-03, 1.44947E+03,-1.07527E-01,-1.90106E+00, 2.22528E+00, 3.40789E+00,-4.39726E-01,-7.77432E+00, 9.10019E+00, 3.47223E+02, 1.42137E+01, 5.95209E+02, 5.33859E+01, 5.68138E-01, 2.64004E+00, 9.95981E+01, 2.99772E+01,-1.28470E-03,-1.52282E-03, 0.00000E+00, 0.00000E+00, 0.00000E+00,
 64, 1.26000E+00,TRUE,0, 2.31751E+03, 3.75436E+00, 1.44946E+00, 3.05651E+00, 1.41584E-01, 1.55111E-01, 1.85877E-01, 6.47922E-03, 8.63743E-01, 1.44947E+03,-1.01400E-01,-1.85782E+00, 2.20403E+00, 3.83301E-02, 2.12791E-02,-9.04417E-03, 1.44946E+03,-1.07435E-01,-1.87944E+00, 2.21464E+00, 3.40788E+00,-4.39351E-01,-7.68590E+00, 9.05668E+00, 3.08575E+02, 1.28897E+01, 5.41624E+02, 5.19814E+01, 5.68135E-01, 2.64004E+00, 9.95169E+01, 2.99771E+01,-1.26978E-03,-1.51551E-03, 0.00000E+00, 0.00000E+00, 0.00000E+00,
 65, 1.28000E+00,TRUE,0, 0.00000E+00, 3.75423E+00, 1.44946E+00, 3.05638E+00, 0.00000E+00, 0.00000E+00, 1.85883E-01, 0.00000E+00, 8.63772E-01, 1.44946E+03,-1.01308E-01,-1.83619E+00, 2.19345E+00, 3.50342E-02, 2.12717E-02,-9.02939E-03, 1.44947E+03,-1.01400E-01,-1.85782E+00, 2.20403E+00, 3.40787E+00,-4.14671E-01,-7.59744E+00, 9.01327E+00, 3.19724E+02, 1.36905E+01, 5.43741E+02, 5.29325E+01, 5.68130E-01, 2.64002E+00, 9.95362E+01, 2.99770E+01,-1.25485E-03,-1.50821E-03, 0.00000E+00, 0.00000E+00, 0.00000E+00,
 66, 1.30000E+00,TRUE,0, 0.00000E+00, 3.75425E+00, 1.44946E+00, 3.05640E+00, 0.00000E+00, 0.00000E+00, 1.85880E-01, 0.00000E+00, 8.63763E-01, 1.44946E+03,-1.01218E-01,-1.81455E+00, 2.18290E+00, 3.71094E-02, 2.12677E-02,-9.02534E-03, 1.44946E+03,-1.01308E-01,-1.83619E+00, 2.19345E+00, 3.40797E+00,-4.14306E-01,-7.50921E+00, 8.97027E+00, 3.30932E+02, 1.44940E+01, 5.45896E+02, 5.38649E+01, 5.68126E-01, 2.64001E+00, 9.95548E+01, 2.99769E+01,-1.23993E-03,-1.50094E-03, 0.00000E+00, 0.00000E+00, 0.00000E+00,
 67, 1.32000E+00,TRUE,0, 2.10856E+03, 3.75426E+00, 1.44946E+00, 3.05642E+00, 1.52416E-01, 1.62290E-01, 1.85879E-01, 7.25598E-03, 8.63756E-01, 1.44947E+03,-9.47700E-02,-1.79291E+00, 2.17237E+00, 3.91846E-02, 2.12594E-02,-9.02128E-03, 1.44946E+03,-1.01218E-01,-1.81455E+00, 2.18290E+00, 3.40797E+00,-4.13935E-01,-7.42070E+00, 8.92709E+00, 2.90043E+02, 1.29678E+01, 4.92551E+02, 5.22961E+01, 5.68124E-01, 2.64001E+00, 9.94616E+01, 2.99769E+01,-1.22501E-03,-1.49368E-03, 0.00000E+00, 0.00000E+00, 0.00000E+00,
 68, 1.34000E+00,TRUE,0, 0.00000E+00, 3.75413E+00, 1.44946E+00, 3.05629E+00, 0.00000E+00, 0.00000E+00, 1.85884E-01, 0.00000E+00, 8.63786E-01, 1.44946E+03,-9.46780E-02,-1.77124E+00, 2.16187E+00, 3.52783E-02, 2.13274E-02,-9.00793E-03, 1.44947E+03,-9.47700E-02,-1.79291E+00, 2.17237E+00, 3.40796E+00,-3.87567E-01,-7.33218E+00, 8.88402E+00, 3.00212E+02, 1.37732E+01, 4.94681E+02, 5.32398E+01, 5.68117E-01, 2.63998E+00, 9.94831E+01, 2.99768E+01,-1.21002E-03,-1.48643E-03, 0.00000E+00, 0.00000E+00, 0.00000E+00,
 69, 1.36000E+00,TRUE,0, 0.00000E+00, 3.75414E+00, 1.44946E+00, 3.05631E+00, 0.00000E+00, 0.00000E+00, 1.85882E-01, 0.00000E+00, 8.63777E-01, 1.44946E+03,-9.45882E-02,-1.74957E+00, 2.15139E+00, 3.72314E-02, 2.13830E-02,-9.00388E-03, 1.44946E+03,-9.46780E-02,-1.77124E+00, 2.16187E+00, 3.40807E+00,-3.87203E-01,-7.24383E+00, 8.84136E+00, 3.10440E+02, 1.45811E+01, 4.96847E+02, 5.41651E+01, 5.68113E-01, 2.63997E+00, 9.95038E+01, 2.99767E+01,-1.19503E-03,-1.47921E-03, 0.00000E+00, 0.00000E+00, 0.00000E+00,
 70, 1.38000E+00,TRUE,0, 1.95375E+03, 3.75415E+00, 1.44946E+00, 3.05633E+00, 1.58491E-01, 1.64161E-01, 1.85880E-01, 7.87762E-03, 8.63770E-01, 1.44931E+03,-2.52229E-01,-1.72789E+00, 2.14094E+00,-9.60815E-01, 2.13338E-02,-8.99935E-03, 1.44946E+03,-9.45882E-02,-1.74957E+00, 2.15139E+00, 3.40807E+00,-3.86835E-01,-7.15516E+00, 8.79850E+00, 2.69897E+02, 1.29516E+01, 4.46399E+02, 5.25457E+01, 5.68111E-01, 2.63996E+00, 9.94024E+01, 2.99767E+01,-1.18011E-03,-1.47200E-03, 0.00000E+00, 0.00000E+00, 0.00000E+00,
 71, 1.40000E+00,TRUE,0, 0.00000E+00, 3.75300E+00, 1.44930E+00, 3.05518E+00, 0.00000E+00, 0.00000E+00, 1.85936E-01, 0.00000E+00, 8.64032E-01, 1.44930E+03,-2.52291E-01,-1.70620E+00, 2.13047E+00,-8.03345E-01, 2.13854E-02,-9.22537E-03, 1.44931E+03,-2.52229E-01,-1.72789E+00, 2.14094E+00, 3.40806E+00,-1.03153E+00,-7.06649E+00, 8.75573E+00, 2.79143E+02, 1.37622E+01, 4.48538E+02, 5.34833E+01, 5.68070E-01, 2.63978E+00, 9.94263E+01, 2.99758E+01,-1.16524E-03,-1.46482E-03, 0.00000E+00, 0.00000E+00, 0.00000E+00,
 72, 1.42000E+00,TRUE,0, 0.00000E+00, 3.75295E+00, 1.44930E+00, 3.05518E+00, 0.00000E+00, 0.00000E+00, 1.85926E-01, 0.00000E+00, 8.63992E-01, 1.44930E+03,-2.52353E-01,-1.68451E+00, 2.12003E+00,-7.98218E-01, 2.13258E-02,-9.17840E-03, 1.44930E+03,-2.52291E-01,-1.70620E+00, 2.13047E+00, 3.40510E+00,-1.03089E+00,-6.97173E+00, 8.70537E+00, 2.88448E+02, 1.45750E+01, 4.50714E+02, 5.44026E+01, 5.68037E-01, 2.63965E+00, 9.94492E+01, 2.99752E+01,-1.15031E-03,-1.45764E-03, 0.00000E+00, 0.00000E+00, 0.00000E+00,
 73, 1.44000E+00,TRUE,0, 0.00000E+00, 3.75290E+00, 1.44929E+00, 3.05517E+00, 0.00000E+00, 0.00000E+00, 1.85918E-01, 0.00000E+00, 8.63966E-01, 1.44929E+03,-2.52413E-01,-1.66282E+00, 2.10962E+00,-7.93091E-01, 2.12704E-02,-9.13405E-03, 1.44930E+03,-2.52353E-01,-1.68451E+00, 2.12003E+00, 3.40508E+00,-1.03114E+00,-6.88306E+00, 8.66266E+00, 2.97815E+02, 1.53896E+01, 4.52926E+02, 5.53040E+01, 5.68011E-01, 2.63956E+00, 9.94712E+01, 2.99749E+01,-1.13539E-03,-1.45049E-03, 0.00000E+00, 0.00000E+00, 0.00000E+00,
 74, 1.46000E+00,TRUE,0, 2.29663E+03, 3.75286E+00, 1.44929E+00, 3.05516E+00, 1.33883E-01, 1.33780E-01, 1.85912E-01, 7.05624E-03, 8.63951E-01, 1.44918E+03,-3.57886E-01,-1.64114E+00, 2.09924E+00,-7.87964E-01, 2.12195E-02,-9.09233E-03, 1.44929E+03,-2.52413E-01,-1.66282E+00, 2.10962E+00, 3.40506E+00,-1.03138E+00,-6.79442E+00, 8.62007E+00, 2.66108E+02, 1.40359E+01, 4.14071E+02, 5.40198E+01, 5.67991E-01, 2.63951E+00, 9.93780E+01, 2.99747E+01,-1.12046E-03,-1.44335E-03, 0.00000E+00, 0.00000E+00, 0.00000E+00,
 75, 1.48000E+00,TRUE,0, 0.00000E+00, 3.75202E+00, 1.44918E+00, 3.05434E+00, 0.00000E+00, 0.00000E+00, 1.85948E-01, 0.00000E+00, 8.64131E-01, 1.44918E+03,-3.58054E-01,-1.61943E+00, 2.08887E+00,-6.75171E-01, 2.13811E-02,-9.12356E-03, 1.44918E+03,-3.57886E-01,-1.64114E+00, 2.09924E+00, 3.40504E+00,-1.46234E+00,-6.70579E+00, 8.57759E+00, 2.74730E+02, 1.48537E+01, 4.16268E+02, 5.49274E+01, 5.67948E-01, 2.63935E+00, 9.94029E+01, 2.99740E+01,-1.10547E-03,-1.43630E-03, 0.00000E+00, 0.00000E+00, 0.00000E+00,
 76, 1.50000E+00,TRUE,0, 0.00000E+00, 3.75194E+00, 1.44917E+00, 3.05431E+00, 0.00000E+00, 0.00000E+00, 1.85938E-01, 0.00000E+00, 8.64102E-01, 1.44917E+03,-3.58218E-01,-1.59771E+00, 2.07855E+00,-6.67969E-01, 2.13844E-02,-8.99029E-03, 1.44918E+03,-3.58054E-01,-1.61943E+00, 2.08887E+00, 3.40304E+00,-1.46217E+00,-6.61318E+00, 8.53021E+00, 2.83413E+02, 1.56730E+01, 4.18501E+02, 5.58174E+01, 5.67914E-01, 2.63924E+00, 9.94268E+01, 2.99736E+01,-1.09049E-03,-1.42926E-03, 0.00000E+00, 0.00000E+00, 0.00000E+00,
 77, 1.52000E+00,TRUE,0, 2.08714E+03, 3.75188E+00, 1.44916E+00, 3.05429E+00, 1.43893E-01, 1.39980E-01, 1.85931E-01, 7.90236E-03, 8.64085E-01, 1.44907E+03,-4.50874E-01,-1.57598E+00, 2.06827E+00,-6.60767E-01, 2.13784E-02,-8.87728E-03, 1.44917E+03,-3.58218E-01,-1.59771E+00, 2.07855E+00, 3.40300E+00,-1.46282E+00,-6.52441E+00, 8.48798E+00, 2.50119E+02, 1.41201E+01, 3.79872E+02, 5.43813E+01, 5.67888E-01, 2.63917E+00, 9.93194E+01, 2.99733E+01,-1.07550E-03,-1.42223E-03, 0.00000E+00, 0.00000E+00, 0.00000E+00,
 78, 1.54000E+00,TRUE,0, 0.00000E+00, 3.75108E+00, 1.44906E+00, 3.05351E+00, 0.00000E+00, 0.00000E+00, 1.85963E-01, 0.00000E+00, 8.64250E-01, 1.44906E+03,-4.51135E-01,-1.55423E+00, 2.05801E+00,-5.56641E-01, 2.14692E-02,-8.92305E-03, 1.44907E+03,-4.50874E-01,-1.57598E+00, 2.06827E+00, 3.40297E+00,-1.84118E+00,-6.43563E+00, 8.44592E+00, 2.58059E+02, 1.49433E+01, 3.82083E+02, 5.52806E+01, 5.67842E-01, 2.63900E+00, 9.93466E+01, 2.99726E+01,-1.06052E-03,-1.41523E-03, 0.00000E+00, 0.00000E+00, 0.00000E+00,
 79, 1.56000E+00,TRUE,0, 0.00000E+00, 3.75099E+00, 1.44905E+00, 3.05348E+00, 0.00000E+00, 0.00000E+00, 1.85954E-01, 0.00000E+00, 8.64225E-01, 1.44905E+03,-4.51391E-01,-1.53248E+00, 2.04778E+00,-5.47607E-01, 2.14292E-02,-8.82053E-03, 1.44906E+03,-4.51135E-01,-1.55423E+00, 2.05801E+00, 3.40120E+00,-1.84128E+00,-6.34350E+00, 8.39962E+00, 2.66061E+02, 1.57677E+01, 3.84330E+02, 5.61625E+01, 5.67805E-01, 2.63889E+00, 9.93727E+01, 2.99721E+01,-1.04554E-03,-1.40824E-03, 0.00000E+00, 0.00000E+00, 0.00000E+00,
 80, 1.58000E+00,TRUE,0, 1.93266E+03, 3.75091E+00, 1.44904E+00, 3.05344E+00, 1.49556E-01, 1.41839E-01, 1.85946E-01, 8.58551E-03, 8.64212E-01, 1.44896E+03,-5.28033E-01,-1.51073E+00, 2.03760E+00,-5.38574E-01, 2.13865E-02,-8.73446E-03, 1.44905E+03,-4.51391E-01,-1.53248E+00, 2.04778E+00, 3.40116E+00,-1.84230E+00,-6.25466E+00, 8.35780E+00, 2.33128E+02, 1.41113E+01, 3.47729E+02, 5.46737E+01, 5.67776E-01, 2.63882E+00, 9.92553E+01, 2.99718E+01,-1.03056E-03,-1.40126E-03, 0.00000E+00, 0.00000E+00, 0.00000E+00,
 81, 1.60000E+00,TRUE,0, 0.00000E+00, 3.75019E+00, 1.44895E+00, 3.05275E+00, 0.00000E+00, 0.00000E+00, 1.85974E-01, 0.00000E+00, 8.64357E-01, 1.44895E+03,-5.28370E-01,-1.48898E+00, 2.02743E+00,-4.47388E-01, 2.13404E-02,-8.77905E-03, 1.44896E+03,-5.28033E-01,-1.51073E+00, 2.03760E+00, 3.40112E+00,-2.15509E+00,-6.16582E+00, 8.31614E+00, 2.40426E+02, 1.49404E+01, 3.49952E+02, 5.55659E+01, 5.67731E-01, 2.63867E+00, 9.92851E+01, 2.99712E+01,-1.01564E-03,-1.39431E-03, 0.00000E+00, 0.00000E+00, 0.00000E+00,
 82, 1.62000E+00,TRUE,0, 0.00000E+00, 3.75008E+00, 1.44894E+00, 3.05270E+00, 0.00000E+00, 0.00000E+00, 1.85965E-01, 0.00000E+00, 8.64338E-01, 1.44894E+03,-5.28701E-01,-1.46724E+00, 2.01730E+00,-4.36768E-01, 2.12972E-02,-8.69966E-03, 1.44895E+03,-5.28370E-01,-1.48898E+00, 2.02743E+00, 3.39964E+00,-2.15552E+00,-6.07440E+00, 8.27102E+00, 2.47786E+02, 1.57704E+01, 3.52209E+02, 5.64408E+01, 5.67696E-01, 2.63856E+00, 9.93137E+01, 2.99707E+01,-1.00067E-03,-1.38737E-03, 0.00000E+00, 0.00000E+00, 0.00000E+00,
 83, 1.64000E+00,TRUE,0, 0.00000E+00, 3.74999E+00, 1.44893E+00, 3.05265E+00, 0.00000E+00, 0.00000E+00, 1.85959E-01, 0.00000E+00, 8.64329E-01, 1.44893E+03,-5.29025E-01,-1.44551E+00, 2.00720E+00,-4.26147E-01, 2.11668E-02,-8.63314E-03, 1.44894E+03,-5.28701E-01,-1.46724E+00, 2.01730E+00, 3.39959E+00,-2.15684E+00,-5.98562E+00, 8.22959E+00, 2.55208E+02, 1.66010E+01, 3.54501E+02, 5.72988E+01, 5.67667E-01, 2.63849E+00, 9.93412E+01, 2.99704E+01,-9.85753E-04,-1.38045E-03, 0.00000E+00, 0.00000E+00, 0.00000E+00,
 84, 1.66000E+00,TRUE,0, 2.27469E+03, 3.74991E+00, 1.44892E+00, 3.05260E+00, 1.25756E-01, 1.15485E-01, 1.85955E-01, 7.66333E-03, 8.64328E-01, 1.44886E+03,-5.77330E-01,-1.42381E+00, 1.99714E+00,-4.15527E-01, 2.10546E-02,-8.57747E-03, 1.44893E+03,-5.29025E-01,-1.44551E+00, 2.00720E+00, 3.39955E+00,-2.15813E+00,-5.89691E+00, 8.18830E+00, 2.29658E+02, 1.52396E+01, 3.26490E+02, 5.61271E+01, 5.67645E-01, 2.63845E+00, 9.92339E+01, 2.99701E+01,-9.70841E-04,-1.37355E-03, 0.00000E+00, 0.00000E+00, 0.00000E+00,
 85, 1.68000E+00,TRUE,0, 0.00000E+00, 3.74940E+00, 1.44885E+00, 3.05211E+00, 0.00000E+00, 0.00000E+00, 1.85974E-01, 0.00000E+00, 8.64433E-01, 1.44885E+03,-5.77705E-01,-1.40209E+00, 1.98710E+00,-3.51563E-01, 2.10975E-02,-8.60548E-03, 1.44886E+03,-5.77330E-01,-1.42381E+00, 1.99714E+00, 3.39950E+00,-2.35516E+00,-5.80828E+00, 8.14715E+00, 2.36555E+02, 1.60746E+01, 3.28769E+02, 5.69899E+01, 5.67612E-01, 2.63834E+00, 9.92646E+01, 2.99696E+01,-9.55872E-04,-1.36667E-03, 0.00000E+00, 0.00000E+00, 0.00000E+00,
 86, 1.70000E+00,TRUE,0, 0.00000E+00, 3.74930E+00, 1.44884E+00, 3.05205E+00, 0.00000E+00, 0.00000E+00, 1.85968E-01, 0.00000E+00, 8.64426E-01, 1.44884E+03,-5.78072E-01,-1.38038E+00, 1.97709E+00,-3.39966E-01, 2.10754E-02,-8.55434E-03, 1.44885E+03,-5.77705E-01,-1.40209E+00, 1.98710E+00, 3.39854E+00,-2.35602E+00,-5.71807E+00, 8.10390E+00, 2.43514E+02, 1.69098E+01, 3.31083E+02, 5.78359E+01, 5.67585E-01, 2.63827E+00, 9.92940E+01, 2.99692E+01,-9.40905E-04,-1.35980E-03, 0.00000E+00, 0.00000E+00, 0.00000E+00,
 87, 1.72000E+00,TRUE,0, 2.06571E+03, 3.74921E+00, 1.44883E+00, 3.05199E+00, 1.35211E-01, 1.21284E-01, 1.85965E-01, 8.59022E-03, 8.64426E-01, 1.44878E+03,-6.18258E-01,-1.35867E+00, 1.96712E+00,-3.28369E-01, 2.10518E-02,-8.51130E-03, 1.44884E+03,-5.78072E-01,-1.38038E+00, 1.97709E+00, 3.39849E+00,-2.35749E+00,-5.62944E+00, 8.06297E+00, 2.16662E+02, 1.53456E+01, 3.03043E+02, 5.65135E+01, 5.67563E-01, 2.63822E+00, 9.91698E+01, 2.99689E+01,-9.25942E-04,-1.35295E-03, 0.00000E+00, 0.00000E+00, 0.00000E+00,
 88, 1.74000E+00,TRUE,0, 0.00000E+00, 3.74874E+00, 1.44877E+00, 3.05154E+00, 0.00000E+00, 0.00000E+00, 1.85982E-01, 0.00000E+00, 8.64519E-01, 1.44877E+03,-6.18667E-01,-1.33695E+00, 1.95716E+00,-2.71484E-01, 2.10688E-02,-8.53705E-03, 1.44878E+03,-6.18258E-01,-1.35867E+00, 1.96712E+00, 3.39845E+00,-2.52134E+00,-5.54083E+00, 8.02218E+00, 2.23093E+02, 1.61860E+01, 3.05338E+02, 5.73673E+01, 5.67531E-01, 2.63812E+00, 9.92030E+01, 2.99684E+01,-9.10981E-04,-1.34612E-03, 0.00000E+00, 0.00000E+00, 0.00000E+00,
 89, 1.76000E+00,TRUE,0, 0.00000E+00, 3.74864E+00, 1.44876E+00, 3.05148E+00, 0.00000E+00, 0.00000E+00, 1.85977E-01, 0.00000E+00, 8.64513E-01, 1.44876E+03,-6.19068E-01,-1.31525E+00, 1.94724E+00,-2.59033E-01, 2.10351E-02,-8.49557E-03, 1.44877E+03,-6.18667E-01,-1.33695E+00, 1.95716E+00, 3.39763E+00,-2.52240E+00,-5.45097E+00, 7.97967E+00, 2.29587E+02, 1.70264E+01, 3.07666E+02, 5.82046E+01, 5.67505E-01, 2.63804E+00, 9.92349E+01, 2.99680E+01,-8.96024E-04,-1.33930E-03, 0.00000E+00, 0.00000E+00, 0.00000E+00,
 90, 1.78000E+00,TRUE,0, 1.91238E+03, 3.74854E+00, 1.44875E+00, 3.05141E+00, 1.40712E-01, 1.23482E-01, 1.85974E-01, 9.34249E-03, 8.64513E-01, 1.44871E+03,-6.49909E-01,-1.29354E+00, 1.93734E+00,-2.46582E-01, 2.10017E-02,-8.45981E-03, 1.44876E+03,-6.19068E-01,-1.31525E+00, 1.94724E+00, 3.39758E+00,-2.52400E+00,-5.36238E+00, 7.93908E+00, 2.02916E+02, 1.53524E+01, 2.80868E+02, 5.68197E+01, 5.67483E-01, 2.63799E+00, 9.90985E+01, 2.99676E+01,-8.81070E-04,-1.33250E-03, 0.00000E+00, 0.00000E+00, 0.00000E+00,
 91, 1.80000E+00,TRUE,0, 0.00000E+00, 3.74813E+00, 1.44870E+00, 3.05103E+00, 0.00000E+00, 0.00000E+00, 1.85988E-01, 0.00000E+00, 8.64592E-01, 1.44870E+03,-6.50340E-01,-1.27186E+00, 1.92747E+00,-1.98730E-01, 2.09135E-02,-8.47673E-03, 1.44871E+03,-6.49909E-01,-1.29354E+00, 1.93734E+00, 3.39753E+00,-2.64970E+00,-5.27382E+00, 7.89862E+00, 2.08903E+02, 1.61987E+01, 2.83174E+02, 5.76660E+01, 5.67454E-01, 2.63789E+00, 9.91346E+01, 2.99671E+01,-8.66180E-04,-1.32572E-03, 0.00000E+00, 0.00000E+00, 0.00000E+00,
 92, 1.82000E+00,TRUE,0, 0.00000E+00, 3.74803E+00, 1.44869E+00, 3.05095E+00, 0.00000E+00, 0.00000E+00, 1.85984E-01, 0.00000E+00, 8.64589E-01, 1.44869E+03,-6.50763E-01,-1.25018E+00, 1.91763E+00,-1.85669E-01, 2.08936E-02,-8.44121E-03, 1.44870E+03,-6.50340E-01,-1.27186E+00, 1.92747E+00, 3.39689E+00,-2.65096E+00,-5.18443E+00, 7.85689E+00, 2.14955E+02, 1.70446E+01, 2.85514E+02, 5.84960E+01, 5.67429E-01, 2.63782E+00, 9.91692E+01, 2.99667E+01,-8.51234E-04,-1.31896E-03, 0.00000E+00, 0.00000E+00, 0.00000E+00,
 93, 1.84000E+00,TRUE,0, 0.00000E+00, 3.74793E+00, 1.44867E+00, 3.05088E+00, 0.00000E+00, 0.00000E+00, 1.85982E-01, 0.00000E+00, 8.64591E-01, 1.44867E+03,-6.51177E-01,-1.22850E+00, 1.90781E+00,-1.72607E-01, 2.08731E-02,-8.40986E-03, 1.44869E+03,-6.50763E-01,-1.25018E+00, 1.91763E+00, 3.39684E+00,-2.65264E+00,-5.09598E+00, 7.81664E+00, 2.21070E+02, 1.78899E+01, 2.87886E+02, 5.93101E+01, 5.67408E-01, 2.63777E+00, 9.92024E+01, 2.99664E+01,-8.36291E-04,-1.31221E-03, 0.00000E+00, 0.00000E+00, 0.00000E+00,
 94, 1.86000E+00,TRUE,0, 2.25440E+03, 3.74783E+00, 1.44866E+00, 3.05081E+00, 1.18043E-01, 1.00803E-01, 1.85980E-01, 8.31009E-03, 8.64597E-01, 1.44864E+03,-6.67666E-01,-1.20683E+00, 1.89802E+00,-1.59546E-01, 2.08522E-02,-8.38208E-03, 1.44867E+03,-6.51177E-01,-1.22850E+00, 1.90781E+00, 3.39678E+00,-2.65429E+00,-5.00755E+00, 7.77650E+00, 2.00425E+02, 1.65228E+01, 2.67383E+02, 5.82201E+01, 5.67390E-01, 2.63772E+00, 9.90786E+01, 2.99662E+01,-8.21353E-04,-1.30548E-03, 0.00000E+00, 0.00000E+00, 0.00000E+00,
 95, 1.88000E+00,TRUE,0, 0.00000E+00, 3.74754E+00, 1.44863E+00, 3.05054E+00, 0.00000E+00, 0.00000E+00, 1.85989E-01, 0.00000E+00, 8.64651E-01, 1.44863E+03,-6.68091E-01,-1.18517E+00, 1.88826E+00,-1.27197E-01, 2.08467E-02,-8.38244E-03, 1.44864E+03,-6.67666E-01,-1.20683E+00, 1.89802E+00, 3.39673E+00,-2.72146E+00,-4.91915E+00, 7.73648E+00, 2.06168E+02, 1.73731E+01, 2.69745E+02, 5.90381E+01, 5.67368E-01, 2.63765E+00, 9.91155E+01, 2.99658E+01,-8.06419E-04,-1.29877E-03, 0.00000E+00, 0.00000E+00, 0.00000E+00,
 96, 1.90000E+00,TRUE,0, 0.00000E+00, 3.74744E+00, 1.44861E+00, 3.05047E+00, 0.00000E+00, 0.00000E+00, 1.85987E-01, 0.00000E+00, 8.64654E-01, 1.44861E+03,-6.68508E-01,-1.16351E+00, 1.87852E+00,-1.13770E-01, 2.08222E-02,-8.35502E-03, 1.44863E+03,-6.68091E-01,-1.18517E+00, 1.88826E+00, 3.39636E+00,-2.72289E+00,-4.83032E+00, 7.69585E+00, 2.11975E+02, 1.82225E+01, 2.72138E+02, 5.98403E+01, 5.67348E-01, 2.63760E+00, 9.91509E+01, 2.99654E+01,-7.91489E-04,-1.29208E-03, 0.00000E+00, 0.00000E+00, 0.00000E+00,
 97, 1.92000E+00,TRUE,0, 2.04627E+03, 3.74735E+00, 1.44860E+00, 3.05039E+00, 1.27131E-01, 1.06461E-01, 1.85986E-01, 9.31968E-03, 8.64660E-01, 1.44859E+03,-6.79599E-01,-1.14186E+00, 1.86883E+00,-1.00342E-01, 2.07977E-02,-8.24332E-03, 1.44861E+03,-6.68508E-01,-1.16351E+00, 1.87852E+00, 3.39630E+00,-2.72455E+00,-4.74197E+00, 7.65604E+00, 1.90152E+02, 1.66461E+01, 2.51371E+02, 5.85969E+01, 5.67331E-01, 2.63755E+00, 9.90071E+01, 2.99652E+01,-7.76565E-04,-1.28546E-03, 0.00000E+00, 0.00000E+00, 0.00000E+00,
 98, 1.94000E+00,TRUE,0, 0.00000E+00, 3.74710E+00, 1.44857E+00, 3.05016E+00, 0.00000E+00, 0.00000E+00, 1.85994E-01, 0.00000E+00, 8.64705E-01, 1.44857E+03,-6.80018E-01,-1.12020E+00, 1.85917E+00,-7.38525E-02, 2.08707E-02,-8.16846E-03, 1.44859E+03,-6.79599E-01,-1.14186E+00, 1.86883E+00, 3.39625E+00,-2.76970E+00,-4.65365E+00, 7.61641E+00, 1.95577E+02, 1.75013E+01, 2.53747E+02, 5.94059E+01, 5.67311E-01, 2.63749E+00, 9.90468E+01, 2.99648E+01,-7.61585E-04,-1.27886E-03, 0.00000E+00, 0.00000E+00, 0.00000E+00,
 99, 1.96000E+00,TRUE,0, 0.00000E+00, 3.74699E+00, 1.44856E+00, 3.05008E+00, 0.00000E+00, 0.00000E+00, 1.85993E-01, 0.00000E+00, 8.64709E-01, 1.44856E+03,-6.80429E-01,-1.09853E+00, 1.84956E+00,-6.01807E-02, 2.09137E-02,-8.09062E-03, 1.44857E+03,-6.80018E-01,-1.12020E+00, 1.85917E+00, 3.39598E+00,-2.77119E+00,-4.56501E+00, 7.57646E+00, 2.01067E+02, 1.83553E+01, 2.56155E+02, 6.01995E+01, 5.67292E-01, 2.63743E+00, 9.90849E+01, 2.99645E+01,-7.46610E-04,-1.27228E-03, 0.00000E+00, 0.00000E+00, 0.00000E+00,
 100, 1.98000E+00,TRUE,0, 1.89426E+03, 3.74690E+00, 1.44855E+00, 3.05000E+00, 1.32612E-01, 1.09079E-01, 1.85992E-01, 1.01400E-02, 8.64717E-01, 1.44854E+03,-6.85905E-01,-1.07686E+00, 1.83998E+00,-4.65088E-02, 2.09414E-02,-8.02791E-03, 1.44856E+03,-6.80429E-01,-1.09853E+00, 1.84956E+00, 3.39592E+00,-2.77282E+00,-4.47664E+00, 7.53714E+00, 1.79223E+02, 1.66605E+01, 2.36056E+02, 5.88828E+01, 5.67276E-01, 2.63739E+00, 9.89268E+01, 2.99642E+01,-7.31641E-04,-1.26571E-03, 0.00000E+00, 0.00000E+00, 0.00000E+00,
 101, 2.00000E+00,TRUE,0, 0.00000E+00, 3.74669E+00, 1.44853E+00, 3.04981E+00, 0.00000E+00, 0.00000E+00, 1.85997E-01, 0.00000E+00, 8.64752E-01, 1.44853E+03,-6.86309E-01,-1.05519E+00, 1.83043E+00,-2.64893E-02, 2.09606E-02,-7.98631E-03, 1.44854E+03,-6.85905E-01,-1.07686E+00, 1.83998E+00, 3.39587E+00,-2.79509E+00,-4.38826E+00, 7.49798E+00, 1.84342E+02, 1.75210E+01, 2.38444E+02, 5.96845E+01, 5.67257E-01, 2.63733E+00, 9.89697E+01, 2.99639E+01,-7.16677E-04,-1.25916E-03, 0.00000E+00, 0.00000E+00, 0.00000E+00,
 102, 2.02000E+00,TRUE,0, 0.00000E+00, 3.74659E+00, 1.44851E+00, 3.04973E+00, 0.00000E+00, 0.00000E+00, 1.85997E-01, 0.00000E+00, 8.64758E-01, 1.44851E+03,-6.86706E-01,-1.03353E+00, 1.82092E+00,-1.26953E-02, 2.08763E-02,-7.94601E-03, 1.44853E+03,-6.86309E-01,-1.05519E+00, 1.83043E+00, 3.39571E+00,-2.79661E+00,-4.29973E+00, 7.45874E+00, 1.89527E+02, 1.83800E+01, 2.40862E+02, 6.04710E+01, 5.67241E-01, 2.63728E+00, 9.90109E+01, 2.99636E+01,-7.01779E-04,-1.25263E-03, 0.00000E+00, 0.00000E+00, 0.00000E+00,
 103, 2.04000E+00,TRUE,0, 0.00000E+00, 3.74649E+00, 1.44850E+00, 3.04965E+00, 0.00000E+00, 0.00000E+00, 1.85997E-01, 0.00000E+00, 8.64767E-01, 1.44850E+03,-6.87095E-01,-1.01189E+00, 1.81144E+00, 1.09863E-03, 2.08005E-02,-7.91478E-03, 1.44851E+03,-6.86706E-01,-1.03353E+00, 1.82092E+00, 3.39565E+00,-2.79818E+00,-4.21141E+00, 7.41986E+00, 1.94778E+02, 1.92373E+01, 2.43312E+02, 6.12426E+01, 5.67225E-01, 2.63724E+00, 9.90504E+01, 2.99634E+01,-6.86887E-04,-1.24612E-03, 0.00000E+00, 0.00000E+00, 0.00000E+00,
 104, 2.06000E+00,TRUE,0, 2.23668E+03, 3.74639E+00, 1.44849E+00, 3.04957E+00, 1.11164E-01, 8.94607E-02, 1.85997E-01, 8.98317E-03, 8.64776E-01, 1.44849E+03,-6.86145E-01,-9.90260E-01, 1.80199E+00, 1.48926E-02, 2.07330E-02,-7.89082E-03, 1.44850E+03,-6.87095E-01,-1.01189E+00, 1.81144E+00, 3.39560E+00,-2.79972E+00,-4.12315E+00, 7.38111E+00, 1.77852E+02, 1.78589E+01, 2.27891E+02, 6.02021E+01, 5.67211E-01, 2.63720E+00, 9.89079E+01, 2.99631E+01,-6.72001E-04,-1.23962E-03, 0.00000E+00, 0.00000E+00, 0.00000E+00,
 105, 2.08000E+00,TRUE,0, 0.00000E+00, 3.74625E+00, 1.44847E+00, 3.04945E+00, 0.00000E+00, 0.00000E+00, 1.86000E-01, 0.00000E+00, 8.64797E-01, 1.44847E+03,-6.86517E-01,-9.68632E-01, 1.79257E+00, 2.70996E-02, 2.07587E-02,-7.87079E-03, 1.44849E+03,-6.86145E-01,-9.90260E-01, 1.80199E+00, 3.39554E+00,-2.79580E+00,-4.03496E+00, 7.34248E+00, 1.82833E+02, 1.87213E+01, 2.30330E+02, 6.09770E+01, 5.67196E-01, 2.63716E+00, 9.89516E+01, 2.99629E+01,-6.57060E-04,-1.23314E-03, 0.00000E+00, 0.00000E+00, 0.00000E+00,
 106, 2.10000E+00,TRUE,0, 0.00000E+00, 3.74615E+00, 1.44846E+00, 3.04937E+00, 0.00000E+00, 0.00000E+00, 1.86000E-01, 0.00000E+00, 8.64807E-01, 1.44846E+03,-6.86881E-01,-9.47004E-01, 1.78318E+00, 4.08936E-02, 2.07743E-02,-7.85768E-03, 1.44847E+03,-6.86517E-01,-9.68632E-01, 1.79257E+00, 3.39551E+00,-2.79729E+00,-3.94680E+00, 7.30404E+00, 1.87881E+02, 1.95816E+01, 2.32800E+02, 6.17374E+01, 5.67182E-01, 2.63712E+00, 9.89935E+01, 2.99627E+01,-6.42126E-04,-1.22667E-03, 0.00000E+00, 0.00000E+00, 0.00000E+00,
 107, 2.12000E+00,TRUE,0, 2.02948E+03, 3.74606E+00, 1.44845E+00, 3.04929E+00, 1.20005E-01, 9.50960E-02, 1.86001E-01, 1.00714E-02, 8.64818E-01, 1.44845E+03,-6.82038E-01,-9.25378E-01, 1.77382E+00, 5.46875E-02, 2.07801E-02,-7.84791E-03, 1.44846E+03,-6.86881E-01,-9.47004E-01, 1.78318E+00, 3.39545E+00,-2.79873E+00,-3.85861E+00, 7.26566E+00, 1.69835E+02, 1.79868E+01, 2.16946E+02, 6.05396E+01, 5.67169E-01, 2.63708E+00, 9.88279E+01, 2.99624E+01,-6.27199E-04,-1.22023E-03, 0.00000E+00, 0.00000E+00, 0.00000E+00,
 108, 2.14000E+00,TRUE,0, 0.00000E+00, 3.74595E+00, 1.44844E+00, 3.04919E+00, 0.00000E+00, 0.00000E+00, 1.86002E-01, 0.00000E+00, 8.64832E-01, 1.44844E+03,-6.82379E-01,-9.03757E-01, 1.76449E+00, 6.18896E-02, 2.07735E-02,-7.83253E-03, 1.44845E+03,-6.82038E-01,-9.25378E-01, 1.77382E+00, 3.39540E+00,-2.77895E+00,-3.77043E+00, 7.22739E+00, 1.74600E+02, 1.88532E+01, 2.19398E+02, 6.13063E+01, 5.67156E-01, 2.63704E+00, 9.88748E+01, 2.99622E+01,-6.12278E-04,-1.21380E-03, 0.00000E+00, 0.00000E+00, 0.00000E+00,
 109, 2.16000E+00,TRUE,0, 0.00000E+00, 3.74585E+00, 1.44842E+00, 3.04911E+00, 0.00000E+00, 0.00000E+00, 1.86003E-01, 0.00000E+00, 8.64843E-01, 1.44842E+03,-6.82712E-01,-8.82140E-01, 1.75518E+00, 7.55615E-02, 2.07646E-02,-7.82812E-03, 1.44844E+03,-6.82379E-01,-9.03757E-01, 1.76449E+00, 3.39544E+00,-2.78037E+00,-3.68239E+00, 7.18945E+00, 1.79432E+02, 1.97173E+01, 2.21881E+02, 6.20585E+01, 5.67143E-01, 2.63700E+00, 9.89198E+01, 2.99620E+01,-5.97365E-04,-1.20738E-03, 0.00000E+00, 0.00000E+00, 0.00000E+00,
 110, 2.18000E+00,TRUE,0, 1.87876E+03, 3.74576E+00, 1.44841E+00, 3.04903E+00, 1.25538E-01, 9.81133E-02, 1.86004E-01, 1.09534E-02, 8.64854E-01, 1.44842E+03,-6.74284E-01,-8.60529E-01, 1.74589E+00, 8.92334E-02, 2.07497E-02,-7.82442E-03, 1.44842E+03,-6.82712E-01,-8.82140E-01, 1.75518E+00, 3.39539E+00,-2.78169E+00,-3.59425E+00, 7.15141E+00, 1.61191E+02, 1.79955E+01, 2.06307E+02, 6.07776E+01, 5.67131E-01, 2.63697E+00, 9.87376E+01, 2.99618E+01,-5.82458E-04,-1.20099E-03, 0.00000E+00, 0.00000E+00, 0.00000E+00,
 111, 2.20000E+00,TRUE,0, 0.00000E+00, 3.74568E+00, 1.44841E+00, 3.04897E+00, 0.00000E+00, 0.00000E+00, 1.86004E-01, 0.00000E+00, 8.64862E-01, 1.44841E+03,-6.74586E-01,-8.38942E-01, 1.73664E+00, 9.16748E-02, 2.06367E-02,-7.80749E-03, 1.44842E+03,-6.74284E-01,-8.60529E-01, 1.74589E+00, 3.39533E+00,-2.74730E+00,-3.50614E+00, 7.11347E+00, 1.65744E+02, 1.88663E+01, 2.08769E+02, 6.15378E+01, 5.67120E-01, 2.63694E+00, 9.87881E+01, 2.99616E+01,-5.67619E-04,-1.19461E-03, 0.00000E+00, 0.00000E+00, 0.00000E+00,
 112, 2.22000E+00,TRUE,0, 0.00000E+00, 3.74559E+00, 1.44839E+00, 3.04889E+00, 0.00000E+00, 0.00000E+00, 1.86005E-01, 0.00000E+00, 8.64874E-01, 1.44839E+03,-6.74882E-01,-8.17360E-01, 1.72741E+00, 1.05225E-01, 2.06324E-02,-7.80630E-03, 1.44841E+03,-6.74586E-01,-8.38942E-01, 1.73664E+00, 3.39545E+00,-2.74863E+00,-3.41830E+00, 7.07600E+00, 1.70363E+02, 1.97346E+01, 2.11260E+02, 6.22837E+01, 5.67109E-01, 2.63690E+00, 9.88366E+01, 2.99614E+01,-5.52726E-04,-1.18825E-03, 0.00000E+00, 0.00000E+00, 0.00000E+00,
 113, 2.24000E+00,TRUE,0, 0.00000E+00, 3.74549E+00, 1.44838E+00, 3.04881E+00, 0.00000E+00, 0.00000E+00, 1.86006E-01, 0.00000E+00, 8.64886E-01, 1.44838E+03,-6.75173E-01,-7.95786E-01, 1.71820E+00, 1.18774E-01, 2.06227E-02,-7.80416E-03, 1.44839E+03,-6.74882E-01,-8.17360E-01, 1.72741E+00, 3.39540E+00,-2.74979E+00,-3.33031E+00, 7.03827E+00, 1.75051E+02, 2.06003E+01, 2.13781E+02, 6.30157E+01, 5.67098E-01, 2.63687E+00, 9.88831E+01, 2.99612E+01,-5.37841E-04,-1.18190E-03, 0.00000E+00, 0.00000E+00, 0.00000E+00,
 114, 2.26000E+00,TRUE,0, 2.22177E+03, 3.74540E+00, 1.44837E+00, 3.04873E+00, 1.05270E-01, 8.09296E-02, 1.86008E-01, 9.66029E-03, 8.64898E-01, 1.44838E+03,-6.64749E-01,-7.74235E-01, 1.70901E+00, 1.32324E-01, 2.05215E-02,-7.80070E-03, 1.44838E+03,-6.75173E-01,-7.95786E-01, 1.71820E+00, 3.39534E+00,-2.75093E+00,-3.24236E+00, 7.00064E+00, 1.60879E+02, 1.92035E+01, 2.01778E+02, 6.19970E+01, 5.67087E-01, 2.63684E+00, 9.87204E+01, 2.99610E+01,-5.23024E-04,-1.17557E-03, 0.00000E+00, 0.00000E+00, 0.00000E+00,
 115, 2.28000E+00,TRUE,0, 0.00000E+00, 3.74536E+00, 1.44837E+00, 3.04870E+00, 0.00000E+00, 0.00000E+00, 1.86007E-01, 0.00000E+00, 8.64898E-01, 1.44837E+03,-6.65003E-01,-7.52693E-01, 1.69986E+00, 1.31714E-01, 2.05140E-02,-7.77936E-03, 1.44838E+03,-6.64749E-01,-7.74235E-01, 1.70901E+00, 3.39529E+00,-2.70842E+00,-3.15450E+00, 6.96311E+00, 1.65366E+02, 2.00741E+01, 2.04288E+02, 6.27325E+01, 5.67077E-01, 2.63681E+00, 9.87716E+01, 2.99609E+01,-5.08154E-04,-1.16926E-03, 0.00000E+00, 0.00000E+00, 0.00000E+00,
 116, 2.30000E+00,TRUE,0, 0.00000E+00, 3.74527E+00, 1.44835E+00, 3.04862E+00, 0.00000E+00, 0.00000E+00, 1.86008E-01, 0.00000E+00, 8.64911E-01, 1.44835E+03,-6.65253E-01,-7.31158E-01, 1.69072E+00, 1.45020E-01, 2.05099E-02,-7.77614E-03, 1.44837E+03,-6.65003E-01,-7.52693E-01, 1.69986E+00, 3.39545E+00,-2.70958E+00,-3.06687E+00, 6.92612E+00, 1.69921E+02, 2.09417E+01, 2.06826E+02, 6.34542E+01, 5.67068E-01, 2.63678E+00, 9.88207E+01, 2.99607E+01,-4.93293E-04,-1.16297E-03, 0.00000E+00, 0.00000E+00, 0.00000E+00,
 117, 2.32000E+00,TRUE,0, 2.01546E+03, 3.74517E+00, 1.44834E+00, 3.04854E+00, 1.13948E-01, 8.66030E-02, 1.86010E-01, 1.08194E-02, 8.64924E-01, 1.44836E+03,-6.51776E-01,-7.09631E-01, 1.68161E+00, 1.58447E-01, 2.05010E-02,-7.77137E-03, 1.44835E+03,-6.65253E-01,-7.31158E-01, 1.69072E+00, 3.39539E+00,-2.71055E+00,-2.97908E+00, 6.88880E+00, 1.54656E+02, 1.93214E+01, 1.94276E+02, 6.22740E+01, 5.67057E-01, 2.63675E+00, 9.86320E+01, 2.99605E+01,-4.78439E-04,-1.15669E-03, 0.00000E+00, 0.00000E+00, 0.00000E+00,
 118, 2.34000E+00,TRUE,0, 0.00000E+00, 3.74516E+00, 1.44835E+00, 3.04853E+00, 0.00000E+00, 0.00000E+00, 1.86008E-01, 0.00000E+00, 8.64919E-01, 1.44835E+03,-6.51982E-01,-6.88098E-01, 1.67254E+00, 1.53564E-01, 2.05661E-02,-7.65646E-03, 1.44836E+03,-6.51776E-01,-7.09631E-01, 1.68161E+00, 3.39534E+00,-2.65560E+00,-2.89133E+00, 6.85157E+00, 1.58996E+02, 2.01950E+01, 1.96796E+02, 6.30023E+01, 5.67050E-01, 2.63673E+00, 9.86867E+01, 2.99604E+01,-4.63534E-04,-1.15049E-03, 0.00000E+00, 0.00000E+00, 0.00000E+00,
 119, 2.36000E+00,TRUE,0, 0.00000E+00, 3.74507E+00, 1.44833E+00, 3.04845E+00, 0.00000E+00, 0.00000E+00, 1.86010E-01, 0.00000E+00, 8.64933E-01, 1.44833E+03,-6.52185E-01,-6.66577E-01, 1.66351E+00, 1.66626E-01, 2.05334E-02,-7.58278E-03, 1.44835E+03,-6.51982E-01,-6.88098E-01, 1.67254E+00, 3.39556E+00,-2.65661E+00,-2.80377E+00, 6.81506E+00, 1.63404E+02, 2.10654E+01, 1.99345E+02, 6.37170E+01, 5.67041E-01, 2.63671E+00, 9.87392E+01, 2.99603E+01,-4.48697E-04,-1.14431E-03, 0.00000E+00, 0.00000E+00, 0.00000E+00,
 120, 2.38000E+00,TRUE,0, 1.86590E+03, 3.74498E+00, 1.44832E+00, 3.04837E+00, 1.19567E-01, 8.99732E-02, 1.86011E-01, 1.17544E-02, 8.64947E-01, 1.44834E+03,-6.36217E-01,-6.45068E-01, 1.65452E+00, 1.79688E-01, 2.04996E-02,-7.52282E-03, 1.44833E+03,-6.52185E-01,-6.66577E-01, 1.66351E+00, 3.39550E+00,-2.65740E+00,-2.71604E+00, 6.77815E+00, 1.47808E+02, 1.93101E+01, 1.86817E+02, 6.24451E+01, 5.67032E-01, 2.63668E+00, 9.85318E+01, 2.99601E+01,-4.33869E-04,-1.13814E-03, 0.00000E+00, 0.00000E+00, 0.00000E+00,
 121, 2.40000E+00,TRUE,0, 0.00000E+00, 3.74499E+00, 1.44833E+00, 3.04839E+00, 0.00000E+00, 0.00000E+00, 1.86008E-01, 0.00000E+00, 8.64937E-01, 1.44833E+03,-6.36371E-01,-6.23589E-01, 1.64556E+00, 1.71021E-01, 2.03694E-02,-7.44939E-03, 1.44834E+03,-6.36217E-01,-6.45068E-01, 1.65452E+00, 3.39545E+00,-2.59229E+00,-2.62836E+00, 6.74140E+00, 1.51999E+02, 2.01873E+01, 1.89343E+02, 6.31680E+01, 5.67026E-01, 2.63667E+00, 9.85906E+01, 2.99600E+01,-4.19110E-04,-1.13199E-03, 0.00000E+00, 0.00000E+00, 0.00000E+00,
 122, 2.42000E+00,TRUE,0, 0.00000E+00, 3.74491E+00, 1.44832E+00, 3.04832E+00, 0.00000E+00, 0.00000E+00, 1.86011E-01, 0.00000E+00, 8.64952E-01, 1.44832E+03,-6.36522E-01,-6.02122E-01, 1.63663E+00, 1.83838E-01, 2.03552E-02,-7.41541E-03, 1.44833E+03,-6.36371E-01,-6.23589E-01, 1.64556E+00, 3.39572E+00,-2.59313E+00,-2.54104E+00, 6.70543E+00, 1.56258E+02, 2.10611E+01, 1.91899E+02, 6.38776E+01, 5.67019E-01, 2.63665E+00, 9.86469E+01, 2.99599E+01,-4.04299E-04,-1.12586E-03, 0.00000E+00, 0.00000E+00, 0.00000E+00,
 123, 2.44000E+00,TRUE,0, 0.00000E+00, 3.74482E+00, 1.44830E+00, 3.04824E+00, 0.00000E+00, 0.00000E+00, 1.86013E-01, 0.00000E+00, 8.64965E-01, 1.44830E+03,-6.36670E-01,-5.80665E-01, 1.62774E+00, 1.96655E-01, 2.03385E-02,-7.38895E-03, 1.44832E+03,-6.36522E-01,-6.02122E-01, 1.63663E+00, 3.39567E+00,-2.59370E+00,-2.45353E+00, 6.66896E+00, 1.60586E+02, 2.19313E+01, 1.94482E+02, 6.45741E+01, 5.67011E-01, 2.63662E+00, 9.87011E+01, 2.99597E+01,-3.89497E-04,-1.11974E-03, 0.00000E+00, 0.00000E+00, 0.00000E+00,
 124, 2.46000E+00,TRUE,0, 2.20956E+03, 3.74474E+00, 1.44829E+00, 3.04816E+00, 1.00372E-01, 7.46684E-02, 1.86015E-01, 1.03178E-02, 8.64978E-01, 1.44831E+03,-6.21174E-01,-5.59221E-01, 1.61887E+00, 2.09473E-01, 2.03199E-02,-7.36880E-03, 1.44830E+03,-6.36670E-01,-5.80665E-01, 1.62774E+00, 3.39563E+00,-2.59427E+00,-2.36607E+00, 6.63262E+00, 1.48424E+02, 2.05096E+01, 1.84773E+02, 6.35554E+01, 5.67002E-01, 2.63659E+00, 9.85178E+01, 2.99596E+01,-3.74705E-04,-1.11364E-03, 0.00000E+00, 0.00000E+00, 0.00000E+00,
 125, 2.48000E+00,TRUE,0, 0.00000E+00, 3.74475E+00, 1.44830E+00, 3.04819E+00, 0.00000E+00, 0.00000E+00, 1.86011E-01, 0.00000E+00, 8.64966E-01, 1.44830E+03,-6.21275E-01,-5.37774E-01, 1.61004E+00, 2.00928E-01, 2.03784E-02,-7.32923E-03, 1.44831E+03,-6.21174E-01,-5.59221E-01, 1.61887E+00, 3.39558E+00,-2.53109E+00,-2.27865E+00, 6.59640E+00, 1.52599E+02, 2.13845E+01, 1.87343E+02, 6.42558E+01, 5.66997E-01, 2.63658E+00, 9.85771E+01, 2.99595E+01,-3.59861E-04,-1.10755E-03, 0.00000E+00, 0.00000E+00, 0.00000E+00,
 126, 2.50000E+00,TRUE,0, 0.00000E+00, 3.74467E+00, 1.44829E+00, 3.04811E+00, 0.00000E+00, 0.00000E+00, 1.86013E-01, 0.00000E+00, 8.64981E-01, 1.44829E+03,-6.21373E-01,-5.16342E-01, 1.60123E+00, 2.13379E-01, 2.03402E-02,-7.32183E-03, 1.44830E+03,-6.21275E-01,-5.37774E-01, 1.61004E+00, 3.39584E+00,-2.53170E+00,-2.19144E+00, 6.56091E+00, 1.56843E+02, 2.22557E+01, 1.89941E+02, 6.49434E+01, 5.66990E-01, 2.63656E+00, 9.86340E+01, 2.99594E+01,-3.45088E-04,-1.10149E-03, 0.00000E+00, 0.00000E+00, 0.00000E+00,
 127, 2.52000E+00,TRUE,1, 2.00406E+03, 7.66506E+01, 1.44827E+00, 7.59541E+01, 1.08949E-01, 8.04149E-02, 9.08736E-03, 1.15380E-02, 4.22573E-02, 1.44819E+03,-6.83725E-01,-4.98517E-01, 1.59374E+00,-7.74170E-01, 2.03029E-02,-7.31671E-03, 1.44829E+03,-6.21373E-01,-5.16342E-01, 1.60123E+00, 3.39579E+00,-2.53207E+00,-2.10407E+00, 6.52493E+00, 1.43599E+02, 2.06037E+01, 1.79606E+02, 6.37588E+01, 6.90222E-01, 3.20961E+00, 9.84218E+01, 3.26241E+01,-3.30323E-04,-1.09544E-03, 0.00000E+00, 0.00000E+00, 0.00000E+00,
 128, 2.54000E+00,TRUE,1, 0.00000E+00, 7.67829E+01, 1.44818E+00, 7.59386E+01, 0.00000E+00, 0.00000E+00, 1.09959E-02, 0.00000E+00, 5.01649E-02, 1.44818E+03,-6.83995E-01,-4.80946E-01, 1.58637E+00,-6.76025E-01, 2.43002E-02,-8.82006E-03, 1.44819E+03,-6.83725E-01,-4.98517E-01, 1.59374E+00, 3.39575E+00,-2.78611E+00,-2.03141E+00, 6.49433E+00, 1.47672E+02, 2.14807E+01, 1.82184E+02, 6.44533E+01, 8.35010E-01, 3.80945E+00, 9.84849E+01, 3.51259E+01,-3.15509E-04,-1.08940E-03, 0.00000E+00, 0.00000E+00, 0.00000E+00,
 129, 2.56000E+00,TRUE,1, 0.00000E+00, 7.69510E+01, 1.44816E+00, 7.59365E+01, 0.00000E+00, 0.00000E+00, 1.31839E-02, 0.00000E+00, 5.83187E-02, 1.44816E+03,-6.84260E-01,-4.63588E-01, 1.57909E+00,-6.62231E-01, 2.84940E-02,-1.03137E-02, 1.44818E+03,-6.83995E-01,-4.80946E-01, 1.58637E+00, 3.39445E+00,-2.78614E+00,-1.95906E+00, 6.46182E+00, 1.51815E+02, 2.23538E+01, 1.84790E+02, 6.51352E+01, 1.00114E+00, 4.42851E+00, 9.85455E+01, 3.74592E+01,-3.00705E-04,-1.08338E-03, 0.00000E+00, 0.00000E+00, 0.00000E+00,
 130, 2.58000E+00,TRUE,1, 1.85538E+03, 7.71410E+01, 1.44815E+00, 7.59343E+01, 1.14679E-01, 8.40947E-02, 1.56429E-02, 1.25165E-02, 6.66203E-02, 1.44807E+03,-7.39049E-01,-4.46398E-01, 1.57190E+00,-6.48438E-01, 3.28708E-02,-1.18755E-02, 1.44816E+03,-6.84260E-01,-4.63588E-01, 1.57909E+00, 3.39440E+00,-2.78718E+00,-1.88832E+00, 6.43208E+00, 1.38135E+02, 2.05596E+01, 1.74301E+02, 6.38516E+01, 1.18783E+00, 5.05877E+00, 9.83130E+01, 3.96184E+01,-2.85911E-04,-1.07738E-03, 0.00000E+00, 0.00000E+00, 0.00000E+00,
 131, 2.60000E+00,TRUE,1, 0.00000E+00, 7.73400E+01, 1.44806E+00, 7.59202E+01, 0.00000E+00, 0.00000E+00, 1.83574E-02, 0.00000E+00, 7.49711E-02, 1.44806E+03,-7.39463E-01,-4.29329E-01, 1.56477E+00,-5.59082E-01, 3.73181E-02,-1.35704E-02, 1.44807E+03,-7.39049E-01,-4.46398E-01, 1.57190E+00, 3.39434E+00,-3.01031E+00,-1.81828E+00, 6.40268E+00, 1.42101E+02, 2.14393E+01, 1.76882E+02, 6.45422E+01, 1.39370E+00, 5.69182E+00, 9.83805E+01, 4.15990E+01,-2.71187E-04,-1.07140E-03, 0.00000E+00, 0.00000E+00, 0.00000E+00,
 132, 2.62000E+00,TRUE,1, 0.00000E+00, 7.75698E+01, 1.44804E+00, 7.59179E+01, 0.00000E+00, 0.00000E+00, 2.12965E-02, 0.00000E+00, 8.32371E-02, 1.44804E+03,-7.39868E-01,-4.12326E-01, 1.55768E+00,-5.44189E-01, 4.18306E-02,-1.52156E-02, 1.44806E+03,-7.39463E-01,-4.29329E-01, 1.56477E+00, 3.39319E+00,-3.01097E+00,-1.74815E+00, 6.37147E+00, 1.46137E+02, 2.23149E+01, 1.79491E+02, 6.52203E+01, 1.61679E+00, 6.31918E+00, 9.84453E+01, 4.33976E+01,-2.56474E-04,-1.06543E-03, 0.00000E+00, 0.00000E+00, 0.00000E+00,
 133, 2.64000E+00,TRUE,1, 0.00000E+00, 7.78166E+01, 1.44803E+00, 7.59155E+01, 0.00000E+00, 0.00000E+00, 2.44296E-02, 0.00000E+00, 9.13178E-02, 1.44803E+03,-7.40265E-01,-3.95334E-01, 1.55061E+00,-5.29297E-01, 4.63756E-02,-1.68724E-02, 1.44804E+03,-7.39868E-01,-4.12326E-01, 1.55768E+00, 3.39314E+00,-3.01257E+00,-1.67889E+00, 6.34250E+00, 1.50243E+02, 2.31863E+01, 1.82126E+02, 6.58860E+01, 1.85459E+00, 6.93244E+00, 9.85075E+01, 4.50128E+01,-2.41771E-04,-1.05948E-03, 0.00000E+00, 0.00000E+00, 0.00000E+00,
 134, 2.66000E+00,TRUE,1, 2.19949E+03, 7.80773E+01, 1.44801E+00, 7.59132E+01, 9.64265E-02, 7.02073E-02, 2.77175E-02, 1.09359E-02, 9.91073E-02, 1.44796E+03,-7.76770E-01,-3.78299E-01, 1.54355E+00,-5.14404E-01, 5.08968E-02,-1.85204E-02, 1.44803E+03,-7.40265E-01,-3.95334E-01, 1.55061E+00, 3.39307E+00,-3.01413E+00,-1.60968E+00, 6.31362E+00, 1.39530E+02, 2.17340E+01, 1.73947E+02, 6.48509E+01, 2.10412E+00, 7.52355E+00, 9.83041E+01, 4.64454E+01,-2.27079E-04,-1.05354E-03, 0.00000E+00, 0.00000E+00, 0.00000E+00,
 135, 2.68000E+00,TRUE,1, 0.00000E+00, 7.83408E+01, 1.44795E+00, 7.59029E+01, 0.00000E+00, 0.00000E+00, 3.11194E-02, 0.00000E+00, 1.06520E-01, 1.44795E+03,-7.77262E-01,-3.61164E-01, 1.53647E+00,-4.49097E-01, 5.54354E-02,-2.01918E-02, 1.44796E+03,-7.76770E-01,-3.78299E-01, 1.54355E+00, 3.39301E+00,-3.16271E+00,-1.54029E+00, 6.28475E+00, 1.43513E+02, 2.26097E+01, 1.76568E+02, 6.55213E+01, 2.36205E+00, 8.08515E+00, 9.83720E+01, 4.76987E+01,-2.12337E-04,-1.04762E-03, 0.00000E+00, 0.00000E+00, 0.00000E+00,
 136, 2.70000E+00,TRUE,0, 0.00000E+00, 5.76466E+00, 1.44793E+00, 3.04584E+00, 0.00000E+00, 0.00000E+00, 4.71636E-01, 0.00000E+00, 1.54723E+00, 1.44793E+03,-7.77744E-01,-3.17730E-01, 1.51984E+00,-4.33472E-01, 5.98240E-02,-2.17588E-02, 1.44795E+03,-7.77262E-01,-3.61164E-01, 1.53647E+00, 3.39223E+00,-3.16398E+00,-1.47018E+00, 6.25446E+00, 1.47567E+02, 2.34811E+01, 1.79215E+02, 6.61796E+01, 1.43653E+00, 4.71261E+00, 9.84371E+01, 3.59906E+01,-1.97607E-04,-1.04172E-03, 0.00000E+00, 0.00000E+00, 0.00000E+00,
 137, 2.72000E+00,TRUE,0, 1.99463E+03, 4.69784E+00, 1.44792E+00, 3.04574E+00, 1.04956E-01, 7.60502E-02, 3.51672E-01, 1.22068E-02, 1.14720E+00, 1.44787E+03,-8.09994E-01,-2.88272E-01, 1.50832E+00,-4.17847E-01, 3.61958E-02,-1.31358E-02, 1.44793E+03,-7.77744E-01,-3.17730E-01, 1.51984E+00, 3.39216E+00,-3.16588E+00,-1.29335E+00, 6.18666E+00, 1.35771E+02, 2.17926E+01, 1.70352E+02, 6.49743E+01, 1.07110E+00, 3.49408E+00, 9.82024E+01, 3.23682E+01,-1.82887E-04,-1.03584E-03, 0.00000E+00, 0.00000E+00, 0.00000E+00,
 138, 2.74000E+00,TRUE,0, 0.00000E+00, 4.28147E+00, 1.44786E+00, 3.04534E+00, 0.00000E+00, 0.00000E+00, 2.88716E-01, 0.00000E+00, 9.63611E-01, 1.44786E+03,-8.10557E-01,-2.63106E-01, 1.49840E+00,-3.57666E-01, 2.75649E-02,-9.93407E-03, 1.44787E+03,-8.09994E-01,-2.88272E-01, 1.50832E+00, 3.39210E+00,-3.29710E+00,-1.17342E+00, 6.13966E+00, 1.39684E+02, 2.26695E+01, 1.72977E+02, 6.56403E+01, 8.79239E-01, 2.93452E+00, 9.82743E+01, 3.10979E+01,-1.68179E-04,-1.03003E-03, 0.00000E+00, 0.00000E+00, 0.00000E+00,
 139, 2.76000E+00,TRUE,0, 0.00000E+00, 4.06660E+00, 1.44784E+00, 3.04524E+00, 0.00000E+00, 0.00000E+00, 2.51157E-01, 0.00000E+00, 8.73682E-01, 1.44784E+03,-8.11110E-01,-2.39818E-01, 1.48919E+00,-3.41431E-01, 2.35028E-02,-8.36861E-03, 1.44786E+03,-8.10557E-01,-2.63106E-01, 1.49840E+00, 3.39140E+00,-3.29871E+00,-1.07076E+00, 6.09800E+00, 1.43667E+02, 2.35420E+01, 1.75629E+02, 6.62944E+01, 7.64835E-01, 2.66057E+00, 9.83433E+01, 3.07499E+01,-1.53483E-04,-1.02423E-03, 0.00000E+00, 0.00000E+00, 0.00000E+00,
 140, 2.78000E+00,TRUE,0, 1.84686E+03, 3.94109E+00, 1.44783E+00, 3.04514E+00, 1.10793E-01, 7.99853E-02, 2.27334E-01, 1.32170E-02, 8.31689E-01, 1.44779E+03,-8.37662E-01,-2.17508E-01, 1.48038E+00,-3.25195E-01, 2.14239E-02,-7.54464E-03, 1.44784E+03,-8.11110E-01,-2.39818E-01, 1.48919E+00, 3.39133E+00,-3.30088E+00,-9.75963E-01, 6.06041E+00, 1.31355E+02, 2.17055E+01, 1.66491E+02, 6.49842E+01, 6.92266E-01, 2.53261E+00, 9.80869E+01, 3.07938E+01,-1.38798E-04,-1.01846E-03, 0.00000E+00, 0.00000E+00, 0.00000E+00,
 141, 2.80000E+00,TRUE,0, 0.00000E+00, 3.86318E+00, 1.44777E+00, 3.04479E+00, 0.00000E+00, 0.00000E+00, 2.11844E-01, 0.00000E+00, 8.16218E-01, 1.44777E+03,-8.38276E-01,-1.95772E-01, 1.47178E+00,-2.72217E-01, 2.02772E-02,-7.14087E-03, 1.44779E+03,-8.37662E-01,-2.17508E-01, 1.48038E+00, 3.39126E+00,-3.40887E+00,-8.85153E-01, 6.02441E+00, 1.35189E+02, 2.25843E+01, 1.69117E+02, 6.56478E+01, 6.45022E-01, 2.48521E+00, 9.81635E+01, 3.09884E+01,-1.24185E-04,-1.01270E-03, 0.00000E+00, 0.00000E+00, 0.00000E+00,
 142, 2.82000E+00,TRUE,0, 0.00000E+00, 3.81413E+00, 1.44776E+00, 3.04469E+00, 0.00000E+00, 0.00000E+00, 2.01734E-01, 0.00000E+00, 8.15517E-01, 1.44776E+03,-8.38879E-01,-1.74363E-01, 1.46333E+00,-2.55371E-01, 1.97939E-02,-6.90699E-03, 1.44777E+03,-8.38276E-01,-1.95772E-01, 1.47178E+00, 3.39067E+00,-3.41078E+00,-7.96559E-01, 5.98839E+00, 1.39094E+02, 2.34586E+01, 1.71769E+02, 6.62996E+01, 6.14218E-01, 2.48299E+00, 9.82369E+01, 3.12122E+01,-1.09523E-04,-1.00695E-03, 0.00000E+00, 0.00000E+00, 0.00000E+00,
 143, 2.84000E+00,TRUE,0, 0.00000E+00, 3.78331E+00, 1.44774E+00, 3.04458E+00, 0.00000E+00, 0.00000E+00, 1.95258E-01, 0.00000E+00, 8.22721E-01, 1.44774E+03,-8.39469E-01,-1.53146E-01, 1.45498E+00,-2.38525E-01, 1.96269E-02,-6.79994E-03, 1.44776E+03,-8.38879E-01,-1.74363E-01, 1.46333E+00, 3.39060E+00,-3.41316E+00,-7.09435E-01, 5.95389E+00, 1.43069E+02, 2.43282E+01, 1.74446E+02, 6.69398E+01, 5.94481E-01, 2.50484E+00, 9.83074E+01, 3.14029E+01,-9.48733E-05,-1.00122E-03, 0.00000E+00, 0.00000E+00, 0.00000E+00,
 144, 2.86000E+00,TRUE,0, 2.19153E+03, 3.76447E+00, 1.44772E+00, 3.04448E+00, 9.33266E-02, 6.71295E-02, 1.91259E-01, 1.14957E-02, 8.33499E-01, 1.44770E+03,-8.54929E-01,-1.32038E-01, 1.44669E+00,-2.21680E-01, 1.96336E-02,-6.76584E-03, 1.44774E+03,-8.39469E-01,-1.53146E-01, 1.45498E+00, 3.39053E+00,-3.41549E+00,-6.23097E-01, 5.91979E+00, 1.33386E+02, 2.28419E+01, 1.67273E+02, 6.58773E+01, 5.82284E-01, 2.53757E+00, 9.80855E+01, 3.15315E+01,-8.02358E-05,-9.95511E-04, 0.00000E+00, 0.00000E+00, 0.00000E+00,
 145, 2.88000E+00,TRUE,0, 0.00000E+00, 3.75340E+00, 1.44768E+00, 3.04423E+00, 0.00000E+00, 0.00000E+00, 1.88941E-01, 0.00000E+00, 8.45161E-01, 1.44768E+03,-8.55546E-01,-1.10983E-01, 1.43845E+00,-1.83716E-01, 1.97268E-02,-6.79278E-03, 1.44770E+03,-8.54929E-01,-1.32038E-01, 1.44669E+00, 3.39046E+00,-3.47832E+00,-5.37202E-01, 5.88595E+00, 1.37259E+02, 2.37155E+01, 1.69934E+02, 6.65229E+01, 5.75181E-01, 2.57286E+00, 9.81621E+01, 3.15892E+01,-6.56106E-05,-9.89815E-04, 0.00000E+00, 0.00000E+00, 0.00000E+00,
 146, 2.90000E+00,TRUE,0, 0.00000E+00, 3.74762E+00, 1.44767E+00, 3.04412E+00, 0.00000E+00, 0.00000E+00, 1.87719E-01, 0.00000E+00, 8.55988E-01, 1.44767E+03,-8.56151E-01,-8.99492E-02, 1.43023E+00,-1.66504E-01, 1.98472E-02,-6.81329E-03, 1.44768E+03,-8.55546E-01,-1.10983E-01, 1.43845E+00, 3.39009E+00,-3.48045E+00,-4.51490E-01, 5.85176E+00, 1.41203E+02, 2.45843E+01, 1.72620E+02, 6.71572E+01, 5.71438E-01, 2.60573E+00, 9.82356E+01, 3.15797E+01,-5.09977E-05,-9.84134E-04, 0.00000E+00, 0.00000E+00, 0.00000E+00,
 147, 2.92000E+00,TRUE,0, 1.98734E+03, 3.74505E+00, 1.44765E+00, 3.04402E+00, 1.01838E-01, 7.30720E-02, 1.87190E-01, 1.28052E-02, 8.65127E-01, 1.44763E+03,-8.67652E-01,-6.89171E-02, 1.42204E+00,-1.49292E-01, 1.99634E-02,-6.83939E-03, 1.44767E+03,-8.56151E-01,-8.99492E-02, 1.43023E+00, 3.39002E+00,-3.48284E+00,-3.65915E-01, 5.81822E+00, 1.30430E+02, 2.28566E+01, 1.64720E+02, 6.59206E+01, 5.69809E-01, 2.63346E+00, 9.79803E+01, 3.15135E+01,-3.63974E-05,-9.78470E-04, 0.00000E+00, 0.00000E+00, 0.00000E+00,
 148, 2.94000E+00,TRUE,0, 0.00000E+00, 3.74424E+00, 1.44762E+00, 3.04379E+00, 0.00000E+00, 0.00000E+00, 1.87072E-01, 0.00000E+00, 8.72234E-01, 1.44762E+03,-8.68270E-01,-4.78607E-02, 1.41387E+00,-1.16577E-01, 2.01438E-02,-6.87861E-03, 1.44763E+03,-8.67652E-01,-6.89171E-02, 1.42204E+00, 3.38995E+00,-3.52955E+00,-2.80350E-01, 5.78477E+00, 1.34252E+02, 2.37308E+01, 1.67383E+02, 6.65634E+01, 5.69409E-01, 2.65490E+00, 9.80611E+01, 3.14044E+01,-2.17497E-05,-9.72823E-04, 0.00000E+00, 0.00000E+00, 0.00000E+00,
 149, 2.96000E+00,TRUE,0, 0.00000E+00, 3.74449E+00, 1.44760E+00, 3.04369E+00, 0.00000E+00, 0.00000E+00, 1.87155E-01, 0.00000E+00, 8.77228E-01, 1.44760E+03,-8.68876E-01,-2.67793E-02, 1.40571E+00,-9.91211E-02, 2.02739E-02,-6.89316E-03, 1.44762E+03,-8.68270E-01,-4.78607E-02, 1.41387E+00, 3.38965E+00,-3.53176E+00,-1.94677E-01, 5.75102E+00, 1.38146E+02, 2.46000E+01, 1.70070E+02, 6.71949E+01, 5.69642E-01, 2.67001E+00, 9.81386E+01, 3.12667E+01,-7.11507E-06,-9.67191E-04, 0.00000E+00, 0.00000E+00, 0.00000E+00,
 150, 2.98000E+00,TRUE,0, 1.84032E+03, 3.74510E+00, 1.44758E+00, 3.04358E+00, 1.07784E-01, 7.72205E-02, 1.87316E-01, 1.38369E-02, 8.80331E-01, 1.44757E+03,-8.75776E-01,-5.67625E-03, 1.39757E+00,-8.16650E-02, 2.03552E-02,-6.89995E-03, 1.44760E+03,-8.68876E-01,-2.67793E-02, 1.40571E+00, 3.38958E+00,-3.53415E+00,-1.08925E-01, 5.71771E+00, 1.26793E+02, 2.27197E+01, 1.61809E+02, 6.58489E+01, 5.70113E-01, 2.67936E+00, 9.78607E+01, 3.11137E+01, 7.50639E-06,-9.61575E-04, 0.00000E+00, 0.00000E+00, 0.00000E+00,
 151, 3.00000E+00,TRUE,0, 0.00000E+00, 3.74564E+00, 1.44756E+00, 3.04340E+00, 0.00000E+00, 0.00000E+00, 1.87482E-01, 0.00000E+00, 8.81867E-01, 1.44756E+03,-8.76379E-01, 1.54266E-02, 1.38944E+00,-5.51758E-02, 2.03056E-02,-6.90794E-03, 1.44757E+03,-8.75776E-01,-5.67625E-03, 1.39757E+00, 3.38951E+00,-3.56214E+00,-2.30876E-02, 5.68447E+00, 1.30555E+02, 2.35951E+01, 1.64469E+02, 6.64909E+01, 5.70582E-01, 2.68387E+00, 9.79463E+01, 3.09562E+01, 2.20546E-05,-9.55975E-04, 0.00000E+00, 0.00000E+00, 0.00000E+00,
 152, 3.02000E+00,TRUE,0, 0.00000E+00, 3.74605E+00, 1.44754E+00, 3.04329E+00, 0.00000E+00, 0.00000E+00, 1.87601E-01, 0.00000E+00, 8.82143E-01, 1.44754E+03,-8.76971E-01, 3.65244E-02, 1.38133E+00,-3.75977E-02, 2.02372E-02,-6.89876E-03, 1.44756E+03,-8.76379E-01, 1.54266E-02, 1.38944E+00, 3.38931E+00,-3.56439E+00, 6.27426E-02, 5.65109E+00, 1.34387E+02, 2.44657E+01, 1.67154E+02, 6.71216E+01, 5.70924E-01, 2.68462E+00, 9.80284E+01, 3.08028E+01, 3.65898E-05,-9.50392E-04, 0.00000E+00, 0.00000E+00, 0.00000E+00,
 153, 3.04000E+00,TRUE,0, 0.00000E+00, 3.74620E+00, 1.44752E+00, 3.04318E+00, 0.00000E+00, 0.00000E+00, 1.87662E-01, 0.00000E+00, 8.81517E-01, 1.44752E+03,-8.77550E-01, 5.76123E-02, 1.37324E+00,-2.00195E-02, 2.01553E-02,-6.88434E-03, 1.44754E+03,-8.76971E-01, 3.65244E-02, 1.38133E+00, 3.38924E+00,-3.56671E+00, 1.48548E-01, 5.61800E+00, 1.38291E+02, 2.53312E+01, 1.69863E+02, 6.77413E+01, 5.71088E-01, 2.68262E+00, 9.81073E+01, 3.06597E+01, 5.11117E-05,-9.44824E-04, 0.00000E+00, 0.00000E+00, 0.00000E+00,
 154, 3.06000E+00,TRUE,0, 2.18549E+03, 3.74607E+00, 1.44750E+00, 3.04307E+00, 9.09620E-02, 6.50959E-02, 1.87662E-01, 1.19843E-02, 8.80291E-01, 1.44750E+03,-8.78277E-01, 7.86858E-02, 1.36518E+00,-2.44141E-03, 2.00652E-02,-6.86610E-03, 1.44752E+03,-8.77550E-01, 5.76123E-02, 1.37324E+00, 3.38916E+00,-3.56899E+00, 2.34309E-01, 5.58498E+00, 1.29326E+02, 2.38091E+01, 1.63336E+02, 6.66452E+01, 5.71068E-01, 2.67879E+00, 9.78691E+01, 3.05304E+01, 6.56203E-05,-9.39273E-04, 0.00000E+00, 0.00000E+00, 0.00000E+00,
 155, 3.08000E+00,TRUE,0, 0.00000E+00, 3.74567E+00, 1.44748E+00, 3.04295E+00, 0.00000E+00, 0.00000E+00, 1.87610E-01, 0.00000E+00, 8.78720E-01, 1.44748E+03,-8.78833E-01, 9.97573E-02, 1.35713E+00, 1.53809E-02, 2.00584E-02,-6.84536E-03, 1.44750E+03,-8.78277E-01, 7.86858E-02, 1.36518E+00, 3.38909E+00,-3.57187E+00, 3.20008E-01, 5.55205E+00, 1.33140E+02, 2.46784E+01, 1.66027E+02, 6.72714E+01, 5.70886E-01, 2.67390E+00, 9.79543E+01, 3.04170E+01, 8.01753E-05,-9.33737E-04, 0.00000E+00, 0.00000E+00, 0.00000E+00,
 156, 3.10000E+00,TRUE,0, 0.00000E+00, 3.74511E+00, 1.44747E+00, 3.04284E+00, 0.00000E+00, 0.00000E+00, 1.87515E-01, 0.00000E+00, 8.76992E-01, 1.44747E+03,-8.79379E-01, 1.20822E-01, 1.34911E+00, 3.30811E-02, 2.00337E-02,-6.82294E-03, 1.44748E+03,-8.78833E-01, 9.97573E-02, 1.35713E+00, 3.38902E+00,-3.57406E+00, 4.05695E-01, 5.51921E+00, 1.37026E+02, 2.55425E+01, 1.68743E+02, 6.78867E+01, 5.70579E-01, 2.66855E+00, 9.80362E+01, 3.03199E+01, 9.47165E-05,-9.28218E-04, 0.00000E+00, 0.00000E+00, 0.00000E+00,
 157, 3.12000E+00,TRUE,0, 1.98186E+03, 3.74441E+00, 1.44745E+00, 3.04273E+00, 9.94820E-02, 7.11367E-02, 1.87392E-01, 1.33215E-02, 8.75257E-01, 1.44745E+03,-8.76301E-01, 1.41859E-01, 1.34111E+00, 5.07813E-02, 1.99094E-02,-6.79982E-03, 1.44747E+03,-8.79379E-01, 1.20822E-01, 1.34911E+00, 3.38894E+00,-3.57620E+00, 4.91351E-01, 5.48646E+00, 1.26958E+02, 2.37750E+01, 1.61453E+02, 6.66131E+01, 5.70184E-01, 2.66318E+00, 9.77630E+01, 3.02386E+01, 1.09184E-04,-9.22714E-04, 0.00000E+00, 0.00000E+00, 0.00000E+00,
 158, 3.14000E+00,TRUE,0, 0.00000E+00, 3.74364E+00, 1.44744E+00, 3.04264E+00, 0.00000E+00, 0.00000E+00, 1.87252E-01, 0.00000E+00, 8.73612E-01, 1.44744E+03,-8.76811E-01, 1.62885E-01, 1.33313E+00, 6.33545E-02, 1.98820E-02,-6.77180E-03, 1.44745E+03,-8.76301E-01, 1.41859E-01, 1.34111E+00, 3.38887E+00,-3.56361E+00, 5.76892E-01, 5.45381E+00, 1.30734E+02, 2.46443E+01, 1.64143E+02, 6.72379E+01, 5.69739E-01, 2.65809E+00, 9.78525E+01, 3.01719E+01, 1.23697E-04,-9.17227E-04, 0.00000E+00, 0.00000E+00, 0.00000E+00,
 159, 3.16000E+00,TRUE,0, 0.00000E+00, 3.74284E+00, 1.44742E+00, 3.04253E+00, 0.00000E+00, 0.00000E+00, 1.87106E-01, 0.00000E+00, 8.72125E-01, 1.44742E+03,-8.77311E-01, 1.83895E-01, 1.32520E+00, 8.09326E-02, 1.98461E-02,-6.66308E-03, 1.44744E+03,-8.76811E-01, 1.62885E-01, 1.33313E+00, 3.38887E+00,-3.56568E+00, 6.62395E-01, 5.42138E+00, 1.34581E+02, 2.55084E+01, 1.66857E+02, 6.78519E+01, 5.69276E-01, 2.65347E+00, 9.79384E+01, 3.01182E+01, 1.38196E-04,-9.11815E-04, 0.00000E+00, 0.00000E+00, 0.00000E+00,
 160, 3.18000E+00,TRUE,0, 1.83546E+03, 3.74205E+00, 1.44740E+00, 3.04243E+00, 1.05531E-01, 7.54581E-02, 1.86962E-01, 1.43655E-02, 8.70824E-01, 1.44741E+03,-8.70367E-01, 2.04889E-01, 1.31730E+00, 9.85107E-02, 1.98049E-02,-6.57284E-03, 1.44742E+03,-8.77311E-01, 1.83895E-01, 1.32520E+00, 3.38880E+00,-3.56764E+00, 7.47821E-01, 5.38899E+00, 1.23884E+02, 2.35848E+01, 1.59144E+02, 6.64656E+01, 5.68820E-01, 2.64942E+00, 9.76421E+01, 3.00757E+01, 1.52681E-04,-9.06419E-04, 0.00000E+00, 0.00000E+00, 0.00000E+00,
 161, 3.20000E+00,TRUE,0, 0.00000E+00, 3.74134E+00, 1.44739E+00, 3.04237E+00, 0.00000E+00, 0.00000E+00, 1.86825E-01, 0.00000E+00, 8.69710E-01, 1.44739E+03,-8.70818E-01, 2.25848E-01, 1.30944E+00, 1.05591E-01, 1.96753E-02,-6.48952E-03, 1.44741E+03,-8.70367E-01, 2.04889E-01, 1.31730E+00, 3.38873E+00,-3.53932E+00, 8.33174E-01, 5.35675E+00, 1.27610E+02, 2.44549E+01, 1.61828E+02, 6.70910E+01, 5.68389E-01, 2.64598E+00, 9.77364E+01, 3.00428E+01, 1.67092E-04,-9.01039E-04, 0.00000E+00, 0.00000E+00, 0.00000E+00,
 162, 3.22000E+00,TRUE,0, 0.00000E+00, 3.74065E+00, 1.44738E+00, 3.04226E+00, 0.00000E+00, 0.00000E+00, 1.86702E-01, 0.00000E+00, 8.68802E-01, 1.44738E+03,-8.71261E-01, 2.46789E-01, 1.30161E+00, 1.23047E-01, 1.96465E-02,-6.43182E-03, 1.44739E+03,-8.70818E-01, 2.25848E-01, 1.30944E+00, 3.38880E+00,-3.54124E+00, 9.18425E-01, 5.32491E+00, 1.31407E+02, 2.53199E+01, 1.64536E+02, 6.77058E+01, 5.67995E-01, 2.64312E+00, 9.78269E+01, 3.00176E+01, 1.81548E-04,-8.95674E-04, 0.00000E+00, 0.00000E+00, 0.00000E+00,
 163, 3.24000E+00,TRUE,0, 0.00000E+00, 3.74002E+00, 1.44736E+00, 3.04216E+00, 0.00000E+00, 0.00000E+00, 1.86593E-01, 0.00000E+00, 8.68071E-01, 1.44736E+03,-8.71694E-01, 2.67696E-01, 1.29382E+00, 1.40503E-01, 1.95276E-02,-6.38604E-03, 1.44738E+03,-8.71261E-01, 2.46789E-01, 1.30161E+00, 3.38873E+00,-3.54296E+00, 1.00356E+00, 5.29297E+00, 1.35276E+02, 2.61797E+01, 1.67268E+02, 6.83099E+01, 5.67644E-01, 2.64081E+00, 9.79138E+01, 2.99986E+01, 1.95929E-04,-8.90325E-04, 0.00000E+00, 0.00000E+00, 0.00000E+00,
 164, 3.26000E+00,TRUE,0, 2.18107E+03, 3.73945E+00, 1.44734E+00, 3.04205E+00, 8.92210E-02, 6.38295E-02, 1.86498E-01, 1.23949E-02, 8.67497E-01, 1.44736E+03,-8.62036E-01, 2.88569E-01, 1.28605E+00, 1.57959E-01, 1.94241E-02,-6.35028E-03, 1.44736E+03,-8.71694E-01, 2.67696E-01, 1.29382E+00, 3.38866E+00,-3.54465E+00, 1.08856E+00, 5.26117E+00, 1.26796E+02, 2.46222E+01, 1.61138E+02, 6.71781E+01, 5.67338E-01, 2.63897E+00, 9.76622E+01, 2.99845E+01, 2.10296E-04,-8.84992E-04, 0.00000E+00, 0.00000E+00, 0.00000E+00,
 165, 3.28000E+00,TRUE,0, 0.00000E+00, 3.73903E+00, 1.44734E+00, 3.04202E+00, 0.00000E+00, 0.00000E+00, 1.86415E-01, 0.00000E+00, 8.67040E-01, 1.44734E+03,-8.62413E-01, 3.09426E-01, 1.27832E+00, 1.61255E-01, 1.94245E-02,-6.31022E-03, 1.44736E+03,-8.62036E-01, 2.88569E-01, 1.28605E+00, 3.38859E+00,-3.50531E+00, 1.17341E+00, 5.22949E+00, 1.30583E+02, 2.54855E+01, 1.63850E+02, 6.77896E+01, 5.67079E-01, 2.63755E+00, 9.77557E+01, 2.99743E+01, 2.24709E-04,-8.79674E-04, 0.00000E+00, 0.00000E+00, 0.00000E+00,
 166, 3.30000E+00,TRUE,0, 0.00000E+00, 3.73861E+00, 1.44732E+00, 3.04191E+00, 0.00000E+00, 0.00000E+00, 1.86351E-01, 0.00000E+00, 8.66715E-01, 1.44732E+03,-8.62782E-01, 3.30266E-01, 1.27062E+00, 1.78589E-01, 1.94155E-02,-6.29187E-03, 1.44734E+03,-8.62413E-01, 3.09426E-01, 1.27832E+00, 3.38873E+00,-3.50698E+00, 1.25827E+00, 5.19826E+00, 1.34441E+02, 2.63436E+01, 1.66585E+02, 6.83907E+01, 5.66863E-01, 2.63647E+00, 9.78455E+01, 2.99669E+01, 2.39106E-04,-8.74372E-04, 0.00000E+00, 0.00000E+00, 0.00000E+00,
 167, 3.32000E+00,TRUE,0, 1.97790E+03, 3.73824E+00, 1.44730E+00, 3.04181E+00, 9.77661E-02, 6.99591E-02, 1.86298E-01, 1.37502E-02, 8.66480E-01, 1.44732E+03,-8.49437E-01, 3.51088E-01, 1.26294E+00, 1.95923E-01, 1.94013E-02,-6.27851E-03, 1.44732E+03,-8.62782E-01, 3.30266E-01, 1.27062E+00, 3.38866E+00,-3.50841E+00, 1.34299E+00, 5.16682E+00, 1.24844E+02, 2.45375E+01, 1.59664E+02, 6.70789E+01, 5.66684E-01, 2.63567E+00, 9.75577E+01, 2.99616E+01, 2.53488E-04,-8.69085E-04, 0.00000E+00, 0.00000E+00, 0.00000E+00,
 168, 3.34000E+00,TRUE,0, 0.00000E+00, 3.73802E+00, 1.44731E+00, 3.04181E+00, 0.00000E+00, 0.00000E+00, 1.86252E-01, 0.00000E+00, 8.66291E-01, 1.44731E+03,-8.49738E-01, 3.71908E-01, 1.25529E+00, 1.93970E-01, 1.94744E-02,-6.25193E-03, 1.44732E+03,-8.49437E-01, 3.51088E-01, 1.26294E+00, 3.38859E+00,-3.45407E+00, 1.42763E+00, 5.13550E+00, 1.28599E+02, 2.54006E+01, 1.62372E+02, 6.76904E+01, 5.66542E-01, 2.63509E+00, 9.76554E+01, 2.99579E+01, 2.67915E-04,-8.63814E-04, 0.00000E+00, 0.00000E+00, 0.00000E+00,
 169, 3.36000E+00,TRUE,0, 0.00000E+00, 3.73775E+00, 1.44729E+00, 3.04171E+00, 0.00000E+00, 0.00000E+00, 1.86220E-01, 0.00000E+00, 8.66184E-01, 1.44729E+03,-8.50032E-01, 3.92707E-01, 1.24767E+00, 2.11060E-01, 1.94329E-02,-6.24824E-03, 1.44731E+03,-8.49738E-01, 3.71908E-01, 1.25529E+00, 3.38880E+00,-3.45551E+00, 1.51239E+00, 5.10472E+00, 1.32427E+02, 2.62584E+01, 1.65103E+02, 6.82916E+01, 5.66427E-01, 2.63468E+00, 9.77491E+01, 2.99552E+01, 2.82267E-04,-8.58559E-04, 0.00000E+00, 0.00000E+00, 0.00000E+00,
 170, 3.38000E+00,TRUE,0, 1.83197E+03, 3.73752E+00, 1.44727E+00, 3.04160E+00, 1.03910E-01, 7.44148E-02, 1.86196E-01, 1.47987E-02, 8.66117E-01, 1.44730E+03,-8.33343E-01, 4.13485E-01, 1.24007E+00, 2.28149E-01, 1.93903E-02,-6.24597E-03, 1.44729E+03,-8.50032E-01, 3.92707E-01, 1.24767E+00, 3.38873E+00,-3.45664E+00, 1.59694E+00, 5.07361E+00, 1.22160E+02, 2.42938E+01, 1.57714E+02, 6.68651E+01, 5.66336E-01, 2.63438E+00, 9.74380E+01, 2.99533E+01, 2.96603E-04,-8.53319E-04, 0.00000E+00, 0.00000E+00, 0.00000E+00,
 171, 3.40000E+00,TRUE,0, 0.00000E+00, 3.73744E+00, 1.44728E+00, 3.04164E+00, 0.00000E+00, 0.00000E+00, 1.86172E-01, 0.00000E+00, 8.66046E-01, 1.44728E+03,-8.33558E-01, 4.34225E-01, 1.23249E+00, 2.21191E-01, 1.92677E-02,-6.22368E-03, 1.44730E+03,-8.33343E-01, 4.13485E-01, 1.24007E+00, 3.38867E+00,-3.38870E+00, 1.68139E+00, 5.04261E+00, 1.25872E+02, 2.51575E+01, 1.60413E+02, 6.74786E+01, 5.66268E-01, 2.63420E+00, 9.75404E+01, 2.99519E+01, 3.10863E-04,-8.48095E-04, 0.00000E+00, 0.00000E+00, 0.00000E+00,
 172, 3.42000E+00,TRUE,0, 0.00000E+00, 3.73727E+00, 1.44726E+00, 3.04154E+00, 0.00000E+00, 0.00000E+00, 1.86160E-01, 0.00000E+00, 8.66031E-01, 1.44726E+03,-8.33769E-01, 4.54944E-01, 1.22494E+00, 2.37915E-01, 1.92409E-02,-6.22606E-03, 1.44728E+03,-8.33558E-01, 4.34225E-01, 1.23249E+00, 3.38894E+00,-3.38986E+00, 1.76588E+00, 5.01223E+00, 1.29655E+02, 2.60160E+01, 1.63136E+02, 6.80818E+01, 5.66214E-01, 2.63406E+00, 9.76388E+01, 2.99508E+01, 3.25168E-04,-8.42886E-04, 0.00000E+00, 0.00000E+00, 0.00000E+00,
 173, 3.44000E+00,TRUE,0, 0.00000E+00, 3.73711E+00, 1.44725E+00, 3.04144E+00, 0.00000E+00, 0.00000E+00, 1.86152E-01, 0.00000E+00, 8.66028E-01, 1.44725E+03,-8.33976E-01, 4.75643E-01, 1.21742E+00, 2.54639E-01, 1.92119E-02,-6.22773E-03, 1.44726E+03,-8.33769E-01, 4.54944E-01, 1.22494E+00, 3.38888E+00,-3.39065E+00, 1.85010E+00, 4.98142E+00, 1.33510E+02, 2.68691E+01, 1.65883E+02, 6.86748E+01, 5.66170E-01, 2.63397E+00, 9.77333E+01, 2.99500E+01, 3.39458E-04,-8.37693E-04, 0.00000E+00, 0.00000E+00, 0.00000E+00,
 174, 3.46000E+00,TRUE,0, 2.17796E+03, 3.73696E+00, 1.44723E+00, 3.04133E+00, 8.79900E-02, 6.31036E-02, 1.86147E-01, 1.27261E-02, 8.66033E-01, 1.44725E+03,-8.17053E-01, 4.96335E-01, 1.20991E+00, 2.71362E-01, 1.92676E-02,-6.22833E-03, 1.44725E+03,-8.33976E-01, 4.75643E-01, 1.21742E+00, 3.38882E+00,-3.39143E+00, 1.93424E+00, 4.95071E+00, 1.25344E+02, 2.52781E+01, 1.59981E+02, 6.75088E+01, 5.66135E-01, 2.63390E+00, 9.74712E+01, 2.99492E+01, 3.53791E-04,-8.32515E-04, 0.00000E+00, 0.00000E+00, 0.00000E+00,
 175, 3.48000E+00,TRUE,0, 0.00000E+00, 3.73696E+00, 1.44724E+00, 3.04137E+00, 0.00000E+00, 0.00000E+00, 1.86137E-01, 0.00000E+00, 8.66010E-01, 1.44724E+03,-8.17183E-01, 5.17005E-01, 1.20243E+00, 2.63916E-01, 1.92261E-02,-6.20747E-03, 1.44725E+03,-8.17053E-01, 4.96335E-01, 1.20991E+00, 3.38875E+00,-3.32255E+00, 2.01835E+00, 4.92010E+00, 1.29121E+02, 2.61347E+01, 1.62705E+02, 6.81100E+01, 5.66111E-01, 2.63386E+00, 9.75724E+01, 2.99486E+01, 3.68048E-04,-8.27352E-04, 0.00000E+00, 0.00000E+00, 0.00000E+00,
 176, 3.50000E+00,TRUE,0, 0.00000E+00, 3.73683E+00, 1.44722E+00, 3.04127E+00, 0.00000E+00, 0.00000E+00, 1.86136E-01, 0.00000E+00, 8.66026E-01, 1.44722E+03,-8.17309E-01, 5.37651E-01, 1.19497E+00, 2.80273E-01, 1.91754E-02,-6.20890E-03, 1.44724E+03,-8.17183E-01, 5.17005E-01, 1.20243E+00, 3.38903E+00,-3.32335E+00, 2.10258E+00, 4.89008E+00, 1.32970E+02, 2.69861E+01, 1.65453E+02, 6.87012E+01, 5.66090E-01, 2.63382E+00, 9.76695E+01, 2.99480E+01, 3.82289E-04,-8.22206E-04, 0.00000E+00, 0.00000E+00, 0.00000E+00,
 177, 3.52000E+00,TRUE,0, 1.97514E+03, 3.73671E+00, 1.44720E+00, 3.04118E+00, 9.65683E-02, 6.93070E-02, 1.86136E-01, 1.40912E-02, 8.66041E-01, 1.44723E+03,-7.96874E-01, 5.58271E-01, 1.18753E+00, 2.96631E-01, 1.91259E-02,-6.20842E-03, 1.44722E+03,-8.17309E-01, 5.37651E-01, 1.19497E+00, 3.38897E+00,-3.32381E+00, 2.18650E+00, 4.85965E+00, 1.23671E+02, 2.51443E+01, 1.58737E+02, 6.73535E+01, 5.66072E-01, 2.63378E+00, 9.73705E+01, 2.99475E+01, 3.96515E-04,-8.17074E-04, 0.00000E+00, 0.00000E+00, 0.00000E+00,
 178, 3.54000E+00,TRUE,0, 0.00000E+00, 3.73676E+00, 1.44722E+00, 3.04124E+00, 0.00000E+00, 0.00000E+00, 1.86128E-01, 0.00000E+00, 8.66017E-01, 1.44722E+03,-7.96912E-01, 5.78885E-01, 1.18011E+00, 2.84058E-01, 1.91765E-02,-6.18207E-03, 1.44723E+03,-7.96874E-01, 5.58271E-01, 1.18753E+00, 3.38891E+00,-3.24064E+00, 2.27032E+00, 4.82930E+00, 1.27421E+02, 2.60005E+01, 1.61455E+02, 6.79559E+01, 5.66061E-01, 2.63377E+00, 9.74757E+01, 2.99470E+01, 4.10783E-04,-8.11958E-04, 0.00000E+00, 0.00000E+00, 0.00000E+00,
 179, 3.56000E+00,TRUE,0, 0.00000E+00, 3.73665E+00, 1.44720E+00, 3.04115E+00, 0.00000E+00, 0.00000E+00, 1.86130E-01, 0.00000E+00, 8.66037E-01, 1.44720E+03,-7.96949E-01, 5.99487E-01, 1.17272E+00, 3.00049E-01, 1.91970E-02,-6.18184E-03, 1.44722E+03,-7.96912E-01, 5.78885E-01, 1.18011E+00, 3.38927E+00,-3.24114E+00, 2.35439E+00, 4.79965E+00, 1.31242E+02, 2.68515E+01, 1.64197E+02, 6.85483E+01, 5.66050E-01, 2.63375E+00, 9.75766E+01, 2.99466E+01, 4.25035E-04,-8.06858E-04, 0.00000E+00, 0.00000E+00, 0.00000E+00,
 180, 3.58000E+00,TRUE,0, 1.82958E+03, 3.73655E+00, 1.44718E+00, 3.04105E+00, 1.02793E-01, 7.38610E-02, 1.86132E-01, 1.51385E-02, 8.66053E-01, 1.44711E+03,-8.47502E-01, 6.20077E-01, 1.16534E+00,-6.83960E-01, 1.92032E-02,-6.17909E-03, 1.44720E+03,-7.96949E-01, 5.99487E-01, 1.17272E+00, 3.38921E+00,-3.24123E+00, 2.43814E+00, 4.76949E+00, 1.21244E+02, 2.48500E+01, 1.56981E+02, 6.70851E+01, 5.66038E-01, 2.63371E+00, 9.72543E+01, 2.99461E+01, 4.39271E-04,-8.01773E-04, 0.00000E+00, 0.00000E+00, 0.00000E+00,
 181, 3.60000E+00,TRUE,0, 0.00000E+00, 3.73597E+00, 1.44710E+00, 3.04049E+00, 0.00000E+00, 0.00000E+00, 1.86157E-01, 0.00000E+00, 8.66175E-01, 1.44710E+03,-8.47739E-01, 6.40630E-01, 1.15798E+00,-5.96680E-01, 1.90778E-02,-6.23190E-03, 1.44711E+03,-8.47502E-01, 6.20077E-01, 1.16534E+00, 3.38915E+00,-3.44677E+00, 2.52184E+00, 4.73942E+00, 1.24952E+02, 2.57068E+01, 1.59689E+02, 6.76907E+01, 5.66010E-01, 2.63360E+00, 9.73641E+01, 2.99453E+01, 4.53429E-04,-7.96703E-04, 0.00000E+00, 0.00000E+00, 0.00000E+00,
 182, 3.62000E+00,TRUE,0, 0.00000E+00, 3.73584E+00, 1.44708E+00, 3.04039E+00, 0.00000E+00, 0.00000E+00, 1.86155E-01, 0.00000E+00, 8.66172E-01, 1.44708E+03,-8.47971E-01, 6.61152E-01, 1.15065E+00,-5.79712E-01, 1.89973E-02,-6.12748E-03, 1.44710E+03,-8.47739E-01, 6.40630E-01, 1.15798E+00, 3.38807E+00,-3.44664E+00, 2.60460E+00, 4.70798E+00, 1.28731E+02, 2.65584E+01, 1.62420E+02, 6.82863E+01, 5.65984E-01, 2.63350E+00, 9.74695E+01, 2.99447E+01, 4.67571E-04,-7.91709E-04, 0.00000E+00, 0.00000E+00, 0.00000E+00,
 183, 3.64000E+00,TRUE,0, 0.00000E+00, 3.73571E+00, 1.44706E+00, 3.04029E+00, 0.00000E+00, 0.00000E+00, 1.86154E-01, 0.00000E+00, 8.66174E-01, 1.44706E+03,-8.48197E-01, 6.81644E-01, 1.14336E+00,-5.62744E-01, 1.89238E-02,-6.04033E-03, 1.44708E+03,-8.47971E-01, 6.61152E-01, 1.15065E+00, 3.38801E+00,-3.44752E+00, 2.68799E+00, 4.67811E+00, 1.32583E+02, 2.74047E+01, 1.65175E+02, 6.88719E+01, 5.65961E-01, 2.63342E+00, 9.75707E+01, 2.99442E+01, 4.81697E-04,-7.86729E-04, 0.00000E+00, 0.00000E+00, 0.00000E+00,
 184, 3.66000E+00,TRUE,0, 2.17572E+03, 3.73558E+00, 1.44705E+00, 3.04019E+00, 8.71654E-02, 6.27411E-02, 1.86153E-01, 1.29822E-02, 8.66179E-01, 1.44700E+03,-8.82653E-01, 7.02106E-01, 1.13611E+00,-5.45654E-01, 1.88568E-02,-5.96821E-03, 1.44706E+03,-8.48197E-01, 6.81644E-01, 1.14336E+00, 3.38794E+00,-3.44837E+00, 2.77124E+00, 4.64837E+00, 1.24608E+02, 2.57835E+01, 1.59389E+02, 6.76757E+01, 5.65940E-01, 2.63335E+00, 9.73012E+01, 2.99437E+01, 4.95805E-04,-7.81765E-04, 0.00000E+00, 0.00000E+00, 0.00000E+00,
 185, 3.68000E+00,TRUE,0, 0.00000E+00, 3.73514E+00, 1.44698E+00, 3.03977E+00, 0.00000E+00, 0.00000E+00, 1.86168E-01, 0.00000E+00, 8.66261E-01, 1.44698E+03,-8.83008E-01, 7.22550E-01, 1.12888E+00,-4.80347E-01, 1.88575E-02,-5.94723E-03, 1.44700E+03,-8.82653E-01, 7.02106E-01, 1.13611E+00, 3.38788E+00,-3.58838E+00, 2.85438E+00, 4.61879E+00, 1.28383E+02, 2.66332E+01, 1.62119E+02, 6.82704E+01, 5.65909E-01, 2.63324E+00, 9.74092E+01, 2.99431E+01, 5.09956E-04,-7.76816E-04, 0.00000E+00, 0.00000E+00, 0.00000E+00,
 186, 3.70000E+00,TRUE,0, 0.00000E+00, 3.73499E+00, 1.44696E+00, 3.03967E+00, 0.00000E+00, 0.00000E+00, 1.86166E-01, 0.00000E+00, 8.66260E-01, 1.44696E+03,-8.83354E-01, 7.42979E-01, 1.12168E+00,-4.62646E-01, 1.88737E-02,-5.89252E-03, 1.44698E+03,-8.83008E-01, 7.22550E-01, 1.12888E+00, 3.38712E+00,-3.58903E+00, 2.93684E+00, 4.58837E+00, 1.32230E+02, 2.74777E+01, 1.64874E+02, 6.88552E+01, 5.65882E-01, 2.63314E+00, 9.75128E+01, 2.99426E+01, 5.24090E-04,-7.71882E-04, 0.00000E+00, 0.00000E+00, 0.00000E+00,
 187, 3.72000E+00,TRUE,0, 1.97307E+03, 3.73486E+00, 1.44694E+00, 3.03956E+00, 9.57832E-02, 6.90039E-02, 1.86164E-01, 1.43516E-02, 8.66265E-01, 1.44690E+03,-9.14396E-01, 7.63392E-01, 1.11451E+00,-4.44946E-01, 1.88786E-02,-5.84817E-03, 1.44696E+03,-8.83354E-01, 7.42979E-01, 1.12168E+00, 3.38706E+00,-3.59036E+00, 3.01981E+00, 4.55903E+00, 1.23109E+02, 2.56045E+01, 1.58256E+02, 6.74764E+01, 5.65858E-01, 2.63307E+00, 9.72059E+01, 2.99422E+01, 5.38207E-04,-7.66963E-04, 0.00000E+00, 0.00000E+00, 0.00000E+00,
 188, 3.74000E+00,TRUE,0, 0.00000E+00, 3.73444E+00, 1.44688E+00, 3.03917E+00, 0.00000E+00, 0.00000E+00, 1.86178E-01, 0.00000E+00, 8.66341E-01, 1.44688E+03,-9.14853E-01, 7.83783E-01, 1.10737E+00,-3.83911E-01, 1.88496E-02,-5.84590E-03, 1.44690E+03,-9.14396E-01, 7.63392E-01, 1.11451E+00, 3.38699E+00,-3.71646E+00, 3.10272E+00, 4.52980E+00, 1.26857E+02, 2.64538E+01, 1.60979E+02, 6.80732E+01, 5.65826E-01, 2.63295E+00, 9.73176E+01, 2.99416E+01, 5.52306E-04,-7.62058E-04, 0.00000E+00, 0.00000E+00, 0.00000E+00,
 189, 3.76000E+00,TRUE,0, 0.00000E+00, 3.73429E+00, 1.44687E+00, 3.03906E+00, 0.00000E+00, 0.00000E+00, 1.86175E-01, 0.00000E+00, 8.66342E-01, 1.44687E+03,-9.15300E-01, 8.04155E-01, 1.10025E+00,-3.65601E-01, 1.88395E-02,-5.81133E-03, 1.44688E+03,-9.14853E-01, 7.83783E-01, 1.10737E+00, 3.38630E+00,-3.71756E+00, 3.18495E+00, 4.49985E+00, 1.30678E+02, 2.72980E+01, 1.63725E+02, 6.86602E+01, 5.65797E-01, 2.63287E+00, 9.74249E+01, 2.99412E+01, 5.66388E-04,-7.57169E-04, 0.00000E+00, 0.00000E+00, 0.00000E+00,
 190, 3.78000E+00,TRUE,0, 1.82770E+03, 3.73415E+00, 1.44685E+00, 3.03895E+00, 1.02079E-01, 7.36283E-02, 1.86174E-01, 1.53946E-02, 8.66349E-01, 1.44681E+03,-9.41298E-01, 8.24506E-01, 1.09316E+00,-3.47168E-01, 1.88221E-02,-5.78356E-03, 1.44687E+03,-9.15300E-01, 8.04155E-01, 1.10025E+00, 3.38623E+00,-3.71930E+00, 3.26766E+00, 4.47084E+00, 1.20834E+02, 2.52646E+01, 1.56587E+02, 6.71659E+01, 5.65772E-01, 2.63279E+00, 9.70948E+01, 2.99409E+01, 5.80451E-04,-7.52295E-04, 0.00000E+00, 0.00000E+00, 0.00000E+00,
 191, 3.80000E+00,TRUE,0, 0.00000E+00, 3.73377E+00, 1.44679E+00, 3.03860E+00, 0.00000E+00, 0.00000E+00, 1.86185E-01, 0.00000E+00, 8.66417E-01, 1.44679E+03,-9.41830E-01, 8.44818E-01, 1.08610E+00,-2.92725E-01, 1.86901E-02,-5.78821E-03, 1.44681E+03,-9.41298E-01, 8.24506E-01, 1.09316E+00, 3.38616E+00,-3.82486E+00, 3.35029E+00, 4.44194E+00, 1.24542E+02, 2.61146E+01, 1.59297E+02, 6.77668E+01, 5.65742E-01, 2.63269E+00, 9.72110E+01, 2.99404E+01, 5.94438E-04,-7.47436E-04, 0.00000E+00, 0.00000E+00, 0.00000E+00,
 192, 3.82000E+00,TRUE,0, 0.00000E+00, 3.73362E+00, 1.44677E+00, 3.03848E+00, 0.00000E+00, 0.00000E+00, 1.86183E-01, 0.00000E+00, 8.66422E-01, 1.44677E+03,-9.42351E-01, 8.65108E-01, 1.07905E+00,-2.73804E-01, 1.86825E-02,-5.76508E-03, 1.44679E+03,-9.41830E-01, 8.44818E-01, 1.08610E+00, 3.38557E+00,-3.82636E+00, 3.43222E+00, 4.41246E+00, 1.28322E+02, 2.69595E+01, 1.62032E+02, 6.83579E+01, 5.65714E-01, 2.63261E+00, 9.73225E+01, 2.99400E+01, 6.08466E-04,-7.42592E-04, 0.00000E+00, 0.00000E+00, 0.00000E+00,
 193, 3.84000E+00,TRUE,0, 0.00000E+00, 3.73348E+00, 1.44675E+00, 3.03837E+00, 0.00000E+00, 0.00000E+00, 1.86182E-01, 0.00000E+00, 8.66432E-01, 1.44675E+03,-9.42860E-01, 8.85378E-01, 1.07204E+00,-2.54883E-01, 1.86683E-02,-5.74589E-03, 1.44677E+03,-9.42351E-01, 8.65108E-01, 1.07905E+00, 3.38549E+00,-3.82839E+00, 3.51458E+00, 4.38376E+00, 1.32173E+02, 2.77991E+01, 1.64789E+02, 6.89393E+01, 5.65690E-01, 2.63254E+00, 9.74296E+01, 2.99396E+01, 6.22477E-04,-7.37763E-04, 0.00000E+00, 0.00000E+00, 0.00000E+00,
 194, 3.86000E+00,TRUE,0, 2.17401E+03, 3.73334E+00, 1.44674E+00, 3.03826E+00, 8.66461E-02, 6.26019E-02, 1.86182E-01, 1.31707E-02, 8.66445E-01, 1.44672E+03,-9.58129E-01, 9.05610E-01, 1.06505E+00,-2.35962E-01, 1.85616E-02,-5.73003E-03, 1.44675E+03,-9.42860E-01, 8.85378E-01, 1.07204E+00, 3.38542E+00,-3.83037E+00, 3.59685E+00, 4.35516E+00, 1.24305E+02, 2.61524E+01, 1.59050E+02, 6.77187E+01, 5.65668E-01, 2.63248E+00, 9.71553E+01, 2.99393E+01, 6.36409E-04,-7.32948E-04, 0.00000E+00, 0.00000E+00, 0.00000E+00,
 195, 3.88000E+00,TRUE,0, 0.00000E+00, 3.73306E+00, 1.44670E+00, 3.03800E+00, 0.00000E+00, 0.00000E+00, 1.86189E-01, 0.00000E+00, 8.66493E-01, 1.44670E+03,-9.58677E-01, 9.25819E-01, 1.05807E+00,-1.96167E-01, 1.85411E-02,-5.73194E-03, 1.44672E+03,-9.58129E-01, 9.05610E-01, 1.06505E+00, 3.38534E+00,-3.89231E+00, 3.67896E+00, 4.32665E+00, 1.28081E+02, 2.69955E+01, 1.61782E+02, 6.83097E+01, 5.65643E-01, 2.63241E+00, 9.72691E+01, 2.99389E+01, 6.50384E-04,-7.28149E-04, 0.00000E+00, 0.00000E+00, 0.00000E+00,
 196, 3.90000E+00,TRUE,0, 0.00000E+00, 3.73291E+00, 1.44668E+00, 3.03789E+00, 0.00000E+00, 0.00000E+00, 1.86189E-01, 0.00000E+00, 8.66504E-01, 1.44668E+03,-9.59213E-01, 9.46005E-01, 1.05113E+00,-1.76880E-01, 1.85301E-02,-5.71740E-03, 1.44670E+03,-9.58677E-01, 9.25819E-01, 1.05807E+00, 3.38497E+00,-3.89411E+00, 3.76064E+00, 4.29786E+00, 1.31928E+02, 2.78334E+01, 1.64538E+02, 6.88911E+01, 5.65621E-01, 2.63234E+00, 9.73783E+01, 2.99386E+01, 6.64340E-04,-7.23365E-04, 0.00000E+00, 0.00000E+00, 0.00000E+00,
 197, 3.92000E+00,TRUE,0, 1.97161E+03, 3.73278E+00, 1.44666E+00, 3.03777E+00, 9.52940E-02, 6.89019E-02, 1.86189E-01, 1.45394E-02, 8.66518E-01, 1.44664E+03,-9.70596E-01, 9.66170E-01, 1.04420E+00,-1.57593E-01, 1.85136E-02,-5.70440E-03, 1.44668E+03,-9.59213E-01, 9.46005E-01, 1.05113E+00, 3.38489E+00,-3.89620E+00, 3.84255E+00, 4.26955E+00, 1.22902E+02, 2.59343E+01, 1.57956E+02, 6.74878E+01, 5.65600E-01, 2.63229E+00, 9.70664E+01, 2.99383E+01, 6.78278E-04,-7.18595E-04, 0.00000E+00, 0.00000E+00, 0.00000E+00,
 198, 3.94000E+00,TRUE,0, 0.00000E+00, 3.73252E+00, 1.44662E+00, 3.03755E+00, 0.00000E+00, 0.00000E+00, 1.86195E-01, 0.00000E+00, 8.66560E-01, 1.44662E+03,-9.71153E-01, 9.86325E-01, 1.03730E+00,-1.22925E-01, 1.85681E-02,-5.70381E-03, 1.44664E+03,-9.70596E-01, 9.66170E-01, 1.04420E+00, 3.38482E+00,-3.94235E+00, 3.92437E+00, 4.24132E+00, 1.26651E+02, 2.67773E+01, 1.60679E+02, 6.80817E+01, 5.65576E-01, 2.63221E+00, 9.71837E+01, 2.99379E+01, 6.92258E-04,-7.13840E-04, 0.00000E+00, 0.00000E+00, 0.00000E+00,
 199, 3.96000E+00,TRUE,0, 0.00000E+00, 3.73238E+00, 1.44660E+00, 3.03743E+00, 0.00000E+00, 0.00000E+00, 1.86195E-01, 0.00000E+00, 8.66572E-01, 1.44660E+03,-9.71699E-01, 1.00647E+00, 1.03042E+00,-1.03394E-01, 1.86129E-02,-5.69069E-03, 1.44662E+03,-9.71153E-01, 9.86325E-01, 1.03730E+00, 3.38452E+00,-3.94427E+00, 4.00588E+00, 4.21291E+00, 1.30472E+02, 2.76150E+01, 1.63426E+02, 6.86660E+01, 5.65555E-01, 2.63215E+00, 9.72964E+01, 2.99375E+01, 7.06219E-04,-7.09100E-04, 0.00000E+00, 0.00000E+00, 0.00000E+00,
 200, 3.98000E+00,TRUE,0, 1.82647E+03, 3.73224E+00, 1.44658E+00, 3.03732E+00, 1.01638E-01, 7.35654E-02, 1.86196E-01, 1.55751E-02, 8.66586E-01, 1.44658E+03,-9.78401E-01, 1.02659E+00, 1.02356E+00,-8.38623E-02, 1.85518E-02,-5.67806E-03, 1.44660E+03,-9.71699E-01, 1.00647E+00, 1.03042E+00, 3.38444E+00,-3.94639E+00, 4.08761E+00, 4.18487E+00, 1.20709E+02, 2.55562E+01, 1.56311E+02, 6.71480E+01, 5.65535E-01, 2.63210E+00, 9.69615E+01, 2.99372E+01, 7.20101E-04,-7.04375E-04, 0.00000E+00, 0.00000E+00, 0.00000E+00,
 201, 4.00000E+00,TRUE,0, 0.00000E+00, 3.73203E+00, 1.44656E+00, 3.03713E+00, 0.00000E+00, 0.00000E+00, 1.86200E-01, 0.00000E+00, 8.66619E-01, 1.44656E+03,-9.78949E-01, 1.04666E+00, 1.01672E+00,-5.56641E-02, 1.83989E-02,-5.67186E-03, 1.44658E+03,-9.78401E-01, 1.02659E+00, 1.02356E+00, 3.38436E+00,-3.97352E+00, 4.16922E+00, 4.15691E+00, 1.24417E+02, 2.64000E+01, 1.59021E+02, 6.77467E+01, 5.65513E-01, 2.63203E+00, 9.70830E+01, 2.99369E+01, 7.33904E-04,-6.99665E-04, 0.00000E+00, 0.00000E+00, 0.00000E+00,
 202, 4.02000E+00,TRUE,0, 0.00000E+00, 3.73189E+00, 1.44654E+00, 3.03701E+00, 0.00000E+00, 0.00000E+00, 1.86201E-01, 0.00000E+00, 8.66632E-01, 1.44654E+03,-9.79484E-01, 1.06670E+00, 1.00992E+00,-3.60107E-02, 1.83598E-02,-5.57172E-03, 1.44656E+03,-9.78949E-01, 1.04666E+00, 1.01672E+00, 3.38416E+00,-3.97551E+00, 4.25048E+00, 4.12889E+00, 1.28197E+02, 2.72387E+01, 1.61754E+02, 6.83357E+01, 5.65493E-01, 2.63197E+00, 9.71997E+01, 2.99366E+01, 7.47749E-04,-6.95030E-04, 0.00000E+00, 0.00000E+00, 0.00000E+00,
 203, 4.04000E+00,TRUE,0, 0.00000E+00, 3.73175E+00, 1.44652E+00, 3.03690E+00, 0.00000E+00, 0.00000E+00, 1.86201E-01, 0.00000E+00, 8.66647E-01, 1.44652E+03,-9.80007E-01, 1.08672E+00, 1.00315E+00,-1.63574E-02, 1.83202E-02,-5.48977E-03, 1.44654E+03,-9.79484E-01, 1.06670E+00, 1.00992E+00, 3.38408E+00,-3.97759E+00, 4.33178E+00, 4.10118E+00, 1.32048E+02, 2.80723E+01, 1.64511E+02, 6.89153E+01, 5.65474E-01, 2.63192E+00, 9.73117E+01, 2.99363E+01, 7.61575E-04,-6.90409E-04, 0.00000E+00, 0.00000E+00, 0.00000E+00,
 204, 4.06000E+00,TRUE,0, 2.17291E+03, 3.73162E+00, 1.44650E+00, 3.03678E+00, 8.63338E-02, 6.25760E-02, 1.86202E-01, 1.33004E-02, 8.66663E-01, 1.44650E+03,-9.80312E-01, 1.10671E+00, 9.96424E-01, 3.29590E-03, 1.82804E-02,-5.42372E-03, 1.44652E+03,-9.80007E-01, 1.08672E+00, 1.00315E+00, 3.38400E+00,-3.97961E+00, 4.41296E+00, 4.07361E+00, 1.24233E+02, 2.64054E+01, 1.58781E+02, 6.76768E+01, 5.65456E-01, 2.63187E+00, 9.70348E+01, 2.99360E+01, 7.75382E-04,-6.85802E-04, 0.00000E+00, 0.00000E+00, 0.00000E+00,
 205, 4.08000E+00,TRUE,0, 0.00000E+00, 3.73147E+00, 1.44648E+00, 3.03665E+00, 0.00000E+00, 0.00000E+00, 1.86205E-01, 0.00000E+00, 8.66683E-01, 1.44648E+03,-9.80811E-01, 1.12669E+00, 9.89725E-01, 2.27051E-02, 1.83274E-02,-5.37086E-03, 1.44650E+03,-9.80312E-01, 1.10671E+00, 9.96424E-01, 3.38392E+00,-3.98076E+00, 4.49403E+00, 4.04619E+00, 1.28008E+02, 2.72426E+01, 1.61512E+02, 6.82664E+01, 5.65438E-01, 2.63181E+00, 9.71534E+01, 2.99357E+01, 7.89231E-04,-6.81210E-04, 0.00000E+00, 0.00000E+00, 0.00000E+00,
 206, 4.10000E+00,TRUE,0, 0.00000E+00, 3.73133E+00, 1.44646E+00, 3.03654E+00, 0.00000E+00, 0.00000E+00, 1.86206E-01, 0.00000E+00, 8.66699E-01, 1.44646E+03,-9.81299E-01, 1.14664E+00, 9.83057E-01, 4.23584E-02, 1.82693E-02,-5.32961E-03, 1.44648E+03,-9.80811E-01, 1.12669E+00, 9.89725E-01, 3.38385E+00,-3.98270E+00, 4.57506E+00, 4.01890E+00, 1.31855E+02, 2.80747E+01, 1.64266E+02, 6.88464E+01, 5.65421E-01, 2.63176E+00, 9.72673E+01, 2.99354E+01, 8.03000E-04,-6.76632E-04, 0.00000E+00, 0.00000E+00, 0.00000E+00,
 207, 4.12000E+00,TRUE,0, 1.97068E+03, 3.73120E+00, 1.44644E+00, 3.03642E+00, 9.50053E-02, 6.88969E-02, 1.86207E-01, 1.46658E-02, 8.66715E-01, 1.44644E+03,-9.77504E-01, 1.16655E+00, 9.76418E-01, 6.20117E-02, 1.82139E-02,-5.29796E-03, 1.44646E+03,-9.81299E-01, 1.14664E+00, 9.83057E-01, 3.38377E+00,-3.98459E+00, 4.65595E+00, 3.99173E+00, 1.22875E+02, 2.61558E+01, 1.57688E+02, 6.74258E+01, 5.65404E-01, 2.63171E+00, 9.69527E+01, 2.99351E+01, 8.16749E-04,-6.72069E-04, 0.00000E+00, 0.00000E+00, 0.00000E+00,
 208, 4.14000E+00,TRUE,0, 0.00000E+00, 3.73108E+00, 1.44642E+00, 3.03632E+00, 0.00000E+00, 0.00000E+00, 1.86208E-01, 0.00000E+00, 8.66728E-01, 1.44642E+03,-9.77952E-01, 1.18646E+00, 9.69806E-01, 7.58057E-02, 1.82525E-02,-5.27018E-03, 1.44644E+03,-9.77504E-01, 1.16655E+00, 9.76418E-01, 3.38369E+00,-3.96909E+00, 4.73672E+00, 3.96468E+00, 1.26623E+02, 2.69930E+01, 1.60409E+02, 6.80187E+01, 5.65388E-01, 2.63167E+00, 9.70746E+01, 2.99348E+01, 8.30540E-04,-6.67520E-04, 0.00000E+00, 0.00000E+00, 0.00000E+00,
 209, 4.16000E+00,TRUE,0, 0.00000E+00, 3.73095E+00, 1.44640E+00, 3.03621E+00, 0.00000E+00, 0.00000E+00, 1.86210E-01, 0.00000E+00, 8.66746E-01, 1.44640E+03,-9.78390E-01, 1.20635E+00, 9.63221E-01, 9.54590E-02, 1.82695E-02,-5.25355E-03, 1.44642E+03,-9.77952E-01, 1.18646E+00, 9.69806E-01, 3.38370E+00,-3.97092E+00, 4.81755E+00, 3.93784E+00, 1.30442E+02, 2.78252E+01, 1.63153E+02, 6.86022E+01, 5.65372E-01, 2.63162E+00, 9.71916E+01, 2.99346E+01, 8.44311E-04,-6.62986E-04, 0.00000E+00, 0.00000E+00, 0.00000E+00,
 210, 4.18000E+00,TRUE,0, 1.82570E+03, 3.73082E+00, 1.44638E+00, 3.03610E+00, 1.01382E-01, 7.35793E-02, 1.86212E-01, 1.56938E-02, 8.66763E-01, 1.44640E+03,-9.70348E-01, 1.22622E+00, 9.56661E-01, 1.15112E-01, 1.82731E-02,-5.24181E-03, 1.44640E+03,-9.78390E-01, 1.20635E+00, 9.63221E-01, 3.38362E+00,-3.97260E+00, 4.89819E+00, 3.91101E+00, 1.20715E+02, 2.57474E+01, 1.56036E+02, 6.70680E+01, 5.65356E-01, 2.63157E+00, 9.68543E+01, 2.99343E+01, 8.58062E-04,-6.58466E-04, 0.00000E+00, 0.00000E+00, 0.00000E+00,
 211, 4.20000E+00,TRUE,0, 0.00000E+00, 3.73074E+00, 1.44638E+00, 3.03603E+00, 0.00000E+00, 0.00000E+00, 1.86211E-01, 0.00000E+00, 8.66768E-01, 1.44638E+03,-9.70730E-01, 1.24605E+00, 9.50126E-01, 1.23047E-01, 1.81888E-02,-5.22602E-03, 1.44640E+03,-9.70348E-01, 1.22622E+00, 9.56661E-01, 3.38355E+00,-3.93986E+00, 4.97875E+00, 3.88429E+00, 1.24421E+02, 2.65858E+01, 1.58743E+02, 6.76662E+01, 5.65342E-01, 2.63154E+00, 9.69801E+01, 2.99341E+01, 8.71733E-04,-6.53960E-04, 0.00000E+00, 0.00000E+00, 0.00000E+00,
 212, 4.22000E+00,TRUE,0, 0.00000E+00, 3.73061E+00, 1.44636E+00, 3.03592E+00, 0.00000E+00, 0.00000E+00, 1.86213E-01, 0.00000E+00, 8.66786E-01, 1.44636E+03,-9.71104E-01, 1.26587E+00, 9.43614E-01, 1.42578E-01, 1.81873E-02,-5.22238E-03, 1.44638E+03,-9.70730E-01, 1.24605E+00, 9.50126E-01, 3.38364E+00,-3.94152E+00, 5.05943E+00, 3.85786E+00, 1.28199E+02, 2.74191E+01, 1.61473E+02, 6.82549E+01, 5.65328E-01, 2.63149E+00, 9.71009E+01, 2.99339E+01, 8.85445E-04,-6.49469E-04, 0.00000E+00, 0.00000E+00, 0.00000E+00,
 213, 4.24000E+00,TRUE,0, 0.00000E+00, 3.73048E+00, 1.44634E+00, 3.03581E+00, 0.00000E+00, 0.00000E+00, 1.86215E-01, 0.00000E+00, 8.66804E-01, 1.44634E+03,-9.71468E-01, 1.28565E+00, 9.37125E-01, 1.62109E-01, 1.80892E-02,-5.22035E-03, 1.44636E+03,-9.71104E-01, 1.26587E+00, 9.43614E-01, 3.38356E+00,-3.94295E+00, 5.13978E+00, 3.83134E+00, 1.32049E+02, 2.82474E+01, 1.64226E+02, 6.88342E+01, 5.65313E-01, 2.63145E+00, 9.72169E+01, 2.99336E+01, 8.99078E-04,-6.44992E-04, 0.00000E+00, 0.00000E+00, 0.00000E+00,
 214, 4.26000E+00,TRUE,0, 2.17223E+03, 3.73035E+00, 1.44632E+00, 3.03569E+00, 8.61578E-02, 6.25948E-02, 1.86217E-01, 1.33828E-02, 8.66821E-01, 1.44633E+03,-9.60454E-01, 1.30539E+00, 9.30657E-01, 1.81641E-01, 1.80005E-02,-5.21940E-03, 1.44634E+03,-9.71468E-01, 1.28565E+00, 9.37125E-01, 3.38349E+00,-3.94434E+00, 5.21997E+00, 3.80490E+00, 1.24255E+02, 2.65659E+01, 1.58491E+02, 6.75844E+01, 5.65298E-01, 2.63140E+00, 9.69391E+01, 2.99333E+01, 9.12690E-04,-6.40530E-04, 0.00000E+00, 0.00000E+00, 0.00000E+00,
 215, 4.28000E+00,TRUE,0, 0.00000E+00, 3.73030E+00, 1.44631E+00, 3.03566E+00, 0.00000E+00, 0.00000E+00, 1.86215E-01, 0.00000E+00, 8.66820E-01, 1.44631E+03,-9.60754E-01, 1.32512E+00, 9.24213E-01, 1.85303E-01, 1.80219E-02,-5.20861E-03, 1.44633E+03,-9.60454E-01, 1.30539E+00, 9.30657E-01, 3.38341E+00,-3.89953E+00, 5.30001E+00, 3.77856E+00, 1.28027E+02, 2.73981E+01, 1.61218E+02, 6.81739E+01, 5.65286E-01, 2.63137E+00, 9.70615E+01, 2.99332E+01, 9.26343E-04,-6.36082E-04, 0.00000E+00, 0.00000E+00, 0.00000E+00,
 216, 4.30000E+00,TRUE,0, 0.00000E+00, 3.73017E+00, 1.44630E+00, 3.03555E+00, 0.00000E+00, 0.00000E+00, 1.86218E-01, 0.00000E+00, 8.66839E-01, 1.44630E+03,-9.61046E-01, 1.34482E+00, 9.17789E-01, 2.04590E-01, 1.80161E-02,-5.20998E-03, 1.44631E+03,-9.60754E-01, 1.32512E+00, 9.24213E-01, 3.38357E+00,-3.90093E+00, 5.38034E+00, 3.75256E+00, 1.31871E+02, 2.82252E+01, 1.63968E+02, 6.87540E+01, 5.65273E-01, 2.63133E+00, 9.71791E+01, 2.99329E+01, 9.39975E-04,-6.31648E-04, 0.00000E+00, 0.00000E+00, 0.00000E+00,
 217, 4.32000E+00,TRUE,0, 1.97012E+03, 3.73005E+00, 1.44628E+00, 3.03544E+00, 9.48456E-02, 6.89234E-02, 1.86220E-01, 1.47439E-02, 8.66856E-01, 1.44630E+03,-9.45900E-01, 1.36450E+00, 9.11385E-01, 2.23877E-01, 1.80017E-02,-5.21064E-03, 1.44630E+03,-9.61046E-01, 1.34482E+00, 9.17789E-01, 3.38349E+00,-3.90203E+00, 5.46023E+00, 3.72640E+00, 1.22908E+02, 2.62922E+01, 1.57382E+02, 6.73227E+01, 5.65259E-01, 2.63129E+00, 9.68636E+01, 2.99327E+01, 9.53587E-04,-6.27228E-04, 0.00000E+00, 0.00000E+00, 0.00000E+00,
 218, 4.34000E+00,TRUE,0, 0.00000E+00, 3.73003E+00, 1.44628E+00, 3.03544E+00, 0.00000E+00, 0.00000E+00, 1.86217E-01, 0.00000E+00, 8.66848E-01, 1.44628E+03,-9.46112E-01, 1.38416E+00, 9.05004E-01, 2.21802E-01, 1.80012E-02,-5.19693E-03, 1.44630E+03,-9.45900E-01, 1.36450E+00, 9.11385E-01, 3.38342E+00,-3.84045E+00, 5.54001E+00, 3.70032E+00, 1.26653E+02, 2.71247E+01, 1.60099E+02, 6.79160E+01, 5.65249E-01, 2.63126E+00, 9.69891E+01, 2.99326E+01, 9.67179E-04,-6.22823E-04, 0.00000E+00, 0.00000E+00, 0.00000E+00,
 219, 4.36000E+00,TRUE,0, 0.00000E+00, 3.72991E+00, 1.44626E+00, 3.03533E+00, 0.00000E+00, 0.00000E+00, 1.86220E-01, 0.00000E+00, 8.66868E-01, 1.44626E+03,-9.46319E-01, 1.40380E+00, 8.98642E-01, 2.40845E-01, 1.79702E-02,-5.19818E-03, 1.44628E+03,-9.46112E-01, 1.38416E+00, 9.05004E-01, 3.38365E+00,-3.84158E+00, 5.62023E+00, 3.67466E+00, 1.30469E+02, 2.79522E+01, 1.62839E+02, 6.84999E+01, 5.65238E-01, 2.63123E+00, 9.71095E+01, 2.99324E+01, 9.80751E-04,-6.18431E-04, 0.00000E+00, 0.00000E+00, 0.00000E+00,
 220, 4.38000E+00,TRUE,0, 1.82524E+03, 3.72979E+00, 1.44624E+00, 3.03522E+00, 1.01243E-01, 7.36102E-02, 1.86222E-01, 1.57649E-02, 8.66887E-01, 1.44627E+03,-9.27390E-01, 1.42340E+00, 8.92300E-01, 2.59888E-01, 1.79347E-02,-5.19770E-03, 1.44626E+03,-9.46319E-01, 1.40380E+00, 8.98642E-01, 3.38358E+00,-3.84234E+00, 5.69983E+00, 3.64876E+00, 1.20753E+02, 2.58614E+01, 1.55712E+02, 6.69563E+01, 5.65226E-01, 2.63120E+00, 9.67715E+01, 2.99322E+01, 9.94302E-04,-6.14054E-04, 0.00000E+00, 0.00000E+00, 0.00000E+00,
 221, 4.40000E+00,TRUE,0, 0.00000E+00, 3.72981E+00, 1.44625E+00, 3.03526E+00, 0.00000E+00, 0.00000E+00, 1.86218E-01, 0.00000E+00, 8.66871E-01, 1.44625E+03,-9.27505E-01, 1.44297E+00, 8.85980E-01, 2.52197E-01, 1.78363E-02,-5.17917E-03, 1.44627E+03,-9.27390E-01, 1.42340E+00, 8.92300E-01, 3.38351E+00,-3.76540E+00, 5.77933E+00, 3.62293E+00, 1.24456E+02, 2.66952E+01, 1.58414E+02, 6.75552E+01, 5.65218E-01, 2.63118E+00, 9.69006E+01, 2.99320E+01, 1.00777E-03,-6.09692E-04, 0.00000E+00, 0.00000E+00, 0.00000E+00,
 222, 4.42000E+00,TRUE,0, 0.00000E+00, 3.72970E+00, 1.44623E+00, 3.03515E+00, 0.00000E+00, 0.00000E+00, 1.86221E-01, 0.00000E+00, 8.66893E-01, 1.44623E+03,-9.27616E-01, 1.46252E+00, 8.79679E-01, 2.70752E-01, 1.78084E-02,-5.17851E-03, 1.44625E+03,-9.27505E-01, 1.44297E+00, 8.85980E-01, 3.38382E+00,-3.76621E+00, 5.85933E+00, 3.59760E+00, 1.28229E+02, 2.75242E+01, 1.61140E+02, 6.81446E+01, 5.65208E-01, 2.63115E+00, 9.70246E+01, 2.99319E+01, 1.02128E-03,-6.05343E-04, 0.00000E+00, 0.00000E+00, 0.00000E+00,
 223, 4.44000E+00,TRUE,0, 0.00000E+00, 3.72958E+00, 1.44621E+00, 3.03505E+00, 0.00000E+00, 0.00000E+00, 1.86224E-01, 0.00000E+00, 8.66912E-01, 1.44621E+03,-9.27723E-01, 1.48203E+00, 8.73414E-01, 2.89307E-01, 1.77763E-02,-5.08922E-03, 1.44623E+03,-9.27616E-01, 1.46252E+00, 8.79679E-01, 3.38375E+00,-3.76659E+00, 5.93856E+00, 3.57194E+00, 1.32074E+02, 2.83482E+01, 1.63889E+02, 6.87245E+01, 5.65198E-01, 2.63112E+00, 9.71436E+01, 2.99317E+01, 1.03477E-03,-6.01069E-04, 0.00000E+00, 0.00000E+00, 0.00000E+00,
 224, 4.46000E+00,TRUE,0, 2.17181E+03, 3.72947E+00, 1.44619E+00, 3.03494E+00, 8.60636E-02, 6.26160E-02, 1.86226E-01, 1.34299E-02, 8.66929E-01, 1.44622E+03,-9.08541E-01, 1.50152E+00, 8.67181E-01, 3.07983E-01, 1.77411E-02,-5.01615E-03, 1.44621E+03,-9.27723E-01, 1.48203E+00, 8.73414E-01, 3.38369E+00,-3.76695E+00, 6.01769E+00, 3.54643E+00, 1.24286E+02, 2.66569E+01, 1.58146E+02, 6.74689E+01, 5.65186E-01, 2.63108E+00, 9.68661E+01, 2.99315E+01, 1.04824E-03,-5.96808E-04, 0.00000E+00, 0.00000E+00, 0.00000E+00,
 225, 4.48000E+00,TRUE,0, 0.00000E+00, 3.72949E+00, 1.44620E+00, 3.03498E+00, 0.00000E+00, 0.00000E+00, 1.86221E-01, 0.00000E+00, 8.66912E-01, 1.44620E+03,-9.08559E-01, 1.52099E+00, 8.60983E-01, 2.99683E-01, 1.77325E-02,-4.94075E-03, 1.44622E+03,-9.08541E-01, 1.50152E+00, 8.67181E-01, 3.38361E+00,-3.68898E+00, 6.09669E+00, 3.52105E+00, 1.28053E+02, 2.74850E+01, 1.60868E+02, 6.80593E+01, 5.65179E-01, 2.63106E+00, 9.69915E+01, 2.99314E+01, 1.06169E-03,-5.92561E-04, 0.00000E+00, 0.00000E+00, 0.00000E+00,
 226, 4.50000E+00,TRUE,0, 0.00000E+00, 3.72938E+00, 1.44618E+00, 3.03488E+00, 0.00000E+00, 0.00000E+00, 1.86225E-01, 0.00000E+00, 8.66932E-01, 1.44618E+03,-9.08575E-01, 1.54042E+00, 8.54815E-01, 3.17871E-01, 1.76885E-02,-4.89652E-03, 1.44620E+03,-9.08559E-01, 1.52099E+00, 8.60983E-01, 3.38393E+00,-3.68940E+00, 6.17630E+00, 3.49621E+00, 1.31892E+02, 2.83081E+01, 1.63614E+02, 6.86404E+01, 5.65170E-01, 2.63103E+00, 9.71118E+01, 2.99312E+01, 1.07512E-03,-5.88329E-04, 0.00000E+00, 0.00000E+00, 0.00000E+00,
 227, 4.52000E+00,TRUE,0, 1.96978E+03, 3.72927E+00, 1.44616E+00, 3.03478E+00, 9.47607E-02, 6.89428E-02, 1.86228E-01, 1.47865E-02, 8.66950E-01, 1.44620E+03,-8.85420E-01, 1.55983E+00, 8.48675E-01, 3.36060E-01, 1.76436E-02,-4.86213E-03, 1.44618E+03,-9.08575E-01, 1.54042E+00, 8.54815E-01, 3.38387E+00,-3.68940E+00, 6.25510E+00, 3.47110E+00, 1.22933E+02, 2.63662E+01, 1.57019E+02, 6.72041E+01, 5.65159E-01, 2.63100E+00, 9.67967E+01, 2.99310E+01, 1.08853E-03,-5.84110E-04, 0.00000E+00, 0.00000E+00, 0.00000E+00,
 228, 4.54000E+00,TRUE,0, 0.00000E+00, 3.72933E+00, 1.44618E+00, 3.03485E+00, 0.00000E+00, 0.00000E+00, 1.86221E-01, 0.00000E+00, 8.66926E-01, 1.44618E+03,-8.85335E-01, 1.57923E+00, 8.42565E-01, 3.22144E-01, 1.77205E-02,-4.81695E-03, 1.44620E+03,-8.85420E-01, 1.55983E+00, 8.48675E-01, 3.38380E+00,-3.59530E+00, 6.33378E+00, 3.44610E+00, 1.26672E+02, 2.71948E+01, 1.59731E+02, 6.77985E+01, 5.65154E-01, 2.63099E+00, 9.69248E+01, 2.99310E+01, 1.10197E-03,-5.79904E-04, 0.00000E+00, 0.00000E+00, 0.00000E+00,
 229, 4.56000E+00,TRUE,0, 0.00000E+00, 3.72923E+00, 1.44616E+00, 3.03475E+00, 0.00000E+00, 0.00000E+00, 1.86225E-01, 0.00000E+00, 8.66948E-01, 1.44616E+03,-8.85249E-01, 1.59861E+00, 8.36480E-01, 3.39966E-01, 1.77376E-02,-4.80098E-03, 1.44618E+03,-8.85335E-01, 1.57923E+00, 8.42565E-01, 3.38420E+00,-3.59538E+00, 6.41330E+00, 3.42169E+00, 1.30481E+02, 2.80186E+01, 1.62467E+02, 6.83835E+01, 5.65147E-01, 2.63097E+00, 9.70478E+01, 2.99308E+01, 1.11540E-03,-5.75713E-04, 0.00000E+00, 0.00000E+00, 0.00000E+00,
 230, 4.58000E+00,TRUE,0, 1.82496E+03, 3.72912E+00, 1.44614E+00, 3.03465E+00, 1.01169E-01, 7.36249E-02, 1.86228E-01, 1.58016E-02, 8.66967E-01, 1.44608E+03,-9.32445E-01, 1.61797E+00, 8.30419E-01,-6.42212E-01, 1.77394E-02,-4.78995E-03, 1.44616E+03,-8.85249E-01, 1.59861E+00, 8.36480E-01, 3.38414E+00,-3.59496E+00, 6.49188E+00, 3.39691E+00, 1.20769E+02, 2.59199E+01, 1.55333E+02, 6.68360E+01, 5.65138E-01, 2.63094E+00, 9.67102E+01, 2.99307E+01, 1.12880E-03,-5.71535E-04, 0.00000E+00, 0.00000E+00, 0.00000E+00,
 231, 4.60000E+00,TRUE,0, 0.00000E+00, 3.72857E+00, 1.44606E+00, 3.03411E+00, 0.00000E+00, 0.00000E+00, 1.86253E-01, 0.00000E+00, 8.67087E-01, 1.44606E+03,-9.32558E-01, 1.63728E+00, 8.24374E-01,-5.58472E-01, 1.75654E-02,-4.82059E-03, 1.44608E+03,-9.32445E-01, 1.61797E+00, 8.30419E-01, 3.38408E+00,-3.78656E+00, 6.57039E+00, 3.37224E+00, 1.24465E+02, 2.67502E+01, 1.58030E+02, 6.74361E+01, 5.65113E-01, 2.63084E+00, 9.68418E+01, 2.99302E+01, 1.14212E-03,-5.67371E-04, 0.00000E+00, 0.00000E+00, 0.00000E+00,
 232, 4.62000E+00,TRUE,0, 0.00000E+00, 3.72843E+00, 1.44604E+00, 3.03400E+00, 0.00000E+00, 0.00000E+00, 1.86252E-01, 0.00000E+00, 8.67088E-01, 1.44604E+03,-9.32666E-01, 1.65655E+00, 8.18353E-01,-5.39795E-01, 1.74870E-02,-4.80902E-03, 1.44606E+03,-9.32558E-01, 1.63728E+00, 8.24374E-01, 3.38306E+00,-3.78588E+00, 6.64682E+00, 3.34669E+00, 1.28231E+02, 2.75758E+01, 1.60751E+02, 6.80267E+01, 5.65089E-01, 2.63075E+00, 9.69681E+01, 2.99298E+01, 1.15542E-03,-5.63221E-04, 0.00000E+00, 0.00000E+00, 0.00000E+00,
 233, 4.64000E+00,TRUE,0, 0.00000E+00, 3.72830E+00, 1.44602E+00, 3.03390E+00, 0.00000E+00, 0.00000E+00, 1.86251E-01, 0.00000E+00, 8.67093E-01, 1.44602E+03,-9.32771E-01, 1.67579E+00, 8.12354E-01,-5.21118E-01, 1.74146E-02,-4.80020E-03, 1.44604E+03,-9.32666E-01, 1.65655E+00, 8.18353E-01, 3.38300E+00,-3.78625E+00, 6.72495E+00, 3.32219E+00, 1.32069E+02, 2.83964E+01, 1.63495E+02, 6.86080E+01, 5.65068E-01, 2.63068E+00, 9.70894E+01, 2.99294E+01, 1.16870E-03,-5.59084E-04, 0.00000E+00, 0.00000E+00, 0.00000E+00,
 234, 4.66000E+00,TRUE,0, 2.17142E+03, 3.72817E+00, 1.44600E+00, 3.03380E+00, 8.60180E-02, 6.26221E-02, 1.86251E-01, 1.34530E-02, 8.67102E-01, 1.44596E+03,-9.64335E-01, 1.69501E+00, 8.06376E-01,-5.02441E-01, 1.74340E-02,-4.79335E-03, 1.44602E+03,-9.32771E-01, 1.67579E+00, 8.12354E-01, 3.38293E+00,-3.78660E+00, 6.80291E+00, 3.29776E+00, 1.24282E+02, 2.66993E+01, 1.57747E+02, 6.73506E+01, 5.65048E-01, 2.63061E+00, 9.68128E+01, 2.99292E+01, 1.18202E-03,-5.54962E-04, 0.00000E+00, 0.00000E+00, 0.00000E+00,
 235, 4.68000E+00,TRUE,0, 0.00000E+00, 3.72774E+00, 1.44594E+00, 3.03339E+00, 0.00000E+00, 0.00000E+00, 1.86266E-01, 0.00000E+00, 8.67184E-01, 1.44594E+03,-9.64563E-01, 1.71420E+00, 8.00415E-01,-4.39697E-01, 1.73870E-02,-4.81236E-03, 1.44596E+03,-9.64335E-01, 1.69501E+00, 8.06376E-01, 3.38286E+00,-3.91465E+00, 6.88080E+00, 3.27343E+00, 1.28042E+02, 2.75242E+01, 1.60465E+02, 6.79424E+01, 5.65019E-01, 2.63051E+00, 9.69403E+01, 2.99287E+01, 1.19531E-03,-5.50852E-04, 0.00000E+00, 0.00000E+00, 0.00000E+00,
 236, 4.70000E+00,TRUE,0, 0.00000E+00, 3.72760E+00, 1.44592E+00, 3.03328E+00, 0.00000E+00, 0.00000E+00, 1.86264E-01, 0.00000E+00, 8.67187E-01, 1.44592E+03,-9.64785E-01, 1.73337E+00, 7.94475E-01,-4.20288E-01, 1.73904E-02,-4.80318E-03, 1.44594E+03,-9.64563E-01, 1.71420E+00, 8.00415E-01, 3.38216E+00,-3.91477E+00, 6.95726E+00, 3.24856E+00, 1.31873E+02, 2.83442E+01, 1.63206E+02, 6.85248E+01, 5.64993E-01, 2.63042E+00, 9.70627E+01, 2.99284E+01, 1.20859E-03,-5.46757E-04, 0.00000E+00, 0.00000E+00, 0.00000E+00,
 237, 4.72000E+00,TRUE,0, 1.96934E+03, 3.72747E+00, 1.44590E+00, 3.03318E+00, 9.47233E-02, 6.89448E-02, 1.86263E-01, 1.48066E-02, 8.67195E-01, 1.44586E+03,-9.92639E-01, 1.75250E+00, 7.88556E-01,-4.00879E-01, 1.72968E-02,-4.79484E-03, 1.44592E+03,-9.64785E-01, 1.73337E+00, 7.94475E-01, 3.38209E+00,-3.91559E+00, 7.03490E+00, 3.22439E+00, 1.22914E+02, 2.63972E+01, 1.56609E+02, 6.70875E+01, 5.64969E-01, 2.63035E+00, 9.67484E+01, 2.99281E+01, 1.22178E-03,-5.42675E-04, 0.00000E+00, 0.00000E+00, 0.00000E+00,
 238, 4.74000E+00,TRUE,0, 0.00000E+00, 3.72706E+00, 1.44584E+00, 3.03279E+00, 0.00000E+00, 0.00000E+00, 1.86277E-01, 0.00000E+00, 8.67270E-01, 1.44584E+03,-9.92964E-01, 1.77160E+00, 7.82653E-01,-3.42896E-01, 1.72504E-02,-4.80801E-03, 1.44586E+03,-9.92639E-01, 1.75250E+00, 7.88556E-01, 3.38202E+00,-4.02855E+00, 7.11238E+00, 3.20029E+00, 1.26645E+02, 2.72229E+01, 1.59316E+02, 6.76833E+01, 5.64939E-01, 2.63025E+00, 9.68785E+01, 2.99276E+01, 1.23501E-03,-5.38607E-04, 0.00000E+00, 0.00000E+00, 0.00000E+00,
 239, 4.76000E+00,TRUE,0, 0.00000E+00, 3.72691E+00, 1.44582E+00, 3.03268E+00, 0.00000E+00, 0.00000E+00, 1.86275E-01, 0.00000E+00, 8.67274E-01, 1.44582E+03,-9.93280E-01, 1.79067E+00, 7.76771E-01,-3.22998E-01, 1.72505E-02,-4.79627E-03, 1.44584E+03,-9.92964E-01, 1.77160E+00, 7.82653E-01, 3.38139E+00,-4.02912E+00, 7.18855E+00, 3.17575E+00, 1.30447E+02, 2.80439E+01, 1.62047E+02, 6.82697E+01, 5.64912E-01, 2.63017E+00, 9.70033E+01, 2.99272E+01, 1.24822E-03,-5.34552E-04, 0.00000E+00, 0.00000E+00, 0.00000E+00,
 240, 4.78000E+00,TRUE,0, 1.82448E+03, 3.72677E+00, 1.44580E+00, 3.03257E+00, 1.01141E-01, 7.36212E-02, 1.86273E-01, 1.58182E-02, 8.67283E-01, 1.44577E+03,-1.01590E+00, 1.80972E+00, 7.70908E-01,-3.03101E-01, 1.72415E-02,-4.78494E-03, 1.44582E+03,-9.93280E-01, 1.79067E+00, 7.76771E-01, 3.38132E+00,-4.03032E+00, 7.26579E+00, 3.15181E+00, 1.20735E+02, 2.59410E+01, 1.54912E+02, 6.67221E+01, 5.64888E-01, 2.63010E+00, 9.66667E+01, 2.99269E+01, 1.26141E-03,-5.30511E-04, 0.00000E+00, 0.00000E+00, 0.00000E+00,
 241, 4.80000E+00,TRUE,0, 0.00000E+00, 3.72641E+00, 1.44575E+00, 3.03223E+00, 0.00000E+00, 0.00000E+00, 1.86285E-01, 0.00000E+00, 8.67350E-01, 1.44575E+03,-1.01630E+00, 1.82875E+00, 7.65063E-01,-2.51953E-01, 1.72706E-02,-4.79048E-03, 1.44577E+03,-1.01590E+00, 1.80972E+00, 7.70908E-01, 3.38124E+00,-4.12202E+00, 7.34291E+00, 3.12795E+00, 1.24422E+02, 2.67687E+01, 1.57605E+02, 6.73236E+01, 5.64858E-01, 2.63001E+00, 9.68000E+01, 2.99265E+01, 1.27463E-03,-5.26484E-04, 0.00000E+00, 0.00000E+00, 0.00000E+00,
 242, 4.82000E+00,TRUE,0, 0.00000E+00, 3.72626E+00, 1.44573E+00, 3.03212E+00, 0.00000E+00, 0.00000E+00, 1.86283E-01, 0.00000E+00, 8.67357E-01, 1.44573E+03,-1.01668E+00, 1.84775E+00, 7.59238E-01,-2.31567E-01, 1.72352E-02,-4.77612E-03, 1.44575E+03,-1.01630E+00, 1.82875E+00, 7.65063E-01, 3.38072E+00,-4.12297E+00, 7.41899E+00, 3.10376E+00, 1.28181E+02, 2.75916E+01, 1.60322E+02, 6.79157E+01, 5.64832E-01, 2.62993E+00, 9.69280E+01, 2.99262E+01, 1.28777E-03,-5.22470E-04, 0.00000E+00, 0.00000E+00, 0.00000E+00,
 243, 4.84000E+00,TRUE,0, 0.00000E+00, 3.72612E+00, 1.44571E+00, 3.03201E+00, 0.00000E+00, 0.00000E+00, 1.86282E-01, 0.00000E+00, 8.67368E-01, 1.44571E+03,-1.01705E+00, 1.86673E+00, 7.53432E-01,-2.11182E-01, 1.71958E-02,-4.76205E-03, 1.44573E+03,-1.01668E+00, 1.84775E+00, 7.59238E-01, 3.38064E+00,-4.12443E+00, 7.49591E+00, 3.08005E+00, 1.32010E+02, 2.84097E+01, 1.63061E+02, 6.84984E+01, 5.64809E-01, 2.62987E+00, 9.70509E+01, 2.99258E+01, 1.30089E-03,-5.18470E-04, 0.00000E+00, 0.00000E+00, 0.00000E+00,
 244, 4.86000E+00,TRUE,0, 2.17090E+03, 3.72598E+00, 1.44569E+00, 3.03190E+00, 8.59950E-02, 6.26059E-02, 1.86282E-01, 1.34612E-02, 8.67381E-01, 1.44567E+03,-1.02936E+00, 1.88565E+00, 7.47647E-01,-1.90796E-01, 1.70668E-02,-4.74793E-03, 1.44571E+03,-1.01705E+00, 1.86673E+00, 7.53432E-01, 3.38057E+00,-4.12585E+00, 7.57271E+00, 3.05643E+00, 1.24223E+02, 2.67099E+01, 1.57315E+02, 6.72423E+01, 5.64787E-01, 2.62981E+00, 9.67755E+01, 2.99256E+01, 1.31393E-03,-5.14483E-04, 0.00000E+00, 0.00000E+00, 0.00000E+00,
 245, 4.88000E+00,TRUE,0, 0.00000E+00, 3.72571E+00, 1.44565E+00, 3.03165E+00, 0.00000E+00, 0.00000E+00, 1.86289E-01, 0.00000E+00, 8.67429E-01, 1.44565E+03,-1.02976E+00, 1.90455E+00, 7.41895E-01,-1.53687E-01, 1.70175E-02,-4.65584E-03, 1.44567E+03,-1.02936E+00, 1.88565E+00, 7.47647E-01, 3.38049E+00,-4.17569E+00, 7.64931E+00, 3.03289E+00, 1.27975E+02, 2.75324E+01, 1.60029E+02, 6.78355E+01, 5.64763E-01, 2.62974E+00, 9.69044E+01, 2.99252E+01, 1.32701E-03,-5.10570E-04, 0.00000E+00, 0.00000E+00, 0.00000E+00,
 246, 4.90000E+00,TRUE,0, 0.00000E+00, 3.72557E+00, 1.44563E+00, 3.03153E+00, 0.00000E+00, 0.00000E+00, 1.86289E-01, 0.00000E+00, 8.67441E-01, 1.44563E+03,-1.03016E+00, 1.92341E+00, 7.36178E-01,-1.33057E-01, 1.69903E-02,-4.57132E-03, 1.44565E+03,-1.02976E+00, 1.90455E+00, 7.41895E-01, 3.38017E+00,-4.17693E+00, 7.72523E+00, 3.00928E+00, 1.31797E+02, 2.83502E+01, 1.62766E+02, 6.84194E+01, 5.64741E-01, 2.62968E+00, 9.70283E+01, 2.99249E+01, 1.34006E-03,-5.06669E-04, 0.00000E+00, 0.00000E+00, 0.00000E+00,
 247, 4.92000E+00,TRUE,0, 1.96889E+03, 3.72543E+00, 1.44561E+00, 3.03142E+00, 9.46983E-02, 6.89173E-02, 1.86289E-01, 1.48119E-02, 8.67455E-01, 1.44560E+03,-1.03829E+00, 1.94225E+00, 7.30492E-01,-1.12427E-01, 1.69598E-02,-4.50271E-03, 1.44563E+03,-1.03016E+00, 1.92341E+00, 7.36178E-01, 3.38009E+00,-4.17843E+00, 7.80156E+00, 2.98601E+00, 1.22841E+02, 2.64014E+01, 1.56174E+02, 6.69841E+01, 5.64721E-01, 2.62962E+00, 9.67152E+01, 2.99246E+01, 1.35309E-03,-5.02782E-04, 0.00000E+00, 0.00000E+00, 0.00000E+00,
 248, 4.94000E+00,TRUE,0, 0.00000E+00, 3.72519E+00, 1.44558E+00, 3.03120E+00, 0.00000E+00, 0.00000E+00, 1.86295E-01, 0.00000E+00, 8.67495E-01, 1.44558E+03,-1.03870E+00, 1.96107E+00, 7.24836E-01,-8.08105E-02, 1.69973E-02,-4.45342E-03, 1.44560E+03,-1.03829E+00, 1.94225E+00, 7.30492E-01, 3.38001E+00,-4.21131E+00, 7.87778E+00, 2.96288E+00, 1.26563E+02, 2.72250E+01, 1.58877E+02, 6.75813E+01, 5.64698E-01, 2.62955E+00, 9.68465E+01, 2.99242E+01, 1.36616E-03,-4.98909E-04, 0.00000E+00, 0.00000E+00, 0.00000E+00,
 249, 4.96000E+00,TRUE,0, 0.00000E+00, 3.72505E+00, 1.44556E+00, 3.03109E+00, 0.00000E+00, 0.00000E+00, 1.86295E-01, 0.00000E+00, 8.67507E-01, 1.44556E+03,-1.03909E+00, 1.97985E+00, 7.19209E-01,-5.99365E-02, 1.69455E-02,-4.40919E-03, 1.44558E+03,-1.03870E+00, 1.96107E+00, 7.24836E-01, 3.37977E+00,-4.21266E+00, 7.95355E+00, 2.93974E+00, 1.30356E+02, 2.80438E+01, 1.61604E+02, 6.81692E+01, 5.64677E-01, 2.62949E+00, 9.69727E+01, 2.99239E+01, 1.37915E-03,-4.95048E-04, 0.00000E+00, 0.00000E+00, 0.00000E+00,
 250, 4.98000E+00,TRUE,0, 1.82409E+03, 3.72491E+00, 1.44554E+00, 3.03098E+00, 1.01113E-01, 7.35821E-02, 1.86296E-01, 1.58205E-02, 8.67522E-01, 1.44554E+03,-1.04235E+00, 1.99861E+00, 7.13609E-01,-3.90625E-02, 1.68936E-02,-4.37486E-03, 1.44556E+03,-1.03909E+00, 1.97985E+00, 7.19209E-01, 3.37969E+00,-4.21417E+00, 8.02955E+00, 2.91685E+00, 1.20649E+02, 2.59400E+01, 1.54478E+02, 6.66242E+01, 5.64658E-01, 2.62944E+00, 9.66372E+01, 2.99236E+01, 1.39211E-03,-4.91200E-04, 0.00000E+00, 0.00000E+00, 0.00000E+00,
 251, 5.00000E+00,TRUE,0, 0.00000E+00, 3.72471E+00, 1.44551E+00, 3.03080E+00, 0.00000E+00, 0.00000E+00, 1.86300E-01, 0.00000E+00, 8.67553E-01, 1.44551E+03,-1.04274E+00, 2.01731E+00, 7.08034E-01,-1.41602E-02, 1.67499E-02,-4.35084E-03, 1.44554E+03,-1.04235E+00, 1.99861E+00, 7.13609E-01, 3.37961E+00,-4.22728E+00, 8.10542E+00, 2.89407E+00, 1.24327E+02, 2.67657E+01, 1.57167E+02, 6.72272E+01, 5.64637E-01, 2.62937E+00, 9.67717E+01, 2.99232E+01, 1.40499E-03,-4.87366E-04, 0.00000E+00, 0.00000E+00, 0.00000E+00,
 252, 5.02000E+00,TRUE,0, 0.00000E+00, 3.72457E+00, 1.44549E+00, 3.03068E+00, 0.00000E+00, 0.00000E+00, 1.86300E-01, 0.00000E+00, 8.67566E-01, 1.44549E+03,-1.04311E+00, 2.03598E+00, 7.02484E-01, 6.71387E-03, 1.67179E-02,-4.33123E-03, 1.44551E+03,-1.04274E+00, 2.01731E+00, 7.08034E-01, 3.37947E+00,-4.22868E+00, 8.18093E+00, 2.87134E+00, 1.28077E+02, 2.75868E+01, 1.59880E+02, 6.78206E+01, 5.64617E-01, 2.62932E+00, 9.69009E+01, 2.99229E+01, 1.41791E-03,-4.83544E-04, 0.00000E+00, 0.00000E+00, 0.00000E+00,
 253, 5.04000E+00,TRUE,0, 0.00000E+00, 3.72444E+00, 1.44547E+00, 3.03057E+00, 0.00000E+00, 0.00000E+00, 1.86301E-01, 0.00000E+00, 8.67581E-01, 1.44547E+03,-1.04348E+00, 2.05462E+00, 6.96958E-01, 2.75879E-02, 1.66848E-02,-4.31705E-03, 1.44549E+03,-1.04311E+00, 2.03598E+00, 7.02484E-01, 3.37939E+00,-4.23010E+00, 8.25645E+00, 2.84877E+00, 1.31897E+02, 2.84032E+01, 1.62616E+02, 6.84047E+01, 5.64599E-01, 2.62926E+00, 9.70248E+01, 2.99226E+01, 1.43081E-03,-4.79736E-04, 0.00000E+00, 0.00000E+00, 0.00000E+00,
 254, 5.06000E+00,TRUE,0, 2.17048E+03, 3.72430E+00, 1.44545E+00, 3.03046E+00, 8.59691E-02, 6.25618E-02, 1.86302E-01, 1.34601E-02, 8.67597E-01, 1.44546E+03,-1.04079E+00, 2.07322E+00, 6.91454E-01, 4.85840E-02, 1.66500E-02,-4.30721E-03, 1.44547E+03,-1.04348E+00, 2.05462E+00, 6.96958E-01, 3.37931E+00,-4.23149E+00, 8.33183E+00, 2.82629E+00, 1.24115E+02, 2.67032E+01, 1.56880E+02, 6.71518E+01, 5.64581E-01, 2.62921E+00, 9.67506E+01, 2.99224E+01, 1.44368E-03,-4.75941E-04, 0.00000E+00, 0.00000E+00, 0.00000E+00,
 255, 5.08000E+00,TRUE,0, 0.00000E+00, 3.72416E+00, 1.44543E+00, 3.03033E+00, 0.00000E+00, 0.00000E+00, 1.86304E-01, 0.00000E+00, 8.67616E-01, 1.44543E+03,-1.04113E+00, 2.09181E+00, 6.85972E-01, 6.53076E-02, 1.67069E-02,-4.29857E-03, 1.44546E+03,-1.04079E+00, 2.07322E+00, 6.91454E-01, 3.37923E+00,-4.22051E+00, 8.40708E+00, 2.80390E+00, 1.27857E+02, 2.75240E+01, 1.59590E+02, 6.77463E+01, 5.64564E-01, 2.62916E+00, 9.68806E+01, 2.99221E+01, 1.45659E-03,-4.72159E-04, 0.00000E+00, 0.00000E+00, 0.00000E+00,
 256, 5.10000E+00,TRUE,0, 0.00000E+00, 3.72403E+00, 1.44541E+00, 3.03022E+00, 0.00000E+00, 0.00000E+00, 1.86306E-01, 0.00000E+00, 8.67632E-01, 1.44541E+03,-1.04145E+00, 2.11037E+00, 6.80511E-01, 8.61816E-02, 1.66514E-02,-4.29481E-03, 1.44543E+03,-1.04113E+00, 2.09181E+00, 6.85972E-01, 3.37921E+00,-4.22183E+00, 8.48242E+00, 2.78166E+00, 1.31671E+02, 2.83402E+01, 1.62323E+02, 6.83315E+01, 5.64547E-01, 2.62911E+00, 9.70053E+01, 2.99218E+01, 1.46942E-03,-4.68389E-04, 0.00000E+00, 0.00000E+00, 0.00000E+00,
 257, 5.12000E+00,TRUE,0, 1.96853E+03, 3.72390E+00, 1.44539E+00, 3.03011E+00, 9.46677E-02, 6.88614E-02, 1.86307E-01, 1.48088E-02, 8.67648E-01, 1.44540E+03,-1.03439E+00, 2.12889E+00, 6.75070E-01, 1.07056E-01, 1.65975E-02,-4.29255E-03, 1.44541E+03,-1.04145E+00, 2.11037E+00, 6.80511E-01, 3.37913E+00,-4.22305E+00, 8.55747E+00, 2.75945E+00, 1.22723E+02, 2.63918E+01, 1.55745E+02, 6.69000E+01, 5.64530E-01, 2.62907E+00, 9.66934E+01, 2.99215E+01, 1.48222E-03,-4.64633E-04, 0.00000E+00, 0.00000E+00, 0.00000E+00,
 258, 5.14000E+00,TRUE,0, 0.00000E+00, 3.72379E+00, 1.44538E+00, 3.03002E+00, 0.00000E+00, 0.00000E+00, 1.86308E-01, 0.00000E+00, 8.67660E-01, 1.44538E+03,-1.03467E+00, 2.14739E+00, 6.69650E-01, 1.17676E-01, 1.66476E-02,-4.28641E-03, 1.44540E+03,-1.03439E+00, 2.12889E+00, 6.75070E-01, 3.37906E+00,-4.19433E+00, 8.63236E+00, 2.73732E+00, 1.26436E+02, 2.72139E+01, 1.58444E+02, 6.74985E+01, 5.64515E-01, 2.62902E+00, 9.68257E+01, 2.99213E+01, 1.49506E-03,-4.60890E-04, 0.00000E+00, 0.00000E+00, 0.00000E+00,
 259, 5.16000E+00,TRUE,0, 0.00000E+00, 3.72366E+00, 1.44536E+00, 3.02991E+00, 0.00000E+00, 0.00000E+00, 1.86309E-01, 0.00000E+00, 8.67676E-01, 1.44536E+03,-1.03494E+00, 2.16588E+00, 6.64249E-01, 1.38428E-01, 1.66628E-02,-4.28641E-03, 1.44538E+03,-1.03467E+00, 2.14739E+00, 6.69650E-01, 3.37912E+00,-4.19553E+00, 8.70757E+00, 2.71540E+00, 1.30220E+02, 2.80314E+01, 1.61168E+02, 6.80875E+01, 5.64500E-01, 2.62898E+00, 9.69526E+01, 2.99210E+01, 1.50788E-03,-4.57160E-04, 0.00000E+00, 0.00000E+00, 0.00000E+00,
 260, 5.18000E+00,TRUE,0, 1.82377E+03, 3.72353E+00, 1.44534E+00, 3.02980E+00, 1.01078E-01, 7.35154E-02, 1.86311E-01, 1.58157E-02, 8.67693E-01, 1.44536E+03,-1.02349E+00, 2.18434E+00, 6.58866E-01, 1.59180E-01, 1.66645E-02,-4.28629E-03, 1.44536E+03,-1.03494E+00, 2.16588E+00, 6.64249E-01, 3.37905E+00,-4.19652E+00, 8.78231E+00, 2.69343E+00, 1.20523E+02, 2.59286E+01, 1.54058E+02, 6.65468E+01, 5.64484E-01, 2.62893E+00, 9.66183E+01, 2.99208E+01, 1.52068E-03,-4.53442E-04, 0.00000E+00, 0.00000E+00, 0.00000E+00,
 261, 5.20000E+00,TRUE,0, 0.00000E+00, 3.72346E+00, 1.44534E+00, 3.02974E+00, 0.00000E+00, 0.00000E+00, 1.86310E-01, 0.00000E+00, 8.67697E-01, 1.44534E+03,-1.02369E+00, 2.20276E+00, 6.53503E-01, 1.63696E-01, 1.65925E-02,-4.27830E-03, 1.44536E+03,-1.02349E+00, 2.18434E+00, 6.58866E-01, 3.37897E+00,-4.15002E+00, 8.85696E+00, 2.67154E+00, 1.24193E+02, 2.67531E+01, 1.56744E+02, 6.71509E+01, 5.64471E-01, 2.62890E+00, 9.67536E+01, 2.99205E+01, 1.53339E-03,-4.49738E-04, 0.00000E+00, 0.00000E+00, 0.00000E+00,
 262, 5.22000E+00,TRUE,0, 0.00000E+00, 3.72333E+00, 1.44532E+00, 3.02963E+00, 0.00000E+00, 0.00000E+00, 1.86312E-01, 0.00000E+00, 8.67715E-01, 1.44532E+03,-1.02389E+00, 2.22114E+00, 6.48159E-01, 1.84204E-01, 1.64993E-02,-4.27842E-03, 1.44534E+03,-1.02369E+00, 2.20276E+00, 6.53503E-01, 3.37912E+00,-4.15102E+00, 8.93208E+00, 2.64992E+00, 1.27933E+02, 2.75729E+01, 1.59454E+02, 6.77456E+01, 5.64457E-01, 2.62885E+00, 9.68835E+01, 2.99203E+01, 1.54608E-03,-4.46046E-04, 0.00000E+00, 0.00000E+00, 0.00000E+00,
 263, 5.24000E+00,TRUE,0, 0.00000E+00, 3.72321E+00, 1.44530E+00, 3.02952E+00, 0.00000E+00, 0.00000E+00, 1.86314E-01, 0.00000E+00, 8.67732E-01, 1.44530E+03,-1.02407E+00, 2.23949E+00, 6.42832E-01, 2.04712E-01, 1.64139E-02,-4.27759E-03, 1.44532E+03,-1.02389E+00, 2.22114E+00, 6.48159E-01, 3.37905E+00,-4.15171E+00, 9.00642E+00, 2.62819E+00, 1.31745E+02, 2.83881E+01, 1.62187E+02, 6.83308E+01, 5.64443E-01, 2.62881E+00, 9.70081E+01, 2.99201E+01, 1.55874E-03,-4.42368E-04, 0.00000E+00, 0.00000E+00, 0.00000E+00,
 264, 5.25999E+00,TRUE,0, 2.17013E+03, 3.72308E+00, 1.44527E+00, 3.02941E+00, 8.59349E-02, 6.24975E-02, 1.86316E-01, 1.34547E-02, 8.67749E-01, 1.44529E+03,-1.01018E+00, 2.25779E+00, 6.37523E-01, 2.25220E-01, 1.63360E-02,-4.27544E-03, 1.44530E+03,-1.02407E+00, 2.23949E+00, 6.42832E-01, 3.37897E+00,-4.15238E+00, 9.08059E+00, 2.60653E+00, 1.23972E+02, 2.66893E+01, 1.56467E+02, 6.70819E+01, 5.64429E-01, 2.62877E+00, 9.67349E+01, 2.99198E+01, 1.57138E-03,-4.38702E-04, 0.00000E+00, 0.00000E+00, 0.00000E+00,
 265, 5.27999E+00,TRUE,0, 0.00000E+00, 3.72304E+00, 1.44527E+00, 3.02939E+00, 0.00000E+00, 0.00000E+00, 1.86314E-01, 0.00000E+00, 8.67746E-01, 1.44527E+03,-1.01029E+00, 2.27607E+00, 6.32250E-01, 2.26196E-01, 1.63827E-02,-4.17691E-03, 1.44529E+03,-1.01018E+00, 2.25779E+00, 6.37523E-01, 3.37890E+00,-4.09594E+00, 9.15460E+00, 2.58495E+00, 1.27706E+02, 2.75090E+01, 1.59174E+02, 6.76776E+01, 5.64417E-01, 2.62874E+00, 9.68655E+01, 2.99196E+01, 1.58406E-03,-4.35109E-04, 0.00000E+00, 0.00000E+00, 0.00000E+00,
 266, 5.29999E+00,TRUE,0, 0.00000E+00, 3.72292E+00, 1.44525E+00, 3.02928E+00, 0.00000E+00, 0.00000E+00, 1.86317E-01, 0.00000E+00, 8.67765E-01, 1.44525E+03,-1.01040E+00, 2.29433E+00, 6.27008E-01, 2.46460E-01, 1.63810E-02,-4.10539E-03, 1.44527E+03,-1.01029E+00, 2.27607E+00, 6.32250E-01, 3.37910E+00,-4.09666E+00, 9.22930E+00, 2.56373E+00, 1.31511E+02, 2.83241E+01, 1.61905E+02, 6.82639E+01, 5.64405E-01, 2.62870E+00, 9.69909E+01, 2.99194E+01, 1.59672E-03,-4.31528E-04, 0.00000E+00, 0.00000E+00, 0.00000E+00,
 267, 5.31999E+00,TRUE,0, 1.96822E+03, 3.72280E+00, 1.44523E+00, 3.02917E+00, 9.46276E-02, 6.87863E-02, 1.86319E-01, 1.48024E-02, 8.67782E-01, 1.44526E+03,-9.92157E-01, 2.31256E+00, 6.21796E-01, 2.66724E-01, 1.63691E-02,-4.04823E-03, 1.44525E+03,-1.01040E+00, 2.29433E+00, 6.27008E-01, 3.37902E+00,-4.09700E+00, 9.30312E+00, 2.54241E+00, 1.22575E+02, 2.63775E+01, 1.55346E+02, 6.68367E+01, 5.64392E-01, 2.62866E+00, 9.66800E+01, 2.99192E+01, 1.60935E-03,-4.27960E-04, 0.00000E+00, 0.00000E+00, 0.00000E+00,
 268, 5.33999E+00,TRUE,0, 0.00000E+00, 3.72279E+00, 1.44524E+00, 3.02918E+00, 0.00000E+00, 0.00000E+00, 1.86315E-01, 0.00000E+00, 8.67773E-01, 1.44524E+03,-9.92178E-01, 2.33077E+00, 6.16615E-01, 2.61475E-01, 1.63910E-02,-3.99226E-03, 1.44526E+03,-9.92157E-01, 2.31256E+00, 6.21796E-01, 3.37895E+00,-4.02294E+00, 9.37684E+00, 2.52122E+00, 1.26280E+02, 2.71987E+01, 1.58043E+02, 6.74363E+01, 5.64383E-01, 2.62864E+00, 9.68128E+01, 2.99191E+01, 1.62195E-03,-4.24405E-04, 0.00000E+00, 0.00000E+00, 0.00000E+00,
 269, 5.35999E+00,TRUE,0, 0.00000E+00, 3.72268E+00, 1.44522E+00, 3.02908E+00, 0.00000E+00, 0.00000E+00, 1.86318E-01, 0.00000E+00, 8.67792E-01, 1.44522E+03,-9.92196E-01, 2.34896E+00, 6.11459E-01, 2.81372E-01, 1.63574E-02,-3.95972E-03, 1.44524E+03,-9.92178E-01, 2.33077E+00, 6.16615E-01, 3.37924E+00,-4.02337E+00, 9.45150E+00, 2.50043E+00, 1.30056E+02, 2.80153E+01, 1.60764E+02, 6.80263E+01, 5.64372E-01, 2.62861E+00, 9.69403E+01, 2.99189E+01, 1.63454E-03,-4.20862E-04, 0.00000E+00, 0.00000E+00, 0.00000E+00,
 270, 5.37999E+00,TRUE,0, 1.82349E+03, 3.72256E+00, 1.44520E+00, 3.02897E+00, 1.01033E-01, 7.34317E-02, 1.86321E-01, 1.58087E-02, 8.67810E-01, 1.44523E+03,-9.70087E-01, 2.36711E+00, 6.06329E-01, 3.01270E-01, 1.63186E-02,-3.93569E-03, 1.44522E+03,-9.92196E-01, 2.34896E+00, 6.11459E-01, 3.37917E+00,-4.02336E+00, 9.52503E+00, 2.47947E+00, 1.20374E+02, 2.59146E+01, 1.53676E+02, 6.64902E+01, 5.64361E-01, 2.62857E+00, 9.66069E+01, 2.99187E+01, 1.64710E-03,-4.17331E-04, 0.00000E+00, 0.00000E+00, 0.00000E+00,
 271, 5.39999E+00,TRUE,0, 0.00000E+00, 3.72259E+00, 1.44521E+00, 3.02901E+00, 0.00000E+00, 0.00000E+00, 1.86316E-01, 0.00000E+00, 8.67794E-01, 1.44521E+03,-9.70004E-01, 2.38522E+00, 6.01225E-01, 2.90283E-01, 1.62411E-02,-3.90553E-03, 1.44523E+03,-9.70087E-01, 2.36711E+00, 6.06329E-01, 3.37910E+00,-3.93363E+00, 9.59843E+00, 2.45862E+00, 1.24036E+02, 2.67382E+01, 1.56359E+02, 6.70953E+01, 5.64353E-01, 2.62856E+00, 9.67427E+01, 2.99186E+01, 1.65957E-03,-4.13813E-04, 0.00000E+00, 0.00000E+00, 0.00000E+00,
 272, 5.41999E+00,TRUE,0, 0.00000E+00, 3.72248E+00, 1.44519E+00, 3.02891E+00, 0.00000E+00, 0.00000E+00, 1.86319E-01, 0.00000E+00, 8.67815E-01, 1.44519E+03,-9.69919E-01, 2.40330E+00, 5.96143E-01, 3.09692E-01, 1.62046E-02,-3.89624E-03, 1.44521E+03,-9.70004E-01, 2.38522E+00, 6.01225E-01, 3.37947E+00,-3.93372E+00, 9.67294E+00, 2.43819E+00, 1.27768E+02, 2.75573E+01, 1.59067E+02, 6.76908E+01, 5.64345E-01, 2.62853E+00, 9.68729E+01, 2.99184E+01, 1.67209E-03,-4.10308E-04, 0.00000E+00, 0.00000E+00, 0.00000E+00,
 273, 5.43999E+00,TRUE,0, 0.00000E+00, 3.72237E+00, 1.44517E+00, 3.02881E+00, 0.00000E+00, 0.00000E+00, 1.86322E-01, 0.00000E+00, 8.67833E-01, 1.44517E+03,-9.69833E-01, 2.42135E+00, 5.91082E-01, 3.29102E-01, 1.61643E-02,-3.89087E-03, 1.44519E+03,-9.69919E-01, 2.40330E+00, 5.96143E-01, 3.37940E+00,-3.93330E+00, 9.74606E+00, 2.41753E+00, 1.31572E+02, 2.83717E+01, 1.61798E+02, 6.82770E+01, 5.64335E-01, 2.62850E+00, 9.69980E+01, 2.99182E+01, 1.68458E-03,-4.06814E-04, 0.00000E+00, 0.00000E+00, 0.00000E+00,
 274, 5.45999E+00,TRUE,0, 2.16984E+03, 3.72226E+00, 1.44515E+00, 3.02871E+00, 8.58922E-02, 6.24222E-02, 1.86325E-01, 1.34486E-02, 8.67849E-01, 1.44518E+03,-9.47990E-01, 2.43936E+00, 5.86042E-01, 3.48511E-01, 1.61214E-02,-3.88855E-03, 1.44517E+03,-9.69833E-01, 2.42135E+00, 5.91082E-01, 3.37934E+00,-3.93287E+00, 9.81906E+00, 2.39696E+00, 1.23812E+02, 2.66749E+01, 1.56097E+02, 6.70322E+01, 5.64324E-01, 2.62846E+00, 9.67256E+01, 2.99180E+01, 1.69704E-03,-4.03334E-04, 0.00000E+00, 0.00000E+00, 0.00000E+00,
 275, 5.47999E+00,TRUE,0, 0.00000E+00, 3.72229E+00, 1.44516E+00, 3.02875E+00, 0.00000E+00, 0.00000E+00, 1.86320E-01, 0.00000E+00, 8.67832E-01, 1.44516E+03,-9.47809E-01, 2.45735E+00, 5.81024E-01, 3.37646E-01, 1.61288E-02,-3.87603E-03, 1.44518E+03,-9.47990E-01, 2.43936E+00, 5.86042E-01, 3.37927E+00,-3.84422E+00, 9.89192E+00, 2.37647E+00, 1.27538E+02, 2.74939E+01, 1.58803E+02, 6.76287E+01, 5.64317E-01, 2.62845E+00, 9.68566E+01, 2.99179E+01, 1.70948E-03,-3.99865E-04, 0.00000E+00, 0.00000E+00, 0.00000E+00,
 276, 5.49999E+00,TRUE,0, 0.00000E+00, 3.72219E+00, 1.44514E+00, 3.02866E+00, 0.00000E+00, 0.00000E+00, 1.86323E-01, 0.00000E+00, 8.67851E-01, 1.44514E+03,-9.47628E-01, 2.47531E+00, 5.76024E-01, 3.56689E-01, 1.60732E-02,-3.87937E-03, 1.44516E+03,-9.47809E-01, 2.45735E+00, 5.81024E-01, 3.37964E+00,-3.84390E+00, 9.96596E+00, 2.35638E+00, 1.31335E+02, 2.83084E+01, 1.61531E+02, 6.82158E+01, 5.64309E-01, 2.62842E+00, 9.69824E+01, 2.99178E+01, 1.72190E-03,-3.96409E-04, 0.00000E+00, 0.00000E+00, 0.00000E+00,
 277, 5.51999E+00,TRUE,0, 1.96797E+03, 3.72208E+00, 1.44512E+00, 3.02856E+00, 9.45787E-02, 6.87020E-02, 1.86326E-01, 1.47960E-02, 8.67868E-01, 1.44516E+03,-9.21634E-01, 2.49323E+00, 5.71043E-01, 3.75732E-01, 1.60179E-02,-3.88318E-03, 1.44514E+03,-9.47628E-01, 2.47531E+00, 5.76024E-01, 3.37957E+00,-3.84309E+00, 1.00386E+01, 2.33606E+00, 1.22416E+02, 2.63641E+01, 1.54994E+02, 6.67930E+01, 5.64299E-01, 2.62839E+00, 9.66722E+01, 2.99176E+01, 1.73429E-03,-3.92965E-04, 0.00000E+00, 0.00000E+00, 0.00000E+00,
 278, 5.53999E+00,TRUE,0, 0.00000E+00, 3.72215E+00, 1.44514E+00, 3.02864E+00, 0.00000E+00, 0.00000E+00, 1.86320E-01, 0.00000E+00, 8.67844E-01, 1.44514E+03,-9.21344E-01, 2.51114E+00, 5.66082E-01, 3.58643E-01, 1.61133E-02,-3.87263E-03, 1.44516E+03,-9.21634E-01, 2.49323E+00, 5.71043E-01, 3.37951E+00,-3.73760E+00, 1.01111E+01, 2.31581E+00, 1.26113E+02, 2.71847E+01, 1.57690E+02, 6.73933E+01, 5.64294E-01, 2.62839E+00, 9.68053E+01, 2.99176E+01, 1.74672E-03,-3.89534E-04, 0.00000E+00, 0.00000E+00, 0.00000E+00,
 279, 5.55999E+00,TRUE,0, 0.00000E+00, 3.72205E+00, 1.44512E+00, 3.02855E+00, 0.00000E+00, 0.00000E+00, 1.86323E-01, 0.00000E+00, 8.67865E-01, 1.44512E+03,-9.21057E-01, 2.52903E+00, 5.61139E-01, 3.77075E-01, 1.61171E-02,-3.87853E-03, 1.44514E+03,-9.21344E-01, 2.51114E+00, 5.66082E-01, 3.37996E+00,-3.73693E+00, 1.01851E+01, 2.29600E+00, 1.29882E+02, 2.80007E+01, 1.60409E+02, 6.79841E+01, 5.64288E-01, 2.62837E+00, 9.69331E+01, 2.99175E+01, 1.75912E-03,-3.86115E-04, 0.00000E+00, 0.00000E+00, 0.00000E+00,
 280, 5.57999E+00,TRUE,0, 1.82327E+03, 3.72195E+00, 1.44510E+00, 3.02846E+00, 1.00979E-01, 7.33413E-02, 1.86326E-01, 1.58024E-02, 8.67882E-01, 1.44514E+03,-8.91765E-01, 2.54688E+00, 5.56212E-01, 3.95508E-01, 1.60203E-02,-3.88336E-03, 1.44512E+03,-9.21057E-01, 2.52903E+00, 5.61139E-01, 3.37990E+00,-3.73569E+00, 1.02575E+01, 2.27591E+00, 1.20218E+02, 2.59026E+01, 1.53345E+02, 6.64524E+01, 5.64280E-01, 2.62834E+00, 9.66005E+01, 2.99173E+01, 1.77144E-03,-3.82708E-04, 0.00000E+00, 0.00000E+00, 0.00000E+00,
 281, 5.59999E+00,TRUE,0, 0.00000E+00, 3.72204E+00, 1.44513E+00, 3.02856E+00, 0.00000E+00, 0.00000E+00, 1.86319E-01, 0.00000E+00, 8.67853E-01, 1.44513E+03,-8.91359E-01, 2.56469E+00, 5.51305E-01, 3.73535E-01, 1.59166E-02,-3.87132E-03, 1.44514E+03,-8.91765E-01, 2.54688E+00, 5.56212E-01, 3.37984E+00,-3.61682E+00, 1.03297E+01, 2.25589E+00, 1.23873E+02, 2.67257E+01, 1.56027E+02, 6.70581E+01, 5.64278E-01, 2.62834E+00, 9.67365E+01, 2.99173E+01, 1.78368E-03,-3.79313E-04, 0.00000E+00, 0.00000E+00, 0.00000E+00,
 282, 5.61999E+00,TRUE,0, 0.00000E+00, 3.72195E+00, 1.44511E+00, 3.02847E+00, 0.00000E+00, 0.00000E+00, 1.86323E-01, 0.00000E+00, 8.67874E-01, 1.44511E+03,-8.90958E-01, 2.58245E+00, 5.46414E-01, 3.91357E-01, 1.58386E-02,-3.87627E-03, 1.44513E+03,-8.91359E-01, 2.56469E+00, 5.51305E-01, 3.38036E+00,-3.61574E+00, 1.04035E+01, 2.23633E+00, 1.27598E+02, 2.75442E+01, 1.58733E+02, 6.76542E+01, 5.64273E-01, 2.62833E+00, 9.68670E+01, 2.99172E+01, 1.79595E-03,-3.75931E-04, 0.00000E+00, 0.00000E+00, 0.00000E+00,
 283, 5.63999E+00,TRUE,0, 0.00000E+00, 3.72186E+00, 1.44509E+00, 3.02838E+00, 0.00000E+00, 0.00000E+00, 1.86326E-01, 0.00000E+00, 8.67892E-01, 1.44509E+03,-8.90561E-01, 2.60018E+00, 5.41540E-01, 4.09180E-01, 1.57654E-02,-3.87931E-03, 1.44511E+03,-8.90958E-01, 2.58245E+00, 5.46414E-01, 3.38030E+00,-3.61405E+00, 1.04754E+01, 2.21645E+00, 1.31395E+02, 2.83582E+01, 1.61463E+02, 6.82410E+01, 5.64266E-01, 2.62831E+00, 9.69923E+01, 2.99171E+01, 1.80820E-03,-3.72560E-04, 0.00000E+00, 0.00000E+00, 0.00000E+00,
 284, 5.65999E+00,TRUE,0, 2.16961E+03, 3.72177E+00, 1.44507E+00, 3.02830E+00, 8.58432E-02, 6.23441E-02, 1.86329E-01, 1.34436E-02, 8.67907E-01, 1.44511E+03,-8.63548E-01, 2.61787E+00, 5.36682E-01, 4.27002E-01, 1.56970E-02,-3.88056E-03, 1.44509E+03,-8.90561E-01, 2.60018E+00, 5.41540E-01, 3.38024E+00,-3.61238E+00, 1.05471E+01, 2.19664E+00, 1.23651E+02, 2.66636E+01, 1.55783E+02, 6.70000E+01, 5.64258E-01, 2.62828E+00, 9.67205E+01, 2.99169E+01, 1.82042E-03,-3.69202E-04, 0.00000E+00, 0.00000E+00, 0.00000E+00,
 285, 5.67999E+00,TRUE,0, 0.00000E+00, 3.72185E+00, 1.44509E+00, 3.02839E+00, 0.00000E+00, 0.00000E+00, 1.86322E-01, 0.00000E+00, 8.67880E-01, 1.44509E+03,-8.63047E-01, 2.63554E+00, 5.31842E-01, 4.07715E-01, 1.57888E-02,-3.86614E-03, 1.44511E+03,-8.63548E-01, 2.61787E+00, 5.36682E-01, 3.38019E+00,-3.50274E+00, 1.06186E+01, 2.17690E+00, 1.27370E+02, 2.74822E+01, 1.58486E+02, 6.75970E+01, 5.64256E-01, 2.62828E+00, 9.68517E+01, 2.99169E+01, 1.83268E-03,-3.65856E-04, 0.00000E+00, 0.00000E+00, 0.00000E+00,
 286, 5.69999E+00,TRUE,0, 0.00000E+00, 3.72176E+00, 1.44507E+00, 3.02830E+00, 0.00000E+00, 0.00000E+00, 1.86326E-01, 0.00000E+00, 8.67899E-01, 1.44507E+03,-8.62553E-01, 2.65319E+00, 5.27035E-01, 4.25049E-01, 1.57859E-02,-3.77965E-03, 1.44509E+03,-8.63047E-01, 2.63554E+00, 5.31842E-01, 3.38066E+00,-3.50121E+00, 1.06918E+01, 2.15757E+00, 1.31161E+02, 2.82963E+01, 1.61214E+02, 6.81846E+01, 5.64251E-01, 2.62826E+00, 9.69776E+01, 2.99168E+01, 1.84491E-03,-3.62583E-04, 0.00000E+00, 0.00000E+00, 0.00000E+00,
 287, 5.71999E+00,TRUE,0, 1.96776E+03, 3.72168E+00, 1.44506E+00, 3.02822E+00, 9.45240E-02, 6.86172E-02, 1.86329E-01, 1.47913E-02, 8.67915E-01, 1.44500E+03,-9.00326E-01, 2.67080E+00, 5.22257E-01,-5.57617E-01, 1.56858E-02,-3.70920E-03, 1.44507E+03,-8.62553E-01, 2.65319E+00, 5.27035E-01, 3.38061E+00,-3.49914E+00, 1.07633E+01, 2.13804E+00, 1.22259E+02, 2.63544E+01, 1.54699E+02, 6.67658E+01, 5.64244E-01, 2.62824E+00, 9.66680E+01, 2.99167E+01, 1.85706E-03,-3.59321E-04, 0.00000E+00, 0.00000E+00, 0.00000E+00,
 288, 5.73999E+00,TRUE,0, 0.00000E+00, 3.72119E+00, 1.44499E+00, 3.02774E+00, 0.00000E+00, 0.00000E+00, 1.86351E-01, 0.00000E+00, 8.68022E-01, 1.44499E+03,-9.00006E-01, 2.68836E+00, 5.17505E-01,-4.86816E-01, 1.55797E-02,-3.67200E-03, 1.44500E+03,-9.00326E-01, 2.67080E+00, 5.22257E-01, 3.38055E+00,-3.65232E+00, 1.08345E+01, 2.11862E+00, 1.25951E+02, 2.71747E+01, 1.57394E+02, 6.73665E+01, 5.64223E-01, 2.62815E+00, 9.68013E+01, 2.99162E+01, 1.86924E-03,-3.56071E-04, 0.00000E+00, 0.00000E+00, 0.00000E+00,
 289, 5.75999E+00,TRUE,0, 0.00000E+00, 3.72108E+00, 1.44497E+00, 3.02765E+00, 0.00000E+00, 0.00000E+00, 1.86350E-01, 0.00000E+00, 8.68022E-01, 1.44497E+03,-8.99688E-01, 2.70589E+00, 5.12780E-01,-4.68750E-01, 1.55816E-02,-3.62384E-03, 1.44499E+03,-9.00006E-01, 2.68836E+00, 5.17505E-01, 3.37973E+00,-3.65013E+00, 1.09031E+01, 2.09883E+00, 1.29713E+02, 2.79903E+01, 1.60112E+02, 6.79577E+01, 5.64202E-01, 2.62807E+00, 9.69292E+01, 2.99159E+01, 1.88140E-03,-3.52832E-04, 0.00000E+00, 0.00000E+00, 0.00000E+00,
 290, 5.77999E+00,TRUE,0, 1.82297E+03, 3.72097E+00, 1.44495E+00, 3.02757E+00, 1.00927E-01, 7.32573E-02, 1.86349E-01, 1.57991E-02, 8.68025E-01, 1.44491E+03,-9.32388E-01, 2.72340E+00, 5.08081E-01,-4.50684E-01, 1.55740E-02,-3.58617E-03, 1.44497E+03,-8.99688E-01, 2.70589E+00, 5.12780E-01, 3.37967E+00,-3.64878E+00, 1.09740E+01, 2.07963E+00, 1.20067E+02, 2.58945E+01, 1.53071E+02, 6.64297E+01, 5.64184E-01, 2.62801E+00, 9.65970E+01, 2.99156E+01, 1.89354E-03,-3.49606E-04, 0.00000E+00, 0.00000E+00, 0.00000E+00,
 291, 5.79999E+00,TRUE,0, 0.00000E+00, 3.72050E+00, 1.44489E+00, 3.02712E+00, 0.00000E+00, 0.00000E+00, 1.86367E-01, 0.00000E+00, 8.68116E-01, 1.44489E+03,-9.32214E-01, 2.74085E+00, 5.03404E-01,-3.86475E-01, 1.53816E-02,-3.57366E-03, 1.44491E+03,-9.32388E-01, 2.72340E+00, 5.08081E-01, 3.37961E+00,-3.78133E+00, 1.10448E+01, 2.06054E+00, 1.23717E+02, 2.67173E+01, 1.55752E+02, 6.70358E+01, 5.64155E-01, 2.62789E+00, 9.67331E+01, 2.99151E+01, 1.90559E-03,-3.46391E-04, 0.00000E+00, 0.00000E+00, 0.00000E+00,
 292, 5.81999E+00,TRUE,0, 0.00000E+00, 3.72038E+00, 1.44487E+00, 3.02703E+00, 0.00000E+00, 0.00000E+00, 1.86364E-01, 0.00000E+00, 8.68113E-01, 1.44487E+03,-9.32040E-01, 2.75826E+00, 4.98749E-01,-3.67798E-01, 1.53906E-02,-3.54922E-03, 1.44489E+03,-9.32214E-01, 2.74085E+00, 5.03404E-01, 3.37889E+00,-3.77982E+00, 1.11132E+01, 2.04113E+00, 1.27437E+02, 2.75356E+01, 1.58458E+02, 6.76323E+01, 5.64129E-01, 2.62781E+00, 9.68638E+01, 2.99148E+01, 1.91768E-03,-3.43188E-04, 0.00000E+00, 0.00000E+00, 0.00000E+00,
 293, 5.83999E+00,TRUE,0, 0.00000E+00, 3.72026E+00, 1.44485E+00, 3.02694E+00, 0.00000E+00, 0.00000E+00, 1.86362E-01, 0.00000E+00, 8.68115E-01, 1.44485E+03,-9.31865E-01, 2.77564E+00, 4.94117E-01,-3.49121E-01, 1.53031E-02,-3.53110E-03, 1.44487E+03,-9.32040E-01, 2.75826E+00, 4.98749E-01, 3.37883E+00,-3.77904E+00, 1.11836E+01, 2.02223E+00, 1.31227E+02, 2.83493E+01, 1.61186E+02, 6.82195E+01, 5.64106E-01, 2.62774E+00, 9.69892E+01, 2.99145E+01, 1.92968E-03,-3.39997E-04, 0.00000E+00, 0.00000E+00, 0.00000E+00,
 294, 5.85999E+00,TRUE,0, 2.16915E+03, 3.72014E+00, 1.44483E+00, 3.02686E+00, 8.58017E-02, 6.22776E-02, 1.86361E-01, 1.34423E-02, 8.68122E-01, 1.44480E+03,-9.52269E-01, 2.79297E+00, 4.89506E-01,-3.30444E-01, 1.52252E-02,-3.51810E-03, 1.44485E+03,-9.31865E-01, 2.77564E+00, 4.94117E-01, 3.37877E+00,-3.77826E+00, 1.12539E+01, 2.00341E+00, 1.23498E+02, 2.66564E+01, 1.55525E+02, 6.69813E+01, 5.64087E-01, 2.62768E+00, 9.67177E+01, 2.99143E+01, 1.94165E-03,-3.36817E-04, 0.00000E+00, 0.00000E+00, 0.00000E+00,
 295, 5.87999E+00,TRUE,0, 0.00000E+00, 3.71979E+00, 1.44478E+00, 3.02652E+00, 0.00000E+00, 0.00000E+00, 1.86372E-01, 0.00000E+00, 8.68189E-01, 1.44478E+03,-9.52180E-01, 2.81026E+00, 4.84914E-01,-2.82837E-01, 1.51846E-02,-3.51891E-03, 1.44480E+03,-9.52269E-01, 2.79297E+00, 4.89506E-01, 3.37870E+00,-3.86092E+00, 1.13239E+01, 1.98468E+00, 1.27212E+02, 2.74748E+01, 1.58228E+02, 6.75787E+01, 5.64060E-01, 2.62760E+00, 9.68490E+01, 2.99139E+01, 1.95366E-03,-3.33649E-04, 0.00000E+00, 0.00000E+00, 0.00000E+00,
 296, 5.89999E+00,TRUE,0, 0.00000E+00, 3.71967E+00, 1.44476E+00, 3.02643E+00, 0.00000E+00, 0.00000E+00, 1.86370E-01, 0.00000E+00, 8.68193E-01, 1.44476E+03,-9.52089E-01, 2.82753E+00, 4.80341E-01,-2.63794E-01, 1.52001E-02,-3.51113E-03, 1.44478E+03,-9.52180E-01, 2.81026E+00, 4.84914E-01, 3.37823E+00,-3.86002E+00, 1.13924E+01, 1.96578E+00, 1.30997E+02, 2.82887E+01, 1.60955E+02, 6.81666E+01, 5.64037E-01, 2.62753E+00, 9.69750E+01, 2.99136E+01, 1.96565E-03,-3.30493E-04, 0.00000E+00, 0.00000E+00, 0.00000E+00,
 297, 5.91999E+00,TRUE,0, 1.96724E+03, 3.71955E+00, 1.44474E+00, 3.02634E+00, 9.44825E-02, 6.85495E-02, 1.86369E-01, 1.47912E-02, 8.68201E-01, 1.44472E+03,-9.68773E-01, 2.84477E+00, 4.75788E-01,-2.44751E-01, 1.52056E-02,-3.50577E-03, 1.44476E+03,-9.52089E-01, 2.82753E+00, 4.80341E-01, 3.37816E+00,-3.85957E+00, 1.14622E+01, 1.94720E+00, 1.22112E+02, 2.63486E+01, 1.54461E+02, 6.67505E+01, 5.64017E-01, 2.62747E+00, 9.66656E+01, 2.99134E+01, 1.97761E-03,-3.27349E-04, 0.00000E+00, 0.00000E+00, 0.00000E+00,
 298, 5.93999E+00,TRUE,0, 0.00000E+00, 3.71922E+00, 1.44470E+00, 3.02604E+00, 0.00000E+00, 0.00000E+00, 1.86380E-01, 0.00000E+00, 8.68262E-01, 1.44470E+03,-9.68749E-01, 2.86199E+00, 4.71251E-01,-2.02148E-01, 1.52402E-02,-3.50991E-03, 1.44472E+03,-9.68773E-01, 2.84477E+00, 4.75788E-01, 3.37809E+00,-3.92713E+00, 1.15319E+01, 1.92871E+00, 1.25798E+02, 2.71686E+01, 1.57155E+02, 6.73515E+01, 5.63991E-01, 2.62739E+00, 9.67990E+01, 2.99130E+01, 1.98961E-03,-3.24216E-04, 0.00000E+00, 0.00000E+00, 0.00000E+00,
 299, 5.95999E+00,TRUE,0, 0.00000E+00, 3.71910E+00, 1.44468E+00, 3.02594E+00, 0.00000E+00, 0.00000E+00, 1.86378E-01, 0.00000E+00, 8.68267E-01, 1.44468E+03,-9.68720E-01, 2.87918E+00, 4.66732E-01,-1.82739E-01, 1.52180E-02,-3.50603E-03, 1.44470E+03,-9.68749E-01, 2.86199E+00, 4.71251E-01, 3.37769E+00,-3.92656E+00, 1.16003E+01, 1.91009E+00, 1.29556E+02, 2.79841E+01, 1.59872E+02, 6.79430E+01, 5.63969E-01, 2.62733E+00, 9.69270E+01, 2.99127E+01, 2.00152E-03,-3.21094E-04, 0.00000E+00, 0.00000E+00, 0.00000E+00,
 300, 5.97999E+00,TRUE,0, 1.82251E+03, 3.71898E+00, 1.44466E+00, 3.02585E+00, 1.00882E-01, 7.31867E-02, 1.86377E-01, 1.57996E-02, 8.68276E-01, 1.44465E+03,-9.80642E-01, 2.89633E+00, 4.62231E-01,-1.63330E-01, 1.51899E-02,-3.50291E-03, 1.44468E+03,-9.68720E-01, 2.87918E+00, 4.66732E-01, 3.37763E+00,-3.92637E+00, 1.16697E+01, 1.89174E+00, 1.19928E+02, 2.58901E+01, 1.52851E+02, 6.64177E+01, 5.63949E-01, 2.62727E+00, 9.65950E+01, 2.99124E+01, 2.01340E-03,-3.17985E-04, 0.00000E+00, 0.00000E+00, 0.00000E+00,
 301, 5.99999E+00,TRUE,0, 0.00000E+00, 3.71869E+00, 1.44463E+00, 3.02558E+00, 0.00000E+00, 0.00000E+00, 1.86386E-01, 0.00000E+00, 8.68330E-01, 1.44463E+03,-9.80657E-01, 2.91343E+00, 4.57746E-01,-1.27197E-01, 1.50363E-02,-3.50553E-03, 1.44465E+03,-9.80642E-01, 2.89633E+00, 4.62231E-01, 3.37756E+00,-3.97461E+00, 1.17390E+01, 1.87345E+00, 1.23573E+02, 2.67127E+01, 1.55532E+02, 6.70240E+01, 5.63925E-01, 2.62720E+00, 9.67312E+01, 2.99120E+01, 2.02520E-03,-3.14887E-04, 0.00000E+00, 0.00000E+00, 0.00000E+00,
 302, 6.01999E+00,TRUE,0, 0.00000E+00, 3.71857E+00, 1.44461E+00, 3.02548E+00, 0.00000E+00, 0.00000E+00, 1.86385E-01, 0.00000E+00, 8.68336E-01, 1.44461E+03,-9.80667E-01, 2.93050E+00, 4.53278E-01,-1.07544E-01, 1.50242E-02,-3.50186E-03, 1.44463E+03,-9.80657E-01, 2.91343E+00, 4.57746E-01, 3.37725E+00,-3.97431E+00, 1.18073E+01, 1.85511E+00, 1.27288E+02, 2.75309E+01, 1.58237E+02, 6.76208E+01, 5.63903E-01, 2.62714E+00, 9.68619E+01, 2.99117E+01, 2.03704E-03,-3.11800E-04, 0.00000E+00, 0.00000E+00, 0.00000E+00,
 303, 6.03999E+00,TRUE,0, 0.00000E+00, 3.71845E+00, 1.44459E+00, 3.02539E+00, 0.00000E+00, 0.00000E+00, 1.86384E-01, 0.00000E+00, 8.68345E-01, 1.44459E+03,-9.80673E-01, 2.94754E+00, 4.48826E-01,-8.78906E-02, 1.50058E-02,-3.49814E-03, 1.44461E+03,-9.80667E-01, 2.93050E+00, 4.53278E-01, 3.37718E+00,-3.97427E+00, 1.18762E+01, 1.83696E+00, 1.31074E+02, 2.83444E+01, 1.60966E+02, 6.82081E+01, 5.63884E-01, 2.62708E+00, 9.69875E+01, 2.99115E+01, 2.04885E-03,-3.08725E-04, 0.00000E+00, 0.00000E+00, 0.00000E+00,
 304, 6.05999E+00,TRUE,0, 2.16865E+03, 3.71834E+00, 1.44457E+00, 3.02530E+00, 8.57604E-02, 6.22190E-02, 1.86384E-01, 1.34430E-02, 8.68356E-01, 1.44456E+03,-9.84920E-01, 2.96454E+00, 4.44392E-01,-6.82373E-02, 1.49827E-02,-3.49405E-03, 1.44459E+03,-9.80673E-01, 2.94754E+00, 4.48826E-01, 3.37711E+00,-3.97421E+00, 1.19450E+01, 1.81888E+00, 1.23360E+02, 2.66531E+01, 1.55322E+02, 6.69722E+01, 5.63867E-01, 2.62704E+00, 9.67160E+01, 2.99112E+01, 2.06064E-03,-3.05661E-04, 0.00000E+00, 0.00000E+00, 0.00000E+00,
 305, 6.07999E+00,TRUE,0, 0.00000E+00, 3.71812E+00, 1.44454E+00, 3.02510E+00, 0.00000E+00, 0.00000E+00, 1.86390E-01, 0.00000E+00, 8.68394E-01, 1.44454E+03,-9.84935E-01, 2.98151E+00, 4.39973E-01,-4.26025E-02, 1.49422E-02,-3.49131E-03, 1.44456E+03,-9.84920E-01, 2.96454E+00, 4.44392E-01, 3.37704E+00,-3.99134E+00, 1.20137E+01, 1.80087E+00, 1.27070E+02, 2.74714E+01, 1.58024E+02, 6.75697E+01, 5.63847E-01, 2.62698E+00, 9.68474E+01, 2.99109E+01, 2.07240E-03,-3.02609E-04, 0.00000E+00, 0.00000E+00, 0.00000E+00,
 306, 6.09999E+00,TRUE,0, 0.00000E+00, 3.71800E+00, 1.44452E+00, 3.02501E+00, 0.00000E+00, 0.00000E+00, 1.86389E-01, 0.00000E+00, 8.68404E-01, 1.44452E+03,-9.84945E-01, 2.99844E+00, 4.35570E-01,-2.28271E-02, 1.49128E-02,-3.48577E-03, 1.44454E+03,-9.84935E-01, 2.98151E+00, 4.39973E-01, 3.37689E+00,-3.99122E+00, 1.20819E+01, 1.78289E+00, 1.30850E+02, 2.82851E+01, 1.60751E+02, 6.81578E+01, 5.63829E-01, 2.62693E+00, 9.69735E+01, 2.99106E+01, 2.08413E-03,-2.99569E-04, 0.00000E+00, 0.00000E+00, 0.00000E+00,
 307, 6.11999E+00,TRUE,0, 1.96681E+03, 3.71789E+00, 1.44450E+00, 3.02492E+00, 9.44368E-02, 6.84877E-02, 1.86389E-01, 1.47926E-02, 8.68415E-01, 1.44450E+03,-9.85159E-01, 3.01534E+00, 4.31184E-01,-3.05176E-03, 1.48797E-02,-3.47957E-03, 1.44452E+03,-9.84945E-01, 2.99844E+00, 4.35570E-01, 3.37682E+00,-3.99118E+00, 1.21502E+01, 1.76501E+00, 1.21981E+02, 2.63466E+01, 1.54275E+02, 6.67439E+01, 5.63812E-01, 2.62688E+00, 9.66642E+01, 2.99104E+01, 2.09584E-03,-2.96540E-04, 0.00000E+00, 0.00000E+00, 0.00000E+00,
 308, 6.13999E+00,TRUE,0, 0.00000E+00, 3.71770E+00, 1.44448E+00, 3.02474E+00, 0.00000E+00, 0.00000E+00, 1.86394E-01, 0.00000E+00, 8.68447E-01, 1.44448E+03,-9.85161E-01, 3.03223E+00, 4.26829E-01, 1.70898E-02, 1.49300E-02,-3.38623E-03, 1.44450E+03,-9.85159E-01, 3.01534E+00, 4.31184E-01, 3.37675E+00,-3.99196E+00, 1.22185E+01, 1.74720E+00, 1.25664E+02, 2.71666E+01, 1.56969E+02, 6.73450E+01, 5.63794E-01, 2.62683E+00, 9.67976E+01, 2.99101E+01, 2.10759E-03,-2.93582E-04, 0.00000E+00, 0.00000E+00, 0.00000E+00,
 309, 6.15999E+00,TRUE,0, 0.00000E+00, 3.71759E+00, 1.44446E+00, 3.02465E+00, 0.00000E+00, 0.00000E+00, 1.86394E-01, 0.00000E+00, 8.68457E-01, 1.44446E+03,-9.85158E-01, 3.04909E+00, 4.22505E-01, 3.68652E-02, 1.49608E-02,-3.31002E-03, 1.44448E+03,-9.85161E-01, 3.03223E+00, 4.26829E-01, 3.37667E+00,-3.99188E+00, 1.22866E+01, 1.72952E+00, 1.29417E+02, 2.79820E+01, 1.59686E+02, 6.79366E+01, 5.63777E-01, 2.62678E+00, 9.69257E+01, 2.99098E+01, 2.11931E-03,-2.90635E-04, 0.00000E+00, 0.00000E+00, 0.00000E+00,
 310, 6.17999E+00,TRUE,0, 1.82214E+03, 3.71748E+00, 1.44444E+00, 3.02456E+00, 1.00833E-01, 7.31240E-02, 1.86395E-01, 1.58016E-02, 8.68468E-01, 1.44445E+03,-9.81009E-01, 3.06592E+00, 4.18210E-01, 5.66406E-02, 1.49741E-02,-3.24896E-03, 1.44446E+03,-9.85158E-01, 3.04909E+00, 4.22505E-01, 3.37660E+00,-3.99178E+00, 1.23546E+01, 1.71196E+00, 1.19807E+02, 2.58894E+01, 1.52684E+02, 6.64134E+01, 5.63761E-01, 2.62673E+00, 9.65937E+01, 2.99095E+01, 2.13100E-03,-2.87700E-04, 0.00000E+00, 0.00000E+00, 0.00000E+00,
 311, 6.19999E+00,TRUE,0, 0.00000E+00, 3.71732E+00, 1.44443E+00, 3.02442E+00, 0.00000E+00, 0.00000E+00, 1.86398E-01, 0.00000E+00, 8.68492E-01, 1.44443E+03,-9.80980E-01, 3.08272E+00, 4.13941E-01, 7.06787E-02, 1.48988E-02,-3.19919E-03, 1.44445E+03,-9.81009E-01, 3.06592E+00, 4.18210E-01, 3.37653E+00,-3.97489E+00, 1.24226E+01, 1.69452E+00, 1.23448E+02, 2.67120E+01, 1.55364E+02, 6.70197E+01, 5.63745E-01, 2.62668E+00, 9.67299E+01, 2.99093E+01, 2.14261E-03,-2.84776E-04, 0.00000E+00, 0.00000E+00, 0.00000E+00,
 312, 6.21999E+00,TRUE,0, 0.00000E+00, 3.71721E+00, 1.44441E+00, 3.02433E+00, 0.00000E+00, 0.00000E+00, 1.86398E-01, 0.00000E+00, 8.68503E-01, 1.44441E+03,-9.80946E-01, 3.09948E+00, 4.09697E-01, 9.03320E-02, 1.48139E-02,-3.16244E-03, 1.44443E+03,-9.80980E-01, 3.08272E+00, 4.13941E-01, 3.37654E+00,-3.97478E+00, 1.24907E+01, 1.67723E+00, 1.27160E+02, 2.75301E+01, 1.58069E+02, 6.76165E+01, 5.63729E-01, 2.62664E+00, 9.68607E+01, 2.99090E+01, 2.15419E-03,-2.81862E-04, 0.00000E+00, 0.00000E+00, 0.00000E+00,
 313, 6.23999E+00,TRUE,1, 0.00000E+00, 7.60381E+01, 1.44439E+00, 7.53453E+01, 0.00000E+00, 0.00000E+00, 9.11205E-03, 0.00000E+00, 4.24571E-02, 1.44439E+03,-9.80909E-01, 3.11358E+00, 4.06033E-01, 1.09985E-01, 1.47343E-02,-3.13491E-03, 1.44441E+03,-9.80946E-01, 3.09948E+00, 4.09697E-01, 3.37647E+00,-3.97457E+00, 1.25584E+01, 1.66000E+00, 1.30943E+02, 2.83436E+01, 1.60797E+02, 6.82039E+01, 6.86550E-01, 3.19894E+00, 9.69863E+01, 3.25756E+01, 2.16575E-03,-2.78960E-04, 0.00000E+00, 0.00000E+00, 0.00000E+00,
 314, 6.25999E+00,TRUE,1, 2.16826E+03, 7.61824E+01, 1.44437E+00, 7.53422E+01, 8.57183E-02, 6.21684E-02, 1.10284E-02, 1.34451E-02, 5.04108E-02, 1.44438E+03,-9.72808E-01, 3.12748E+00, 4.02426E-01, 1.29639E-01, 1.75102E-02,-3.72159E-03, 1.44439E+03,-9.80909E-01, 3.11358E+00, 4.06033E-01, 3.37640E+00,-3.97433E+00, 1.26153E+01, 1.64512E+00, 1.23242E+02, 2.66535E+01, 1.55168E+02, 6.69696E+01, 8.30901E-01, 3.79806E+00, 9.67149E+01, 3.50789E+01, 2.17728E-03,-2.76069E-04, 0.00000E+00, 0.00000E+00, 0.00000E+00,
 315, 6.27999E+00,TRUE,1, 0.00000E+00, 7.63508E+01, 1.44436E+00, 7.53409E+01, 0.00000E+00, 0.00000E+00, 1.32274E-02, 0.00000E+00, 5.86191E-02, 1.44436E+03,-9.72728E-01, 3.14120E+00, 3.98869E-01, 1.38062E-01, 2.05579E-02,-4.34357E-03, 1.44438E+03,-9.72808E-01, 3.12748E+00, 4.02426E-01, 3.37633E+00,-3.94143E+00, 1.26713E+01, 1.63047E+00, 1.26949E+02, 2.74718E+01, 1.57871E+02, 6.75672E+01, 9.96567E-01, 4.41641E+00, 9.68463E+01, 3.74134E+01, 2.18884E-03,-2.73188E-04, 0.00000E+00, 0.00000E+00, 0.00000E+00,
 316, 6.29999E+00,TRUE,1, 0.00000E+00, 7.65395E+01, 1.44434E+00, 7.53378E+01, 0.00000E+00, 0.00000E+00, 1.56994E-02, 0.00000E+00, 6.69775E-02, 1.44434E+03,-9.72646E-01, 3.15477E+00, 3.95355E-01, 1.57593E-01, 2.37086E-02,-5.00047E-03, 1.44436E+03,-9.72728E-01, 3.14120E+00, 3.98869E-01, 3.37643E+00,-3.94122E+00, 1.27272E+01, 1.61610E+00, 1.30727E+02, 2.82854E+01, 1.60597E+02, 6.81553E+01, 1.18276E+00, 5.04594E+00, 9.69724E+01, 3.95735E+01, 2.20038E-03,-2.70319E-04, 0.00000E+00, 0.00000E+00, 0.00000E+00,
 317, 6.31999E+00,TRUE,1, 1.96647E+03, 7.67490E+01, 1.44432E+00, 7.53348E+01, 9.43915E-02, 6.84353E-02, 1.84257E-02, 1.47953E-02, 7.53734E-02, 1.44434E+03,-9.60439E-01, 3.16824E+00, 3.91877E-01, 1.77124E-01, 2.69535E-02,-5.68166E-03, 1.44434E+03,-9.72646E-01, 3.15477E+00, 3.95355E-01, 3.37636E+00,-3.94080E+00, 1.27820E+01, 1.60183E+00, 1.21873E+02, 2.63481E+01, 1.54137E+02, 6.67429E+01, 1.38809E+00, 5.67824E+00, 9.66631E+01, 4.15546E+01, 2.21190E-03,-2.67461E-04, 0.00000E+00, 0.00000E+00, 0.00000E+00,
 318, 6.33999E+00,TRUE,1, 0.00000E+00, 7.69801E+01, 1.44432E+00, 7.53344E+01, 0.00000E+00, 0.00000E+00, 2.13795E-02, 0.00000E+00, 8.36907E-02, 1.44432E+03,-9.60299E-01, 3.18164E+00, 3.88425E-01, 1.79810E-01, 3.02925E-02,-6.37457E-03, 1.44434E+03,-9.60439E-01, 3.16824E+00, 3.91877E-01, 3.37629E+00,-3.89126E+00, 1.28363E+01, 1.58771E+00, 1.25553E+02, 2.71680E+01, 1.56831E+02, 6.73440E+01, 1.61061E+00, 6.30479E+00, 9.67965E+01, 4.33532E+01, 2.22339E-03,-2.64614E-04, 0.00000E+00, 0.00000E+00, 0.00000E+00,
 319, 6.35999E+00,TRUE,1, 0.00000E+00, 7.72256E+01, 1.44430E+00, 7.53314E+01, 0.00000E+00, 0.00000E+00, 2.45288E-02, 0.00000E+00, 9.18228E-02, 1.44430E+03,-9.60158E-01, 3.19501E+00, 3.84991E-01, 1.99097E-01, 3.36106E-02,-7.07948E-03, 1.44432E+03,-9.60299E-01, 3.18164E+00, 3.88425E-01, 3.37646E+00,-3.89090E+00, 1.28912E+01, 1.57380E+00, 1.29304E+02, 2.79834E+01, 1.59548E+02, 6.79356E+01, 1.84779E+00, 6.91714E+00, 9.69247E+01, 4.49679E+01, 2.23485E-03,-2.61777E-04, 0.00000E+00, 0.00000E+00, 0.00000E+00,
 320, 6.37999E+00,TRUE,0, 1.82184E+03, 5.18031E+00, 1.44428E+00, 3.02364E+00, 1.00786E-01, 7.30719E-02, 4.16321E-01, 1.58050E-02, 1.49068E+00, 1.44430E+03,-9.44057E-01, 3.22273E+00, 3.78542E-01, 2.18384E-01, 3.69034E-02,-7.78282E-03, 1.44430E+03,-9.60158E-01, 3.19501E+00, 3.84991E-01, 3.37640E+00,-3.89025E+00, 1.29451E+01, 1.55986E+00, 1.19708E+02, 2.58920E+01, 1.52561E+02, 6.64138E+01, 1.25881E+00, 4.50727E+00, 9.65926E+01, 3.56579E+01, 2.24629E-03,-2.58952E-04, 0.00000E+00, 0.00000E+00, 0.00000E+00,
 321, 6.39999E+00,TRUE,0, 0.00000E+00, 4.48967E+00, 1.44428E+00, 3.02359E+00, 0.00000E+00, 0.00000E+00, 3.26544E-01, 0.00000E+00, 1.15415E+00, 1.44428E+03,-9.43843E-01, 3.24400E+00, 3.73460E-01, 2.15332E-01, 2.47519E-02,-5.23388E-03, 1.44430E+03,-9.44057E-01, 3.22273E+00, 3.78542E-01, 3.37633E+00,-3.82494E+00, 1.30572E+01, 1.53370E+00, 1.23347E+02, 2.67146E+01, 1.55242E+02, 6.70201E+01, 9.87337E-01, 3.48968E+00, 9.67289E+01, 3.22511E+01, 2.25764E-03,-2.56137E-04, 0.00000E+00, 0.00000E+00, 0.00000E+00,
 322, 6.41999E+00,TRUE,0, 0.00000E+00, 4.17561E+00, 1.44427E+00, 3.02351E+00, 0.00000E+00, 0.00000E+00, 2.75912E-01, 0.00000E+00, 9.86468E-01, 1.44427E+03,-9.43628E-01, 3.26289E+00, 3.68888E-01, 2.34253E-01, 1.95842E-02,-4.15406E-03, 1.44428E+03,-9.43843E-01, 3.24400E+00, 3.73460E-01, 3.37659E+00,-3.82436E+00, 1.31444E+01, 1.51322E+00, 1.27057E+02, 2.75326E+01, 1.57946E+02, 6.76169E+01, 8.34223E-01, 2.98260E+00, 9.68597E+01, 3.08977E+01, 2.26902E-03,-2.53333E-04, 0.00000E+00, 0.00000E+00, 0.00000E+00,
 323, 6.43999E+00,TRUE,0, 0.00000E+00, 4.00150E+00, 1.44425E+00, 3.02343E+00, 0.00000E+00, 0.00000E+00, 2.44426E-01, 0.00000E+00, 8.98709E-01, 1.44425E+03,-9.43413E-01, 3.28063E+00, 3.64569E-01, 2.53174E-01, 1.69475E-02,-3.60870E-03, 1.44427E+03,-9.43628E-01, 3.26289E+00, 3.68888E-01, 3.37652E+00,-3.82342E+00, 1.32207E+01, 1.49467E+00, 1.30837E+02, 2.83461E+01, 1.60675E+02, 6.82042E+01, 7.39004E-01, 2.71718E+00, 9.69853E+01, 3.04298E+01, 2.28038E-03,-2.50540E-04, 0.00000E+00, 0.00000E+00, 0.00000E+00,
 324, 6.45999E+00,TRUE,0, 2.16795E+03, 3.89544E+00, 1.44423E+00, 3.02335E+00, 8.56788E-02, 6.21272E-02, 2.23874E-01, 1.34481E-02, 8.54100E-01, 1.44425E+03,-9.26292E-01, 3.29773E+00, 3.60393E-01, 2.72095E-01, 1.55065E-02,-3.31599E-03, 1.44425E+03,-9.43413E-01, 3.28063E+00, 3.64569E-01, 3.37646E+00,-3.82247E+00, 1.32923E+01, 1.47714E+00, 1.23149E+02, 2.66568E+01, 1.55058E+02, 6.69710E+01, 6.76850E-01, 2.58224E+00, 9.67138E+01, 3.03710E+01, 2.29172E-03,-2.47758E-04, 0.00000E+00, 0.00000E+00, 0.00000E+00,
 325, 6.47999E+00,TRUE,0, 0.00000E+00, 3.82793E+00, 1.44423E+00, 3.02333E+00, 0.00000E+00, 0.00000E+00, 2.10192E-01, 0.00000E+00, 8.34321E-01, 1.44423E+03,-9.26003E-01, 3.31444E+00, 3.56309E-01, 2.67456E-01, 1.47655E-02,-3.15365E-03, 1.44425E+03,-9.26292E-01, 3.29773E+00, 3.60393E-01, 3.37640E+00,-3.75303E+00, 1.33613E+01, 1.46020E+00, 1.26853E+02, 2.74751E+01, 1.57761E+02, 6.75684E+01, 6.35479E-01, 2.52243E+00, 9.68453E+01, 3.04916E+01, 2.30303E-03,-2.44987E-04, 0.00000E+00, 0.00000E+00, 0.00000E+00,
 326, 6.49999E+00,TRUE,0, 0.00000E+00, 3.78423E+00, 1.44421E+00, 3.02325E+00, 0.00000E+00, 0.00000E+00, 2.01091E-01, 0.00000E+00, 8.29077E-01, 1.44421E+03,-9.25715E-01, 3.33091E+00, 3.52285E-01, 2.86011E-01, 1.43309E-02,-3.07682E-03, 1.44423E+03,-9.26003E-01, 3.31444E+00, 3.56309E-01, 3.37667E+00,-3.75217E+00, 1.34301E+01, 1.44377E+00, 1.30629E+02, 2.82887E+01, 1.60487E+02, 6.81565E+01, 6.07950E-01, 2.50651E+00, 9.69715E+01, 3.06707E+01, 2.31431E-03,-2.42227E-04, 0.00000E+00, 0.00000E+00, 0.00000E+00,
 327, 6.51999E+00,TRUE,0, 1.96620E+03, 3.75613E+00, 1.44420E+00, 3.02317E+00, 9.43499E-02, 6.83935E-02, 1.95137E-01, 1.47989E-02, 8.32041E-01, 1.44422E+03,-9.04597E-01, 3.34721E+00, 3.48303E-01, 3.04565E-01, 1.41180E-02,-3.04571E-03, 1.44421E+03,-9.25715E-01, 3.33091E+00, 3.52285E-01, 3.37661E+00,-3.75093E+00, 1.34966E+01, 1.42744E+00, 1.21788E+02, 2.63523E+01, 1.54039E+02, 6.67451E+01, 5.89932E-01, 2.51540E+00, 9.66620E+01, 3.08436E+01, 2.32556E-03,-2.39477E-04, 0.00000E+00, 0.00000E+00, 0.00000E+00,
 328, 6.53999E+00,TRUE,0, 0.00000E+00, 3.73860E+00, 1.44421E+00, 3.02318E+00, 0.00000E+00, 0.00000E+00, 1.91361E-01, 0.00000E+00, 8.39161E-01, 1.44421E+03,-9.04221E-01, 3.36342E+00, 3.44368E-01, 2.94067E-01, 1.41892E-02,-2.94703E-03, 1.44422E+03,-9.04597E-01, 3.34721E+00, 3.48303E-01, 3.37655E+00,-3.66530E+00, 1.35624E+01, 1.41128E+00, 1.25466E+02, 2.71721E+01, 1.56733E+02, 6.73461E+01, 5.78519E-01, 2.53693E+00, 9.67955E+01, 3.09771E+01, 2.33685E-03,-2.36798E-04, 0.00000E+00, 0.00000E+00, 0.00000E+00,
 329, 6.55999E+00,TRUE,0, 0.00000E+00, 3.72806E+00, 1.44419E+00, 3.02310E+00, 0.00000E+00, 0.00000E+00, 1.89095E-01, 0.00000E+00, 8.47882E-01, 1.44419E+03,-9.03848E-01, 3.37958E+00, 3.40470E-01, 3.12256E-01, 1.42307E-02,-2.88847E-03, 1.44421E+03,-9.04221E-01, 3.36342E+00, 3.44368E-01, 3.37690E+00,-3.66416E+00, 1.36296E+01, 1.39548E+00, 1.29215E+02, 2.79875E+01, 1.59450E+02, 6.79377E+01, 5.71654E-01, 2.56324E+00, 9.69237E+01, 3.10579E+01, 2.34812E-03,-2.34130E-04, 0.00000E+00, 0.00000E+00, 0.00000E+00,
 330, 6.57999E+00,TRUE,0, 1.82161E+03, 3.72221E+00, 1.44417E+00, 3.02303E+00, 1.00744E-01, 7.30312E-02, 1.87841E-01, 1.58091E-02, 8.56556E-01, 1.44420E+03,-8.79344E-01, 3.39569E+00, 3.36599E-01, 3.30444E-01, 1.42033E-02,-2.85065E-03, 1.44419E+03,-9.03848E-01, 3.37958E+00, 3.40470E-01, 3.37684E+00,-3.66258E+00, 1.36948E+01, 1.37965E+00, 1.19632E+02, 2.58969E+01, 1.52476E+02, 6.64167E+01, 5.67849E-01, 2.58939E+00, 9.65914E+01, 3.10847E+01, 2.35930E-03,-2.31472E-04, 0.00000E+00, 0.00000E+00, 0.00000E+00,
 331, 6.59999E+00,TRUE,0, 0.00000E+00, 3.71948E+00, 1.44419E+00, 3.02306E+00, 0.00000E+00, 0.00000E+00, 1.87237E-01, 0.00000E+00, 8.64214E-01, 1.44419E+03,-8.78873E-01, 3.41175E+00, 3.32755E-01, 3.14819E-01, 1.41852E-02,-2.81850E-03, 1.44420E+03,-8.79344E-01, 3.39569E+00, 3.36599E-01, 3.37678E+00,-3.56322E+00, 1.37598E+01, 1.36395E+00, 1.23270E+02, 2.67194E+01, 1.55156E+02, 6.70229E+01, 5.66029E-01, 2.61257E+00, 9.67278E+01, 3.10633E+01, 2.37039E-03,-2.28824E-04, 0.00000E+00, 0.00000E+00, 0.00000E+00,
 332, 6.61999E+00,TRUE,0, 0.00000E+00, 3.71848E+00, 1.44417E+00, 3.02299E+00, 0.00000E+00, 0.00000E+00, 1.87038E-01, 0.00000E+00, 8.70444E-01, 1.44417E+03,-8.78405E-01, 3.42778E+00, 3.28931E-01, 3.32397E-01, 1.41764E-02,-2.80437E-03, 1.44419E+03,-8.78873E-01, 3.41175E+00, 3.32755E-01, 3.37721E+00,-3.56176E+00, 1.38266E+01, 1.34854E+00, 1.26978E+02, 2.75374E+01, 1.57861E+02, 6.76196E+01, 5.65414E-01, 2.63134E+00, 9.68587E+01, 3.10034E+01, 2.38151E-03,-2.26187E-04, 0.00000E+00, 0.00000E+00, 0.00000E+00,
 333, 6.63999E+00,TRUE,0, 0.00000E+00, 3.71849E+00, 1.44415E+00, 3.02292E+00, 0.00000E+00, 0.00000E+00, 1.87058E-01, 0.00000E+00, 8.75081E-01, 1.44415E+03,-8.77942E-01, 3.44378E+00, 3.25126E-01, 3.49976E-01, 1.41590E-02,-2.79558E-03, 1.44417E+03,-8.78405E-01, 3.42778E+00, 3.28931E-01, 3.37715E+00,-3.55981E+00, 1.38914E+01, 1.33302E+00, 1.30756E+02, 2.83508E+01, 1.60590E+02, 6.82069E+01, 5.65460E-01, 2.64530E+00, 9.69843E+01, 3.09158E+01, 2.39261E-03,-2.23560E-04, 0.00000E+00, 0.00000E+00, 0.00000E+00,
 334, 6.65999E+00,TRUE,0, 2.16772E+03, 3.71895E+00, 1.44413E+00, 3.02285E+00, 8.56441E-02, 6.20957E-02, 1.87177E-01, 1.34516E-02, 8.78198E-01, 1.44416E+03,-8.54659E-01, 3.45976E+00, 3.21339E-01, 3.67554E-01, 1.41299E-02,-2.79009E-03, 1.44415E+03,-8.77942E-01, 3.44378E+00, 3.25126E-01, 3.37710E+00,-3.55787E+00, 1.39560E+01, 1.31758E+00, 1.23078E+02, 2.66621E+01, 1.54982E+02, 6.69742E+01, 5.65806E-01, 2.65466E+00, 9.67127E+01, 3.08109E+01, 2.40369E-03,-2.20943E-04, 0.00000E+00, 0.00000E+00, 0.00000E+00,
 335, 6.67999E+00,TRUE,0, 0.00000E+00, 3.71961E+00, 1.44415E+00, 3.02288E+00, 0.00000E+00, 0.00000E+00, 1.87313E-01, 0.00000E+00, 8.79967E-01, 1.44415E+03,-8.54106E-01, 3.47574E+00, 3.17569E-01, 3.53271E-01, 1.42534E-02,-2.77960E-03, 1.44416E+03,-8.54659E-01, 3.45976E+00, 3.21339E-01, 3.37704E+00,-3.46346E+00, 1.40205E+01, 1.30221E+00, 1.26781E+02, 2.74803E+01, 1.57685E+02, 6.75716E+01, 5.66224E-01, 2.66003E+00, 9.68442E+01, 3.06983E+01, 2.41480E-03,-2.18337E-04, 0.00000E+00, 0.00000E+00, 0.00000E+00,
 336, 6.69999E+00,TRUE,0, 0.00000E+00, 3.72009E+00, 1.44413E+00, 3.02281E+00, 0.00000E+00, 0.00000E+00, 1.87435E-01, 0.00000E+00, 8.80689E-01, 1.44413E+03,-8.53559E-01, 3.49168E+00, 3.13816E-01, 3.70361E-01, 1.41709E-02,-2.77874E-03, 1.44415E+03,-8.54106E-01, 3.47574E+00, 3.17569E-01, 3.37744E+00,-3.46164E+00, 1.40869E+01, 1.28709E+00, 1.30555E+02, 2.82939E+01, 1.60412E+02, 6.81596E+01, 5.66581E-01, 2.66216E+00, 9.69704E+01, 3.05850E+01, 2.42582E-03,-2.15741E-04, 0.00000E+00, 0.00000E+00, 0.00000E+00,
 337, 6.71999E+00,TRUE,0, 1.96601E+03, 3.72038E+00, 1.44411E+00, 3.02275E+00, 9.43138E-02, 6.83621E-02, 1.87515E-01, 1.48029E-02, 8.80596E-01, 1.44415E+03,-8.26530E-01, 3.50759E+00, 3.10078E-01, 3.87451E-01, 1.40843E-02,-2.77847E-03, 1.44413E+03,-8.53559E-01, 3.49168E+00, 3.13816E-01, 3.37739E+00,-3.45936E+00, 1.41513E+01, 1.27185E+00, 1.21725E+02, 2.63580E+01, 1.53973E+02, 6.67487E+01, 5.66811E-01, 2.66182E+00, 9.66608E+01, 3.04766E+01, 2.43681E-03,-2.13155E-04, 0.00000E+00, 0.00000E+00, 0.00000E+00,
 338, 6.73999E+00,TRUE,0, 0.00000E+00, 3.72057E+00, 1.44413E+00, 3.02281E+00, 0.00000E+00, 0.00000E+00, 1.87541E-01, 0.00000E+00, 8.79902E-01, 1.44413E+03,-8.25881E-01, 3.52349E+00, 3.06356E-01, 3.67554E-01, 1.41749E-02,-2.77060E-03, 1.44415E+03,-8.26530E-01, 3.50759E+00, 3.10078E-01, 3.37734E+00,-3.34977E+00, 1.42156E+01, 1.25669E+00, 1.25402E+02, 2.71778E+01, 1.56667E+02, 6.73496E+01, 5.66902E-01, 2.65977E+00, 9.67943E+01, 3.03770E+01, 2.44784E-03,-2.10580E-04, 0.00000E+00, 0.00000E+00, 0.00000E+00,
 339, 6.75999E+00,TRUE,0, 0.00000E+00, 3.72044E+00, 1.44412E+00, 3.02275E+00, 0.00000E+00, 0.00000E+00, 1.87530E-01, 0.00000E+00, 8.78879E-01, 1.44412E+03,-8.25239E-01, 3.53937E+00, 3.02650E-01, 3.84155E-01, 1.41397E-02,-2.77233E-03, 1.44413E+03,-8.25881E-01, 3.52349E+00, 3.06356E-01, 3.37782E+00,-3.34761E+00, 1.42821E+01, 1.24178E+00, 1.29149E+02, 2.79931E+01, 1.59385E+02, 6.79410E+01, 5.66855E-01, 2.65663E+00, 9.69226E+01, 3.02881E+01, 2.45885E-03,-2.08015E-04, 0.00000E+00, 0.00000E+00, 0.00000E+00,
 340, 6.77999E+00,TRUE,0, 1.82145E+03, 3.72014E+00, 1.44410E+00, 3.02268E+00, 1.00708E-01, 7.30012E-02, 1.87481E-01, 1.58136E-02, 8.77662E-01, 1.44404E+03,-8.68350E-01, 3.55522E+00, 2.98958E-01,-5.99243E-01, 1.40929E-02,-2.77391E-03, 1.44412E+03,-8.25239E-01, 3.53937E+00, 3.02650E-01, 3.37777E+00,-3.34496E+00, 1.43462E+01, 1.22674E+00, 1.19577E+02, 2.59029E+01, 1.52419E+02, 6.64204E+01, 5.66696E-01, 2.65290E+00, 9.65902E+01, 3.02110E+01, 2.46982E-03,-2.05460E-04, 0.00000E+00, 0.00000E+00, 0.00000E+00,
 341, 6.79999E+00,TRUE,0, 0.00000E+00, 3.71921E+00, 1.44402E+00, 3.02212E+00, 0.00000E+00, 0.00000E+00, 1.87430E-01, 0.00000E+00, 8.76499E-01, 1.44402E+03,-8.67908E-01, 3.57099E+00, 2.95279E-01,-5.21362E-01, 1.37973E-02,-2.78783E-03, 1.44404E+03,-8.68350E-01, 3.55522E+00, 2.98958E-01, 3.37772E+00,-3.51965E+00, 1.44102E+01, 1.21176E+00, 1.23213E+02, 2.67254E+01, 1.55100E+02, 6.70265E+01, 5.66436E-01, 2.64889E+00, 9.67265E+01, 3.01453E+01, 2.48071E-03,-2.02915E-04, 0.00000E+00, 0.00000E+00, 0.00000E+00,
 342, 6.81999E+00,TRUE,0, 0.00000E+00, 3.71868E+00, 1.44400E+00, 3.02205E+00, 0.00000E+00, 0.00000E+00, 1.87331E-01, 0.00000E+00, 8.75230E-01, 1.44400E+03,-8.67470E-01, 3.58672E+00, 2.91615E-01,-5.03906E-01, 1.36945E-02,-2.78634E-03, 1.44402E+03,-8.67908E-01, 3.57099E+00, 2.95279E-01, 3.37680E+00,-3.51690E+00, 1.44702E+01, 1.19652E+00, 1.26920E+02, 2.75433E+01, 1.57805E+02, 6.76231E+01, 5.66125E-01, 2.64499E+00, 9.68575E+01, 3.00909E+01, 2.49158E-03,-2.00381E-04, 0.00000E+00, 0.00000E+00, 0.00000E+00,
 343, 6.83999E+00,TRUE,0, 0.00000E+00, 3.71810E+00, 1.44399E+00, 3.02199E+00, 0.00000E+00, 0.00000E+00, 1.87224E-01, 0.00000E+00, 8.74057E-01, 1.44399E+03,-8.67034E-01, 3.60240E+00, 2.87965E-01,-4.86450E-01, 1.36018E-02,-2.78464E-03, 1.44400E+03,-8.67470E-01, 3.58672E+00, 2.91615E-01, 3.37674E+00,-3.51507E+00, 1.45337E+01, 1.18165E+00, 1.30698E+02, 2.83567E+01, 1.60533E+02, 6.82103E+01, 5.65788E-01, 2.64139E+00, 9.69832E+01, 3.00467E+01, 2.50242E-03,-1.97856E-04, 0.00000E+00, 0.00000E+00, 0.00000E+00,
 344, 6.85999E+00,TRUE,0, 2.16742E+03, 3.71753E+00, 1.44397E+00, 3.02192E+00, 8.56209E-02, 6.20770E-02, 1.87115E-01, 1.34562E-02, 8.73015E-01, 1.44393E+03,-8.95722E-01, 3.61803E+00, 2.84330E-01,-4.69116E-01, 1.35186E-02,-2.78264E-03, 1.44399E+03,-8.67034E-01, 3.60240E+00, 2.87965E-01, 3.37669E+00,-3.51324E+00, 1.45970E+01, 1.16684E+00, 1.23027E+02, 2.66681E+01, 1.54933E+02, 6.69777E+01, 5.65448E-01, 2.63818E+00, 9.67114E+01, 3.00115E+01, 2.51323E-03,-1.95342E-04, 0.00000E+00, 0.00000E+00, 0.00000E+00,
 345, 6.87999E+00,TRUE,0, 0.00000E+00, 3.71661E+00, 1.44391E+00, 3.02150E+00, 0.00000E+00, 0.00000E+00, 1.87029E-01, 0.00000E+00, 8.72203E-01, 1.44391E+03,-8.95416E-01, 3.63362E+00, 2.80708E-01,-4.10889E-01, 1.34263E-02,-2.78828E-03, 1.44393E+03,-8.95722E-01, 3.61803E+00, 2.84330E-01, 3.37663E+00,-3.62943E+00, 1.46601E+01, 1.15209E+00, 1.26730E+02, 2.74863E+01, 1.57636E+02, 6.75750E+01, 5.65107E-01, 2.63536E+00, 9.68429E+01, 2.99836E+01, 2.52407E-03,-1.92838E-04, 0.00000E+00, 0.00000E+00, 0.00000E+00,
 346, 6.89999E+00,TRUE,0, 0.00000E+00, 3.71607E+00, 1.44389E+00, 3.02143E+00, 0.00000E+00, 0.00000E+00, 1.86929E-01, 0.00000E+00, 8.71442E-01, 1.44389E+03,-8.95110E-01, 3.64918E+00, 2.77100E-01,-3.92944E-01, 1.34459E-02,-2.78386E-03, 1.44391E+03,-8.95416E-01, 3.63362E+00, 2.80708E-01, 3.37600E+00,-3.62751E+00, 1.47205E+01, 1.13720E+00, 1.30503E+02, 2.82998E+01, 1.60362E+02, 6.81629E+01, 5.64792E-01, 2.63300E+00, 9.69692E+01, 2.99623E+01, 2.53489E-03,-1.90344E-04, 0.00000E+00, 0.00000E+00, 0.00000E+00,
 347, 6.91999E+00,TRUE,0, 1.96565E+03, 3.71558E+00, 1.44387E+00, 3.02136E+00, 9.42949E-02, 6.83475E-02, 1.86839E-01, 1.48087E-02, 8.70824E-01, 1.44384E+03,-9.20435E-01, 3.66471E+00, 2.73507E-01,-3.75000E-01, 1.34552E-02,-2.77904E-03, 1.44389E+03,-8.95110E-01, 3.64918E+00, 2.77100E-01, 3.37594E+00,-3.62620E+00, 1.47833E+01, 1.12257E+00, 1.21679E+02, 2.63638E+01, 1.53929E+02, 6.67519E+01, 5.64510E-01, 2.63107E+00, 9.66594E+01, 2.99461E+01, 2.54569E-03,-1.87860E-04, 0.00000E+00, 0.00000E+00, 0.00000E+00,
 348, 6.93999E+00,TRUE,0, 0.00000E+00, 3.71480E+00, 1.44382E+00, 3.02095E+00, 0.00000E+00, 0.00000E+00, 1.86779E-01, 0.00000E+00, 8.70415E-01, 1.44382E+03,-9.20238E-01, 3.68020E+00, 2.69926E-01,-3.21167E-01, 1.33615E-02,-2.78053E-03, 1.44384E+03,-9.20435E-01, 3.66471E+00, 2.73507E-01, 3.37588E+00,-3.72873E+00, 1.48460E+01, 1.10799E+00, 1.25355E+02, 2.71836E+01, 1.56624E+02, 6.73527E+01, 5.64250E-01, 2.62948E+00, 9.67930E+01, 2.99339E+01, 2.55645E-03,-1.85387E-04, 0.00000E+00, 0.00000E+00, 0.00000E+00,
 349, 6.95999E+00,TRUE,0, 0.00000E+00, 3.71440E+00, 1.44380E+00, 3.02088E+00, 0.00000E+00, 0.00000E+00, 1.86710E-01, 0.00000E+00, 8.70026E-01, 1.44380E+03,-9.20039E-01, 3.69565E+00, 2.66360E-01,-3.02734E-01, 1.33686E-02,-2.77337E-03, 1.44382E+03,-9.20238E-01, 3.68020E+00, 2.69926E-01, 3.37531E+00,-3.72730E+00, 1.49062E+01, 1.09330E+00, 1.29102E+02, 2.79988E+01, 1.59341E+02, 6.79441E+01, 5.64029E-01, 2.62825E+00, 9.69213E+01, 2.99249E+01, 2.56719E-03,-1.82923E-04, 0.00000E+00, 0.00000E+00, 0.00000E+00,
 350, 6.97999E+00,TRUE,0, 1.82103E+03, 3.71405E+00, 1.44378E+00, 3.02081E+00, 1.00695E-01, 7.29917E-02, 1.86653E-01, 1.58204E-02, 8.69735E-01, 1.44376E+03,-9.40590E-01, 3.71107E+00, 2.62824E-01,-2.84302E-01, 1.33665E-02,-2.67926E-03, 1.44380E+03,-9.20039E-01, 3.69565E+00, 2.66360E-01, 3.37525E+00,-3.72643E+00, 1.49685E+01, 1.07884E+00, 1.19535E+02, 2.59084E+01, 1.52380E+02, 6.64233E+01, 5.63844E-01, 2.62731E+00, 9.65886E+01, 2.99185E+01, 2.57791E-03,-1.80529E-04, 0.00000E+00, 0.00000E+00, 0.00000E+00,
 351, 6.99999E+00,TRUE,0, 0.00000E+00, 3.71344E+00, 1.44374E+00, 3.02043E+00, 0.00000E+00, 0.00000E+00, 1.86622E-01, 0.00000E+00, 8.69595E-01, 1.44374E+03,-9.40475E-01, 3.72643E+00, 2.59316E-01,-2.36694E-01, 1.31936E-02,-2.60800E-03, 1.44376E+03,-9.40590E-01, 3.71107E+00, 2.62824E-01, 3.37519E+00,-3.80960E+00, 1.50307E+01, 1.06450E+00, 1.23171E+02, 2.67308E+01, 1.55061E+02, 6.70293E+01, 5.63680E-01, 2.62655E+00, 9.67251E+01, 2.99136E+01, 2.58854E-03,-1.78145E-04, 0.00000E+00, 0.00000E+00, 0.00000E+00,
 352, 7.01999E+00,TRUE,0, 0.00000E+00, 3.71317E+00, 1.44372E+00, 3.02036E+00, 0.00000E+00, 0.00000E+00, 1.86583E-01, 0.00000E+00, 8.69436E-01, 1.44372E+03,-9.40356E-01, 3.74176E+00, 2.55834E-01,-2.17773E-01, 1.32077E-02,-2.54580E-03, 1.44374E+03,-9.40475E-01, 3.72643E+00, 2.59316E-01, 3.37470E+00,-3.80859E+00, 1.50907E+01, 1.05014E+00, 1.26878E+02, 2.75487E+01, 1.57767E+02, 6.76258E+01, 5.63547E-01, 2.62601E+00, 9.68561E+01, 2.99102E+01, 2.59920E-03,-1.75771E-04, 0.00000E+00, 0.00000E+00, 0.00000E+00,
 353, 7.03999E+00,TRUE,0, 0.00000E+00, 3.71294E+00, 1.44370E+00, 3.02028E+00, 0.00000E+00, 0.00000E+00, 1.86552E-01, 0.00000E+00, 8.69327E-01, 1.44370E+03,-9.40234E-01, 3.75706E+00, 2.52377E-01,-1.98853E-01, 1.32122E-02,-2.49693E-03, 1.44372E+03,-9.40356E-01, 3.74176E+00, 2.55834E-01, 3.37464E+00,-3.80804E+00, 1.51525E+01, 1.03602E+00, 1.30655E+02, 2.83620E+01, 1.60495E+02, 6.82129E+01, 5.63441E-01, 2.62562E+00, 9.69818E+01, 2.99078E+01, 2.60983E-03,-1.73406E-04, 0.00000E+00, 0.00000E+00, 0.00000E+00,
 354, 7.05999E+00,TRUE,0, 2.16696E+03, 3.71275E+00, 1.44368E+00, 3.02021E+00, 8.56093E-02, 6.20698E-02, 1.86529E-01, 1.34615E-02, 8.69258E-01, 1.44366E+03,-9.51276E-01, 3.77233E+00, 2.48944E-01,-1.79932E-01, 1.32084E-02,-2.45945E-03, 1.44370E+03,-9.40234E-01, 3.75706E+00, 2.52377E-01, 3.37457E+00,-3.80747E+00, 1.52142E+01, 1.02200E+00, 1.22988E+02, 2.66733E+01, 1.54898E+02, 6.69801E+01, 5.63357E-01, 2.62534E+00, 9.67099E+01, 2.99061E+01, 2.62044E-03,-1.71051E-04, 0.00000E+00, 0.00000E+00, 0.00000E+00,
 355, 7.07999E+00,TRUE,0, 0.00000E+00, 3.71237E+00, 1.44365E+00, 3.01993E+00, 0.00000E+00, 0.00000E+00, 1.86522E-01, 0.00000E+00, 8.69265E-01, 1.44365E+03,-9.51194E-01, 3.78756E+00, 2.45531E-01,-1.45386E-01, 1.31552E-02,-2.43419E-03, 1.44366E+03,-9.51276E-01, 3.77233E+00, 2.48944E-01, 3.37451E+00,-3.85211E+00, 1.52757E+01, 1.00808E+00, 1.26690E+02, 2.74914E+01, 1.57601E+02, 6.75773E+01, 5.63283E-01, 2.62512E+00, 9.68415E+01, 2.99047E+01, 2.63102E-03,-1.68706E-04, 0.00000E+00, 0.00000E+00, 0.00000E+00,
 356, 7.09999E+00,TRUE,0, 0.00000E+00, 3.71221E+00, 1.44363E+00, 3.01986E+00, 0.00000E+00, 0.00000E+00, 1.86507E-01, 0.00000E+00, 8.69236E-01, 1.44363E+03,-9.51107E-01, 3.80276E+00, 2.42140E-01,-1.26343E-01, 1.31440E-02,-2.41366E-03, 1.44365E+03,-9.51194E-01, 3.78756E+00, 2.45531E-01, 3.37422E+00,-3.85145E+00, 1.53361E+01, 9.94172E-01, 1.30463E+02, 2.83049E+01, 1.60328E+02, 6.81651E+01, 5.63226E-01, 2.62497E+00, 9.69678E+01, 2.99037E+01, 2.64158E-03,-1.66370E-04, 0.00000E+00, 0.00000E+00, 0.00000E+00,
 357, 7.11999E+00,TRUE,0, 1.96526E+03, 3.71208E+00, 1.44361E+00, 3.01979E+00, 9.42823E-02, 6.83405E-02, 1.86497E-01, 1.48142E-02, 8.69222E-01, 1.44360E+03,-9.58349E-01, 3.81792E+00, 2.38767E-01,-1.07300E-01, 1.31261E-02,-2.39964E-03, 1.44363E+03,-9.51107E-01, 3.80276E+00, 2.42140E-01, 3.37416E+00,-3.85102E+00, 1.53973E+01, 9.80420E-01, 1.21644E+02, 2.63687E+01, 1.53899E+02, 6.67540E+01, 5.63181E-01, 2.62487E+00, 9.66578E+01, 2.99029E+01, 2.65211E-03,-1.64044E-04, 0.00000E+00, 0.00000E+00, 0.00000E+00,
 358, 7.13999E+00,TRUE,0, 0.00000E+00, 3.71177E+00, 1.44358E+00, 3.01953E+00, 0.00000E+00, 0.00000E+00, 1.86499E-01, 0.00000E+00, 8.69264E-01, 1.44358E+03,-9.58284E-01, 3.83307E+00, 2.35412E-01,-7.78809E-02, 1.31612E-02,-2.39258E-03, 1.44360E+03,-9.58349E-01, 3.81792E+00, 2.38767E-01, 3.37409E+00,-3.88027E+00, 1.54584E+01, 9.66745E-01, 1.25319E+02, 2.71885E+01, 1.56593E+02, 6.73547E+01, 5.63138E-01, 2.62477E+00, 9.67915E+01, 2.99021E+01, 2.66267E-03,-1.61727E-04, 0.00000E+00, 0.00000E+00, 0.00000E+00,
 359, 7.15999E+00,TRUE,0, 0.00000E+00, 3.71165E+00, 1.44356E+00, 3.01945E+00, 0.00000E+00, 0.00000E+00, 1.86492E-01, 0.00000E+00, 8.69261E-01, 1.44356E+03,-9.58214E-01, 3.84819E+00, 2.32075E-01,-5.87158E-02, 1.32062E-02,-2.38757E-03, 1.44358E+03,-9.58284E-01, 3.83307E+00, 2.35412E-01, 3.37388E+00,-3.87976E+00, 1.55188E+01, 9.53103E-01, 1.29066E+02, 2.80036E+01, 1.59311E+02, 6.79460E+01, 5.63105E-01, 2.62469E+00, 9.69198E+01, 2.99014E+01, 2.67321E-03,-1.59420E-04, 0.00000E+00, 0.00000E+00, 0.00000E+00,
 360, 7.17999E+00,TRUE,0, 1.82069E+03, 3.71154E+00, 1.44354E+00, 3.01938E+00, 1.00682E-01, 7.29850E-02, 1.86488E-01, 1.58259E-02, 8.69264E-01, 1.44354E+03,-9.61026E-01, 3.86329E+00, 2.28754E-01,-3.95508E-02, 1.32306E-02,-2.38566E-03, 1.44356E+03,-9.58214E-01, 3.84819E+00, 2.32075E-01, 3.37381E+00,-3.87940E+00, 1.55797E+01, 9.39572E-01, 1.19504E+02, 2.59130E+01, 1.52354E+02, 6.64250E+01, 5.63078E-01, 2.62464E+00, 9.65870E+01, 2.99009E+01, 2.68372E-03,-1.57123E-04, 0.00000E+00, 0.00000E+00, 0.00000E+00,
 361, 7.19999E+00,TRUE,0, 0.00000E+00, 3.71128E+00, 1.44352E+00, 3.01915E+00, 0.00000E+00, 0.00000E+00, 1.86493E-01, 0.00000E+00, 8.69308E-01, 1.44352E+03,-9.60959E-01, 3.87834E+00, 2.25448E-01,-1.62354E-02, 1.31400E-02,-2.38670E-03, 1.44354E+03,-9.61026E-01, 3.86329E+00, 2.28754E-01, 3.37375E+00,-3.89071E+00, 1.56405E+01, 9.26108E-01, 1.23140E+02, 2.67354E+01, 1.55035E+02, 6.70309E+01, 5.63051E-01, 2.62457E+00, 9.67235E+01, 2.99002E+01, 2.69414E-03,-1.54835E-04, 0.00000E+00, 0.00000E+00, 0.00000E+00,
 362, 7.21999E+00,TRUE,0, 0.00000E+00, 3.71117E+00, 1.44350E+00, 3.01907E+00, 0.00000E+00, 0.00000E+00, 1.86490E-01, 0.00000E+00, 8.69311E-01, 1.44350E+03,-9.60886E-01, 3.89336E+00, 2.22158E-01, 3.05176E-03, 1.30649E-02,-2.38849E-03, 1.44352E+03,-9.60959E-01, 3.87834E+00, 2.25448E-01, 3.37362E+00,-3.89029E+00, 1.57009E+01, 9.12692E-01, 1.26845E+02, 2.75532E+01, 1.57740E+02, 6.76274E+01, 5.63028E-01, 2.62451E+00, 9.68546E+01, 2.98997E+01, 2.70453E-03,-1.52556E-04, 0.00000E+00, 0.00000E+00, 0.00000E+00,
 363, 7.23999E+00,TRUE,0, 0.00000E+00, 3.71107E+00, 1.44348E+00, 3.01900E+00, 0.00000E+00, 0.00000E+00, 1.86488E-01, 0.00000E+00, 8.69317E-01, 1.44348E+03,-9.60808E-01, 3.90833E+00, 2.18882E-01, 2.23389E-02, 1.29936E-02,-2.39123E-03, 1.44350E+03,-9.60886E-01, 3.89336E+00, 2.22158E-01, 3.37355E+00,-3.88992E+00, 1.57613E+01, 8.99354E-01, 1.30622E+02, 2.83665E+01, 1.60468E+02, 6.82144E+01, 5.63008E-01, 2.62447E+00, 9.69804E+01, 2.98992E+01, 2.71490E-03,-1.50288E-04, 0.00000E+00, 0.00000E+00, 0.00000E+00,
 364, 7.25999E+00,TRUE,0, 2.16660E+03, 3.71098E+00, 1.44346E+00, 3.01893E+00, 8.55981E-02, 6.20649E-02, 1.86487E-01, 1.34658E-02, 8.69323E-01, 1.44346E+03,-9.58142E-01, 3.92326E+00, 2.15620E-01, 4.16260E-02, 1.29251E-02,-2.39441E-03, 1.44348E+03,-9.60808E-01, 3.90833E+00, 2.18882E-01, 3.37349E+00,-3.88953E+00, 1.58216E+01, 8.86075E-01, 1.22960E+02, 2.66777E+01, 1.54874E+02, 6.69814E+01, 5.62992E-01, 2.62443E+00, 9.67083E+01, 2.98987E+01, 2.72525E-03,-1.48028E-04, 0.00000E+00, 0.00000E+00, 0.00000E+00,
 365, 7.27999E+00,TRUE,0, 0.00000E+00, 3.71079E+00, 1.44344E+00, 3.01876E+00, 0.00000E+00, 0.00000E+00, 1.86491E-01, 0.00000E+00, 8.69354E-01, 1.44344E+03,-9.58044E-01, 3.93817E+00, 2.12372E-01, 5.72510E-02, 1.29569E-02,-2.39711E-03, 1.44346E+03,-9.58142E-01, 3.92326E+00, 2.15620E-01, 3.37342E+00,-3.87866E+00, 1.58818E+01, 8.72853E-01, 1.26661E+02, 2.74957E+01, 1.57577E+02, 6.75786E+01, 5.62973E-01, 2.62437E+00, 9.68400E+01, 2.98983E+01, 2.73562E-03,-1.45778E-04, 0.00000E+00, 0.00000E+00, 0.00000E+00,
 366, 7.29999E+00,TRUE,0, 0.00000E+00, 3.71070E+00, 1.44342E+00, 3.01869E+00, 0.00000E+00, 0.00000E+00, 1.86490E-01, 0.00000E+00, 8.69359E-01, 1.44342E+03,-9.57941E-01, 3.95306E+00, 2.09138E-01, 7.64160E-02, 1.29616E-02,-2.40012E-03, 1.44344E+03,-9.58044E-01, 3.93817E+00, 2.12372E-01, 3.37341E+00,-3.87824E+00, 1.59421E+01, 8.59702E-01, 1.30433E+02, 2.83091E+01, 1.60304E+02, 6.81664E+01, 5.62957E-01, 2.62433E+00, 9.69664E+01, 2.98978E+01, 2.74597E-03,-1.43538E-04, 0.00000E+00, 0.00000E+00, 0.00000E+00,
 367, 7.31999E+00,TRUE,0, 1.96495E+03, 3.71062E+00, 1.44340E+00, 3.01862E+00, 9.42705E-02, 6.83358E-02, 1.86490E-01, 1.48186E-02, 8.69365E-01, 1.44341E+03,-9.51301E-01, 3.96790E+00, 2.05917E-01, 9.55811E-02, 1.28675E-02,-2.40257E-03, 1.44342E+03,-9.57941E-01, 3.95306E+00, 2.09138E-01, 3.37334E+00,-3.87775E+00, 1.60020E+01, 8.46592E-01, 1.21618E+02, 2.63728E+01, 1.53878E+02, 6.67550E+01, 5.62943E-01, 2.62428E+00, 9.66562E+01, 2.98974E+01, 2.75624E-03,-1.41306E-04, 0.00000E+00, 0.00000E+00, 0.00000E+00,
 368, 7.33999E+00,TRUE,0, 0.00000E+00, 3.71045E+00, 1.44339E+00, 3.01847E+00, 0.00000E+00, 0.00000E+00, 1.86494E-01, 0.00000E+00, 8.69390E-01, 1.44339E+03,-9.51161E-01, 3.98271E+00, 2.02709E-01, 1.05713E-01, 1.28920E-02,-2.40299E-03, 1.44341E+03,-9.51301E-01, 3.96790E+00, 2.05917E-01, 3.37327E+00,-3.85080E+00, 1.60618E+01, 8.33536E-01, 1.25294E+02, 2.71925E+01, 1.56572E+02, 6.73557E+01, 5.62927E-01, 2.62423E+00, 9.67900E+01, 2.98970E+01, 2.76653E-03,-1.39085E-04, 0.00000E+00, 0.00000E+00, 0.00000E+00,
 369, 7.35999E+00,TRUE,0, 0.00000E+00, 3.71036E+00, 1.44338E+00, 3.01841E+00, 0.00000E+00, 0.00000E+00, 1.86493E-01, 0.00000E+00, 8.69395E-01, 1.44338E+03,-9.51017E-01, 3.99749E+00, 1.99514E-01, 1.24756E-01, 1.28753E-02,-2.40405E-03, 1.44339E+03,-9.51161E-01, 3.98271E+00, 2.02709E-01, 3.37334E+00,-3.85031E+00, 1.61220E+01, 8.20566E-01, 1.29040E+02, 2.80076E+01, 1.59290E+02, 6.79469E+01, 5.62912E-01, 2.62419E+00, 9.69184E+01, 2.98967E+01, 2.77680E-03,-1.36872E-04, 0.00000E+00, 0.00000E+00, 0.00000E+00,
 370, 7.37999E+00,TRUE,0, 1.82043E+03, 3.71028E+00, 1.44336E+00, 3.01834E+00, 1.00670E-01, 7.29807E-02, 1.86493E-01, 1.58303E-02, 8.69401E-01, 1.44337E+03,-9.40375E-01, 4.01224E+00, 1.96331E-01, 1.43799E-01, 1.28508E-02,-2.40409E-03, 1.44338E+03,-9.51017E-01, 3.99749E+00, 1.99514E-01, 3.37327E+00,-3.84965E+00, 1.61816E+01, 8.07617E-01, 1.19482E+02, 2.59169E+01, 1.52335E+02, 6.64256E+01, 5.62899E-01, 2.62414E+00, 9.65854E+01, 2.98964E+01, 2.78705E-03,-1.34669E-04, 0.00000E+00, 0.00000E+00, 0.00000E+00,
 371, 7.39999E+00,TRUE,0, 0.00000E+00, 3.71014E+00, 1.44335E+00, 3.01821E+00, 0.00000E+00, 0.00000E+00, 1.86496E-01, 0.00000E+00, 8.69421E-01, 1.44335E+03,-9.40179E-01, 4.02695E+00, 1.93162E-01, 1.48315E-01, 1.27730E-02,-2.40114E-03, 1.44337E+03,-9.40375E-01, 4.01224E+00, 1.96331E-01, 3.37321E+00,-3.80650E+00, 1.62410E+01, 7.94720E-01, 1.23117E+02, 2.67392E+01, 1.55016E+02, 6.70316E+01, 5.62884E-01, 2.62410E+00, 9.67220E+01, 2.98960E+01, 2.79720E-03,-1.32476E-04, 0.00000E+00, 0.00000E+00, 0.00000E+00,
 372, 7.41999E+00,TRUE,0, 0.00000E+00, 3.71005E+00, 1.44333E+00, 3.01814E+00, 0.00000E+00, 0.00000E+00, 1.86496E-01, 0.00000E+00, 8.69427E-01, 1.44333E+03,-9.39980E-01, 4.04163E+00, 1.90022E-01, 1.67236E-01, 1.27449E-02,-2.31296E-03, 1.44335E+03,-9.40179E-01, 4.02695E+00, 1.93162E-01, 3.37335E+00,-3.80587E+00, 1.63012E+01, 7.81925E-01, 1.26823E+02, 2.75570E+01, 1.57721E+02, 6.76280E+01, 5.62871E-01, 2.62406E+00, 9.68531E+01, 2.98958E+01, 2.80739E-03,-1.30351E-04, 0.00000E+00, 0.00000E+00, 0.00000E+00,
 373, 7.43999E+00,TRUE,0, 0.00000E+00, 3.70997E+00, 1.44331E+00, 3.01808E+00, 0.00000E+00, 0.00000E+00, 1.86496E-01, 0.00000E+00, 8.69433E-01, 1.44331E+03,-9.39778E-01, 4.05626E+00, 1.86908E-01, 1.86035E-01, 1.26247E-02,-2.24172E-03, 1.44333E+03,-9.39980E-01, 4.04163E+00, 1.90022E-01, 3.37329E+00,-3.80499E+00, 1.63603E+01, 7.69197E-01, 1.30599E+02, 2.83701E+01, 1.60450E+02, 6.82150E+01, 5.62859E-01, 2.62402E+00, 9.69790E+01, 2.98955E+01, 2.81749E-03,-1.28236E-04, 0.00000E+00, 0.00000E+00, 0.00000E+00,
 374, 7.45999E+00,TRUE,0, 2.16634E+03, 3.70989E+00, 1.44330E+00, 3.01801E+00, 8.55882E-02, 6.20618E-02, 1.86496E-01, 1.34691E-02, 8.69440E-01, 1.44331E+03,-9.26861E-01, 4.07084E+00, 1.83819E-01, 2.04834E-01, 1.25179E-02,-2.18520E-03, 1.44331E+03,-9.39778E-01, 4.05626E+00, 1.86908E-01, 3.37322E+00,-3.80409E+00, 1.64192E+01, 7.56578E-01, 1.22940E+02, 2.66812E+01, 1.54858E+02, 6.69818E+01, 5.62847E-01, 2.62398E+00, 9.67068E+01, 2.98953E+01, 2.82757E-03,-1.26129E-04, 0.00000E+00, 0.00000E+00, 0.00000E+00,
 375, 7.47999E+00,TRUE,0, 0.00000E+00, 3.70980E+00, 1.44329E+00, 3.01793E+00, 0.00000E+00, 0.00000E+00, 1.86497E-01, 0.00000E+00, 8.69452E-01, 1.44329E+03,-9.26599E-01, 4.08539E+00, 1.80754E-01, 2.05933E-01, 1.25599E-02,-2.13917E-03, 1.44331E+03,-9.26861E-01, 4.07084E+00, 1.83819E-01, 3.37316E+00,-3.75174E+00, 1.64779E+01, 7.44062E-01, 1.26641E+02, 2.74992E+01, 1.57561E+02, 6.75789E+01, 5.62836E-01, 2.62395E+00, 9.68385E+01, 2.98951E+01, 2.83768E-03,-1.24032E-04, 0.00000E+00, 0.00000E+00, 0.00000E+00,
 376, 7.49999E+00,TRUE,0, 0.00000E+00, 3.70972E+00, 1.44328E+00, 3.01787E+00, 0.00000E+00, 0.00000E+00, 1.86497E-01, 0.00000E+00, 8.69460E-01, 1.44328E+03,-9.26335E-01, 4.09991E+00, 1.77711E-01, 2.24487E-01, 1.25346E-02,-2.10658E-03, 1.44329E+03,-9.26599E-01, 4.08539E+00, 1.80754E-01, 3.37335E+00,-3.75089E+00, 1.65377E+01, 7.31697E-01, 1.30413E+02, 2.83125E+01, 1.60288E+02, 6.81667E+01, 5.62825E-01, 2.62391E+00, 9.69650E+01, 2.98949E+01, 2.84777E-03,-1.21943E-04, 0.00000E+00, 0.00000E+00, 0.00000E+00,
 377, 7.51999E+00,TRUE,0, 1.96473E+03, 3.70965E+00, 1.44326E+00, 3.01781E+00, 9.42602E-02, 6.83330E-02, 1.86498E-01, 1.48220E-02, 8.69467E-01, 1.44328E+03,-9.09462E-01, 4.11440E+00, 1.74688E-01, 2.43042E-01, 1.25046E-02,-2.08296E-03, 1.44328E+03,-9.26335E-01, 4.09991E+00, 1.77711E-01, 3.37329E+00,-3.74975E+00, 1.65962E+01, 7.19365E-01, 1.21601E+02, 2.63762E+01, 1.53863E+02, 6.67551E+01, 5.62814E-01, 2.62388E+00, 9.66547E+01, 2.98947E+01, 2.85782E-03,-1.19863E-04, 0.00000E+00, 0.00000E+00, 0.00000E+00,
 378, 7.53999E+00,TRUE,0, 0.00000E+00, 3.70957E+00, 1.44326E+00, 3.01774E+00, 0.00000E+00, 0.00000E+00, 1.86498E-01, 0.00000E+00, 8.69476E-01, 1.44326E+03,-9.09125E-01, 4.12888E+00, 1.71685E-01, 2.38403E-01, 1.26233E-02,-2.06402E-03, 1.44328E+03,-9.09462E-01, 4.11440E+00, 1.74688E-01, 3.37323E+00,-3.68139E+00, 1.66546E+01, 7.07116E-01, 1.25276E+02, 2.71958E+01, 1.56557E+02, 6.73558E+01, 5.62804E-01, 2.62385E+00, 9.67886E+01, 2.98945E+01, 2.86791E-03,-1.17793E-04, 0.00000E+00, 0.00000E+00, 0.00000E+00,
 379, 7.55999E+00,TRUE,0, 0.00000E+00, 3.70950E+00, 1.44324E+00, 3.01768E+00, 0.00000E+00, 0.00000E+00, 1.86499E-01, 0.00000E+00, 8.69484E-01, 1.44324E+03,-9.08787E-01, 4.14332E+00, 1.68699E-01, 2.56592E-01, 1.25551E-02,-2.05439E-03, 1.44326E+03,-9.09125E-01, 4.12888E+00, 1.71685E-01, 3.37350E+00,-3.68032E+00, 1.67145E+01, 6.95014E-01, 1.29022E+02, 2.80108E+01, 1.59275E+02, 6.79470E+01, 5.62795E-01, 2.62383E+00, 9.69170E+01, 2.98943E+01, 2.87792E-03,-1.15731E-04, 0.00000E+00, 0.00000E+00, 0.00000E+00,
 380, 7.57999E+00,TRUE,0, 1.82025E+03, 3.70943E+00, 1.44323E+00, 3.01762E+00, 1.00659E-01, 7.29782E-02, 1.86500E-01, 1.58337E-02, 8.69492E-01, 1.44325E+03,-8.88396E-01, 4.15772E+00, 1.65730E-01, 2.74780E-01, 1.24874E-02,-2.04946E-03, 1.44324E+03,-9.08787E-01, 4.14332E+00, 1.68699E-01, 3.37344E+00,-3.67888E+00, 1.67727E+01, 6.82915E-01, 1.19467E+02, 2.59201E+01, 1.52322E+02, 6.64255E+01, 5.62786E-01, 2.62380E+00, 9.65840E+01, 2.98941E+01, 2.88789E-03,-1.13678E-04, 0.00000E+00, 0.00000E+00, 0.00000E+00,
 381, 7.59999E+00,TRUE,0, 0.00000E+00, 3.70938E+00, 1.44323E+00, 3.01758E+00, 0.00000E+00, 0.00000E+00, 1.86500E-01, 0.00000E+00, 8.69496E-01, 1.44323E+03,-8.87972E-01, 4.17208E+00, 1.62777E-01, 2.65015E-01, 1.24168E-02,-2.04501E-03, 1.44325E+03,-8.88396E-01, 4.15772E+00, 1.65730E-01, 3.37338E+00,-3.59628E+00, 1.68307E+01, 6.70884E-01, 1.23102E+02, 2.67423E+01, 1.55003E+02, 6.70314E+01, 5.62777E-01, 2.62377E+00, 9.67206E+01, 2.98940E+01, 2.89778E-03,-1.11634E-04, 0.00000E+00, 0.00000E+00, 0.00000E+00,
 382, 7.61999E+00,TRUE,0, 0.00000E+00, 3.70931E+00, 1.44322E+00, 3.01752E+00, 0.00000E+00, 0.00000E+00, 1.86500E-01, 0.00000E+00, 8.69505E-01, 1.44322E+03,-8.87549E-01, 4.18640E+00, 1.59840E-01, 2.82837E-01, 1.23553E-02,-2.04700E-03, 1.44323E+03,-8.87972E-01, 4.17208E+00, 1.62777E-01, 3.37372E+00,-3.59492E+00, 1.68905E+01, 6.58998E-01, 1.26807E+02, 2.75600E+01, 1.57709E+02, 6.76278E+01, 5.62769E-01, 2.62375E+00, 9.68518E+01, 2.98939E+01, 2.90770E-03,-1.09598E-04, 0.00000E+00, 0.00000E+00, 0.00000E+00,
 383, 7.63999E+00,TRUE,0, 0.00000E+00, 3.70924E+00, 1.44320E+00, 3.01746E+00, 0.00000E+00, 0.00000E+00, 1.86501E-01, 0.00000E+00, 8.69513E-01, 1.44320E+03,-8.87128E-01, 4.20068E+00, 1.56916E-01, 3.00659E-01, 1.22957E-02,-2.05082E-03, 1.44322E+03,-8.87549E-01, 4.18640E+00, 1.59840E-01, 3.37366E+00,-3.59315E+00, 1.69482E+01, 6.47094E-01, 1.30584E+02, 2.83731E+01, 1.60437E+02, 6.82148E+01, 5.62761E-01, 2.62373E+00, 9.69777E+01, 2.98937E+01, 2.91760E-03,-1.07572E-04, 0.00000E+00, 0.00000E+00, 0.00000E+00,
 384, 7.65999E+00,TRUE,0, 2.16615E+03, 3.70918E+00, 1.44318E+00, 3.01741E+00, 8.55799E-02, 6.20600E-02, 1.86502E-01, 1.34716E-02, 8.69521E-01, 1.44321E+03,-8.66943E-01, 4.21492E+00, 1.54006E-01, 3.18481E-01, 1.22371E-02,-2.05572E-03, 1.44320E+03,-8.87128E-01, 4.20068E+00, 1.56916E-01, 3.37361E+00,-3.59139E+00, 1.70057E+01, 6.35248E-01, 1.22926E+02, 2.66841E+01, 1.54846E+02, 6.69815E+01, 5.62753E-01, 2.62370E+00, 9.67055E+01, 2.98936E+01, 2.92747E-03,-1.05554E-04, 0.00000E+00, 0.00000E+00, 0.00000E+00,
 385, 7.67999E+00,TRUE,0, 0.00000E+00, 3.70915E+00, 1.44319E+00, 3.01739E+00, 0.00000E+00, 0.00000E+00, 1.86501E-01, 0.00000E+00, 8.69521E-01, 1.44319E+03,-8.66440E-01, 4.22913E+00, 1.51110E-01, 3.08594E-01, 1.22628E-02,-2.05827E-03, 1.44321E+03,-8.66943E-01, 4.21492E+00, 1.54006E-01, 3.37355E+00,-3.50961E+00, 1.70631E+01, 6.23457E-01, 1.26627E+02, 2.75020E+01, 1.57549E+02, 6.75786E+01, 5.62746E-01, 2.62368E+00, 9.68372E+01, 2.98935E+01, 2.93731E-03,-1.03545E-04, 0.00000E+00, 0.00000E+00, 0.00000E+00,
 386, 7.69999E+00,TRUE,0, 0.00000E+00, 3.70909E+00, 1.44317E+00, 3.01734E+00, 0.00000E+00, 0.00000E+00, 1.86502E-01, 0.00000E+00, 8.69530E-01, 1.44317E+03,-8.65940E-01, 4.24330E+00, 1.48227E-01, 3.25928E-01, 1.21937E-02,-2.06438E-03, 1.44319E+03,-8.66440E-01, 4.22913E+00, 1.51110E-01, 3.37389E+00,-3.50793E+00, 1.71224E+01, 6.11794E-01, 1.30399E+02, 2.83153E+01, 1.60276E+02, 6.81663E+01, 5.62739E-01, 2.62366E+00, 9.69637E+01, 2.98933E+01, 2.94713E-03,-1.01545E-04, 0.00000E+00, 0.00000E+00, 0.00000E+00,
 387, 7.71999E+00,TRUE,0, 1.96458E+03, 3.70903E+00, 1.44316E+00, 3.01729E+00, 9.42516E-02, 6.83313E-02, 1.86503E-01, 1.48245E-02, 8.69538E-01, 1.44319E+03,-8.41986E-01, 4.25743E+00, 1.45355E-01, 3.43262E-01, 1.21274E-02,-2.07017E-03, 1.44317E+03,-8.65940E-01, 4.24330E+00, 1.48227E-01, 3.37384E+00,-3.50585E+00, 1.71795E+01, 6.00111E-01, 1.21590E+02, 2.63789E+01, 1.53853E+02, 6.67546E+01, 5.62733E-01, 2.62364E+00, 9.66534E+01, 2.98932E+01, 2.95692E-03,-9.95536E-05, 0.00000E+00, 0.00000E+00, 0.00000E+00,
 388, 7.73999E+00,TRUE,0, 0.00000E+00, 3.70902E+00, 1.44317E+00, 3.01728E+00, 0.00000E+00, 0.00000E+00, 1.86501E-01, 0.00000E+00, 8.69534E-01, 1.44317E+03,-8.41391E-01, 4.27156E+00, 1.42497E-01, 3.27759E-01, 1.22499E-02,-2.07210E-03, 1.44319E+03,-8.41986E-01, 4.25743E+00, 1.45355E-01, 3.37378E+00,-3.40882E+00, 1.72364E+01, 5.88478E-01, 1.25265E+02, 2.71985E+01, 1.56547E+02, 6.73552E+01, 5.62727E-01, 2.62363E+00, 9.67873E+01, 2.98931E+01, 2.96674E-03,-9.75709E-05, 0.00000E+00, 0.00000E+00, 0.00000E+00,
 389, 7.75999E+00,TRUE,0, 0.00000E+00, 3.70896E+00, 1.44316E+00, 3.01723E+00, 0.00000E+00, 0.00000E+00, 1.86503E-01, 0.00000E+00, 8.69544E-01, 1.44316E+03,-8.40801E-01, 4.28565E+00, 1.39651E-01, 3.44604E-01, 1.22414E-02,-2.07704E-03, 1.44317E+03,-8.41391E-01, 4.27156E+00, 1.42497E-01, 3.37420E+00,-3.40683E+00, 1.72957E+01, 5.76977E-01, 1.29010E+02, 2.80134E+01, 1.59265E+02, 6.79465E+01, 5.62722E-01, 2.62362E+00, 9.69158E+01, 2.98930E+01, 2.97654E-03,-9.55968E-05, 0.00000E+00, 0.00000E+00, 0.00000E+00,
 390, 7.77999E+00,TRUE,0, 1.82012E+03, 3.70891E+00, 1.44314E+00, 3.01719E+00, 1.00651E-01, 7.29768E-02, 1.86504E-01, 1.58361E-02, 8.69551E-01, 1.44307E+03,-8.86814E-01, 4.29972E+00, 1.36816E-01,-6.38550E-01, 1.22228E-02,-2.08093E-03, 1.44316E+03,-8.40801E-01, 4.28565E+00, 1.39651E-01, 3.37415E+00,-3.40439E+00, 1.73525E+01, 5.65443E-01, 1.19458E+02, 2.59226E+01, 1.52313E+02, 6.64248E+01, 5.62716E-01, 2.62360E+00, 9.65827E+01, 2.98929E+01, 2.98631E-03,-9.36315E-05, 0.00000E+00, 0.00000E+00, 0.00000E+00,
 391, 7.79999E+00,TRUE,0, 0.00000E+00, 3.70828E+00, 1.44306E+00, 3.01656E+00, 0.00000E+00, 0.00000E+00, 1.86534E-01, 0.00000E+00, 8.69694E-01, 1.44306E+03,-8.86431E-01, 4.31370E+00, 1.33992E-01,-5.56396E-01, 1.19090E-02,-2.08974E-03, 1.44307E+03,-8.86814E-01, 4.29972E+00, 1.36816E-01, 3.37410E+00,-3.59064E+00, 1.74092E+01, 5.53957E-01, 1.23092E+02, 2.67447E+01, 1.54994E+02, 6.70307E+01, 5.62690E-01, 2.62349E+00, 9.67194E+01, 2.98924E+01, 2.99599E-03,-9.16748E-05, 0.00000E+00, 0.00000E+00, 0.00000E+00,
 392, 7.81999E+00,TRUE,0, 0.00000E+00, 3.70819E+00, 1.44304E+00, 3.01651E+00, 0.00000E+00, 0.00000E+00, 1.86530E-01, 0.00000E+00, 8.69682E-01, 1.44304E+03,-8.86047E-01, 4.32764E+00, 1.31179E-01,-5.38574E-01, 1.18375E-02,-2.09002E-03, 1.44306E+03,-8.86431E-01, 4.31370E+00, 1.33992E-01, 3.37312E+00,-3.58804E+00, 1.74607E+01, 5.42364E-01, 1.26798E+02, 2.75624E+01, 1.57699E+02, 6.76271E+01, 5.62668E-01, 2.62340E+00, 9.68506E+01, 2.98920E+01, 3.00565E-03,-8.97267E-05, 0.00000E+00, 0.00000E+00, 0.00000E+00,
 393, 7.83999E+00,TRUE,0, 0.00000E+00, 3.70811E+00, 1.44302E+00, 3.01645E+00, 0.00000E+00, 0.00000E+00, 1.86527E-01, 0.00000E+00, 8.69676E-01, 1.44302E+03,-8.85664E-01, 4.34153E+00, 1.28394E-01,-5.20752E-01, 1.17731E-02,-2.00272E-03, 1.44304E+03,-8.86047E-01, 4.32764E+00, 1.31179E-01, 3.37306E+00,-3.58643E+00, 1.75169E+01, 5.30971E-01, 1.30574E+02, 2.83754E+01, 1.60427E+02, 6.82141E+01, 5.62649E-01, 2.62334E+00, 9.69766E+01, 2.98917E+01, 3.01528E-03,-8.78472E-05, 0.00000E+00, 0.00000E+00, 0.00000E+00,
 394, 7.85999E+00,TRUE,0, 2.16587E+03, 3.70804E+00, 1.44300E+00, 3.01640E+00, 8.55788E-02, 6.20631E-02, 1.86524E-01, 1.34744E-02, 8.69675E-01, 1.44296E+03,-9.16494E-01, 4.35538E+00, 1.25636E-01,-5.02930E-01, 1.17135E-02,-1.93240E-03, 1.44302E+03,-8.85664E-01, 4.34153E+00, 1.28394E-01, 3.37300E+00,-3.58482E+00, 1.75728E+01, 5.19690E-01, 1.22917E+02, 2.66862E+01, 1.54836E+02, 6.69805E+01, 5.62632E-01, 2.62329E+00, 9.67043E+01, 2.98915E+01, 3.02488E-03,-8.59760E-05, 0.00000E+00, 0.00000E+00, 0.00000E+00,
 395, 7.87999E+00,TRUE,0, 0.00000E+00, 3.70755E+00, 1.44294E+00, 3.01593E+00, 0.00000E+00, 0.00000E+00, 1.86544E-01, 0.00000E+00, 8.69777E-01, 1.44294E+03,-9.16243E-01, 4.36918E+00, 1.22900E-01,-4.41406E-01, 1.16115E-02,-1.88058E-03, 1.44296E+03,-9.16494E-01, 4.35538E+00, 1.25636E-01, 3.37294E+00,-3.70954E+00, 1.76285E+01, 5.08514E-01, 1.26618E+02, 2.75041E+01, 1.57540E+02, 6.75776E+01, 5.62604E-01, 2.62318E+00, 9.68361E+01, 2.98911E+01, 3.03452E-03,-8.41131E-05, 0.00000E+00, 0.00000E+00, 0.00000E+00,
 396, 7.89999E+00,TRUE,0, 0.00000E+00, 3.70746E+00, 1.44292E+00, 3.01587E+00, 0.00000E+00, 0.00000E+00, 1.86540E-01, 0.00000E+00, 8.69768E-01, 1.44292E+03,-9.15990E-01, 4.38296E+00, 1.20187E-01,-4.22974E-01, 1.16529E-02,-1.83696E-03, 1.44294E+03,-9.16243E-01, 4.36918E+00, 1.22900E-01, 3.37226E+00,-3.70777E+00, 1.76808E+01, 4.97341E-01, 1.30390E+02, 2.83173E+01, 1.60266E+02, 6.81653E+01, 5.62580E-01, 2.62311E+00, 9.69626E+01, 2.98907E+01, 3.04413E-03,-8.22585E-05, 0.00000E+00, 0.00000E+00, 0.00000E+00,
 397, 7.91999E+00,TRUE,0, 1.96424E+03, 3.70738E+00, 1.44290E+00, 3.01582E+00, 9.42554E-02, 6.83381E-02, 1.86537E-01, 1.48280E-02, 8.69765E-01, 1.44287E+03,-9.43380E-01, 4.39671E+00, 1.17495E-01,-4.04541E-01, 1.16796E-02,-1.80424E-03, 1.44292E+03,-9.15990E-01, 4.38296E+00, 1.20187E-01, 3.37220E+00,-3.70668E+00, 1.77363E+01, 4.86353E-01, 1.21580E+02, 2.63806E+01, 1.53843E+02, 6.67533E+01, 5.62560E-01, 2.62305E+00, 9.66523E+01, 2.98905E+01, 3.05371E-03,-8.04121E-05, 0.00000E+00, 0.00000E+00, 0.00000E+00,
 398, 7.93999E+00,TRUE,0, 0.00000E+00, 3.70689E+00, 1.44285E+00, 3.01535E+00, 0.00000E+00, 0.00000E+00, 1.86555E-01, 0.00000E+00, 8.69862E-01, 1.44285E+03,-9.43239E-01, 4.41041E+00, 1.14821E-01,-3.47412E-01, 1.15728E-02,-1.78375E-03, 1.44287E+03,-9.43380E-01, 4.39671E+00, 1.17495E-01, 3.37214E+00,-3.81745E+00, 1.77916E+01, 4.75450E-01, 1.25255E+02, 2.72000E+01, 1.56537E+02, 6.73540E+01, 5.62529E-01, 2.62294E+00, 9.67862E+01, 2.98900E+01, 3.06327E-03,-7.85739E-05, 0.00000E+00, 0.00000E+00, 0.00000E+00,
 399, 7.95999E+00,TRUE,0, 0.00000E+00, 3.70680E+00, 1.44283E+00, 3.01529E+00, 0.00000E+00, 0.00000E+00, 1.86550E-01, 0.00000E+00, 8.69854E-01, 1.44283E+03,-9.43093E-01, 4.42408E+00, 1.12166E-01,-3.28491E-01, 1.15957E-02,-1.76707E-03, 1.44285E+03,-9.43239E-01, 4.41041E+00, 1.14821E-01, 3.37153E+00,-3.81619E+00, 1.78438E+01, 4.64547E-01, 1.29001E+02, 2.80149E+01, 1.59255E+02, 6.79452E+01, 5.62504E-01, 2.62286E+00, 9.69147E+01, 2.98897E+01, 3.07279E-03,-7.67440E-05, 0.00000E+00, 0.00000E+00, 0.00000E+00,
 400, 7.97999E+00,TRUE,0, 1.81972E+03, 3.70671E+00, 1.44281E+00, 3.01524E+00, 1.00660E-01, 7.29874E-02, 1.86547E-01, 1.58404E-02, 8.69851E-01, 1.44278E+03,-9.65537E-01, 4.43772E+00, 1.09527E-01,-3.09570E-01, 1.16067E-02,-1.75662E-03, 1.44283E+03,-9.43093E-01, 4.42408E+00, 1.12166E-01, 3.37146E+00,-3.81552E+00, 1.78988E+01, 4.53796E-01, 1.19448E+02, 2.59236E+01, 1.52302E+02, 6.64231E+01, 5.62483E-01, 2.62281E+00, 9.65815E+01, 2.98895E+01, 3.08230E-03,-7.49222E-05, 0.00000E+00, 0.00000E+00, 0.00000E+00,
 401, 7.99999E+00,TRUE,0, 0.00000E+00, 3.70625E+00, 1.44276E+00, 3.01480E+00, 0.00000E+00, 0.00000E+00, 1.86564E-01, 0.00000E+00, 8.69943E-01, 1.44276E+03,-9.65477E-01, 4.45130E+00, 1.06905E-01,-2.58911E-01, 1.14207E-02,-1.75349E-03, 1.44278E+03,-9.65537E-01, 4.43772E+00, 1.09527E-01, 3.37140E+00,-3.90625E+00, 1.79536E+01, 4.43113E-01, 1.23082E+02, 2.67457E+01, 1.54983E+02, 6.70290E+01, 5.62452E-01, 2.62271E+00, 9.67182E+01, 2.98890E+01, 3.09171E-03,-7.31087E-05, 0.00000E+00, 0.00000E+00, 0.00000E+00,
 402, 8.01999E+00,TRUE,0, 0.00000E+00, 3.70616E+00, 1.44274E+00, 3.01474E+00, 0.00000E+00, 0.00000E+00, 1.86559E-01, 0.00000E+00, 8.69936E-01, 1.44274E+03,-9.65411E-01, 4.46485E+00, 1.04297E-01,-2.39502E-01, 1.14465E-02,-1.75134E-03, 1.44276E+03,-9.65477E-01, 4.45130E+00, 1.06905E-01, 3.37088E+00,-3.90541E+00, 1.80058E+01, 4.32435E-01, 1.26787E+02, 2.75633E+01, 1.57688E+02, 6.76254E+01, 5.62427E-01, 2.62263E+00, 9.68495E+01, 2.98886E+01, 3.10116E-03,-7.13033E-05, 0.00000E+00, 0.00000E+00, 0.00000E+00,
 403, 8.03999E+00,TRUE,0, 0.00000E+00, 3.70607E+00, 1.44272E+00, 3.01468E+00, 0.00000E+00, 0.00000E+00, 1.86556E-01, 0.00000E+00, 8.69936E-01, 1.44272E+03,-9.65339E-01, 4.47838E+00, 1.01703E-01,-2.20093E-01, 1.14603E-02,-1.75215E-03, 1.44274E+03,-9.65411E-01, 4.46485E+00, 1.04297E-01, 3.37082E+00,-3.90507E+00, 1.80602E+01, 4.21878E-01, 1.30563E+02, 2.83763E+01, 1.60416E+02, 6.82124E+01, 5.62406E-01, 2.62258E+00, 9.69755E+01, 2.98884E+01, 3.11058E-03,-6.95060E-05, 0.00000E+00, 0.00000E+00, 0.00000E+00,
 404, 8.05999E+00,TRUE,0, 2.16543E+03, 3.70599E+00, 1.44270E+00, 3.01462E+00, 8.55848E-02, 6.20708E-02, 1.86554E-01, 1.34775E-02, 8.69939E-01, 1.44268E+03,-9.77716E-01, 4.49187E+00, 9.91228E-02,-2.00684E-01, 1.14636E-02,-1.75506E-03, 1.44272E+03,-9.65339E-01, 4.47838E+00, 1.01703E-01, 3.37075E+00,-3.90470E+00, 1.81146E+01, 4.11378E-01, 1.22907E+02, 2.66868E+01, 1.54825E+02, 6.69786E+01, 5.62388E-01, 2.62254E+00, 9.67031E+01, 2.98882E+01, 3.11998E-03,-6.77168E-05, 0.00000E+00, 0.00000E+00, 0.00000E+00,
 405, 8.07999E+00,TRUE,0, 0.00000E+00, 3.70564E+00, 1.44266E+00, 3.01430E+00, 0.00000E+00, 0.00000E+00, 1.86566E-01, 0.00000E+00, 8.70008E-01, 1.44266E+03,-9.77683E-01, 4.50532E+00, 9.65553E-02,-1.63818E-01, 1.14021E-02,-1.76055E-03, 1.44268E+03,-9.77716E-01, 4.49187E+00, 9.91228E-02, 3.37068E+00,-3.95468E+00, 1.81688E+01, 4.00934E-01, 1.26607E+02, 2.75046E+01, 1.57528E+02, 6.75757E+01, 5.62364E-01, 2.62246E+00, 9.68350E+01, 2.98878E+01, 3.12935E-03,-6.59358E-05, 0.00000E+00, 0.00000E+00, 0.00000E+00,
 406, 8.09999E+00,TRUE,0, 0.00000E+00, 3.70555E+00, 1.44264E+00, 3.01423E+00, 0.00000E+00, 0.00000E+00, 1.86563E-01, 0.00000E+00, 8.70007E-01, 1.44264E+03,-9.77643E-01, 4.51874E+00, 9.40002E-02,-1.44165E-01, 1.13978E-02,-1.76542E-03, 1.44266E+03,-9.77683E-01, 4.50532E+00, 9.65553E-02, 3.37037E+00,-3.95418E+00, 1.82215E+01, 3.90512E-01, 1.30379E+02, 2.83178E+01, 1.60255E+02, 6.81634E+01, 5.62344E-01, 2.62241E+00, 9.69616E+01, 2.98875E+01, 3.13869E-03,-6.41628E-05, 0.00000E+00, 0.00000E+00, 0.00000E+00,
 407, 8.11999E+00,TRUE,0, 1.96387E+03, 3.70547E+00, 1.44262E+00, 3.01418E+00, 9.42604E-02, 6.83453E-02, 1.86561E-01, 1.48310E-02, 8.70010E-01, 1.44261E+03,-9.86106E-01, 4.53212E+00, 9.14571E-02,-1.24512E-01, 1.13850E-02,-1.77068E-03, 1.44264E+03,-9.77643E-01, 4.51874E+00, 9.40002E-02, 3.37030E+00,-3.95394E+00, 1.82754E+01, 3.80170E-01, 1.21570E+02, 2.63808E+01, 1.53831E+02, 6.67512E+01, 5.62327E-01, 2.62236E+00, 9.66512E+01, 2.98873E+01, 3.14800E-03,-6.23979E-05, 0.00000E+00, 0.00000E+00, 0.00000E+00,
 408, 8.13999E+00,TRUE,0, 0.00000E+00, 3.70514E+00, 1.44259E+00, 3.01386E+00, 0.00000E+00, 0.00000E+00, 1.86572E-01, 0.00000E+00, 8.70075E-01, 1.44259E+03,-9.86088E-01, 4.54549E+00, 8.89255E-02,-9.28955E-02, 1.14136E-02,-1.77661E-03, 1.44261E+03,-9.86106E-01, 4.53212E+00, 9.14571E-02, 3.37023E+00,-3.98808E+00, 1.83292E+01, 3.69878E-01, 1.25244E+02, 2.72002E+01, 1.56525E+02, 6.73519E+01, 5.62304E-01, 2.62229E+00, 9.67851E+01, 2.98869E+01, 3.15735E-03,-6.06411E-05, 0.00000E+00, 0.00000E+00, 0.00000E+00,
 409, 8.15999E+00,TRUE,0, 0.00000E+00, 3.70505E+00, 1.44257E+00, 3.01380E+00, 0.00000E+00, 0.00000E+00, 1.86570E-01, 0.00000E+00, 8.70073E-01, 1.44257E+03,-9.86062E-01, 4.55883E+00, 8.64053E-02,-7.31201E-02, 1.14636E-02,-1.78130E-03, 1.44259E+03,-9.86088E-01, 4.54549E+00, 8.89255E-02, 3.36999E+00,-3.98773E+00, 1.83819E+01, 3.59614E-01, 1.28989E+02, 2.80151E+01, 1.59243E+02, 6.79431E+01, 5.62284E-01, 2.62223E+00, 9.69137E+01, 2.98866E+01, 3.16667E-03,-5.88923E-05, 0.00000E+00, 0.00000E+00, 0.00000E+00,
 410, 8.17999E+00,TRUE,0, 1.81941E+03, 3.70497E+00, 1.44255E+00, 3.01374E+00, 1.00663E-01, 7.29937E-02, 1.86568E-01, 1.58432E-02, 8.70076E-01, 1.44255E+03,-9.89922E-01, 4.57214E+00, 8.38963E-02,-5.33447E-02, 1.14059E-02,-1.78541E-03, 1.44257E+03,-9.86062E-01, 4.55883E+00, 8.64053E-02, 3.36992E+00,-3.98754E+00, 1.84355E+01, 3.49415E-01, 1.19437E+02, 2.59236E+01, 1.52290E+02, 6.64209E+01, 5.62267E-01, 2.62219E+00, 9.65805E+01, 2.98863E+01, 3.17591E-03,-5.71514E-05, 0.00000E+00, 0.00000E+00, 0.00000E+00,
 411, 8.19999E+00,TRUE,0, 0.00000E+00, 3.70467E+00, 1.44253E+00, 3.01346E+00, 0.00000E+00, 0.00000E+00, 1.86578E-01, 0.00000E+00, 8.70134E-01, 1.44253E+03,-9.89897E-01, 4.58538E+00, 8.13982E-02,-2.80762E-02, 1.12438E-02,-1.78909E-03, 1.44255E+03,-9.89922E-01, 4.57214E+00, 8.38963E-02, 3.36985E+00,-4.00307E+00, 1.84889E+01, 3.39262E-01, 1.23071E+02, 2.67457E+01, 1.54971E+02, 6.70268E+01, 5.62245E-01, 2.62211E+00, 9.67172E+01, 2.98859E+01, 3.18505E-03,-5.54186E-05, 0.00000E+00, 0.00000E+00, 0.00000E+00,
 412, 8.21999E+00,TRUE,0, 0.00000E+00, 3.70458E+00, 1.44251E+00, 3.01340E+00, 0.00000E+00, 0.00000E+00, 1.86576E-01, 0.00000E+00, 8.70134E-01, 1.44251E+03,-9.89865E-01, 4.59860E+00, 7.89109E-02,-8.17871E-03, 1.12062E-02,-1.79148E-03, 1.44253E+03,-9.89897E-01, 4.58538E+00, 8.13982E-02, 3.36970E+00,-4.00279E+00, 1.85417E+01, 3.29145E-01, 1.26776E+02, 2.75632E+01, 1.57676E+02, 6.76232E+01, 5.62226E-01, 2.62206E+00, 9.68486E+01, 2.98856E+01, 3.19424E-03,-5.36938E-05, 0.00000E+00, 0.00000E+00, 0.00000E+00,
 413, 8.23999E+00,TRUE,0, 0.00000E+00, 3.70450E+00, 1.44249E+00, 3.01334E+00, 0.00000E+00, 0.00000E+00, 1.86574E-01, 0.00000E+00, 8.70136E-01, 1.44249E+03,-9.89825E-01, 4.61177E+00, 7.64345E-02, 1.17188E-02, 1.11675E-02,-1.79294E-03, 1.44251E+03,-9.89865E-01, 4.59860E+00, 7.89109E-02, 3.36964E+00,-4.00258E+00, 1.85947E+01, 3.19081E-01, 1.30552E+02, 2.83762E+01, 1.60404E+02, 6.82103E+01, 5.62210E-01, 2.62201E+00, 9.69746E+01, 2.98854E+01, 3.20339E-03,-5.19769E-05, 0.00000E+00, 0.00000E+00, 0.00000E+00,
 414, 8.25999E+00,TRUE,0, 2.16509E+03, 3.70442E+00, 1.44247E+00, 3.01328E+00, 8.55869E-02, 6.20751E-02, 1.86573E-01, 1.34795E-02, 8.70142E-01, 1.44247E+03,-9.87815E-01, 4.62492E+00, 7.39848E-02, 3.16162E-02, 1.12133E-02,-1.70692E-03, 1.44249E+03,-9.89825E-01, 4.61177E+00, 7.64345E-02, 3.36957E+00,-4.00234E+00, 1.86476E+01, 3.09061E-01, 1.22896E+02, 2.66866E+01, 1.54813E+02, 6.69763E+01, 5.62196E-01, 2.62198E+00, 9.67022E+01, 2.98852E+01, 3.21258E-03,-5.03278E-05, 0.00000E+00, 0.00000E+00, 0.00000E+00,
 415, 8.27999E+00,TRUE,0, 0.00000E+00, 3.70420E+00, 1.44245E+00, 3.01307E+00, 0.00000E+00, 0.00000E+00, 1.86580E-01, 0.00000E+00, 8.70184E-01, 1.44245E+03,-9.87752E-01, 4.63805E+00, 7.15600E-02, 4.87061E-02, 1.12491E-02,-1.63779E-03, 1.44247E+03,-9.87815E-01, 4.62492E+00, 7.39848E-02, 3.36950E+00,-3.99413E+00, 1.87004E+01, 2.99150E-01, 1.26596E+02, 2.75044E+01, 1.57516E+02, 6.75735E+01, 5.62178E-01, 2.62192E+00, 9.68341E+01, 2.98849E+01, 3.22174E-03,-4.86864E-05, 0.00000E+00, 0.00000E+00, 0.00000E+00,
 416, 8.29998E+00,TRUE,0, 0.00000E+00, 3.70412E+00, 1.44243E+00, 3.01301E+00, 0.00000E+00, 0.00000E+00, 1.86579E-01, 0.00000E+00, 8.70186E-01, 1.44243E+03,-9.87682E-01, 4.65114E+00, 6.91583E-02, 6.84814E-02, 1.11713E-02,-1.58360E-03, 1.44245E+03,-9.87752E-01, 4.63805E+00, 7.15600E-02, 3.36946E+00,-3.99383E+00, 1.87533E+01, 2.89342E-01, 1.30367E+02, 2.83175E+01, 1.60242E+02, 6.81612E+01, 5.62163E-01, 2.62188E+00, 9.69608E+01, 2.98846E+01, 3.23082E-03,-4.70526E-05, 0.00000E+00, 0.00000E+00, 0.00000E+00,
 417, 8.31998E+00,TRUE,0, 1.96358E+03, 3.70405E+00, 1.44241E+00, 3.01295E+00, 9.42616E-02, 6.83492E-02, 1.86578E-01, 1.48330E-02, 8.70191E-01, 1.44242E+03,-9.81572E-01, 4.66419E+00, 6.67779E-02, 8.82568E-02, 1.10974E-02,-1.54215E-03, 1.44243E+03,-9.87682E-01, 4.65114E+00, 6.91583E-02, 3.36939E+00,-3.99347E+00, 1.88058E+01, 2.79626E-01, 1.21559E+02, 2.63805E+01, 1.53819E+02, 6.67489E+01, 5.62150E-01, 2.62185E+00, 9.66503E+01, 2.98844E+01, 3.23986E-03,-4.54264E-05, 0.00000E+00, 0.00000E+00, 0.00000E+00,
 418, 8.33998E+00,TRUE,0, 0.00000E+00, 3.70384E+00, 1.44240E+00, 3.01276E+00, 0.00000E+00, 0.00000E+00, 1.86584E-01, 0.00000E+00, 8.70229E-01, 1.44240E+03,-9.81463E-01, 4.67722E+00, 6.44174E-02, 9.96094E-02, 1.11418E-02,-1.51111E-03, 1.44242E+03,-9.81572E-01, 4.66419E+00, 6.67779E-02, 3.36932E+00,-3.96868E+00, 1.88582E+01, 2.69996E-01, 1.25233E+02, 2.71999E+01, 1.56513E+02, 6.73496E+01, 5.62133E-01, 2.62179E+00, 9.67843E+01, 2.98841E+01, 3.24894E-03,-4.38077E-05, 0.00000E+00, 0.00000E+00, 0.00000E+00,
 419, 8.35998E+00,TRUE,0, 0.00000E+00, 3.70376E+00, 1.44238E+00, 3.01271E+00, 0.00000E+00, 0.00000E+00, 1.86583E-01, 0.00000E+00, 8.70232E-01, 1.44238E+03,-9.81347E-01, 4.69021E+00, 6.20752E-02, 1.19263E-01, 1.11394E-02,-1.48956E-03, 1.44240E+03,-9.81463E-01, 4.67722E+00, 6.44174E-02, 3.36938E+00,-3.96830E+00, 1.89112E+01, 2.60456E-01, 1.28978E+02, 2.80147E+01, 1.59230E+02, 6.79409E+01, 5.62119E-01, 2.62175E+00, 9.69129E+01, 2.98839E+01, 3.25800E-03,-4.21966E-05, 0.00000E+00, 0.00000E+00, 0.00000E+00,
 420, 8.37998E+00,TRUE,0, 1.81917E+03, 3.70369E+00, 1.44236E+00, 3.01265E+00, 1.00664E-01, 7.29970E-02, 1.86582E-01, 1.58451E-02, 8.70236E-01, 1.44238E+03,-9.71084E-01, 4.70318E+00, 5.97499E-02, 1.38916E-01, 1.11256E-02,-1.47546E-03, 1.44238E+03,-9.81347E-01, 4.69021E+00, 6.20752E-02, 3.36931E+00,-3.96775E+00, 1.89633E+01, 2.50980E-01, 1.19426E+02, 2.59232E+01, 1.52278E+02, 6.64186E+01, 5.62106E-01, 2.62172E+00, 9.65797E+01, 2.98837E+01, 3.26703E-03,-4.05930E-05, 0.00000E+00, 0.00000E+00, 0.00000E+00,
 421, 8.39998E+00,TRUE,0, 0.00000E+00, 3.70351E+00, 1.44236E+00, 3.01248E+00, 0.00000E+00, 0.00000E+00, 1.86587E-01, 0.00000E+00, 8.70269E-01, 1.44236E+03,-9.70912E-01, 4.71611E+00, 5.74406E-02, 1.44531E-01, 1.10621E-02,-1.46684E-03, 1.44238E+03,-9.71084E-01, 4.70318E+00, 5.97499E-02, 3.36924E+00,-3.92618E+00, 1.90154E+01, 2.41574E-01, 1.23060E+02, 2.67453E+01, 1.54958E+02, 6.70246E+01, 5.62091E-01, 2.62167E+00, 9.67165E+01, 2.98834E+01, 3.27597E-03,-3.89969E-05, 0.00000E+00, 0.00000E+00, 0.00000E+00,
 422, 8.41998E+00,TRUE,0, 0.00000E+00, 3.70343E+00, 1.44234E+00, 3.01242E+00, 0.00000E+00, 0.00000E+00, 1.86586E-01, 0.00000E+00, 8.70272E-01, 1.44234E+03,-9.70736E-01, 4.72901E+00, 5.51460E-02, 1.64063E-01, 1.10402E-02,-1.46367E-03, 1.44236E+03,-9.70912E-01, 4.71611E+00, 5.74406E-02, 3.36938E+00,-3.92564E+00, 1.90684E+01, 2.32247E-01, 1.26765E+02, 2.75628E+01, 1.57663E+02, 6.76211E+01, 5.62078E-01, 2.62163E+00, 9.68478E+01, 2.98832E+01, 3.28494E-03,-3.74084E-05, 0.00000E+00, 0.00000E+00, 0.00000E+00,
 423, 8.43998E+00,TRUE,0, 0.00000E+00, 3.70336E+00, 1.44232E+00, 3.01237E+00, 0.00000E+00, 0.00000E+00, 1.86586E-01, 0.00000E+00, 8.70277E-01, 1.44232E+03,-9.70554E-01, 4.74186E+00, 5.28652E-02, 1.83594E-01, 1.09239E-02,-1.46417E-03, 1.44234E+03,-9.70736E-01, 4.72901E+00, 5.51460E-02, 3.36931E+00,-3.92485E+00, 1.91202E+01, 2.22965E-01, 1.30540E+02, 2.83757E+01, 1.60392E+02, 6.82081E+01, 5.62066E-01, 2.62160E+00, 9.69739E+01, 2.98830E+01, 3.29383E-03,-3.58273E-05, 0.00000E+00, 0.00000E+00, 0.00000E+00,
 424, 8.45998E+00,TRUE,0, 2.16483E+03, 3.70330E+00, 1.44230E+00, 3.01232E+00, 8.55863E-02, 6.20772E-02, 1.86586E-01, 1.34809E-02, 8.70282E-01, 1.44231E+03,-9.57766E-01, 4.75466E+00, 5.05975E-02, 2.03003E-01, 1.08204E-02,-1.46738E-03, 1.44232E+03,-9.70554E-01, 4.74186E+00, 5.28652E-02, 3.36924E+00,-3.92404E+00, 1.91718E+01, 2.13739E-01, 1.22885E+02, 2.66861E+01, 1.54801E+02, 6.69742E+01, 5.62055E-01, 2.62157E+00, 9.67015E+01, 2.98828E+01, 3.30269E-03,-3.42537E-05, 0.00000E+00, 0.00000E+00, 0.00000E+00,
 425, 8.47998E+00,TRUE,0, 0.00000E+00, 3.70317E+00, 1.44230E+00, 3.01220E+00, 0.00000E+00, 0.00000E+00, 1.86589E-01, 0.00000E+00, 8.70305E-01, 1.44230E+03,-9.57520E-01, 4.76744E+00, 4.83422E-02, 2.04834E-01, 1.08728E-02,-1.47191E-03, 1.44231E+03,-9.57766E-01, 4.75466E+00, 5.05975E-02, 3.36918E+00,-3.87226E+00, 1.92232E+01, 2.04566E-01, 1.26585E+02, 2.75038E+01, 1.57504E+02, 6.75714E+01, 5.62043E-01, 2.62153E+00, 9.68334E+01, 2.98826E+01, 3.31159E-03,-3.26875E-05, 0.00000E+00, 0.00000E+00, 0.00000E+00,
 426, 8.49998E+00,TRUE,0, 0.00000E+00, 3.70310E+00, 1.44228E+00, 3.01215E+00, 0.00000E+00, 0.00000E+00, 1.86589E-01, 0.00000E+00, 8.70310E-01, 1.44228E+03,-9.57271E-01, 4.78019E+00, 4.60987E-02, 2.23999E-01, 1.08471E-02,-1.47836E-03, 1.44230E+03,-9.57520E-01, 4.76744E+00, 4.83422E-02, 3.36936E+00,-3.87148E+00, 1.92759E+01, 1.95459E-01, 1.30356E+02, 2.83169E+01, 1.60230E+02, 6.81591E+01, 5.62032E-01, 2.62150E+00, 9.69601E+01, 2.98824E+01, 3.32046E-03,-3.11287E-05, 0.00000E+00, 0.00000E+00, 0.00000E+00,
 427, 8.51998E+00,TRUE,0, 1.96337E+03, 3.70304E+00, 1.44226E+00, 3.01210E+00, 9.42604E-02, 6.83509E-02, 1.86588E-01, 1.48344E-02, 8.70315E-01, 1.44228E+03,-9.40398E-01, 4.79290E+00, 4.38664E-02, 2.43164E-01, 1.08161E-02,-1.48543E-03, 1.44228E+03,-9.57271E-01, 4.78019E+00, 4.60987E-02, 3.36930E+00,-3.87040E+00, 1.93271E+01, 1.86384E-01, 1.21549E+02, 2.63800E+01, 1.53807E+02, 6.67468E+01, 5.62022E-01, 2.62147E+00, 9.66496E+01, 2.98823E+01, 3.32930E-03,-2.95773E-05, 0.00000E+00, 0.00000E+00, 0.00000E+00,
 428, 8.53998E+00,TRUE,0, 0.00000E+00, 3.70293E+00, 1.44226E+00, 3.01199E+00, 0.00000E+00, 0.00000E+00, 1.86591E-01, 0.00000E+00, 8.70334E-01, 1.44226E+03,-9.40071E-01, 4.80560E+00, 4.16451E-02, 2.39258E-01, 1.08576E-02,-1.49200E-03, 1.44228E+03,-9.40398E-01, 4.79290E+00, 4.38664E-02, 3.36924E+00,-3.80211E+00, 1.93781E+01, 1.77355E-01, 1.25223E+02, 2.71993E+01, 1.56501E+02, 6.73476E+01, 5.62011E-01, 2.62144E+00, 9.67836E+01, 2.98821E+01, 3.33811E-03,-2.80334E-05, 0.00000E+00, 0.00000E+00, 0.00000E+00,
 429, 8.55998E+00,TRUE,0, 0.00000E+00, 3.70286E+00, 1.44224E+00, 3.01194E+00, 0.00000E+00, 0.00000E+00, 1.86591E-01, 0.00000E+00, 8.70339E-01, 1.44224E+03,-9.39741E-01, 4.81825E+00, 3.94342E-02, 2.58057E-01, 1.08042E-02,-1.49914E-03, 1.44226E+03,-9.40071E-01, 4.80560E+00, 4.16451E-02, 3.36950E+00,-3.80108E+00, 1.94310E+01, 1.68388E-01, 1.28967E+02, 2.80141E+01, 1.59218E+02, 6.79389E+01, 5.62001E-01, 2.62141E+00, 9.69123E+01, 2.98819E+01, 3.34690E-03,-2.64968E-05, 0.00000E+00, 0.00000E+00, 0.00000E+00,
 430, 8.57998E+00,TRUE,0, 1.81899E+03, 3.70281E+00, 1.44222E+00, 3.01190E+00, 1.00662E-01, 7.29982E-02, 1.86591E-01, 1.58463E-02, 8.70344E-01, 1.44225E+03,-9.19199E-01, 4.83089E+00, 3.72336E-02, 2.76855E-01, 1.08356E-02,-1.50573E-03, 1.44224E+03,-9.39741E-01, 4.81825E+00, 3.94342E-02, 3.36944E+00,-3.79968E+00, 1.94818E+01, 1.59445E-01, 1.19417E+02, 2.59228E+01, 1.52266E+02, 6.64167E+01, 5.61992E-01, 2.62139E+00, 9.65790E+01, 2.98818E+01, 3.35572E-03,-2.49676E-05, 0.00000E+00, 0.00000E+00, 0.00000E+00,
 431, 8.59998E+00,TRUE,0, 0.00000E+00, 3.70271E+00, 1.44223E+00, 3.01181E+00, 0.00000E+00, 0.00000E+00, 1.86593E-01, 0.00000E+00, 8.70358E-01, 1.44223E+03,-9.18779E-01, 4.84350E+00, 3.50431E-02, 2.67456E-01, 1.08576E-02,-1.51091E-03, 1.44225E+03,-9.19199E-01, 4.83089E+00, 3.72336E-02, 3.36938E+00,-3.71656E+00, 1.95325E+01, 1.50545E-01, 1.23051E+02, 2.67448E+01, 1.54947E+02, 6.70227E+01, 5.61983E-01, 2.62136E+00, 9.67159E+01, 2.98816E+01, 3.36446E-03,-2.34457E-05, 0.00000E+00, 0.00000E+00, 0.00000E+00,
 432, 8.61998E+00,TRUE,0, 0.00000E+00, 3.70266E+00, 1.44221E+00, 3.01177E+00, 0.00000E+00, 0.00000E+00, 1.86593E-01, 0.00000E+00, 8.70364E-01, 1.44221E+03,-9.18359E-01, 4.85607E+00, 3.28625E-02, 2.85889E-01, 1.07684E-02,-1.51599E-03, 1.44223E+03,-9.18779E-01, 4.84350E+00, 3.50431E-02, 3.36972E+00,-3.71524E+00, 1.95855E+01, 1.41703E-01, 1.26755E+02, 2.75622E+01, 1.57652E+02, 6.76191E+01, 5.61974E-01, 2.62133E+00, 9.68472E+01, 2.98814E+01, 3.37317E-03,-2.19311E-05, 0.00000E+00, 0.00000E+00, 0.00000E+00,
 433, 8.63998E+00,TRUE,0, 0.00000E+00, 3.70260E+00, 1.44220E+00, 3.01172E+00, 0.00000E+00, 0.00000E+00, 1.86593E-01, 0.00000E+00, 8.70369E-01, 1.44220E+03,-9.17938E-01, 4.86859E+00, 3.06916E-02, 3.04321E-01, 1.06840E-02,-1.52003E-03, 1.44221E+03,-9.18359E-01, 4.85607E+00, 3.28625E-02, 3.36966E+00,-3.71347E+00, 1.96360E+01, 1.32883E-01, 1.30530E+02, 2.83751E+01, 1.60380E+02, 6.82062E+01, 5.61966E-01, 2.62131E+00, 9.69733E+01, 2.98813E+01, 3.38185E-03,-2.04239E-05, 0.00000E+00, 0.00000E+00, 0.00000E+00,
 434, 8.65998E+00,TRUE,0, 2.16465E+03, 3.70255E+00, 1.44218E+00, 3.01168E+00, 8.55841E-02, 6.20777E-02, 1.86593E-01, 1.34818E-02, 8.70374E-01, 1.44220E+03,-8.97480E-01, 4.88108E+00, 2.85304E-02, 3.22754E-01, 1.06039E-02,-1.52297E-03, 1.44220E+03,-9.17938E-01, 4.86859E+00, 3.06916E-02, 3.36960E+00,-3.71170E+00, 1.96863E+01, 1.24102E-01, 1.22876E+02, 2.66857E+01, 1.54790E+02, 6.69723E+01, 5.61958E-01, 2.62129E+00, 9.67009E+01, 2.98812E+01, 3.39050E-03,-1.89239E-05, 0.00000E+00, 0.00000E+00, 0.00000E+00,
 435, 8.67998E+00,TRUE,0, 0.00000E+00, 3.70249E+00, 1.44219E+00, 3.01162E+00, 0.00000E+00, 0.00000E+00, 1.86594E-01, 0.00000E+00, 8.70383E-01, 1.44219E+03,-8.96973E-01, 4.89354E+00, 2.63950E-02, 3.13110E-01, 1.06249E-02,-1.43782E-03, 1.44220E+03,-8.97480E-01, 4.88108E+00, 2.85304E-02, 3.36955E+00,-3.62892E+00, 1.97364E+01, 1.15361E-01, 1.26576E+02, 2.75033E+01, 1.57492E+02, 6.75695E+01, 5.61951E-01, 2.62127E+00, 9.68329E+01, 2.98811E+01, 3.39913E-03,-1.74911E-05, 0.00000E+00, 0.00000E+00, 0.00000E+00,
 436, 8.69998E+00,TRUE,0, 0.00000E+00, 3.70244E+00, 1.44217E+00, 3.01158E+00, 0.00000E+00, 0.00000E+00, 1.86594E-01, 0.00000E+00, 8.70388E-01, 1.44217E+03,-8.96466E-01, 4.90596E+00, 2.42833E-02, 3.31055E-01, 1.05371E-02,-1.37020E-03, 1.44219E+03,-8.96973E-01, 4.89354E+00, 2.63950E-02, 3.36989E+00,-3.62724E+00, 1.97888E+01, 1.06738E-01, 1.30346E+02, 2.83164E+01, 1.60219E+02, 6.81573E+01, 5.61944E-01, 2.62125E+00, 9.69596E+01, 2.98809E+01, 3.40773E-03,-1.60653E-05, 0.00000E+00, 0.00000E+00, 0.00000E+00,
 437, 8.71997E+00,TRUE,0, 1.96322E+03, 3.70239E+00, 1.44215E+00, 3.01154E+00, 9.42577E-02, 6.83511E-02, 1.86594E-01, 1.48352E-02, 8.70393E-01, 1.44218E+03,-8.72106E-01, 4.91833E+00, 2.21937E-02, 3.48999E-01, 1.04551E-02,-1.31728E-03, 1.44217E+03,-8.96466E-01, 4.90596E+00, 2.42833E-02, 3.36983E+00,-3.62512E+00, 1.98387E+01, 9.81968E-02, 1.21540E+02, 2.63796E+01, 1.53796E+02, 6.67451E+01, 5.61937E-01, 2.62123E+00, 9.66491E+01, 2.98808E+01, 3.41631E-03,-1.46463E-05, 0.00000E+00, 0.00000E+00, 0.00000E+00,
 438, 8.73997E+00,TRUE,0, 0.00000E+00, 3.70234E+00, 1.44217E+00, 3.01151E+00, 0.00000E+00, 0.00000E+00, 1.86595E-01, 0.00000E+00, 8.70399E-01, 1.44217E+03,-8.71501E-01, 4.93070E+00, 2.01244E-02, 3.33618E-01, 1.05810E-02,-1.27652E-03, 1.44218E+03,-8.72106E-01, 4.91833E+00, 2.21937E-02, 3.36977E+00,-3.52656E+00, 1.98884E+01, 8.97453E-02, 1.25214E+02, 2.71989E+01, 1.56490E+02, 6.73459E+01, 5.61931E-01, 2.62121E+00, 9.67831E+01, 2.98807E+01, 3.42492E-03,-1.32343E-05, 0.00000E+00, 0.00000E+00, 0.00000E+00,
 439, 8.75997E+00,TRUE,0, 0.00000E+00, 3.70230E+00, 1.44215E+00, 3.01147E+00, 0.00000E+00, 0.00000E+00, 1.86595E-01, 0.00000E+00, 8.70404E-01, 1.44215E+03,-8.70898E-01, 4.94303E+00, 1.80739E-02, 3.51074E-01, 1.05581E-02,-1.24705E-03, 1.44217E+03,-8.71501E-01, 4.93070E+00, 2.01244E-02, 3.37019E+00,-3.52455E+00, 1.99409E+01, 8.13879E-02, 1.28958E+02, 2.80137E+01, 1.59208E+02, 6.79372E+01, 5.61925E-01, 2.62119E+00, 9.69118E+01, 2.98806E+01, 3.43350E-03,-1.18292E-05, 0.00000E+00, 0.00000E+00, 0.00000E+00,
 440, 8.77997E+00,TRUE,0, 1.81887E+03, 3.70226E+00, 1.44213E+00, 3.01143E+00, 1.00658E-01, 7.29980E-02, 1.86595E-01, 1.58471E-02, 8.70409E-01, 1.44207E+03,-9.16394E-01, 4.95534E+00, 1.60406E-02,-6.31470E-01, 1.05271E-02,-1.22653E-03, 1.44215E+03,-8.70898E-01, 4.94303E+00, 1.80739E-02, 3.37014E+00,-3.52206E+00, 1.99905E+01, 7.30938E-02, 1.19409E+02, 2.59224E+01, 1.52256E+02, 6.64151E+01, 5.61920E-01, 2.62118E+00, 9.65786E+01, 2.98805E+01, 3.44206E-03,-1.04310E-05, 0.00000E+00, 0.00000E+00, 0.00000E+00,
 441, 8.79997E+00,TRUE,0, 0.00000E+00, 3.70159E+00, 1.44205E+00, 3.01077E+00, 0.00000E+00, 0.00000E+00, 1.86627E-01, 0.00000E+00, 8.70561E-01, 1.44205E+03,-9.15993E-01, 4.96756E+00, 1.40231E-02,-5.49438E-01, 1.01767E-02,-1.21401E-03, 1.44207E+03,-9.16394E-01, 4.95534E+00, 1.60406E-02, 3.37009E+00,-3.70599E+00, 2.00399E+01, 6.48698E-02, 1.23042E+02, 2.67444E+01, 1.54937E+02, 6.70211E+01, 5.61892E-01, 2.62106E+00, 9.67154E+01, 2.98799E+01, 3.45053E-03,-9.03968E-06, 0.00000E+00, 0.00000E+00, 0.00000E+00,
 442, 8.81997E+00,TRUE,0, 0.00000E+00, 3.70151E+00, 1.44203E+00, 3.01073E+00, 0.00000E+00, 0.00000E+00, 1.86623E-01, 0.00000E+00, 8.70545E-01, 1.44203E+03,-9.15590E-01, 4.97973E+00, 1.20205E-02,-5.31006E-01, 1.01032E-02,-1.20664E-03, 1.44205E+03,-9.15993E-01, 4.96756E+00, 1.40231E-02, 3.36911E+00,-3.70330E+00, 2.00835E+01, 5.66945E-02, 1.26746E+02, 2.75619E+01, 1.57642E+02, 6.76176E+01, 5.61869E-01, 2.62097E+00, 9.68468E+01, 2.98795E+01, 3.45897E-03,-7.65518E-06, 0.00000E+00, 0.00000E+00, 0.00000E+00,
 443, 8.83997E+00,TRUE,0, 0.00000E+00, 3.70144E+00, 1.44201E+00, 3.01068E+00, 0.00000E+00, 0.00000E+00, 1.86619E-01, 0.00000E+00, 8.70536E-01, 1.44201E+03,-9.15187E-01, 4.99185E+00, 1.00316E-02,-5.12695E-01, 1.00374E-02,-1.20404E-03, 1.44203E+03,-9.15590E-01, 4.97973E+00, 1.20205E-02, 3.36906E+00,-3.70161E+00, 2.01324E+01, 4.85971E-02, 1.30521E+02, 2.83747E+01, 1.60370E+02, 6.82047E+01, 5.61850E-01, 2.62091E+00, 9.69729E+01, 2.98793E+01, 3.46739E-03,-6.27751E-06, 0.00000E+00, 0.00000E+00, 0.00000E+00,
 444, 8.85997E+00,TRUE,0, 2.16438E+03, 3.70138E+00, 1.44199E+00, 3.01065E+00, 8.55868E-02, 6.20813E-02, 1.86616E-01, 1.34832E-02, 8.70533E-01, 1.44195E+03,-9.45474E-01, 5.00394E+00, 8.05559E-03,-4.94385E-01, 9.97829E-03,-1.20511E-03, 1.44201E+03,-9.15187E-01, 4.99185E+00, 1.00316E-02, 3.36900E+00,-3.69991E+00, 2.01811E+01, 4.05557E-02, 1.22867E+02, 2.66852E+01, 1.54779E+02, 6.69707E+01, 5.61835E-01, 2.62086E+00, 9.67005E+01, 2.98791E+01, 3.47578E-03,-4.90666E-06, 0.00000E+00, 0.00000E+00, 0.00000E+00,
 445, 8.87997E+00,TRUE,0, 0.00000E+00, 3.70086E+00, 1.44193E+00, 3.01014E+00, 0.00000E+00, 0.00000E+00, 1.86637E-01, 0.00000E+00, 8.70642E-01, 1.44193E+03,-9.45199E-01, 5.01597E+00, 6.09162E-03,-4.33105E-01, 9.86004E-03,-1.20908E-03, 1.44195E+03,-9.45474E-01, 5.00394E+00, 8.05559E-03, 3.36894E+00,-3.82229E+00, 2.02296E+01, 3.25666E-02, 1.26567E+02, 2.75029E+01, 1.57482E+02, 6.75680E+01, 5.61805E-01, 2.62076E+00, 9.68325E+01, 2.98786E+01, 3.48420E-03,-3.54261E-06, 0.00000E+00, 0.00000E+00, 0.00000E+00,
 446, 8.89997E+00,TRUE,0, 0.00000E+00, 3.70078E+00, 1.44191E+00, 3.01010E+00, 0.00000E+00, 0.00000E+00, 1.86632E-01, 0.00000E+00, 8.70629E-01, 1.44191E+03,-9.44920E-01, 5.02798E+00, 4.13905E-03,-4.14185E-01, 9.90582E-03,-1.21469E-03, 1.44193E+03,-9.45199E-01, 5.01597E+00, 6.09162E-03, 3.36827E+00,-3.82042E+00, 2.02742E+01, 2.46218E-02, 1.30338E+02, 2.83159E+01, 1.60208E+02, 6.81558E+01, 5.61782E-01, 2.62068E+00, 9.69592E+01, 2.98783E+01, 3.49260E-03,-2.18533E-06, 0.00000E+00, 0.00000E+00, 0.00000E+00,
 447, 8.91997E+00,TRUE,0, 1.96289E+03, 3.70072E+00, 1.44190E+00, 3.01006E+00, 9.42648E-02, 6.83580E-02, 1.86628E-01, 1.48375E-02, 8.70623E-01, 1.44186E+03,-9.71656E-01, 5.03995E+00, 2.19731E-03,-3.95264E-01, 9.93776E-03,-1.22156E-03, 1.44191E+03,-9.44920E-01, 5.02798E+00, 4.13905E-03, 3.36821E+00,-3.81922E+00, 2.03223E+01, 1.67294E-02, 1.21531E+02, 2.63789E+01, 1.53785E+02, 6.67434E+01, 5.61762E-01, 2.62063E+00, 9.66487E+01, 2.98781E+01, 3.50097E-03,-8.34822E-07, 0.00000E+00, 0.00000E+00, 0.00000E+00,
 448, 8.93997E+00,TRUE,0, 0.00000E+00, 3.70020E+00, 1.44184E+00, 3.00956E+00, 0.00000E+00, 0.00000E+00, 1.86649E-01, 0.00000E+00, 8.70730E-01, 1.44184E+03,-9.71484E-01, 5.05188E+00, 2.65865E-04,-3.38379E-01, 9.82141E-03,-1.22909E-03, 1.44186E+03,-9.71656E-01, 5.03995E+00, 2.19731E-03, 3.36814E+00,-3.92721E+00, 2.03703E+01, 8.88101E-03, 1.25204E+02, 2.71982E+01, 1.56479E+02, 6.73442E+01, 5.61730E-01, 2.62051E+00, 9.67827E+01, 2.98776E+01, 3.50932E-03, 5.08946E-07, 0.00000E+00, 0.00000E+00, 0.00000E+00,
 449, 8.95997E+00,TRUE,0, 0.00000E+00, 3.70011E+00, 1.44182E+00, 3.00951E+00, 0.00000E+00, 0.00000E+00, 1.86643E-01, 0.00000E+00, 8.70717E-01, 1.44182E+03,-9.71306E-01, 5.06378E+00,-1.65564E-03,-3.18848E-01, 9.85193E-03,-1.23676E-03, 1.44184E+03,-9.71484E-01, 5.05188E+00, 2.65865E-04, 3.36754E+00,-3.92582E+00, 2.04149E+01, 1.07437E-03, 1.28949E+02, 2.80129E+01, 1.59197E+02, 6.79355E+01, 5.61705E-01, 2.62043E+00, 9.69114E+01, 2.98772E+01, 3.51764E-03, 1.84598E-06, 0.00000E+00, 0.00000E+00, 0.00000E+00,
 450, 8.97997E+00,TRUE,0, 1.81847E+03, 3.70004E+00, 1.44180E+00, 3.00947E+00, 1.00670E-01, 7.30084E-02, 1.86639E-01, 1.58501E-02, 8.70712E-01, 1.44177E+03,-9.92975E-01, 5.07565E+00,-3.56754E-03,-2.99316E-01, 9.87005E-03,-1.24427E-03, 1.44182E+03,-9.71306E-01, 5.06378E+00,-1.65564E-03, 3.36748E+00,-3.92502E+00, 2.04626E+01,-6.69039E-03, 1.19398E+02, 2.59214E+01, 1.52244E+02, 6.64132E+01, 5.61684E-01, 2.62038E+00, 9.65781E+01, 2.98770E+01, 3.52593E-03, 3.17630E-06, 0.00000E+00, 0.00000E+00, 0.00000E+00,
 451, 8.99997E+00,TRUE,0, 0.00000E+00, 3.69954E+00, 1.44175E+00, 3.00900E+00, 0.00000E+00, 0.00000E+00, 1.86658E-01, 0.00000E+00, 8.70812E-01, 1.44175E+03,-9.92878E-01, 5.08746E+00,-5.47012E-03,-2.49268E-01, 9.68122E-03,-1.25119E-03, 1.44177E+03,-9.92975E-01, 5.07565E+00,-3.56754E-03, 3.36741E+00,-4.01250E+00, 2.05102E+01,-1.44161E-02, 1.23032E+02, 2.67434E+01, 1.54925E+02, 6.70192E+01, 5.61652E-01, 2.62027E+00, 9.67150E+01, 2.98765E+01, 3.53413E-03, 4.49992E-06, 0.00000E+00, 0.00000E+00, 0.00000E+00,
 452, 9.01997E+00,TRUE,0, 0.00000E+00, 3.69946E+00, 1.44173E+00, 3.00895E+00, 0.00000E+00, 0.00000E+00, 1.86652E-01, 0.00000E+00, 8.70802E-01, 1.44173E+03,-9.92774E-01, 5.09924E+00,-7.36356E-03,-2.29370E-01, 9.71556E-03,-1.25751E-03, 1.44175E+03,-9.92878E-01, 5.08746E+00,-5.47012E-03, 3.36691E+00,-4.01151E+00, 2.05548E+01,-2.21008E-02, 1.26736E+02, 2.75608E+01, 1.57630E+02, 6.76158E+01, 5.61626E-01, 2.62020E+00, 9.68464E+01, 2.98761E+01, 3.54237E-03, 5.81687E-06, 0.00000E+00, 0.00000E+00, 0.00000E+00,
 453, 9.03997E+00,TRUE,0, 0.00000E+00, 3.69938E+00, 1.44171E+00, 3.00890E+00, 0.00000E+00, 0.00000E+00, 1.86648E-01, 0.00000E+00, 8.70798E-01, 1.44171E+03,-9.92662E-01, 5.11100E+00,-9.24803E-03,-2.09473E-01, 9.73701E-03,-1.26299E-03, 1.44173E+03,-9.92774E-01, 5.09924E+00,-7.36356E-03, 3.36684E+00,-4.01101E+00, 2.06020E+01,-2.97503E-02, 1.30510E+02, 2.83736E+01, 1.60358E+02, 6.82029E+01, 5.61605E-01, 2.62014E+00, 9.69725E+01, 2.98759E+01, 3.55059E-03, 7.12716E-06, 0.00000E+00, 0.00000E+00, 0.00000E+00,
 454, 9.05997E+00,TRUE,0, 2.16394E+03, 3.69931E+00, 1.44169E+00, 3.00885E+00, 8.55948E-02, 6.20886E-02, 1.86645E-01, 1.34855E-02, 8.70799E-01, 1.44167E+03,-1.00431E+00, 5.12270E+00,-1.11237E-02,-1.89575E-01, 9.66072E-03,-1.26750E-03, 1.44171E+03,-9.92662E-01, 5.11100E+00,-9.24803E-03, 3.36677E+00,-4.01048E+00, 2.06491E+01,-3.73632E-02, 1.22856E+02, 2.66840E+01, 1.54767E+02, 6.69689E+01, 5.61588E-01, 2.62011E+00, 9.67001E+01, 2.98757E+01, 3.55871E-03, 8.43079E-06, 0.00000E+00, 0.00000E+00, 0.00000E+00,
 455, 9.07997E+00,TRUE,0, 0.00000E+00, 3.69894E+00, 1.44165E+00, 3.00850E+00, 0.00000E+00, 0.00000E+00, 1.86659E-01, 0.00000E+00, 8.70876E-01, 1.44165E+03,-1.00424E+00, 5.13437E+00,-1.29905E-02,-1.53198E-01, 9.61971E-03,-1.27080E-03, 1.44167E+03,-1.00431E+00, 5.12270E+00,-1.11237E-02, 3.36670E+00,-4.05747E+00, 2.06959E+01,-4.49401E-02, 1.26555E+02, 2.75016E+01, 1.57470E+02, 6.75661E+01, 5.61564E-01, 2.62003E+00, 9.68321E+01, 2.98753E+01, 3.56688E-03, 9.72780E-06, 0.00000E+00, 0.00000E+00, 0.00000E+00,
 456, 9.09997E+00,TRUE,0, 0.00000E+00, 3.69886E+00, 1.44163E+00, 3.00845E+00, 0.00000E+00, 0.00000E+00, 1.86655E-01, 0.00000E+00, 8.70871E-01, 1.44163E+03,-1.00415E+00, 5.14601E+00,-1.48326E-02,-1.33057E-01, 9.63783E-03,-1.18676E-03, 1.44165E+03,-1.00424E+00, 5.13437E+00,-1.29905E-02, 3.36640E+00,-4.05679E+00, 2.07412E+01,-5.24775E-02, 1.30325E+02, 2.83147E+01, 1.60196E+02, 6.81540E+01, 5.61544E-01, 2.61997E+00, 9.69588E+01, 2.98750E+01, 3.57501E-03, 1.09583E-05, 0.00000E+00, 0.00000E+00, 0.00000E+00,
 457, 9.11996E+00,TRUE,0, 1.96252E+03, 3.69879E+00, 1.44161E+00, 3.00840E+00, 9.42716E-02, 6.83646E-02, 1.86653E-01, 1.48396E-02, 8.70871E-01, 1.44160E+03,-1.01178E+00, 5.15763E+00,-1.66517E-02,-1.12915E-01, 9.64499E-03,-1.11969E-03, 1.44163E+03,-1.00415E+00, 5.14601E+00,-1.48326E-02, 3.36633E+00,-4.05637E+00, 2.07878E+01,-5.99175E-02, 1.21519E+02, 2.63775E+01, 1.53773E+02, 6.67415E+01, 5.61527E-01, 2.61993E+00, 9.66482E+01, 2.98748E+01, 3.58312E-03, 1.21824E-05, 0.00000E+00, 0.00000E+00, 0.00000E+00,
 458, 9.13996E+00,TRUE,0, 0.00000E+00, 3.69843E+00, 1.44158E+00, 3.00806E+00, 0.00000E+00, 0.00000E+00, 1.86666E-01, 0.00000E+00, 8.70944E-01, 1.44158E+03,-1.01171E+00, 5.16922E+00,-1.84497E-02,-8.19092E-02, 9.68981E-03,-1.06723E-03, 1.44160E+03,-1.01178E+00, 5.15763E+00,-1.66517E-02, 3.36626E+00,-4.08709E+00, 2.08343E+01,-6.72645E-02, 1.25192E+02, 2.71968E+01, 1.56467E+02, 6.73423E+01, 5.61503E-01, 2.61985E+00, 9.67823E+01, 2.98744E+01, 3.59126E-03, 1.34003E-05, 0.00000E+00, 0.00000E+00, 0.00000E+00,
 459, 9.15996E+00,TRUE,0, 0.00000E+00, 3.69836E+00, 1.44156E+00, 3.00801E+00, 0.00000E+00, 0.00000E+00, 1.86663E-01, 0.00000E+00, 8.70939E-01, 1.44156E+03,-1.01163E+00, 5.18077E+00,-2.02283E-02,-6.16455E-02, 9.66835E-03,-1.02760E-03, 1.44158E+03,-1.01171E+00, 5.16922E+00,-1.84497E-02, 3.36603E+00,-4.08654E+00, 2.08797E+01,-7.45226E-02, 1.28936E+02, 2.80116E+01, 1.59184E+02, 6.79337E+01, 5.61483E-01, 2.61979E+00, 9.69110E+01, 2.98741E+01, 3.59932E-03, 1.46120E-05, 0.00000E+00, 0.00000E+00, 0.00000E+00,
 460, 9.17996E+00,TRUE,0, 1.81816E+03, 3.69829E+00, 1.44154E+00, 3.00796E+00, 1.00675E-01, 7.30139E-02, 1.86660E-01, 1.58521E-02, 8.70938E-01, 1.44154E+03,-1.01457E+00, 5.19230E+00,-2.19891E-02,-4.13818E-02, 9.64117E-03,-9.98735E-04, 1.44156E+03,-1.01163E+00, 5.18077E+00,-2.02283E-02, 3.36596E+00,-4.08615E+00, 2.09259E+01,-8.17052E-02, 1.19386E+02, 2.59200E+01, 1.52232E+02, 6.64113E+01, 5.61467E-01, 2.61975E+00, 9.65777E+01, 2.98738E+01, 3.60735E-03, 1.58174E-05, 0.00000E+00, 0.00000E+00, 0.00000E+00,
 461, 9.19996E+00,TRUE,0, 0.00000E+00, 3.69795E+00, 1.44152E+00, 3.00764E+00, 0.00000E+00, 0.00000E+00, 1.86672E-01, 0.00000E+00, 8.71006E-01, 1.44152E+03,-1.01449E+00, 5.20377E+00,-2.37335E-02,-1.67236E-02, 9.50670E-03,-9.78824E-04, 1.44154E+03,-1.01457E+00, 5.19230E+00,-2.19891E-02, 3.36589E+00,-4.09792E+00, 2.09720E+01,-8.88155E-02, 1.23019E+02, 2.67420E+01, 1.54913E+02, 6.70174E+01, 5.61444E-01, 2.61968E+00, 9.67146E+01, 2.98734E+01, 3.61529E-03, 1.70165E-05, 0.00000E+00, 0.00000E+00, 0.00000E+00,
 462, 9.21996E+00,TRUE,0, 0.00000E+00, 3.69787E+00, 1.44150E+00, 3.00759E+00, 0.00000E+00, 0.00000E+00, 1.86669E-01, 0.00000E+00, 8.71001E-01, 1.44150E+03,-1.01440E+00, 5.21521E+00,-2.54629E-02, 3.66211E-03, 9.49192E-03,-9.66422E-04, 1.44152E+03,-1.01449E+00, 5.20377E+00,-2.37335E-02, 3.36576E+00,-4.09744E+00, 2.10176E+01,-9.58576E-02, 1.26723E+02, 2.75594E+01, 1.57617E+02, 6.76139E+01, 5.61424E-01, 2.61962E+00, 9.68460E+01, 2.98731E+01, 3.62327E-03, 1.82095E-05, 0.00000E+00, 0.00000E+00, 0.00000E+00,
 463, 9.23996E+00,TRUE,0, 0.00000E+00, 3.69780E+00, 1.44148E+00, 3.00755E+00, 0.00000E+00, 0.00000E+00, 1.86667E-01, 0.00000E+00, 8.71001E-01, 1.44148E+03,-1.01431E+00, 5.22661E+00,-2.71784E-02, 2.40479E-02, 9.47189E-03,-9.60058E-04, 1.44150E+03,-1.01440E+00, 5.21521E+00,-2.54629E-02, 3.36569E+00,-4.09700E+00, 2.10633E+01,-1.02840E-01, 1.30497E+02, 2.83722E+01, 1.60345E+02, 6.82011E+01, 5.61408E-01, 2.61958E+00, 9.69721E+01, 2.98729E+01, 3.63122E-03, 1.93962E-05, 0.00000E+00, 0.00000E+00, 0.00000E+00,
 464, 9.25996E+00,TRUE,0, 2.16360E+03, 3.69774E+00, 1.44146E+00, 3.00750E+00, 8.55977E-02, 6.20922E-02, 1.86665E-01, 1.34870E-02, 8.71004E-01, 1.44146E+03,-1.01144E+00, 5.23798E+00,-2.88810E-02, 4.44336E-02, 9.44710E-03,-9.58463E-04, 1.44148E+03,-1.01431E+00, 5.22661E+00,-2.71784E-02, 3.36562E+00,-4.09653E+00, 2.11089E+01,-1.09766E-01, 1.22843E+02, 2.66826E+01, 1.54755E+02, 6.69671E+01, 5.61395E-01, 2.61954E+00, 9.66997E+01, 2.98727E+01, 3.63915E-03, 2.05768E-05, 0.00000E+00, 0.00000E+00, 0.00000E+00,
 465, 9.27996E+00,TRUE,0, 0.00000E+00, 3.69749E+00, 1.44144E+00, 3.00726E+00, 0.00000E+00, 0.00000E+00, 1.86673E-01, 0.00000E+00, 8.71053E-01, 1.44144E+03,-1.01132E+00, 5.24934E+00,-3.05718E-02, 6.09131E-02, 9.51910E-03,-9.60631E-04, 1.44146E+03,-1.01144E+00, 5.23798E+00,-2.88810E-02, 3.36555E+00,-4.08488E+00, 2.11544E+01,-1.16641E-01, 1.26542E+02, 2.75002E+01, 1.57457E+02, 6.75644E+01, 5.61377E-01, 2.61949E+00, 9.68317E+01, 2.98723E+01, 3.64711E-03, 2.17512E-05, 0.00000E+00, 0.00000E+00, 0.00000E+00,
 466, 9.29996E+00,TRUE,0, 0.00000E+00, 3.69742E+00, 1.44142E+00, 3.00722E+00, 0.00000E+00, 0.00000E+00, 1.86671E-01, 0.00000E+00, 8.71052E-01, 1.44142E+03,-1.01119E+00, 5.26066E+00,-3.22514E-02, 8.11768E-02, 9.46712E-03,-9.65420E-04, 1.44144E+03,-1.01132E+00, 5.24934E+00,-3.05718E-02, 3.36553E+00,-4.08436E+00, 2.12002E+01,-1.23468E-01, 1.30312E+02, 2.83133E+01, 1.60183E+02, 6.81522E+01, 5.61361E-01, 2.61944E+00, 9.69584E+01, 2.98721E+01, 3.65498E-03, 2.29195E-05, 0.00000E+00, 0.00000E+00, 0.00000E+00,
 467, 9.31996E+00,TRUE,0, 1.96223E+03, 3.69736E+00, 1.44140E+00, 3.00717E+00, 9.42736E-02, 6.83677E-02, 1.86670E-01, 1.48411E-02, 8.71054E-01, 1.44141E+03,-1.00411E+00, 5.27194E+00,-3.39205E-02, 1.01440E-01, 9.41420E-03,-9.72137E-04, 1.44142E+03,-1.01119E+00, 5.26066E+00,-3.22514E-02, 3.36546E+00,-4.08374E+00, 2.12455E+01,-1.30249E-01, 1.21506E+02, 2.63762E+01, 1.53761E+02, 6.67398E+01, 5.61348E-01, 2.61941E+00, 9.66479E+01, 2.98719E+01, 3.66283E-03, 2.40816E-05, 0.00000E+00, 0.00000E+00, 0.00000E+00,
 468, 9.33996E+00,TRUE,0, 0.00000E+00, 3.69712E+00, 1.44139E+00, 3.00695E+00, 0.00000E+00, 0.00000E+00, 1.86678E-01, 0.00000E+00, 8.71100E-01, 1.44139E+03,-1.00394E+00, 5.28320E+00,-3.55799E-02, 1.12061E-01, 9.48429E-03,-9.80325E-04, 1.44141E+03,-1.00411E+00, 5.27194E+00,-3.39205E-02, 3.36539E+00,-4.05509E+00, 2.12906E+01,-1.36987E-01, 1.25179E+02, 2.71955E+01, 1.56454E+02, 6.73406E+01, 5.61331E-01, 2.61935E+00, 9.67820E+01, 2.98716E+01, 3.67071E-03, 2.52376E-05, 0.00000E+00, 0.00000E+00, 0.00000E+00,
 469, 9.35996E+00,TRUE,0, 0.00000E+00, 3.69706E+00, 1.44137E+00, 3.00691E+00, 0.00000E+00, 0.00000E+00, 1.86676E-01, 0.00000E+00, 8.71099E-01, 1.44137E+03,-1.00376E+00, 5.29444E+00,-3.72299E-02, 1.32202E-01, 9.49430E-03,-9.88871E-04, 1.44139E+03,-1.00394E+00, 5.28320E+00,-3.55799E-02, 3.36546E+00,-4.05446E+00, 2.13365E+01,-1.43691E-01, 1.28923E+02, 2.80102E+01, 1.59172E+02, 6.79320E+01, 5.61317E-01, 2.61931E+00, 9.69107E+01, 2.98713E+01, 3.67856E-03, 2.63875E-05, 0.00000E+00, 0.00000E+00, 0.00000E+00,
 470, 9.37996E+00,TRUE,0, 1.81791E+03, 3.69700E+00, 1.44135E+00, 3.00686E+00, 1.00676E-01, 7.30163E-02, 1.86674E-01, 1.58535E-02, 8.71100E-01, 1.44136E+03,-9.92445E-01, 5.30566E+00,-3.88709E-02, 1.52344E-01, 9.49049E-03,-9.97607E-04, 1.44137E+03,-1.00376E+00, 5.29444E+00,-3.72299E-02, 3.36539E+00,-4.05364E+00, 2.13814E+01,-1.50352E-01, 1.19374E+02, 2.59188E+01, 1.52220E+02, 6.64097E+01, 5.61304E-01, 2.61928E+00, 9.65773E+01, 2.98712E+01, 3.68639E-03, 2.75314E-05, 0.00000E+00, 0.00000E+00, 0.00000E+00,
 471, 9.39996E+00,TRUE,0, 0.00000E+00, 3.69678E+00, 1.44134E+00, 3.00666E+00, 0.00000E+00, 0.00000E+00, 1.86682E-01, 0.00000E+00, 8.71141E-01, 1.44134E+03,-9.92203E-01, 5.31683E+00,-4.05034E-02, 1.56982E-01, 9.44662E-03,-1.00660E-03, 1.44136E+03,-9.92445E-01, 5.30566E+00,-3.88709E-02, 3.36532E+00,-4.00788E+00, 2.14263E+01,-1.56976E-01, 1.23007E+02, 2.67407E+01, 1.54901E+02, 6.70158E+01, 5.61288E-01, 2.61923E+00, 9.67142E+01, 2.98709E+01, 3.69414E-03, 2.86691E-05, 0.00000E+00, 0.00000E+00, 0.00000E+00,
 472, 9.41996E+00,TRUE,0, 0.00000E+00, 3.69672E+00, 1.44132E+00, 3.00661E+00, 0.00000E+00, 0.00000E+00, 1.86680E-01, 0.00000E+00, 8.71141E-01, 1.44132E+03,-9.91955E-01, 5.32797E+00,-4.21274E-02, 1.76880E-01, 9.34219E-03,-1.01458E-03, 1.44134E+03,-9.92203E-01, 5.31683E+00,-4.05034E-02, 3.36548E+00,-4.00708E+00, 2.14724E+01,-1.63576E-01, 1.26710E+02, 2.75582E+01, 1.57605E+02, 6.76124E+01, 5.61274E-01, 2.61918E+00, 9.68457E+01, 2.98706E+01, 3.70185E-03, 2.98008E-05, 0.00000E+00, 0.00000E+00, 0.00000E+00,
 473, 9.43996E+00,TRUE,0, 0.00000E+00, 3.69666E+00, 1.44130E+00, 3.00657E+00, 0.00000E+00, 0.00000E+00, 1.86679E-01, 0.00000E+00, 8.71143E-01, 1.44130E+03,-9.91702E-01, 5.33906E+00,-4.37434E-02, 1.96777E-01, 9.24635E-03,-1.02185E-03, 1.44132E+03,-9.91955E-01, 5.32797E+00,-4.21274E-02, 3.36541E+00,-4.00600E+00, 2.15170E+01,-1.70131E-01, 1.30484E+02, 2.83710E+01, 1.60333E+02, 6.81996E+01, 5.61262E-01, 2.61915E+00, 9.69718E+01, 2.98705E+01, 3.70955E-03, 3.09265E-05, 0.00000E+00, 0.00000E+00, 0.00000E+00,
 474, 9.45996E+00,TRUE,0, 2.16334E+03, 3.69661E+00, 1.44128E+00, 3.00653E+00, 8.55974E-02, 6.20936E-02, 1.86678E-01, 1.34880E-02, 8.71145E-01, 1.44130E+03,-9.77990E-01, 5.35012E+00,-4.53513E-02, 2.16675E-01, 9.24635E-03,-1.02825E-03, 1.44130E+03,-9.91702E-01, 5.33906E+00,-4.37434E-02, 3.36534E+00,-4.00490E+00, 2.15613E+01,-1.76654E-01, 1.22831E+02, 2.66815E+01, 1.54743E+02, 6.69656E+01, 5.61252E-01, 2.61913E+00, 9.66994E+01, 2.98703E+01, 3.71727E-03, 3.20462E-05, 0.00000E+00, 0.00000E+00, 0.00000E+00,
 475, 9.47996E+00,TRUE,0, 0.00000E+00, 3.69645E+00, 1.44128E+00, 3.00639E+00, 0.00000E+00, 0.00000E+00, 1.86683E-01, 0.00000E+00, 8.71175E-01, 1.44128E+03,-9.77669E-01, 5.36117E+00,-4.69514E-02, 2.17896E-01, 9.30595E-03,-1.03430E-03, 1.44130E+03,-9.77990E-01, 5.35012E+00,-4.53513E-02, 3.36528E+00,-3.94945E+00, 2.16056E+01,-1.83144E-01, 1.26530E+02, 2.74991E+01, 1.57446E+02, 6.75629E+01, 5.61240E-01, 2.61909E+00, 9.68314E+01, 2.98701E+01, 3.72497E-03, 3.31598E-05, 0.00000E+00, 0.00000E+00, 0.00000E+00,
 476, 9.49996E+00,TRUE,0, 0.00000E+00, 3.69639E+00, 1.44126E+00, 3.00635E+00, 0.00000E+00, 0.00000E+00, 1.86681E-01, 0.00000E+00, 8.71177E-01, 1.44126E+03,-9.77344E-01, 5.37218E+00,-4.85437E-02, 2.37549E-01, 9.27353E-03,-1.03856E-03, 1.44128E+03,-9.77669E-01, 5.36117E+00,-4.69514E-02, 3.36548E+00,-3.94839E+00, 2.16515E+01,-1.89617E-01, 1.30300E+02, 2.83121E+01, 1.60172E+02, 6.81508E+01, 5.61229E-01, 2.61906E+00, 9.69581E+01, 2.98699E+01, 3.73265E-03, 3.42675E-05, 0.00000E+00, 0.00000E+00, 0.00000E+00,
 477, 9.51995E+00,TRUE,0, 1.96202E+03, 3.69635E+00, 1.44124E+00, 3.00631E+00, 9.42725E-02, 6.83687E-02, 1.86681E-01, 1.48421E-02, 8.71179E-01, 1.44127E+03,-9.59431E-01, 5.38317E+00,-5.01122E-02, 2.57202E-01, 9.32169E-03,-9.55358E-04, 1.44126E+03,-9.77344E-01, 5.37218E+00,-4.85437E-02, 3.36541E+00,-3.94700E+00, 2.16955E+01,-1.96044E-01, 1.21495E+02, 2.63752E+01, 1.53750E+02, 6.67385E+01, 5.61220E-01, 2.61903E+00, 9.66476E+01, 2.98697E+01, 3.74035E-03, 3.53092E-05, 0.00000E+00, 0.00000E+00, 0.00000E+00,
 478, 9.53995E+00,TRUE,0, 0.00000E+00, 3.69620E+00, 1.44125E+00, 3.00618E+00, 0.00000E+00, 0.00000E+00, 1.86685E-01, 0.00000E+00, 8.71206E-01, 1.44125E+03,-9.59024E-01, 5.39415E+00,-5.16588E-02, 2.52319E-01, 9.35411E-03,-8.90024E-04, 1.44127E+03,-9.59431E-01, 5.38317E+00,-5.01122E-02, 3.36535E+00,-3.87459E+00, 2.17395E+01,-2.02374E-01, 1.25167E+02, 2.71945E+01, 1.56444E+02, 6.73393E+01, 5.61208E-01, 2.61900E+00, 9.67817E+01, 2.98695E+01, 3.74797E-03, 3.63454E-05, 0.00000E+00, 0.00000E+00, 0.00000E+00,
 479, 9.55995E+00,TRUE,0, 0.00000E+00, 3.69615E+00, 1.44123E+00, 3.00614E+00, 0.00000E+00, 0.00000E+00, 1.86684E-01, 0.00000E+00, 8.71207E-01, 1.44123E+03,-9.58615E-01, 5.40507E+00,-5.31852E-02, 2.71606E-01, 9.18961E-03,-8.38388E-04, 1.44125E+03,-9.59024E-01, 5.39415E+00,-5.16588E-02, 3.36563E+00,-3.87327E+00, 2.17857E+01,-2.08637E-01, 1.28911E+02, 2.80092E+01, 1.59161E+02, 6.79308E+01, 5.61198E-01, 2.61897E+00, 9.69104E+01, 2.98694E+01, 3.75551E-03, 3.73758E-05, 0.00000E+00, 0.00000E+00, 0.00000E+00,
 480, 9.57995E+00,TRUE,0, 0.00000E+00, 3.69611E+00, 1.44121E+00, 3.00610E+00, 0.00000E+00, 0.00000E+00, 1.86683E-01, 0.00000E+00, 8.71209E-01, 1.44121E+03,-9.58204E-01, 5.41594E+00,-5.46932E-02, 2.90771E-01, 9.04512E-03,-7.99451E-04, 1.44123E+03,-9.58615E-01, 5.40507E+00,-5.31852E-02, 3.36557E+00,-3.87154E+00, 2.18294E+01,-2.14798E-01, 1.32725E+02, 2.88193E+01, 1.61901E+02, 6.85128E+01, 5.61190E-01, 2.61895E+00, 9.70340E+01, 2.98692E+01, 3.76302E-03, 3.84007E-05, 0.00000E+00, 0.00000E+00, 0.00000E+00,
 481, 9.59995E+00,TRUE,0, 2.16650E+03, 3.69606E+00, 1.44119E+00, 3.00607E+00, 8.69901E-02, 6.30562E-02, 1.86683E-01, 1.36740E-02, 8.71212E-01, 1.44122E+03,-9.38246E-01, 5.42678E+00,-5.61843E-02, 3.09937E-01, 9.00412E-03,-7.71292E-04, 1.44121E+03,-9.58204E-01, 5.41594E+00,-5.46932E-02, 3.36551E+00,-3.86981E+00, 2.18729E+01,-2.20884E-01, 1.24727E+02, 2.70476E+01, 1.56051E+02, 6.72176E+01, 5.61182E-01, 2.61893E+00, 9.67476E+01, 2.98691E+01, 3.77057E-03, 3.94199E-05, 0.00000E+00, 0.00000E+00, 0.00000E+00,
 482, 9.61995E+00,TRUE,0, 0.00000E+00, 3.69596E+00, 1.44120E+00, 3.00597E+00, 0.00000E+00, 0.00000E+00, 1.86686E-01, 0.00000E+00, 8.71232E-01, 1.44120E+03,-9.37747E-01, 5.43760E+00,-5.76602E-02, 3.01880E-01, 9.06563E-03,-7.53284E-04, 1.44122E+03,-9.38246E-01, 5.42678E+00,-5.61843E-02, 3.36544E+00,-3.78914E+00, 2.19162E+01,-2.26902E-01, 1.28460E+02, 2.78628E+01, 1.58763E+02, 6.78108E+01, 5.61173E-01, 2.61890E+00, 9.68777E+01, 2.98689E+01, 3.77809E-03, 4.04336E-05, 0.00000E+00, 0.00000E+00, 0.00000E+00,
 483, 9.63995E+00,TRUE,0, 0.00000E+00, 3.69591E+00, 1.44118E+00, 3.00594E+00, 0.00000E+00, 0.00000E+00, 1.86685E-01, 0.00000E+00, 8.71233E-01, 1.44118E+03,-9.37248E-01, 5.44837E+00,-5.91218E-02, 3.20679E-01, 9.00364E-03,-7.41433E-04, 1.44120E+03,-9.37747E-01, 5.43760E+00,-5.76602E-02, 3.36577E+00,-3.78749E+00, 2.19621E+01,-2.32885E-01, 1.32263E+02, 2.86735E+01, 1.61499E+02, 6.83946E+01, 5.61165E-01, 2.61888E+00, 9.70025E+01, 2.98688E+01, 3.78558E-03, 4.14417E-05, 0.00000E+00, 0.00000E+00, 0.00000E+00,
 484, 9.65995E+00,TRUE,0, 1.96489E+03, 3.69588E+00, 1.44116E+00, 3.00591E+00, 9.56508E-02, 6.92851E-02, 1.86685E-01, 1.50030E-02, 8.71235E-01, 1.44119E+03,-9.13227E-01, 5.45911E+00,-6.05705E-02, 3.39478E-01, 8.94308E-03,-7.35648E-04, 1.44118E+03,-9.37248E-01, 5.44837E+00,-5.91218E-02, 3.36571E+00,-3.78541E+00, 2.20052E+01,-2.38785E-01, 1.23116E+02, 2.66596E+01, 1.54825E+02, 6.69267E+01, 5.61159E-01, 2.61886E+00, 9.66802E+01, 2.98687E+01, 3.79305E-03, 4.24442E-05, 0.00000E+00, 0.00000E+00, 0.00000E+00,
 485, 9.67995E+00,TRUE,0, 0.00000E+00, 3.69578E+00, 1.44117E+00, 3.00583E+00, 0.00000E+00, 0.00000E+00, 1.86688E-01, 0.00000E+00, 8.71252E-01, 1.44117E+03,-9.12626E-01, 5.46984E+00,-6.20076E-02, 3.25317E-01, 9.01031E-03,-7.36106E-04, 1.44119E+03,-9.13227E-01, 5.45911E+00,-6.05705E-02, 3.36565E+00,-3.68833E+00, 2.20482E+01,-2.44631E-01, 1.26816E+02, 2.74769E+01, 1.57526E+02, 6.75244E+01, 5.61150E-01, 2.61883E+00, 9.68130E+01, 2.98685E+01, 3.80049E-03, 4.34411E-05, 0.00000E+00, 0.00000E+00, 0.00000E+00,
 486, 9.69995E+00,TRUE,0, 0.00000E+00, 3.69574E+00, 1.44116E+00, 3.00580E+00, 0.00000E+00, 0.00000E+00, 1.86687E-01, 0.00000E+00, 8.71254E-01, 1.44116E+03,-9.12027E-01, 5.48052E+00,-6.34335E-02, 3.43628E-01, 8.93021E-03,-7.38613E-04, 1.44117E+03,-9.12626E-01, 5.46984E+00,-6.20076E-02, 3.36607E+00,-3.68635E+00, 2.20942E+01,-2.50466E-01, 1.30587E+02, 2.82897E+01, 1.60251E+02, 6.81127E+01, 5.61143E-01, 2.61881E+00, 9.69404E+01, 2.98684E+01, 3.80790E-03, 4.44326E-05, 0.00000E+00, 0.00000E+00, 0.00000E+00,
 487, 9.71995E+00,TRUE,0, 1.82030E+03, 3.69571E+00, 1.44114E+00, 3.00577E+00, 1.01983E-01, 7.38501E-02, 1.86687E-01, 1.59851E-02, 8.71256E-01, 1.44117E+03,-8.84700E-01, 5.49118E+00,-6.48493E-02, 3.61938E-01, 8.94070E-03,-7.43881E-04, 1.44116E+03,-9.12027E-01, 5.48052E+00,-6.34335E-02, 3.36601E+00,-3.68387E+00, 2.21370E+01,-2.56221E-01, 1.20719E+02, 2.61302E+01, 1.53071E+02, 6.65429E+01, 5.61137E-01, 2.61880E+00, 9.65977E+01, 2.98683E+01, 3.81536E-03, 4.54185E-05, 0.00000E+00, 0.00000E+00, 0.00000E+00,
 488, 9.73995E+00,TRUE,1, 0.00000E+00, 7.55321E+01, 1.44116E+00, 7.48422E+01, 0.00000E+00, 0.00000E+00, 9.13429E-03, 0.00000E+00, 4.26294E-02, 1.44116E+03,-8.83990E-01, 5.50023E+00,-6.61221E-02, 3.42773E-01, 9.08279E-03,-7.52866E-04, 1.44117E+03,-8.84700E-01, 5.49118E+00,-6.48493E-02, 3.36595E+00,-3.57343E+00, 2.21797E+01,-2.61936E-01, 1.24374E+02, 2.69505E+01, 1.55757E+02, 6.71467E+01, 6.83631E-01, 3.19048E+00, 9.67338E+01, 3.25363E+01, 3.82278E-03, 4.63989E-05, 0.00000E+00, 0.00000E+00, 0.00000E+00,
 489, 9.75995E+00,TRUE,1, 0.00000E+00, 7.56764E+01, 1.44114E+00, 7.48395E+01, 0.00000E+00, 0.00000E+00, 1.10587E-02, 0.00000E+00, 5.06283E-02, 1.44114E+03,-8.83283E-01, 5.50914E+00,-6.73753E-02, 3.60474E-01, 1.07169E-02,-9.07019E-04, 1.44116E+03,-8.83990E-01, 5.50023E+00,-6.61221E-02, 3.36643E+00,-3.57107E+00, 2.22194E+01,-2.67115E-01, 1.28098E+02, 2.77664E+01, 1.58466E+02, 6.77410E+01, 8.27631E-01, 3.78900E+00, 9.68644E+01, 3.50409E+01, 3.83012E-03, 4.73738E-05, 0.00000E+00, 0.00000E+00, 0.00000E+00,
 490, 9.77995E+00,TRUE,1, 0.00000E+00, 7.58431E+01, 1.44112E+00, 7.48369E+01, 0.00000E+00, 0.00000E+00, 1.32678E-02, 0.00000E+00, 5.88847E-02, 1.44112E+03,-8.82580E-01, 5.51793E+00,-6.86106E-02, 3.78174E-01, 1.24426E-02,-1.07217E-03, 1.44114E+03,-8.83283E-01, 5.50914E+00,-6.73753E-02, 3.36638E+00,-3.56816E+00, 2.22550E+01,-2.72173E-01, 1.31894E+02, 2.85775E+01, 1.61199E+02, 6.83260E+01, 9.92920E-01, 4.40675E+00, 9.69898E+01, 3.73763E+01, 3.83743E-03, 4.83433E-05, 0.00000E+00, 0.00000E+00, 0.00000E+00,
 491, 9.79995E+00,TRUE,1, 2.16543E+03, 7.60318E+01, 1.44110E+00, 7.48342E+01, 8.65939E-02, 6.26946E-02, 1.57509E-02, 1.35696E-02, 6.72908E-02, 1.44114E+03,-8.57062E-01, 5.52663E+00,-6.98300E-02, 3.95874E-01, 1.42407E-02,-1.24649E-03, 1.44112E+03,-8.82580E-01, 5.51793E+00,-6.86106E-02, 3.36633E+00,-3.56526E+00, 2.22902E+01,-2.77159E-01, 1.24005E+02, 2.68395E+01, 1.55444E+02, 6.70594E+01, 1.17871E+00, 5.03565E+00, 9.67115E+01, 3.95369E+01, 3.84472E-03, 4.93073E-05, 0.00000E+00, 0.00000E+00, 0.00000E+00,
 492, 9.81995E+00,TRUE,1, 0.00000E+00, 7.62464E+01, 1.44112E+00, 7.48367E+01, 0.00000E+00, 0.00000E+00, 1.84883E-02, 0.00000E+00, 7.57288E-02, 1.44112E+03,-8.56260E-01, 5.53525E+00,-7.10358E-02, 3.78906E-01, 1.62282E-02,-1.42974E-03, 1.44114E+03,-8.57062E-01, 5.52663E+00,-6.98300E-02, 3.36627E+00,-3.46213E+00, 2.23250E+01,-2.82081E-01, 1.27721E+02, 2.76559E+01, 1.58150E+02, 6.76551E+01, 1.38361E+00, 5.66729E+00, 9.68430E+01, 4.15182E+01, 3.85198E-03, 5.02658E-05, 0.00000E+00, 0.00000E+00, 0.00000E+00,
 493, 9.83995E+00,TRUE,1, 0.00000E+00, 7.64750E+01, 1.44110E+00, 7.48341E+01, 0.00000E+00, 0.00000E+00, 2.14560E-02, 0.00000E+00, 8.40942E-02, 1.44110E+03,-8.55464E-01, 5.54381E+00,-7.22303E-02, 3.96118E-01, 1.81127E-02,-1.61619E-03, 1.44112E+03,-8.56260E-01, 5.53525E+00,-7.10358E-02, 3.36672E+00,-3.45934E+00, 2.23627E+01,-2.86989E-01, 1.31508E+02, 2.84676E+01, 1.60880E+02, 6.82414E+01, 1.60564E+00, 6.29311E+00, 9.69693E+01, 4.33166E+01, 3.85922E-03, 5.12190E-05, 0.00000E+00, 0.00000E+00, 0.00000E+00,
 494, 9.85995E+00,TRUE,1, 1.96392E+03, 7.67203E+01, 1.44109E+00, 7.48315E+01, 9.52479E-02, 6.89263E-02, 2.46193E-02, 1.49062E-02, 9.22693E-02, 1.44103E+03,-8.95111E-01, 5.55236E+00,-7.34159E-02,-5.86670E-01, 2.00896E-02,-1.80519E-03, 1.44110E+03,-8.55464E-01, 5.54381E+00,-7.22303E-02, 3.36667E+00,-3.45608E+00, 2.23970E+01,-2.91811E-01, 1.22472E+02, 2.64862E+01, 1.54302E+02, 6.68006E+01, 1.84230E+00, 6.90465E+00, 9.66541E+01, 4.49308E+01, 3.86649E-03, 5.21667E-05, 0.00000E+00, 0.00000E+00, 0.00000E+00,
 495, 9.87995E+00,TRUE,1, 0.00000E+00, 7.69705E+01, 1.44101E+00, 7.48198E+01, 0.00000E+00, 0.00000E+00, 2.79415E-02, 0.00000E+00, 1.00158E-01, 1.44101E+03,-8.94497E-01, 5.56089E+00,-7.45952E-02,-5.12817E-01, 2.18248E-02,-1.99120E-03, 1.44103E+03,-8.95111E-01, 5.55236E+00,-7.34159E-02, 3.36662E+00,-3.61619E+00, 2.24312E+01,-2.96596E-01, 1.26158E+02, 2.73045E+01, 1.56998E+02, 6.74003E+01, 2.09058E+00, 7.49382E+00, 9.67880E+01, 4.63614E+01, 3.87374E-03, 5.31090E-05, 0.00000E+00, 0.00000E+00, 0.00000E+00,
 496, 9.89995E+00,TRUE,0, 0.00000E+00, 5.42802E+00, 1.44099E+00, 3.00488E+00, 0.00000E+00, 0.00000E+00, 4.46413E-01, 0.00000E+00, 1.53170E+00, 1.44099E+03,-8.93884E-01, 5.57930E+00,-7.66743E-02,-4.94873E-01, 2.37389E-02,-2.17780E-03, 1.44101E+03,-8.94497E-01, 5.56089E+00,-7.45952E-02, 3.36576E+00,-3.61279E+00, 2.24600E+01,-3.01283E-01, 1.29915E+02, 2.81182E+01, 1.59718E+02, 6.79906E+01, 1.34142E+00, 4.60257E+00, 9.69165E+01, 3.57723E+01, 3.88096E-03, 5.40460E-05, 0.00000E+00, 0.00000E+00, 0.00000E+00,
 497, 9.91994E+00,TRUE,0, 1.81931E+03, 4.55737E+00, 1.44098E+00, 3.00486E+00, 1.01596E-01, 7.35131E-02, 3.40659E-01, 1.59002E-02, 1.15798E+00, 1.44093E+03,-9.28333E-01, 5.59281E+00,-7.83018E-02,-4.76929E-01, 1.50695E-02,-1.39473E-03, 1.44099E+03,-8.93884E-01, 5.57930E+00,-7.66743E-02, 3.36571E+00,-3.61026E+00, 2.25340E+01,-3.09676E-01, 1.20155E+02, 2.59884E+01, 1.52629E+02, 6.64451E+01, 1.02363E+00, 3.47957E+00, 9.65798E+01, 3.22304E+01, 3.88816E-03, 5.49775E-05, 0.00000E+00, 0.00000E+00, 0.00000E+00,
 498, 9.93994E+00,TRUE,0, 0.00000E+00, 4.19223E+00, 1.44091E+00, 3.00424E+00, 0.00000E+00, 0.00000E+00, 2.83378E-01, 0.00000E+00, 9.80099E-01, 1.44091E+03,-9.27870E-01, 5.60460E+00,-7.97485E-02,-4.09790E-01, 1.14570E-02,-1.00120E-03, 1.44093E+03,-9.28333E-01, 5.59281E+00,-7.83018E-02, 3.36566E+00,-3.74934E+00, 2.25882E+01,-3.16244E-01, 1.23798E+02, 2.68096E+01, 1.55311E+02, 6.70505E+01, 8.51337E-01, 2.94446E+00, 9.67166E+01, 3.09141E+01, 3.89533E-03, 5.58439E-05, 0.00000E+00, 0.00000E+00, 0.00000E+00,
 499, 9.95994E+00,TRUE,0, 0.00000E+00, 3.99791E+00, 1.44089E+00, 3.00421E+00, 0.00000E+00, 0.00000E+00, 2.48555E-01, 0.00000E+00, 8.90243E-01, 1.44089E+03,-9.27406E-01, 5.61562E+00,-8.11074E-02,-3.91235E-01, 9.74607E-03,-7.96475E-04, 1.44091E+03,-9.27870E-01, 5.60460E+00,-7.97485E-02, 3.36490E+00,-3.74663E+00, 2.26307E+01,-3.22015E-01, 1.27510E+02, 2.76264E+01, 1.58017E+02, 6.76465E+01, 7.46712E-01, 2.67448E+00, 9.68480E+01, 3.05091E+01, 3.90241E-03, 5.67051E-05, 0.00000E+00, 0.00000E+00, 0.00000E+00,
 500, 9.97994E+00,TRUE,0, 0.00000E+00, 3.88237E+00, 1.44087E+00, 3.00419E+00, 0.00000E+00, 0.00000E+00, 2.26197E-01, 0.00000E+00, 8.46587E-01, 1.44087E+03,-9.26941E-01, 5.62622E+00,-8.24143E-02,-3.72681E-01, 8.82339E-03,-6.77563E-04, 1.44089E+03,-9.27406E-01, 5.61562E+00,-8.11074E-02, 3.36484E+00,-3.74469E+00, 2.26748E+01,-3.27496E-01, 1.31294E+02, 2.84385E+01, 1.60746E+02, 6.82330E+01, 6.79540E-01, 2.54331E+00, 9.69740E+01, 3.05062E+01, 3.90947E-03, 5.75614E-05, 0.00000E+00, 0.00000E+00, 0.00000E+00,
 501, 9.99994E+00,TRUE,0, 2.16434E+03, 3.81003E+00, 1.44085E+00, 3.00417E+00, 8.62925E-02, 6.24436E-02, 2.11512E-01, 1.35126E-02, 8.28906E-01, 1.44082E+03,-9.48586E-01, 5.63657E+00,-8.36863E-02,-3.54126E-01, 8.40187E-03,-6.05941E-04, 1.44087E+03,-9.26941E-01, 5.62622E+00,-8.24143E-02, 3.36478E+00,-3.74274E+00, 2.27172E+01,-3.32767E-01, 1.23487E+02, 2.67222E+01, 1.55059E+02, 6.69840E+01, 6.35416E-01, 2.49017E+00, 9.66999E+01, 3.06681E+01, 3.91656E-03, 5.84126E-05, 0.00000E+00, 0.00000E+00, 0.00000E+00,
 502, 1.00199E+01,TRUE,0, 0.00000E+00, 3.76348E+00, 1.44080E+00, 3.00370E+00, 0.00000E+00, 0.00000E+00, 2.01883E-01, 0.00000E+00, 8.26149E-01, 1.44080E+03,-9.48210E-01, 5.64674E+00,-8.49325E-02,-3.04443E-01, 8.07095E-03,-5.61349E-04, 1.44082E+03,-9.48586E-01, 5.63657E+00,-8.36863E-02, 3.36472E+00,-3.83007E+00, 2.27586E+01,-3.37897E-01, 1.27193E+02, 2.75394E+01, 1.57763E+02, 6.75810E+01, 6.06396E-01, 2.48150E+00, 9.68319E+01, 3.08727E+01, 3.92363E-03, 5.92589E-05, 0.00000E+00, 0.00000E+00, 0.00000E+00,
 503, 1.00399E+01,TRUE,0, 0.00000E+00, 3.73425E+00, 1.44079E+00, 3.00367E+00, 0.00000E+00, 0.00000E+00, 1.95643E-01, 0.00000E+00, 8.31392E-01, 1.44079E+03,-9.47831E-01, 5.65680E+00,-8.61589E-02,-2.85400E-01, 7.92360E-03,-5.37746E-04, 1.44080E+03,-9.48210E-01, 5.64674E+00,-8.49325E-02, 3.36422E+00,-3.82799E+00, 2.27963E+01,-3.42878E-01, 1.30969E+02, 2.83520E+01, 1.60489E+02, 6.81685E+01, 5.87648E-01, 2.49723E+00, 9.69586E+01, 3.10566E+01, 3.93061E-03, 6.01002E-05, 0.00000E+00, 0.00000E+00, 0.00000E+00,
 504, 1.00599E+01,TRUE,0, 1.96283E+03, 3.71623E+00, 1.44077E+00, 3.00364E+00, 9.49489E-02, 6.86851E-02, 1.91751E-01, 1.48560E-02, 8.40520E-01, 1.44074E+03,-9.65743E-01, 5.66679E+00,-8.73696E-02,-2.66357E-01, 7.94458E-03,-5.26726E-04, 1.44079E+03,-9.47831E-01, 5.65680E+00,-8.61589E-02, 3.36416E+00,-3.82639E+00, 2.28365E+01,-3.47823E-01, 1.22017E+02, 2.63912E+01, 1.53979E+02, 6.67439E+01, 5.75951E-01, 2.52462E+00, 9.66471E+01, 3.11890E+01, 3.93763E-03, 6.09365E-05, 0.00000E+00, 0.00000E+00, 0.00000E+00,
 505, 1.00799E+01,TRUE,0, 0.00000E+00, 3.70525E+00, 1.44072E+00, 3.00318E+00, 0.00000E+00, 0.00000E+00, 1.89480E-01, 0.00000E+00, 8.50944E-01, 1.44072E+03,-9.65434E-01, 5.67671E+00,-8.85667E-02,-2.21558E-01, 7.89022E-03,-5.22636E-04, 1.44074E+03,-9.65743E-01, 5.66679E+00,-8.73696E-02, 3.36410E+00,-3.89863E+00, 2.28764E+01,-3.52704E-01, 1.25694E+02, 2.72103E+01, 1.56673E+02, 6.73446E+01, 5.69041E-01, 2.55554E+00, 9.67812E+01, 3.12584E+01, 3.94462E-03, 6.17679E-05, 0.00000E+00, 0.00000E+00, 0.00000E+00,
 506, 1.00999E+01,TRUE,0, 0.00000E+00, 3.69957E+00, 1.44070E+00, 3.00315E+00, 0.00000E+00, 0.00000E+00, 1.88245E-01, 0.00000E+00, 8.60799E-01, 1.44070E+03,-9.65121E-01, 5.68660E+00,-8.97527E-02,-2.02148E-01, 7.96318E-03,-5.26145E-04, 1.44072E+03,-9.65434E-01, 5.67671E+00,-8.85667E-02, 3.36367E+00,-3.89689E+00, 2.29135E+01,-3.57491E-01, 1.29443E+02, 2.80248E+01, 1.59390E+02, 6.79359E+01, 5.65326E-01, 2.58511E+00, 9.69099E+01, 3.12668E+01, 3.95159E-03, 6.25943E-05, 0.00000E+00, 0.00000E+00, 0.00000E+00,
 507, 1.01199E+01,TRUE,0, 1.81835E+03, 3.69700E+00, 1.44068E+00, 3.00312E+00, 1.01306E-01, 7.32874E-02, 1.87686E-01, 1.58576E-02, 8.69280E-01, 1.44066E+03,-9.78195E-01, 5.69649E+00,-9.09289E-02,-1.82739E-01, 8.11386E-03,-5.33357E-04, 1.44070E+03,-9.65121E-01, 5.68660E+00,-8.97527E-02, 3.36361E+00,-3.89555E+00, 2.29530E+01,-3.62272E-01, 1.19762E+02, 2.59135E+01, 1.52365E+02, 6.64047E+01, 5.63644E-01, 2.61055E+00, 9.65763E+01, 3.12225E+01, 3.95859E-03, 6.34159E-05, 0.00000E+00, 0.00000E+00, 0.00000E+00,
 508, 1.01399E+01,TRUE,0, 0.00000E+00, 3.69583E+00, 1.44064E+00, 3.00268E+00, 0.00000E+00, 0.00000E+00, 1.87551E-01, 0.00000E+00, 8.76071E-01, 1.44064E+03,-9.77928E-01, 5.70635E+00,-9.20962E-02,-1.44531E-01, 8.15535E-03,-5.41583E-04, 1.44066E+03,-9.78195E-01, 5.69649E+00,-9.09289E-02, 3.36355E+00,-3.94824E+00, 2.29925E+01,-3.67012E-01, 1.23397E+02, 2.67355E+01, 1.55045E+02, 6.70108E+01, 5.63155E-01, 2.63056E+00, 9.67132E+01, 3.11370E+01, 3.96557E-03, 6.42325E-05, 0.00000E+00, 0.00000E+00, 0.00000E+00,
 509, 1.01599E+01,TRUE,0, 0.00000E+00, 3.69603E+00, 1.44062E+00, 3.00264E+00, 0.00000E+00, 0.00000E+00, 1.87603E-01, 0.00000E+00, 8.80885E-01, 1.44062E+03,-9.77655E-01, 5.71620E+00,-9.32555E-02,-1.24878E-01, 8.16584E-03,-5.52408E-04, 1.44064E+03,-9.77928E-01, 5.70635E+00,-9.20962E-02, 3.36321E+00,-3.94678E+00, 2.30300E+01,-3.71687E-01, 1.27103E+02, 2.75529E+01, 1.57749E+02, 6.76075E+01, 5.63305E-01, 2.64498E+00, 9.68447E+01, 3.10236E+01, 3.97246E-03, 6.50442E-05, 0.00000E+00, 0.00000E+00, 0.00000E+00,
 510, 1.01799E+01,TRUE,0, 0.00000E+00, 3.69663E+00, 1.44061E+00, 3.00261E+00, 0.00000E+00, 0.00000E+00, 1.87742E-01, 0.00000E+00, 8.83978E-01, 1.44061E+03,-9.77377E-01, 5.72600E+00,-9.44075E-02,-1.05225E-01, 8.07428E-03,-5.63644E-04, 1.44062E+03,-9.77655E-01, 5.71620E+00,-9.32555E-02, 3.36315E+00,-3.94560E+00, 2.30693E+01,-3.76359E-01, 1.30880E+02, 2.83657E+01, 1.60477E+02, 6.81948E+01, 5.63718E-01, 2.65424E+00, 9.69709E+01, 3.08940E+01, 3.97927E-03, 6.58511E-05, 0.00000E+00, 0.00000E+00, 0.00000E+00,
 511, 1.01999E+01,TRUE,0, 2.16340E+03, 3.69728E+00, 1.44059E+00, 3.00259E+00, 8.60648E-02, 6.22763E-02, 1.87893E-01, 1.34852E-02, 8.85604E-01, 1.44058E+03,-9.82421E-01, 5.73578E+00,-9.55526E-02,-8.55713E-02, 8.07381E-03,-5.74775E-04, 1.44061E+03,-9.77377E-01, 5.72600E+00,-9.44075E-02, 3.36308E+00,-3.94440E+00, 2.31084E+01,-3.81001E-01, 1.23133E+02, 2.66630E+01, 1.54838E+02, 6.69559E+01, 5.64164E-01, 2.65910E+00, 9.66986E+01, 3.07585E+01, 3.98611E-03, 6.66530E-05, 0.00000E+00, 0.00000E+00, 0.00000E+00,
 512, 1.02199E+01,TRUE,0, 0.00000E+00, 3.69748E+00, 1.44056E+00, 3.00225E+00, 0.00000E+00, 0.00000E+00, 1.88026E-01, 0.00000E+00, 8.86140E-01, 1.44056E+03,-9.82154E-01, 5.74553E+00,-9.66910E-02,-5.84717E-02, 8.02851E-03,-5.84908E-04, 1.44058E+03,-9.82421E-01, 5.73578E+00,-9.55526E-02, 3.36302E+00,-3.96468E+00, 2.31474E+01,-3.85614E-01, 1.26833E+02, 2.74808E+01, 1.57540E+02, 6.75534E+01, 5.64503E-01, 2.66042E+00, 9.68307E+01, 3.06247E+01, 3.99293E-03, 6.74502E-05, 0.00000E+00, 0.00000E+00, 0.00000E+00,
 513, 1.02399E+01,TRUE,0, 0.00000E+00, 3.69774E+00, 1.44054E+00, 3.00222E+00, 0.00000E+00, 0.00000E+00, 1.88091E-01, 0.00000E+00, 8.85732E-01, 1.44054E+03,-9.81880E-01, 5.75525E+00,-9.78229E-02,-3.88184E-02, 8.00800E-03,-5.94899E-04, 1.44056E+03,-9.82154E-01, 5.74553E+00,-9.66910E-02, 3.36285E+00,-3.96340E+00, 2.31856E+01,-3.90188E-01, 1.30605E+02, 2.82941E+01, 1.60265E+02, 6.81414E+01, 5.64692E-01, 2.65917E+00, 9.69575E+01, 3.04988E+01, 3.99972E-03, 6.82425E-05, 0.00000E+00, 0.00000E+00, 0.00000E+00,
 514, 1.02599E+01,TRUE,0, 1.96200E+03, 3.69775E+00, 1.44052E+00, 3.00220E+00, 9.47210E-02, 6.85253E-02, 1.88102E-01, 1.48331E-02, 8.84743E-01, 1.44052E+03,-9.82914E-01, 5.76496E+00,-9.89486E-02,-1.91650E-02, 8.06570E-03,-6.04019E-04, 1.44054E+03,-9.81880E-01, 5.75525E+00,-9.78229E-02, 3.36278E+00,-3.96222E+00, 2.32244E+01,-3.94749E-01, 1.21712E+02, 2.63459E+01, 1.53801E+02, 6.67259E+01, 5.64719E-01, 2.65617E+00, 9.66475E+01, 3.03843E+01, 4.00655E-03, 6.90300E-05, 0.00000E+00, 0.00000E+00, 0.00000E+00,
 515, 1.02799E+01,TRUE,0, 0.00000E+00, 3.69725E+00, 1.44050E+00, 3.00187E+00, 0.00000E+00, 0.00000E+00, 1.88079E-01, 0.00000E+00, 8.83476E-01, 1.44050E+03,-9.82635E-01, 5.77464E+00,-1.00068E-01, 2.31934E-03, 8.00371E-03,-6.12028E-04, 1.44052E+03,-9.82914E-01, 5.76496E+00,-9.89486E-02, 3.36272E+00,-3.96631E+00, 2.32631E+01,-3.99283E-01, 1.25385E+02, 2.71656E+01, 1.56494E+02, 6.73270E+01, 5.64590E-01, 2.65208E+00, 9.67816E+01, 3.02831E+01, 4.01329E-03, 6.98126E-05, 0.00000E+00, 0.00000E+00, 0.00000E+00,
 516, 1.02999E+01,TRUE,0, 0.00000E+00, 3.69685E+00, 1.44048E+00, 3.00184E+00, 0.00000E+00, 0.00000E+00, 1.88000E-01, 0.00000E+00, 8.81960E-01, 1.44048E+03,-9.82349E-01, 5.78428E+00,-1.01181E-01, 2.19727E-02, 7.94888E-03,-6.19158E-04, 1.44050E+03,-9.82635E-01, 5.77464E+00,-1.00068E-01, 3.36262E+00,-3.96508E+00, 2.33015E+01,-4.03789E-01, 1.29129E+02, 2.79806E+01, 1.59211E+02, 6.79187E+01, 5.64347E-01, 2.64751E+00, 9.69103E+01, 3.01962E+01, 4.02001E-03, 7.05905E-05, 0.00000E+00, 0.00000E+00, 0.00000E+00,
 517, 1.03199E+01,TRUE,0, 1.81762E+03, 3.69634E+00, 1.44046E+00, 3.00182E+00, 1.01087E-01, 7.31416E-02, 1.87894E-01, 1.58399E-02, 8.80418E-01, 1.44046E+03,-9.79013E-01, 5.79390E+00,-1.02289E-01, 4.16260E-02, 7.97844E-03,-6.25230E-04, 1.44048E+03,-9.82349E-01, 5.78428E+00,-1.01181E-01, 3.36256E+00,-3.96385E+00, 2.33400E+01,-4.08274E-01, 1.19505E+02, 2.58806E+01, 1.52227E+02, 6.63952E+01, 5.64024E-01, 2.64285E+00, 9.65778E+01, 3.01232E+01, 4.02676E-03, 7.13636E-05, 0.00000E+00, 0.00000E+00, 0.00000E+00,
 518, 1.03399E+01,TRUE,0, 0.00000E+00, 3.69547E+00, 1.44044E+00, 3.00151E+00, 0.00000E+00, 0.00000E+00, 1.87786E-01, 0.00000E+00, 8.79013E-01, 1.44044E+03,-9.78703E-01, 5.80350E+00,-1.03390E-01, 5.71289E-02, 8.00705E-03,-6.30565E-04, 1.44046E+03,-9.79013E-01, 5.79390E+00,-1.02289E-01, 3.36249E+00,-3.95031E+00, 2.33783E+01,-4.12734E-01, 1.23137E+02, 2.67031E+01, 1.54907E+02, 6.70016E+01, 5.63642E-01, 2.63836E+00, 9.67147E+01, 3.00629E+01, 4.03349E-03, 7.21320E-05, 0.00000E+00, 0.00000E+00, 0.00000E+00,
 519, 1.03599E+01,TRUE,0, 0.00000E+00, 3.69483E+00, 1.44042E+00, 3.00148E+00, 0.00000E+00, 0.00000E+00, 1.87655E-01, 0.00000E+00, 8.77659E-01, 1.44042E+03,-9.78388E-01, 5.81306E+00,-1.04485E-01, 7.67822E-02, 7.91454E-03,-6.34499E-04, 1.44044E+03,-9.78703E-01, 5.80350E+00,-1.03390E-01, 3.36249E+00,-3.94905E+00, 2.34171E+01,-4.17177E-01, 1.26840E+02, 2.75210E+01, 1.57611E+02, 6.75984E+01, 5.63243E-01, 2.63427E+00, 9.68461E+01, 3.00143E+01, 4.04013E-03, 7.28956E-05, 0.00000E+00, 0.00000E+00, 0.00000E+00,
 520, 1.03799E+01,TRUE,0, 0.00000E+00, 3.69421E+00, 1.44040E+00, 3.00145E+00, 0.00000E+00, 0.00000E+00, 1.87525E-01, 0.00000E+00, 8.76471E-01, 1.44040E+03,-9.78067E-01, 5.82260E+00,-1.05558E-01, 9.64355E-02, 7.91407E-03,-5.51090E-04, 1.44042E+03,-9.78388E-01, 5.81306E+00,-1.04485E-01, 3.36242E+00,-3.94771E+00, 2.34552E+01,-4.21588E-01, 1.30613E+02, 2.83343E+01, 1.60339E+02, 6.81859E+01, 5.62848E-01, 2.63068E+00, 9.69723E+01, 2.99758E+01, 4.04681E-03, 7.35946E-05, 0.00000E+00, 0.00000E+00, 0.00000E+00,
 521, 1.03999E+01,TRUE,0, 0.00000E+00, 3.69362E+00, 1.44038E+00, 3.00143E+00, 0.00000E+00, 0.00000E+00, 1.87402E-01, 0.00000E+00, 8.75457E-01, 1.44038E+03,-9.77741E-01, 5.83210E+00,-1.06611E-01, 1.16089E-01, 7.81584E-03,-4.84824E-04, 1.44040E+03,-9.78067E-01, 5.82260E+00,-1.05558E-01, 3.36236E+00,-3.94634E+00, 2.34932E+01,-4.25909E-01, 1.34458E+02, 2.91429E+01, 1.63089E+02, 6.87641E+01, 5.62474E-01, 2.62762E+00, 9.70934E+01, 2.99459E+01, 4.05340E-03, 7.42891E-05, 0.00000E+00, 0.00000E+00, 0.00000E+00,
 522, 1.04199E+01,TRUE,0, 3.10156E+03, 3.69308E+00, 1.44036E+00, 3.00140E+00, 6.16791E-02, 4.46144E-02, 1.87289E-01, 9.65536E-03, 8.74617E-01, 1.44037E+03,-9.71354E-01, 5.84155E+00,-1.07645E-01, 1.35742E-01, 7.72572E-03,-4.33482E-04, 1.44038E+03,-9.77741E-01, 5.83210E+00,-1.06611E-01, 3.36229E+00,-3.94494E+00, 2.35310E+01,-4.30148E-01, 1.29839E+02, 2.80996E+01, 1.59689E+02, 6.79969E+01, 5.62131E-01, 2.62508E+00, 9.69205E+01, 2.99230E+01, 4.05997E-03, 7.49792E-05, 0.00000E+00, 0.00000E+00, 0.00000E+00,
 523, 1.04399E+01,TRUE,0, 0.00000E+00, 3.69245E+00, 1.44035E+00, 3.00124E+00, 0.00000E+00, 0.00000E+00, 1.87197E-01, 0.00000E+00, 8.73972E-01, 1.44035E+03,-9.70993E-01, 5.85097E+00,-1.08663E-01, 1.46973E-01, 7.67946E-03,-3.95626E-04, 1.44037E+03,-9.71354E-01, 5.84155E+00,-1.07645E-01, 3.36222E+00,-3.91909E+00, 2.35687E+01,-4.34312E-01, 1.33666E+02, 2.89091E+01, 1.62432E+02, 6.85779E+01, 5.61822E-01, 2.62300E+00, 9.70437E+01, 2.99057E+01, 4.06651E-03, 7.56649E-05, 0.00000E+00, 0.00000E+00, 0.00000E+00,
 524, 1.04599E+01,TRUE,0, 2.38110E+03, 3.69203E+00, 1.44033E+00, 3.00122E+00, 7.99426E-02, 5.77734E-02, 1.87109E-01, 1.24791E-02, 8.73429E-01, 1.44035E+03,-9.61007E-01, 5.86036E+00,-1.09665E-01, 1.66504E-01, 7.68614E-03,-3.67910E-04, 1.44035E+03,-9.70993E-01, 5.85097E+00,-1.08663E-01, 3.36228E+00,-3.91770E+00, 2.36071E+01,-4.38425E-01, 1.26567E+02, 2.73385E+01, 1.57251E+02, 6.74328E+01, 5.61554E-01, 2.62135E+00, 9.67911E+01, 2.98929E+01, 4.07309E-03, 7.63463E-05, 0.00000E+00, 0.00000E+00, 0.00000E+00,
 525, 1.04799E+01,TRUE,0, 0.00000E+00, 3.69149E+00, 1.44033E+00, 3.00102E+00, 0.00000E+00, 0.00000E+00, 1.87043E-01, 0.00000E+00, 8.73053E-01, 1.44033E+03,-9.60596E-01, 5.86973E+00,-1.10654E-01, 1.72485E-01, 7.73716E-03,-3.50416E-04, 1.44035E+03,-9.61007E-01, 5.86036E+00,-1.09665E-01, 3.36222E+00,-3.87734E+00, 2.36445E+01,-4.42461E-01, 1.30329E+02, 2.81522E+01, 1.59972E+02, 6.80226E+01, 5.61321E-01, 2.62005E+00, 9.69195E+01, 2.98835E+01, 4.07964E-03, 7.70233E-05, 0.00000E+00, 0.00000E+00, 0.00000E+00,
 526, 1.04999E+01,TRUE,0, 0.00000E+00, 3.69118E+00, 1.44031E+00, 3.00100E+00, 0.00000E+00, 0.00000E+00, 1.86980E-01, 0.00000E+00, 8.72733E-01, 1.44031E+03,-9.60181E-01, 5.87907E+00,-1.11630E-01, 1.91772E-01, 7.71427E-03,-3.39247E-04, 1.44033E+03,-9.60596E-01, 5.86973E+00,-1.10654E-01, 3.36234E+00,-3.87582E+00, 2.36833E+01,-4.46468E-01, 1.34163E+02, 2.89612E+01, 1.62716E+02, 6.86030E+01, 5.61128E-01, 2.61907E+00, 9.70427E+01, 2.98767E+01, 4.08617E-03, 7.76959E-05, 0.00000E+00, 0.00000E+00, 0.00000E+00,
 527, 1.05199E+01,TRUE,0, 2.11659E+03, 3.69093E+00, 1.44029E+00, 3.00099E+00, 9.03513E-02, 6.52314E-02, 1.86929E-01, 1.40630E-02, 8.72497E-01, 1.44031E+03,-9.45995E-01, 5.88839E+00,-1.12595E-01, 2.11060E-01, 7.68471E-03,-3.34240E-04, 1.44031E+03,-9.60181E-01, 5.87907E+00,-1.11630E-01, 3.36228E+00,-3.87408E+00, 2.37205E+01,-4.50399E-01, 1.25593E+02, 2.70761E+01, 1.56476E+02, 6.72325E+01, 5.60971E-01, 2.61835E+00, 9.67424E+01, 2.98719E+01, 4.09267E-03, 7.83642E-05, 0.00000E+00, 0.00000E+00, 0.00000E+00,
 528, 1.05399E+01,TRUE,0, 0.00000E+00, 3.69055E+00, 1.44029E+00, 3.00079E+00, 0.00000E+00, 0.00000E+00, 1.86897E-01, 0.00000E+00, 8.72371E-01, 1.44029E+03,-9.45515E-01, 5.89767E+00,-1.13550E-01, 2.10938E-01, 7.64465E-03,-3.35701E-04, 1.44031E+03,-9.45995E-01, 5.88839E+00,-1.12595E-01, 3.36222E+00,-3.81677E+00, 2.37577E+01,-4.54284E-01, 1.29335E+02, 2.78911E+01, 1.59189E+02, 6.78253E+01, 5.60839E-01, 2.61781E+00, 9.68727E+01, 2.98684E+01, 4.09909E-03, 7.90282E-05, 0.00000E+00, 0.00000E+00, 0.00000E+00,
 529, 1.05599E+01,TRUE,0, 0.00000E+00, 3.69037E+00, 1.44027E+00, 3.00077E+00, 0.00000E+00, 0.00000E+00, 1.86864E-01, 0.00000E+00, 8.72249E-01, 1.44027E+03,-9.45033E-01, 5.90690E+00,-1.14496E-01, 2.29858E-01, 7.52354E-03,-3.39128E-04, 1.44029E+03,-9.45515E-01, 5.89767E+00,-1.13550E-01, 3.36243E+00,-3.81508E+00, 2.37966E+01,-4.58167E-01, 1.33147E+02, 2.87015E+01, 1.61926E+02, 6.84087E+01, 5.60736E-01, 2.61742E+00, 9.69978E+01, 2.98660E+01, 4.10549E-03, 7.96878E-05, 0.00000E+00, 0.00000E+00, 0.00000E+00,
 530, 1.05799E+01,TRUE,0, 0.00000E+00, 3.69024E+00, 1.44025E+00, 3.00076E+00, 0.00000E+00, 0.00000E+00, 1.86838E-01, 0.00000E+00, 8.72167E-01, 1.44025E+03,-9.44548E-01, 5.91610E+00,-1.15433E-01, 2.48779E-01, 7.50256E-03,-3.45424E-04, 1.44027E+03,-9.45033E-01, 5.90690E+00,-1.14496E-01, 3.36237E+00,-3.81306E+00, 2.38334E+01,-4.61975E-01, 1.37031E+02, 2.95071E+01, 1.64685E+02, 6.89829E+01, 5.60656E-01, 2.61716E+00, 9.71178E+01, 2.98643E+01, 4.11192E-03, 8.03432E-05, 0.00000E+00, 0.00000E+00, 0.00000E+00,
 531, 1.05999E+01,TRUE,0, 0.00000E+00, 3.69013E+00, 1.44023E+00, 3.00075E+00, 0.00000E+00, 0.00000E+00, 1.86818E-01, 0.00000E+00, 8.72113E-01, 1.44023E+03,-9.44062E-01, 5.92527E+00,-1.16363E-01, 2.67700E-01, 7.47633E-03,-3.53754E-04, 1.44025E+03,-9.44548E-01, 5.91610E+00,-1.15433E-01, 3.36231E+00,-3.81104E+00, 2.38701E+01,-4.65748E-01, 1.40987E+02, 3.03079E+01, 1.67467E+02, 6.95479E+01, 5.60594E-01, 2.61699E+00, 9.72331E+01, 2.98630E+01, 4.11833E-03, 8.09943E-05, 0.00000E+00, 0.00000E+00, 0.00000E+00,
 532, 1.06199E+01,TRUE,0, 3.11133E+03, 3.69005E+00, 1.44021E+00, 3.00074E+00, 6.47243E-02, 4.66085E-02, 1.86804E-01, 9.99696E-03, 8.72080E-01, 1.44023E+03,-9.30214E-01, 5.93441E+00,-1.17285E-01, 2.86621E-01, 7.44581E-03,-3.63402E-04, 1.44023E+03,-9.44062E-01, 5.92527E+00,-1.16363E-01, 3.36225E+00,-3.80901E+00, 2.39067E+01,-4.69490E-01, 1.35628E+02, 2.90907E+01, 1.63512E+02, 6.86541E+01, 5.60549E-01, 2.61688E+00, 9.70329E+01, 2.98621E+01, 4.12471E-03, 8.16411E-05, 0.00000E+00, 0.00000E+00, 0.00000E+00,
 533, 1.06399E+01,TRUE,0, 0.00000E+00, 3.68989E+00, 1.44021E+00, 3.00062E+00, 0.00000E+00, 0.00000E+00, 1.86798E-01, 0.00000E+00, 8.72086E-01, 1.44021E+03,-9.29667E-01, 5.94353E+00,-1.18201E-01, 2.86865E-01, 7.49063E-03,-3.75390E-04, 1.44023E+03,-9.30214E-01, 5.93441E+00,-1.17285E-01, 3.36219E+00,-3.75307E+00, 2.39431E+01,-4.73202E-01, 1.39552E+02, 2.98933E+01, 1.66281E+02, 6.92241E+01, 5.60511E-01, 2.61680E+00, 9.71515E+01, 2.98614E+01, 4.13107E-03, 8.22836E-05, 0.00000E+00, 0.00000E+00, 0.00000E+00,
 534, 1.06599E+01,TRUE,0, 2.39020E+03, 3.68984E+00, 1.44019E+00, 3.00061E+00, 8.35361E-02, 6.00564E-02, 1.86790E-01, 1.28404E-02, 8.72072E-01, 1.44022E+03,-9.10769E-01, 5.95261E+00,-1.19110E-01, 3.05542E-01, 7.44009E-03,-3.85828E-04, 1.44021E+03,-9.29667E-01, 5.94353E+00,-1.18201E-01, 3.36240E+00,-3.75109E+00, 2.39814E+01,-4.76926E-01, 1.31556E+02, 2.81273E+01, 1.60451E+02, 6.79417E+01, 5.60483E-01, 2.61675E+00, 9.68714E+01, 2.98607E+01, 4.13740E-03, 8.29219E-05, 0.00000E+00, 0.00000E+00, 0.00000E+00,
 535, 1.06799E+01,TRUE,0, 0.00000E+00, 3.68967E+00, 1.44020E+00, 3.00047E+00, 0.00000E+00, 0.00000E+00, 1.86790E-01, 0.00000E+00, 8.72095E-01, 1.44020E+03,-9.10143E-01, 5.96168E+00,-1.20013E-01, 2.98340E-01, 7.49731E-03,-3.98375E-04, 1.44022E+03,-9.10769E-01, 5.95261E+00,-1.19110E-01, 3.36234E+00,-3.67478E+00, 2.40177E+01,-4.80586E-01, 1.35398E+02, 2.89352E+01, 1.63192E+02, 6.85228E+01, 5.60459E-01, 2.61670E+00, 9.69965E+01, 2.98601E+01, 4.14371E-03, 8.35560E-05, 0.00000E+00, 0.00000E+00, 0.00000E+00,
 536, 1.06999E+01,TRUE,0, 0.00000E+00, 3.68963E+00, 1.44018E+00, 3.00047E+00, 0.00000E+00, 0.00000E+00, 1.86784E-01, 0.00000E+00, 8.72087E-01, 1.44018E+03,-9.09518E-01, 5.97071E+00,-1.20911E-01, 3.16650E-01, 7.42722E-03,-4.07964E-04, 1.44020E+03,-9.10143E-01, 5.96168E+00,-1.20013E-01, 3.36265E+00,-3.67259E+00, 2.40565E+01,-4.84276E-01, 1.39312E+02, 2.97384E+01, 1.65956E+02, 6.90947E+01, 5.60440E-01, 2.61667E+00, 9.71167E+01, 2.98596E+01, 4.14999E-03, 8.41858E-05, 0.00000E+00, 0.00000E+00, 0.00000E+00,
 537, 1.07199E+01,TRUE,0, 2.12489E+03, 3.68961E+00, 1.44017E+00, 3.00046E+00, 9.39854E-02, 6.74376E-02, 1.86780E-01, 1.43710E-02, 8.72081E-01, 1.44020E+03,-8.86312E-01, 5.97972E+00,-1.21803E-01, 3.34839E-01, 7.44629E-03,-4.16972E-04, 1.44018E+03,-9.09518E-01, 5.97071E+00,-1.20911E-01, 3.36259E+00,-3.67001E+00, 2.40925E+01,-4.87891E-01, 1.29830E+02, 2.76668E+01, 1.59079E+02, 6.75981E+01, 5.60427E-01, 2.61665E+00, 9.67931E+01, 2.98592E+01, 4.15632E-03, 8.48115E-05, 0.00000E+00, 0.00000E+00, 0.00000E+00,
 538, 1.07399E+01,TRUE,0, 0.00000E+00, 3.68946E+00, 1.44018E+00, 3.00032E+00, 0.00000E+00, 0.00000E+00, 1.86784E-01, 0.00000E+00, 8.72110E-01, 1.44018E+03,-8.85593E-01, 5.98874E+00,-1.22691E-01, 3.21289E-01, 7.58410E-03,-4.27961E-04, 1.44020E+03,-8.86312E-01, 5.97972E+00,-1.21803E-01, 3.36254E+00,-3.57631E+00, 2.41285E+01,-4.91482E-01, 1.33635E+02, 2.84771E+01, 1.61806E+02, 6.81845E+01, 5.60413E-01, 2.61661E+00, 9.69214E+01, 2.98587E+01, 4.16261E-03, 8.54329E-05, 0.00000E+00, 0.00000E+00, 0.00000E+00,
 539, 1.07599E+01,TRUE,0, 0.00000E+00, 3.68944E+00, 1.44016E+00, 3.00032E+00, 0.00000E+00, 0.00000E+00, 1.86781E-01, 0.00000E+00, 8.72103E-01, 1.44016E+03,-8.84876E-01, 5.99770E+00,-1.23572E-01, 3.38989E-01, 7.46441E-03,-4.34861E-04, 1.44018E+03,-8.85593E-01, 5.98874E+00,-1.22691E-01, 3.36293E+00,-3.57383E+00, 2.41677E+01,-4.95121E-01, 1.37512E+02, 2.92828E+01, 1.64557E+02, 6.87617E+01, 5.60402E-01, 2.61659E+00, 9.70445E+01, 2.98583E+01, 4.16882E-03, 8.60502E-05, 0.00000E+00, 0.00000E+00, 0.00000E+00,
 540, 1.07799E+01,TRUE,0, 0.00000E+00, 3.68942E+00, 1.44014E+00, 3.00032E+00, 0.00000E+00, 0.00000E+00, 1.86778E-01, 0.00000E+00, 8.72098E-01, 1.44014E+03,-8.84162E-01, 6.00663E+00,-1.24449E-01, 3.56689E-01, 7.35521E-03,-4.40829E-04, 1.44016E+03,-8.84876E-01, 5.99770E+00,-1.23572E-01, 3.36288E+00,-3.57088E+00, 2.42035E+01,-4.98672E-01, 1.41460E+02, 3.00838E+01, 1.67330E+02, 6.93297E+01, 5.60394E-01, 2.61657E+00, 9.71628E+01, 2.98580E+01, 4.17501E-03, 8.66633E-05, 0.00000E+00, 0.00000E+00, 0.00000E+00,
 541, 1.07999E+01,TRUE,0, 2.17984E+03, 3.68941E+00, 1.44013E+00, 3.00032E+00, 9.32469E-02, 6.67393E-02, 1.86776E-01, 1.41661E-02, 8.72093E-01, 1.44007E+03,-9.25202E-01, 6.01551E+00,-1.25304E-01,-6.25610E-01, 7.25460E-03,-3.59505E-04, 1.44014E+03,-8.84162E-01, 6.00663E+00,-1.24449E-01, 3.36283E+00,-3.56794E+00, 2.42391E+01,-5.02201E-01, 1.31915E+02, 2.80004E+01, 1.60416E+02, 6.78278E+01, 5.60388E-01, 2.61656E+00, 9.68388E+01, 2.98577E+01, 4.18117E-03, 8.72123E-05, 0.00000E+00, 0.00000E+00, 0.00000E+00,
 542, 1.08199E+01,TRUE,0, 0.00000E+00, 3.68870E+00, 1.44005E+00, 2.99962E+00, 0.00000E+00, 0.00000E+00, 1.86810E-01, 0.00000E+00, 8.72256E-01, 1.44005E+03,-9.24666E-01, 6.02431E+00,-1.26139E-01,-5.48706E-01, 6.91223E-03,-2.89991E-04, 1.44007E+03,-9.25202E-01, 6.01551E+00,-1.25304E-01, 3.36278E+00,-3.73350E+00, 2.42746E+01,-5.05645E-01, 1.35754E+02, 2.88086E+01, 1.63152E+02, 6.84105E+01, 5.60359E-01, 2.61643E+00, 9.69652E+01, 2.98569E+01, 4.18731E-03, 8.77575E-05, 0.00000E+00, 0.00000E+00, 0.00000E+00,
 543, 1.08399E+01,TRUE,0, 0.00000E+00, 3.68866E+00, 1.44003E+00, 2.99961E+00, 0.00000E+00, 0.00000E+00, 1.86803E-01, 0.00000E+00, 8.72229E-01, 1.44003E+03,-9.24128E-01, 6.03307E+00,-1.26957E-01,-5.30151E-01, 6.87218E-03,-2.41444E-04, 1.44005E+03,-9.24666E-01, 6.02431E+00,-1.26139E-01, 3.36188E+00,-3.73034E+00, 2.43036E+01,-5.08879E-01, 1.39665E+02, 2.96121E+01, 1.65912E+02, 6.89840E+01, 5.60336E-01, 2.61634E+00, 9.70866E+01, 2.98563E+01, 4.19343E-03, 8.82989E-05, 0.00000E+00, 0.00000E+00, 0.00000E+00,
 544, 1.08599E+01,TRUE,0, 1.97661E+03, 3.68863E+00, 1.44001E+00, 2.99960E+00, 1.01726E-01, 7.26734E-02, 1.86797E-01, 1.53854E-02, 8.72210E-01, 1.43996E+03,-9.60768E-01, 6.04181E+00,-1.27758E-01,-5.11597E-01, 6.92225E-03,-2.05576E-04, 1.44003E+03,-9.24128E-01, 6.03307E+00,-1.26957E-01, 3.36183E+00,-3.72811E+00, 2.43386E+01,-5.12168E-01, 1.29034E+02, 2.73173E+01, 1.58254E+02, 6.73383E+01, 5.60318E-01, 2.61628E+00, 9.67353E+01, 2.98560E+01, 4.19958E-03, 8.88364E-05, 0.00000E+00, 0.00000E+00, 0.00000E+00,
 545, 1.08799E+01,TRUE,0, 0.00000E+00, 3.68791E+00, 1.43994E+00, 2.99890E+00, 0.00000E+00, 0.00000E+00, 1.86828E-01, 0.00000E+00, 8.72363E-01, 1.43994E+03,-9.60381E-01, 6.05049E+00,-1.28545E-01,-4.40186E-01, 6.73246E-03,-1.75655E-04, 1.43996E+03,-9.60768E-01, 6.04181E+00,-1.27758E-01, 3.36177E+00,-3.87586E+00, 2.43734E+01,-5.15393E-01, 1.32816E+02, 2.81295E+01, 1.60972E+02, 6.79289E+01, 5.60280E-01, 2.61613E+00, 9.68659E+01, 2.98552E+01, 4.20570E-03, 8.93702E-05, 0.00000E+00, 0.00000E+00, 0.00000E+00,
 546, 1.08999E+01,TRUE,0, 0.00000E+00, 3.68785E+00, 1.43992E+00, 2.99889E+00, 0.00000E+00, 0.00000E+00, 1.86819E-01, 0.00000E+00, 8.72331E-01, 1.43992E+03,-9.59990E-01, 6.05913E+00,-1.29319E-01,-4.20898E-01, 6.70624E-03,-1.60322E-04, 1.43994E+03,-9.60381E-01, 6.05049E+00,-1.28545E-01, 3.36097E+00,-3.87337E+00, 2.44026E+01,-5.18442E-01, 1.36669E+02, 2.89371E+01, 1.63712E+02, 6.85101E+01, 5.60250E-01, 2.61602E+00, 9.69912E+01, 2.98546E+01, 4.21175E-03, 8.99001E-05, 0.00000E+00, 0.00000E+00, 0.00000E+00,
 547, 1.09199E+01,TRUE,0, 1.83027E+03, 3.68780E+00, 1.43990E+00, 2.99888E+00, 1.07646E-01, 7.68155E-02, 1.86812E-01, 1.62489E-02, 8.72311E-01, 1.43986E+03,-9.90444E-01, 6.06775E+00,-1.30081E-01,-4.01611E-01, 6.76775E-03,-1.52305E-04, 1.43992E+03,-9.59990E-01, 6.05913E+00,-1.29319E-01, 3.36091E+00,-3.87172E+00, 2.44370E+01,-5.21554E-01, 1.25459E+02, 2.65386E+01, 1.55675E+02, 6.67976E+01, 5.60226E-01, 2.61595E+00, 9.66283E+01, 2.98543E+01, 4.21782E-03, 9.04263E-05, 0.00000E+00, 0.00000E+00, 0.00000E+00,
 548, 1.09399E+01,TRUE,0, 0.00000E+00, 3.68711E+00, 1.43984E+00, 2.99821E+00, 0.00000E+00, 0.00000E+00, 1.86840E-01, 0.00000E+00, 8.72455E-01, 1.43984E+03,-9.90172E-01, 6.07631E+00,-1.30833E-01,-3.38379E-01, 6.62422E-03,-1.46136E-04, 1.43986E+03,-9.90444E-01, 6.06775E+00,-1.30081E-01, 3.36085E+00,-3.99448E+00, 2.44713E+01,-5.24619E-01, 1.29174E+02, 2.73558E+01, 1.58371E+02, 6.73969E+01, 5.60186E-01, 2.61580E+00, 9.67632E+01, 2.98536E+01, 4.22388E-03, 9.09487E-05, 0.00000E+00, 0.00000E+00, 0.00000E+00,
 549, 1.09599E+01,TRUE,0, 0.00000E+00, 3.68704E+00, 1.43982E+00, 2.99819E+00, 0.00000E+00, 0.00000E+00, 1.86831E-01, 0.00000E+00, 8.72427E-01, 1.43982E+03,-9.89893E-01, 6.08485E+00,-1.31575E-01,-3.18481E-01, 6.60086E-03,-1.49354E-04, 1.43984E+03,-9.90172E-01, 6.07631E+00,-1.30833E-01, 3.36016E+00,-3.99257E+00, 2.45009E+01,-5.27543E-01, 1.32959E+02, 2.81684E+01, 1.61091E+02, 6.79869E+01, 5.60154E-01, 2.61570E+00, 9.68926E+01, 2.98531E+01, 4.22985E-03, 9.14674E-05, 0.00000E+00, 0.00000E+00, 0.00000E+00,
 550, 1.09799E+01,TRUE,0, 0.00000E+00, 3.68699E+00, 1.43980E+00, 2.99817E+00, 0.00000E+00, 0.00000E+00, 1.86824E-01, 0.00000E+00, 8.72410E-01, 1.43980E+03,-9.89607E-01, 6.09334E+00,-1.32309E-01,-2.98584E-01, 6.57892E-03,-1.56060E-04, 1.43982E+03,-9.89893E-01, 6.08485E+00,-1.31575E-01, 3.36010E+00,-3.99137E+00, 2.45348E+01,-5.30526E-01, 1.36815E+02, 2.89764E+01, 1.63833E+02, 6.85675E+01, 5.60129E-01, 2.61564E+00, 9.70169E+01, 2.98528E+01, 4.23579E-03, 9.19823E-05, 0.00000E+00, 0.00000E+00, 0.00000E+00,
 551, 1.09999E+01,TRUE,0, 2.17350E+03, 3.68695E+00, 1.43978E+00, 2.99816E+00, 9.08214E-02, 6.47540E-02, 1.86818E-01, 1.37013E-02, 8.72401E-01, 1.43975E+03,-1.00736E+00, 6.10182E+00,-1.33036E-01,-2.78687E-01, 6.64425E-03,-1.65313E-04, 1.43980E+03,-9.89607E-01, 6.09334E+00,-1.32309E-01, 3.36003E+00,-3.99014E+00, 2.45686E+01,-5.33475E-01, 1.27960E+02, 2.70750E+01, 1.57485E+02, 6.72105E+01, 5.60111E-01, 2.61560E+00, 9.67282E+01, 2.98526E+01, 4.24178E-03, 9.24935E-05, 0.00000E+00, 0.00000E+00, 0.00000E+00,
 552, 1.10199E+01,TRUE,0, 0.00000E+00, 3.68643E+00, 1.43973E+00, 2.99766E+00, 0.00000E+00, 0.00000E+00, 1.86839E-01, 0.00000E+00, 8.72513E-01, 1.43973E+03,-1.00714E+00, 6.11025E+00,-1.33755E-01,-2.33032E-01, 6.58083E-03,-1.73882E-04, 1.43975E+03,-1.00736E+00, 6.10182E+00,-1.33036E-01, 3.35997E+00,-4.06164E+00, 2.46023E+01,-5.36395E-01, 1.31722E+02, 2.78896E+01, 1.60198E+02, 6.78035E+01, 5.60080E-01, 2.61550E+00, 9.68591E+01, 2.98521E+01, 4.24774E-03, 9.30010E-05, 0.00000E+00, 0.00000E+00, 0.00000E+00,
 553, 1.10399E+01,TRUE,0, 0.00000E+00, 3.68637E+00, 1.43971E+00, 2.99764E+00, 0.00000E+00, 0.00000E+00, 1.86832E-01, 0.00000E+00, 8.72496E-01, 1.43971E+03,-1.00690E+00, 6.11865E+00,-1.34468E-01,-2.12891E-01, 6.54602E-03,-1.86354E-04, 1.43973E+03,-1.00714E+00, 6.11025E+00,-1.33755E-01, 3.35954E+00,-4.06022E+00, 2.46332E+01,-5.39227E-01, 1.35555E+02, 2.86995E+01, 1.62933E+02, 6.83871E+01, 5.60056E-01, 2.61543E+00, 9.69847E+01, 2.98518E+01, 4.25361E-03, 9.35047E-05, 0.00000E+00, 0.00000E+00, 0.00000E+00,
 554, 1.10599E+01,TRUE,0, 1.97088E+03, 3.68633E+00, 1.43969E+00, 2.99763E+00, 9.93165E-02, 7.07594E-02, 1.86827E-01, 1.49703E-02, 8.72486E-01, 1.43967E+03,-1.02030E+00, 6.12704E+00,-1.35176E-01,-1.92749E-01, 6.60086E-03,-1.99303E-04, 1.43971E+03,-1.00690E+00, 6.11865E+00,-1.34468E-01, 3.35947E+00,-4.05920E+00, 2.46665E+01,-5.42091E-01, 1.25608E+02, 2.65745E+01, 1.55823E+02, 6.68737E+01, 5.60038E-01, 2.61539E+00, 9.66636E+01, 2.98516E+01, 4.25952E-03, 9.40048E-05, 0.00000E+00, 0.00000E+00, 0.00000E+00,
 555, 1.10799E+01,TRUE,0, 0.00000E+00, 3.68582E+00, 1.43965E+00, 2.99713E+00, 0.00000E+00, 0.00000E+00, 1.86848E-01, 0.00000E+00, 8.72596E-01, 1.43965E+03,-1.02011E+00, 6.13538E+00,-1.35878E-01,-1.53076E-01, 6.55413E-03,-2.10389E-04, 1.43967E+03,-1.02030E+00, 6.12704E+00,-1.35176E-01, 3.35940E+00,-4.11313E+00, 2.46998E+01,-5.44932E-01, 1.29326E+02, 2.73924E+01, 1.58522E+02, 6.74722E+01, 5.60007E-01, 2.61528E+00, 9.67971E+01, 2.98510E+01, 4.26541E-03, 9.45012E-05, 0.00000E+00, 0.00000E+00, 0.00000E+00,
 556, 1.10999E+01,TRUE,0, 0.00000E+00, 3.68576E+00, 1.43963E+00, 2.99711E+00, 0.00000E+00, 0.00000E+00, 1.86841E-01, 0.00000E+00, 8.72579E-01, 1.43963E+03,-1.01991E+00, 6.14372E+00,-1.36575E-01,-1.32568E-01, 6.67810E-03,-2.23279E-04, 1.43965E+03,-1.02011E+00, 6.13538E+00,-1.35878E-01, 3.35906E+00,-4.11194E+00, 2.47309E+01,-5.47707E-01, 1.33115E+02, 2.82058E+01, 1.61245E+02, 6.80612E+01, 5.59983E-01, 2.61521E+00, 9.69252E+01, 2.98507E+01, 4.27133E-03, 9.49939E-05, 0.00000E+00, 0.00000E+00, 0.00000E+00,
 557, 1.11199E+01,TRUE,0, 0.00000E+00, 3.68572E+00, 1.43961E+00, 2.99709E+00, 0.00000E+00, 0.00000E+00, 1.86836E-01, 0.00000E+00, 8.72569E-01, 1.43961E+03,-1.01970E+00, 6.15205E+00,-1.37267E-01,-1.12061E-01, 6.76966E-03,-2.35468E-04, 1.43963E+03,-1.01991E+00, 6.14372E+00,-1.36575E-01, 3.35899E+00,-4.11105E+00, 2.47641E+01,-5.50504E-01, 1.36975E+02, 2.90145E+01, 1.63990E+02, 6.86409E+01, 5.59965E-01, 2.61517E+00, 9.70482E+01, 2.98504E+01, 4.27723E-03, 9.54830E-05, 0.00000E+00, 0.00000E+00, 0.00000E+00,
 558, 1.11399E+01,TRUE,0, 2.17375E+03, 3.68568E+00, 1.43959E+00, 2.99708E+00, 9.10470E-02, 6.48219E-02, 1.86832E-01, 1.37175E-02, 8.72564E-01, 1.43958E+03,-1.02542E+00, 6.16035E+00,-1.37955E-01,-9.15527E-02, 6.74677E-03,-2.46793E-04, 1.43961E+03,-1.01970E+00, 6.15205E+00,-1.37267E-01, 3.35892E+00,-4.11013E+00, 2.47971E+01,-5.53283E-01, 1.28078E+02, 2.71035E+01, 1.57625E+02, 6.72786E+01, 5.59951E-01, 2.61514E+00, 9.67572E+01, 2.98502E+01, 4.28305E-03, 9.59684E-05, 0.00000E+00, 0.00000E+00, 0.00000E+00,
 559, 1.11599E+01,TRUE,0, 0.00000E+00, 3.68526E+00, 1.43956E+00, 2.99667E+00, 0.00000E+00, 0.00000E+00, 1.86850E-01, 0.00000E+00, 8.72656E-01, 1.43956E+03,-1.02522E+00, 6.16861E+00,-1.38638E-01,-6.26221E-02, 6.59466E-03,-2.56255E-04, 1.43958E+03,-1.02542E+00, 6.16035E+00,-1.37955E-01, 3.35885E+00,-4.13309E+00, 2.48301E+01,-5.56043E-01, 1.31843E+02, 2.79189E+01, 1.60340E+02, 6.78707E+01, 5.59927E-01, 2.61506E+00, 9.68869E+01, 2.98498E+01, 4.28878E-03, 9.64502E-05, 0.00000E+00, 0.00000E+00, 0.00000E+00,
 560, 1.11799E+01,TRUE,0, 0.00000E+00, 3.68521E+00, 1.43954E+00, 2.99665E+00, 0.00000E+00, 0.00000E+00, 1.86844E-01, 0.00000E+00, 8.72643E-01, 1.43954E+03,-1.02501E+00, 6.17683E+00,-1.39317E-01,-4.21143E-02, 6.58512E-03,-2.65554E-04, 1.43956E+03,-1.02522E+00, 6.16861E+00,-1.38638E-01, 3.35866E+00,-4.13205E+00, 2.48619E+01,-5.58765E-01, 1.35679E+02, 2.87296E+01, 1.63078E+02, 6.84535E+01, 5.59908E-01, 2.61501E+00, 9.70114E+01, 2.98495E+01, 4.29455E-03, 9.69284E-05, 0.00000E+00, 0.00000E+00, 0.00000E+00,
 561, 1.11999E+01,TRUE,0, 0.00000E+00, 3.68518E+00, 1.43952E+00, 2.99664E+00, 0.00000E+00, 0.00000E+00, 1.86840E-01, 0.00000E+00, 8.72635E-01, 1.43952E+03,-1.02479E+00, 6.18503E+00,-1.39991E-01,-2.16064E-02, 6.56891E-03,-2.73660E-04, 1.43954E+03,-1.02501E+00, 6.17683E+00,-1.39317E-01, 3.35859E+00,-4.13112E+00, 2.48946E+01,-5.61489E-01, 1.39586E+02, 2.95355E+01, 1.65839E+02, 6.90271E+01, 5.59893E-01, 2.61497E+00, 9.71310E+01, 2.98493E+01, 4.30029E-03, 9.74030E-05, 0.00000E+00, 0.00000E+00, 0.00000E+00,
 562, 1.12199E+01,TRUE,0, 2.17764E+03, 3.68515E+00, 1.43950E+00, 2.99663E+00, 9.27249E-02, 6.59273E-02, 1.86837E-01, 1.39310E-02, 8.72631E-01, 1.43950E+03,-1.02464E+00, 6.19319E+00,-1.40645E-01,-1.09863E-03, 6.54697E-03,-1.94252E-04, 1.43952E+03,-1.02479E+00, 6.18503E+00,-1.39991E-01, 3.35852E+00,-4.13016E+00, 2.49271E+01,-5.64196E-01, 1.30254E+02, 2.75237E+01, 1.59158E+02, 6.75914E+01, 5.59882E-01, 2.61495E+00, 9.68231E+01, 2.98491E+01, 4.30602E-03, 9.78140E-05, 0.00000E+00, 0.00000E+00, 0.00000E+00,
 563, 1.12399E+01,TRUE,0, 0.00000E+00, 3.68477E+00, 1.43948E+00, 2.99626E+00, 0.00000E+00, 0.00000E+00, 1.86853E-01, 0.00000E+00, 8.72714E-01, 1.43948E+03,-1.02441E+00, 6.20133E+00,-1.41281E-01, 1.95313E-02, 6.51932E-03,-1.31667E-04, 1.43950E+03,-1.02464E+00, 6.19319E+00,-1.40645E-01, 3.35845E+00,-4.12945E+00, 2.49595E+01,-5.66822E-01, 1.34058E+02, 2.83368E+01, 1.61885E+02, 6.81786E+01, 5.59861E-01, 2.61488E+00, 9.69502E+01, 2.98487E+01, 4.31171E-03, 9.82218E-05, 0.00000E+00, 0.00000E+00, 0.00000E+00,
 564, 1.12599E+01,TRUE,0, 1.78108E+03, 3.68473E+00, 1.43946E+00, 2.99625E+00, 1.08966E-01, 7.74437E-02, 1.86849E-01, 1.63637E-02, 8.72703E-01, 1.43946E+03,-1.02107E+00, 6.20943E+00,-1.41901E-01, 4.00391E-02, 6.48880E-03,-8.37445E-05, 1.43948E+03,-1.02441E+00, 6.20133E+00,-1.41281E-01, 3.35838E+00,-4.12842E+00, 2.49917E+01,-5.69371E-01, 1.22903E+02, 2.59693E+01, 1.53953E+02, 6.64994E+01, 5.59845E-01, 2.61483E+00, 9.65952E+01, 2.98484E+01, 4.31739E-03, 9.86263E-05, 0.00000E+00, 0.00000E+00, 0.00000E+00,
 565, 1.12799E+01,TRUE,0, 0.00000E+00, 3.68432E+00, 1.43944E+00, 2.99585E+00, 0.00000E+00, 0.00000E+00, 1.86865E-01, 0.00000E+00, 8.72786E-01, 1.43944E+03,-1.02080E+00, 6.21751E+00,-1.42505E-01, 5.62744E-02, 6.47354E-03,-4.88162E-05, 1.43946E+03,-1.02107E+00, 6.20943E+00,-1.41901E-01, 3.35831E+00,-4.11486E+00, 2.50238E+01,-5.71855E-01, 1.26572E+02, 2.67920E+01, 1.56637E+02, 6.71040E+01, 5.59819E-01, 2.61474E+00, 9.67314E+01, 2.98479E+01, 4.32304E-03, 9.90276E-05, 0.00000E+00, 0.00000E+00, 0.00000E+00,
 566, 1.12999E+01,TRUE,0, 0.00000E+00, 3.68427E+00, 1.43942E+00, 2.99583E+00, 0.00000E+00, 0.00000E+00, 1.86859E-01, 0.00000E+00, 8.72770E-01, 1.43942E+03,-1.02053E+00, 6.22555E+00,-1.43096E-01, 7.67822E-02, 6.43349E-03,-2.40505E-05, 1.43944E+03,-1.02080E+00, 6.21751E+00,-1.42505E-01, 3.35830E+00,-4.11380E+00, 2.50563E+01,-5.74289E-01, 1.30311E+02, 2.76102E+01, 1.59345E+02, 6.76992E+01, 5.59799E-01, 2.61467E+00, 9.68622E+01, 2.98476E+01, 4.32867E-03, 9.94256E-05, 0.00000E+00, 0.00000E+00, 0.00000E+00,
 567, 1.13199E+01,TRUE,0, 1.68645E+03, 3.68423E+00, 1.43940E+00, 2.99581E+00, 1.11815E-01, 7.95287E-02, 1.86855E-01, 1.68542E-02, 8.72761E-01, 1.43941E+03,-1.01252E+00, 6.23358E+00,-1.43675E-01, 9.72900E-02, 6.47879E-03,-8.24034E-06, 1.43942E+03,-1.02053E+00, 6.22555E+00,-1.43096E-01, 3.35823E+00,-4.11263E+00, 2.50882E+01,-5.76659E-01, 1.19124E+02, 2.52455E+01, 1.51410E+02, 6.60244E+01, 5.59783E-01, 2.61463E+00, 9.65086E+01, 2.98474E+01, 4.33433E-03, 9.98203E-05, 0.00000E+00, 0.00000E+00, 0.00000E+00,
 568, 1.13399E+01,TRUE,0, 0.00000E+00, 3.68386E+00, 1.43939E+00, 2.99546E+00, 0.00000E+00, 0.00000E+00, 1.86869E-01, 0.00000E+00, 8.72836E-01, 1.43939E+03,-1.01220E+00, 6.24160E+00,-1.44243E-01, 1.06689E-01, 6.55413E-03,-9.53674E-07, 1.43941E+03,-1.01252E+00, 6.23358E+00,-1.43675E-01, 3.35816E+00,-4.08024E+00, 2.51201E+01,-5.78981E-01, 1.22727E+02, 2.60733E+01, 1.54076E+02, 6.66369E+01, 5.59758E-01, 2.61455E+00, 9.66483E+01, 2.98470E+01, 4.33997E-03, 1.00212E-04, 0.00000E+00, 0.00000E+00, 0.00000E+00,
 569, 1.13599E+01,TRUE,0, 0.00000E+00, 3.68381E+00, 1.43937E+00, 2.99544E+00, 0.00000E+00, 0.00000E+00, 1.86864E-01, 0.00000E+00, 8.72824E-01, 1.43937E+03,-1.01188E+00, 6.24958E+00,-1.44803E-01, 1.26953E-01, 6.46973E-03, 1.66893E-06, 1.43939E+03,-1.01220E+00, 6.24160E+00,-1.44243E-01, 3.35825E+00,-4.07907E+00, 2.51530E+01,-5.81287E-01, 1.26401E+02, 2.68966E+01, 1.56765E+02, 6.72398E+01, 5.59739E-01, 2.61449E+00, 9.67823E+01, 2.98467E+01, 4.34553E-03, 1.00600E-04, 0.00000E+00, 0.00000E+00, 0.00000E+00,
 570, 1.13799E+01,TRUE,0, 0.00000E+00, 3.68377E+00, 1.43935E+00, 2.99542E+00, 0.00000E+00, 0.00000E+00, 1.86860E-01, 0.00000E+00, 8.72817E-01, 1.43935E+03,-1.01155E+00, 6.25752E+00,-1.45353E-01, 1.47217E-01, 6.39057E-03,-4.61936E-07, 1.43937E+03,-1.01188E+00, 6.24958E+00,-1.44803E-01, 3.35818E+00,-4.07769E+00, 2.51847E+01,-5.83528E-01, 1.30144E+02, 2.77154E+01, 1.59478E+02, 6.78332E+01, 5.59724E-01, 2.61445E+00, 9.69110E+01, 2.98465E+01, 4.35107E-03, 1.00985E-04, 0.00000E+00, 0.00000E+00, 0.00000E+00,
 571, 1.13999E+01,TRUE,0, 2.16350E+03, 3.68374E+00, 1.43933E+00, 2.99540E+00, 8.69029E-02, 6.19179E-02, 1.86857E-01, 1.31867E-02, 8.72814E-01, 1.43935E+03,-1.00084E+00, 6.26543E+00,-1.45896E-01, 1.67480E-01, 6.31666E-03,-6.25849E-06, 1.43935E+03,-1.01155E+00, 6.25752E+00,-1.45353E-01, 3.35811E+00,-4.07628E+00, 2.52162E+01,-5.85734E-01, 1.22318E+02, 2.60501E+01, 1.53921E+02, 6.66508E+01, 5.59713E-01, 2.61443E+00, 9.66584E+01, 2.98463E+01, 4.35658E-03, 1.01367E-04, 0.00000E+00, 0.00000E+00, 0.00000E+00,
 572, 1.14199E+01,TRUE,0, 0.00000E+00, 3.68348E+00, 1.43933E+00, 2.99516E+00, 0.00000E+00, 0.00000E+00, 1.86867E-01, 0.00000E+00, 8.72866E-01, 1.43933E+03,-1.00046E+00, 6.27331E+00,-1.46432E-01, 1.72974E-01, 6.31332E-03,-1.62721E-05, 1.43935E+03,-1.00084E+00, 6.26543E+00,-1.45896E-01, 3.35805E+00,-4.03306E+00, 2.52475E+01,-5.87911E-01, 1.25988E+02, 2.68742E+01, 1.56611E+02, 6.72536E+01, 5.59696E-01, 2.61438E+00, 9.67920E+01, 2.98460E+01, 4.36207E-03, 1.01746E-04, 0.00000E+00, 0.00000E+00, 0.00000E+00,
 573, 1.14399E+01,TRUE,0, 0.00000E+00, 3.68345E+00, 1.43931E+00, 2.99515E+00, 0.00000E+00, 0.00000E+00, 1.86863E-01, 0.00000E+00, 8.72860E-01, 1.43931E+03,-1.00007E+00, 6.28115E+00,-1.46963E-01, 1.92993E-01, 6.23846E-03,-2.64347E-05, 1.43933E+03,-1.00046E+00, 6.27331E+00,-1.46432E-01, 3.35819E+00,-4.03167E+00, 2.52803E+01,-5.90097E-01, 1.29728E+02, 2.76936E+01, 1.59325E+02, 6.78469E+01, 5.59683E-01, 2.61434E+00, 9.69203E+01, 2.98458E+01, 4.36753E-03, 1.02122E-04, 0.00000E+00, 0.00000E+00, 0.00000E+00,
 574, 1.14599E+01,TRUE,0, 1.96189E+03, 3.68342E+00, 1.43929E+00, 2.99513E+00, 9.54415E-02, 6.80668E-02, 1.86861E-01, 1.45311E-02, 8.72856E-01, 1.43931E+03,-9.85174E-01, 6.28897E+00,-1.47487E-01, 2.13013E-01, 6.25467E-03,-3.78489E-05, 1.43931E+03,-1.00007E+00, 6.28115E+00,-1.46963E-01, 3.35812E+00,-4.03002E+00, 2.53114E+01,-5.92222E-01, 1.20794E+02, 2.57875E+01, 1.52972E+02, 6.64904E+01, 5.59673E-01, 2.61432E+00, 9.66293E+01, 2.98457E+01, 4.37304E-03, 1.02494E-04, 0.00000E+00, 0.00000E+00, 0.00000E+00,
 575, 1.14799E+01,TRUE,0, 0.00000E+00, 3.68317E+00, 1.43929E+00, 2.99490E+00, 0.00000E+00, 0.00000E+00, 1.86870E-01, 0.00000E+00, 8.72908E-01, 1.43929E+03,-9.84712E-01, 6.29678E+00,-1.48007E-01, 2.12524E-01, 6.35004E-03,-5.20796E-05, 1.43931E+03,-9.85174E-01, 6.28897E+00,-1.47487E-01, 3.35806E+00,-3.96992E+00, 2.53424E+01,-5.94325E-01, 1.24440E+02, 2.66137E+01, 1.55656E+02, 6.70958E+01, 5.59658E-01, 2.61427E+00, 9.67641E+01, 2.98454E+01, 4.37851E-03, 1.02863E-04, 0.00000E+00, 0.00000E+00, 0.00000E+00,
 576, 1.14999E+01,TRUE,0, 0.00000E+00, 3.68314E+00, 1.43927E+00, 2.99488E+00, 0.00000E+00, 0.00000E+00, 1.86867E-01, 0.00000E+00, 8.72901E-01, 1.43927E+03,-9.84248E-01, 6.30456E+00,-1.48523E-01, 2.32300E-01, 6.32763E-03,-6.40005E-05, 1.43929E+03,-9.84712E-01, 6.29678E+00,-1.48007E-01, 3.35828E+00,-3.96833E+00, 2.53756E+01,-5.96460E-01, 1.28156E+02, 2.74352E+01, 1.58364E+02, 6.76918E+01, 5.59645E-01, 2.61423E+00, 9.68935E+01, 2.98452E+01, 4.38397E-03, 1.03229E-04, 0.00000E+00, 0.00000E+00, 0.00000E+00,
 577, 1.15199E+01,TRUE,0, 1.81727E+03, 3.68311E+00, 1.43925E+00, 2.99487E+00, 1.01667E-01, 7.26048E-02, 1.86865E-01, 1.55465E-02, 8.72896E-01, 1.43927E+03,-9.65477E-01, 6.31232E+00,-1.49033E-01, 2.52075E-01, 6.29759E-03,-7.57873E-05, 1.43927E+03,-9.84248E-01, 6.30456E+00,-1.48523E-01, 3.35822E+00,-3.96638E+00, 2.54065E+01,-5.98525E-01, 1.18528E+02, 2.53798E+01, 1.51515E+02, 6.62271E+01, 5.59636E-01, 2.61421E+00, 9.65786E+01, 2.98450E+01, 4.38940E-03, 1.03592E-04, 0.00000E+00, 0.00000E+00, 0.00000E+00,
 578, 1.15399E+01,TRUE,0, 0.00000E+00, 3.68288E+00, 1.43925E+00, 2.99465E+00, 0.00000E+00, 0.00000E+00, 1.86874E-01, 0.00000E+00, 8.72945E-01, 1.43925E+03,-9.64928E-01, 6.32007E+00,-1.49540E-01, 2.45972E-01, 6.37817E-03,-8.98987E-05, 1.43927E+03,-9.65477E-01, 6.31232E+00,-1.49033E-01, 3.35815E+00,-3.89066E+00, 2.54373E+01,-6.00572E-01, 1.22136E+02, 2.62089E+01, 1.54189E+02, 6.68368E+01, 5.59621E-01, 2.61416E+00, 9.67154E+01, 2.98448E+01, 4.39481E-03, 1.03952E-04, 0.00000E+00, 0.00000E+00, 0.00000E+00,
 579, 1.15599E+01,TRUE,0, 0.00000E+00, 3.68285E+00, 1.43923E+00, 2.99463E+00, 0.00000E+00, 0.00000E+00, 1.86871E-01, 0.00000E+00, 8.72937E-01, 1.43923E+03,-9.64377E-01, 6.32777E+00,-1.50044E-01, 2.65381E-01, 6.23083E-03,-1.00151E-04, 1.43925E+03,-9.64928E-01, 6.32007E+00,-1.49540E-01, 3.35845E+00,-3.88880E+00, 2.54708E+01,-6.02670E-01, 1.25815E+02, 2.70335E+01, 1.56886E+02, 6.74370E+01, 5.59609E-01, 2.61413E+00, 9.68468E+01, 2.98446E+01, 4.40014E-03, 1.04309E-04, 0.00000E+00, 0.00000E+00, 0.00000E+00,
 580, 1.15799E+01,TRUE,0, 0.00000E+00, 3.68282E+00, 1.43922E+00, 2.99462E+00, 0.00000E+00, 0.00000E+00, 1.86868E-01, 0.00000E+00, 8.72933E-01, 1.43922E+03,-9.63824E-01, 6.33542E+00,-1.50543E-01, 2.84668E-01, 6.10256E-03,-1.09658E-04, 1.43923E+03,-9.64377E-01, 6.32777E+00,-1.50044E-01, 3.35839E+00,-3.88651E+00, 2.55014E+01,-6.04687E-01, 1.29564E+02, 2.78534E+01, 1.59607E+02, 6.80277E+01, 5.59600E-01, 2.61410E+00, 9.69729E+01, 2.98444E+01, 4.40544E-03, 1.04663E-04, 0.00000E+00, 0.00000E+00, 0.00000E+00,
 581, 1.15999E+01,TRUE,0, 2.16170E+03, 3.68281E+00, 1.43920E+00, 2.99461E+00, 8.62321E-02, 6.17032E-02, 1.86866E-01, 1.32620E-02, 8.72930E-01, 1.43922E+03,-9.44513E-01, 6.34305E+00,-1.51039E-01, 3.03955E-01, 6.07538E-03,-1.18271E-04, 1.43922E+03,-9.63824E-01, 6.33542E+00,-1.50543E-01, 3.35833E+00,-3.88421E+00, 2.55317E+01,-6.06688E-01, 1.21882E+02, 2.61963E+01, 1.54121E+02, 6.68401E+01, 5.59593E-01, 2.61409E+00, 9.67138E+01, 2.98443E+01, 4.41079E-03, 1.05013E-04, 0.00000E+00, 0.00000E+00, 0.00000E+00,
 582, 1.16199E+01,TRUE,0, 0.00000E+00, 3.68264E+00, 1.43920E+00, 2.99445E+00, 0.00000E+00, 0.00000E+00, 1.86873E-01, 0.00000E+00, 8.72966E-01, 1.43920E+03,-9.43877E-01, 6.35066E+00,-1.51531E-01, 2.96753E-01, 6.16312E-03,-1.28731E-04, 1.43922E+03,-9.44513E-01, 6.34305E+00,-1.51039E-01, 3.35827E+00,-3.80632E+00, 2.55620E+01,-6.08674E-01, 1.25559E+02, 2.70212E+01, 1.56819E+02, 6.74402E+01, 5.59582E-01, 2.61406E+00, 9.68452E+01, 2.98441E+01, 4.41611E-03, 1.05361E-04, 0.00000E+00, 0.00000E+00, 0.00000E+00,
 583, 1.16399E+01,TRUE,0, 0.00000E+00, 3.68262E+00, 1.43918E+00, 2.99444E+00, 0.00000E+00, 0.00000E+00, 1.86871E-01, 0.00000E+00, 8.72961E-01, 1.43918E+03,-9.43240E-01, 6.35824E+00,-1.52020E-01, 3.15674E-01, 6.10828E-03,-1.34870E-04, 1.43920E+03,-9.43877E-01, 6.35066E+00,-1.51531E-01, 3.35859E+00,-3.80411E+00, 2.55951E+01,-6.10716E-01, 1.29307E+02, 2.78414E+01, 1.59540E+02, 6.80308E+01, 5.59574E-01, 2.61403E+00, 9.69714E+01, 2.98440E+01, 4.42140E-03, 1.05705E-04, 0.00000E+00, 0.00000E+00, 0.00000E+00,
 584, 1.16599E+01,TRUE,0, 1.96034E+03, 3.68260E+00, 1.43917E+00, 2.99444E+00, 9.48066E-02, 6.79092E-02, 1.86869E-01, 1.46183E-02, 8.72957E-01, 1.43910E+03,-9.87791E-01, 6.36579E+00,-1.52489E-01,-6.65405E-01, 6.05345E-03,-5.37485E-05, 1.43918E+03,-9.43240E-01, 6.35824E+00,-1.52020E-01, 3.35853E+00,-3.80148E+00, 2.56252E+01,-6.12675E-01, 1.20504E+02, 2.59400E+01, 1.53244E+02, 6.66660E+01, 5.59568E-01, 2.61402E+00, 9.66737E+01, 2.98439E+01, 4.42667E-03, 1.05987E-04, 0.00000E+00, 0.00000E+00, 0.00000E+00,
 585, 1.16799E+01,TRUE,0, 0.00000E+00, 3.68184E+00, 1.43908E+00, 2.99368E+00, 0.00000E+00, 0.00000E+00, 1.86906E-01, 0.00000E+00, 8.73133E-01, 1.43908E+03,-9.87344E-01, 6.37326E+00,-1.52939E-01,-5.82520E-01, 5.71156E-03, 1.71661E-05, 1.43910E+03,-9.87791E-01, 6.36579E+00,-1.52489E-01, 3.35847E+00,-3.98096E+00, 2.56552E+01,-6.14555E-01, 1.24158E+02, 2.67665E+01, 1.55935E+02, 6.72688E+01, 5.59537E-01, 2.61389E+00, 9.68067E+01, 2.98432E+01, 4.43192E-03, 1.06266E-04, 0.00000E+00, 0.00000E+00, 0.00000E+00,
 586, 1.16999E+01,TRUE,0, 0.00000E+00, 3.68179E+00, 1.43906E+00, 2.99367E+00, 0.00000E+00, 0.00000E+00, 1.86898E-01, 0.00000E+00, 8.73107E-01, 1.43906E+03,-9.86893E-01, 6.38070E+00,-1.53373E-01,-5.62744E-01, 5.70774E-03, 6.51032E-05, 1.43908E+03,-9.87344E-01, 6.37326E+00,-1.52939E-01, 3.35750E+00,-3.97801E+00, 2.56779E+01,-6.16191E-01, 1.27883E+02, 2.75884E+01, 1.58649E+02, 6.78621E+01, 5.59512E-01, 2.61379E+00, 9.69344E+01, 2.98428E+01, 4.43715E-03, 1.06542E-04, 0.00000E+00, 0.00000E+00, 0.00000E+00,
 587, 1.17199E+01,TRUE,0, 1.81586E+03, 3.68175E+00, 1.43904E+00, 2.99366E+00, 1.01099E-01, 7.25159E-02, 1.86893E-01, 1.56430E-02, 8.73090E-01, 1.43899E+03,-1.02581E+00, 6.38812E+00,-1.53793E-01,-5.42969E-01, 5.78642E-03, 1.00359E-04, 1.43906E+03,-9.86893E-01, 6.38070E+00,-1.53373E-01, 3.35744E+00,-3.97612E+00, 2.57074E+01,-6.17929E-01, 1.18366E+02, 2.55338E+01, 1.51838E+02, 6.63861E+01, 5.59493E-01, 2.61373E+00, 9.66127E+01, 2.98425E+01, 4.44242E-03, 1.06815E-04, 0.00000E+00, 0.00000E+00, 0.00000E+00,
 588, 1.17399E+01,TRUE,0, 0.00000E+00, 3.68100E+00, 1.43897E+00, 2.99293E+00, 0.00000E+00, 0.00000E+00, 1.86925E-01, 0.00000E+00, 8.73251E-01, 1.43897E+03,-1.02552E+00, 6.39549E+00,-1.54199E-01,-4.67407E-01, 5.59187E-03, 1.30922E-04, 1.43899E+03,-1.02581E+00, 6.38812E+00,-1.53793E-01, 3.35738E+00,-4.13284E+00, 2.57368E+01,-6.19609E-01, 1.21984E+02, 2.63630E+01, 1.54518E+02, 6.69934E+01, 5.59453E-01, 2.61358E+00, 9.67482E+01, 2.98418E+01, 4.44766E-03, 1.07086E-04, 0.00000E+00, 0.00000E+00, 0.00000E+00,
 589, 1.17599E+01,TRUE,0, 0.00000E+00, 3.68093E+00, 1.43895E+00, 2.99291E+00, 0.00000E+00, 0.00000E+00, 1.86916E-01, 0.00000E+00, 8.73222E-01, 1.43895E+03,-1.02522E+00, 6.40283E+00,-1.54594E-01,-4.46899E-01, 5.58710E-03, 1.45316E-04, 1.43897E+03,-1.02552E+00, 6.39549E+00,-1.54199E-01, 3.35653E+00,-4.13062E+00, 2.57600E+01,-6.21088E-01, 1.25672E+02, 2.71876E+01, 1.57222E+02, 6.75911E+01, 5.59421E-01, 2.61347E+00, 9.68783E+01, 2.98414E+01, 4.45282E-03, 1.07354E-04, 0.00000E+00, 0.00000E+00, 0.00000E+00,
 590, 1.17799E+01,TRUE,0, 0.00000E+00, 3.68088E+00, 1.43893E+00, 2.99289E+00, 0.00000E+00, 0.00000E+00, 1.86908E-01, 0.00000E+00, 8.73204E-01, 1.43893E+03,-1.02491E+00, 6.41012E+00,-1.54979E-01,-4.26392E-01, 5.49269E-03, 1.52364E-04, 1.43895E+03,-1.02522E+00, 6.40283E+00,-1.54594E-01, 3.35646E+00,-4.12932E+00, 2.57890E+01,-6.22667E-01, 1.29431E+02, 2.80074E+01, 1.59949E+02, 6.81793E+01, 5.59397E-01, 2.61340E+00, 9.70031E+01, 2.98411E+01, 4.45789E-03, 1.07619E-04, 0.00000E+00, 0.00000E+00, 0.00000E+00,
 591, 1.17999E+01,TRUE,0, 2.16033E+03, 3.68084E+00, 1.43891E+00, 2.99288E+00, 8.58368E-02, 6.16856E-02, 1.86903E-01, 1.33416E-02, 8.73194E-01, 1.43887E+03,-1.04963E+00, 6.41738E+00,-1.55356E-01,-4.05884E-01, 5.49984E-03, 1.53482E-04, 1.43893E+03,-1.02491E+00, 6.41012E+00,-1.54979E-01, 3.35639E+00,-4.12800E+00, 2.58178E+01,-6.24206E-01, 1.21823E+02, 2.63484E+01, 1.54479E+02, 6.69803E+01, 5.59378E-01, 2.61336E+00, 9.67384E+01, 2.98409E+01, 4.46301E-03, 1.07881E-04, 0.00000E+00, 0.00000E+00, 0.00000E+00,
 592, 1.18199E+01,TRUE,0, 0.00000E+00, 3.68026E+00, 1.43885E+00, 2.99232E+00, 0.00000E+00, 0.00000E+00, 1.86927E-01, 0.00000E+00, 8.73318E-01, 1.43885E+03,-1.04942E+00, 6.42458E+00,-1.55724E-01,-3.49976E-01, 5.34201E-03, 1.53810E-04, 1.43887E+03,-1.04963E+00, 6.41738E+00,-1.55356E-01, 3.35632E+00,-4.22749E+00, 2.58465E+01,-6.25709E-01, 1.25510E+02, 2.71730E+01, 1.57182E+02, 6.75780E+01, 5.59345E-01, 2.61325E+00, 9.68689E+01, 2.98404E+01, 4.46810E-03, 1.08141E-04, 0.00000E+00, 0.00000E+00, 0.00000E+00,
 593, 1.18399E+01,TRUE,0, 0.00000E+00, 3.68021E+00, 1.43883E+00, 2.99230E+00, 0.00000E+00, 0.00000E+00, 1.86919E-01, 0.00000E+00, 8.73299E-01, 1.43883E+03,-1.04919E+00, 6.43176E+00,-1.56086E-01,-3.28979E-01, 5.36728E-03, 1.45972E-04, 1.43885E+03,-1.04942E+00, 6.42458E+00,-1.55724E-01, 3.35575E+00,-4.22590E+00, 2.58712E+01,-6.27086E-01, 1.29268E+02, 2.79928E+01, 1.59909E+02, 6.81663E+01, 5.59320E-01, 2.61318E+00, 9.69941E+01, 2.98401E+01, 4.47317E-03, 1.08398E-04, 0.00000E+00, 0.00000E+00, 0.00000E+00,
 594, 1.18599E+01,TRUE,0, 1.95908E+03, 3.68016E+00, 1.43881E+00, 2.99229E+00, 9.44492E-02, 6.79385E-02, 1.86914E-01, 1.47048E-02, 8.73288E-01, 1.43878E+03,-1.06988E+00, 6.43893E+00,-1.56441E-01,-3.07983E-01, 5.47171E-03, 1.35571E-04, 1.43883E+03,-1.04919E+00, 6.43176E+00,-1.56086E-01, 3.35568E+00,-4.22491E+00, 2.58996E+01,-6.28529E-01, 1.20526E+02, 2.60870E+01, 1.53616E+02, 6.67881E+01, 5.59300E-01, 2.61313E+00, 9.66908E+01, 2.98399E+01, 4.47828E-03, 1.08653E-04, 0.00000E+00, 0.00000E+00, 0.00000E+00,
 595, 1.18799E+01,TRUE,0, 0.00000E+00, 3.67958E+00, 1.43876E+00, 2.99173E+00, 0.00000E+00, 0.00000E+00, 1.86938E-01, 0.00000E+00, 8.73412E-01, 1.43876E+03,-1.06973E+00, 6.44605E+00,-1.56791E-01,-2.57324E-01, 5.32961E-03, 1.26675E-04, 1.43878E+03,-1.06988E+00, 6.43893E+00,-1.56441E-01, 3.35561E+00,-4.30813E+00, 2.59279E+01,-6.29947E-01, 1.24191E+02, 2.69130E+01, 1.56312E+02, 6.73888E+01, 5.59267E-01, 2.61301E+00, 9.68231E+01, 2.98393E+01, 4.48330E-03, 1.08905E-04, 0.00000E+00, 0.00000E+00, 0.00000E+00,
 596, 1.18999E+01,TRUE,0, 0.00000E+00, 3.67952E+00, 1.43874E+00, 2.99171E+00, 0.00000E+00, 0.00000E+00, 1.86930E-01, 0.00000E+00, 8.73393E-01, 1.43874E+03,-1.06957E+00, 6.45314E+00,-1.57136E-01,-2.35840E-01, 5.34201E-03, 1.12861E-04, 1.43876E+03,-1.06973E+00, 6.44605E+00,-1.56791E-01, 3.35512E+00,-4.30689E+00, 2.59528E+01,-6.31263E-01, 1.27926E+02, 2.77344E+01, 1.59031E+02, 6.79800E+01, 5.59240E-01, 2.61294E+00, 9.69502E+01, 2.98389E+01, 4.48831E-03, 1.09154E-04, 0.00000E+00, 0.00000E+00, 0.00000E+00,
 597, 1.19199E+01,TRUE,0, 1.81482E+03, 3.67947E+00, 1.43871E+00, 2.99169E+00, 1.00788E-01, 7.25872E-02, 1.86925E-01, 1.57321E-02, 8.73382E-01, 1.43869E+03,-1.08495E+00, 6.46022E+00,-1.57477E-01,-2.14355E-01, 5.43499E-03, 9.86010E-05, 1.43874E+03,-1.06957E+00, 6.45314E+00,-1.57136E-01, 3.35505E+00,-4.30613E+00, 2.59807E+01,-6.32639E-01, 1.18456E+02, 2.56733E+01, 1.52211E+02, 6.64895E+01, 5.59220E-01, 2.61289E+00, 9.66230E+01, 2.98387E+01, 4.49335E-03, 1.09401E-04, 0.00000E+00, 0.00000E+00, 0.00000E+00,
 598, 1.19399E+01,TRUE,0, 0.00000E+00, 3.67891E+00, 1.43867E+00, 2.99115E+00, 0.00000E+00, 0.00000E+00, 1.86947E-01, 0.00000E+00, 8.73500E-01, 1.43867E+03,-1.08483E+00, 6.46727E+00,-1.57814E-01,-1.71021E-01, 5.40400E-03, 8.67397E-05, 1.43869E+03,-1.08495E+00, 6.46022E+00,-1.57477E-01, 3.35498E+00,-4.36798E+00, 2.60087E+01,-6.33998E-01, 1.22084E+02, 2.65018E+01, 1.54895E+02, 6.70948E+01, 5.59186E-01, 2.61277E+00, 9.67581E+01, 2.98381E+01, 4.49836E-03, 1.09645E-04, 0.00000E+00, 0.00000E+00, 0.00000E+00,
 599, 1.19599E+01,TRUE,0, 0.00000E+00, 3.67885E+00, 1.43865E+00, 2.99113E+00, 0.00000E+00, 0.00000E+00, 1.86940E-01, 0.00000E+00, 8.73482E-01, 1.43865E+03,-1.08470E+00, 6.47429E+00,-1.58147E-01,-1.49292E-01, 5.38397E-03, 7.23749E-05, 1.43867E+03,-1.08483E+00, 6.46727E+00,-1.57814E-01, 3.35459E+00,-4.36700E+00, 2.60341E+01,-6.35281E-01, 1.25782E+02, 2.73256E+01, 1.57603E+02, 6.76907E+01, 5.59160E-01, 2.61269E+00, 9.68877E+01, 2.98377E+01, 4.50330E-03, 1.09887E-04, 0.00000E+00, 0.00000E+00, 0.00000E+00,
 600, 1.19799E+01,TRUE,0, 0.00000E+00, 3.67880E+00, 1.43863E+00, 2.99111E+00, 0.00000E+00, 0.00000E+00, 1.86934E-01, 0.00000E+00, 8.73471E-01, 1.43863E+03,-1.08456E+00, 6.48129E+00,-1.58478E-01,-1.27563E-01, 5.44786E-03, 5.87106E-05, 1.43865E+03,-1.08470E+00, 6.47429E+00,-1.58147E-01, 3.35452E+00,-4.36639E+00, 2.60617E+01,-6.36609E-01, 1.29552E+02, 2.81446E+01, 1.60334E+02, 6.82771E+01, 5.59140E-01, 2.61264E+00, 9.70122E+01, 2.98375E+01, 4.50827E-03, 1.10126E-04, 0.00000E+00, 0.00000E+00, 0.00000E+00,
 601, 1.19999E+01,TRUE,0, 0.00000E+00, 3.67876E+00, 1.43861E+00, 2.99109E+00, 0.00000E+00, 0.00000E+00, 1.86930E-01, 0.00000E+00, 8.73466E-01, 1.43861E+03,-1.08441E+00, 6.48828E+00,-1.58805E-01,-1.05835E-01, 5.49173E-03, 4.59403E-05, 1.43863E+03,-1.08456E+00, 6.48129E+00,-1.58478E-01, 3.35444E+00,-4.36573E+00, 2.60893E+01,-6.37924E-01, 1.33393E+02, 2.89588E+01, 1.63088E+02, 6.88542E+01, 5.59124E-01, 2.61261E+00, 9.71317E+01, 2.98373E+01, 4.51322E-03, 1.10362E-04, 0.00000E+00, 0.00000E+00, 0.00000E+00,
 602, 1.20199E+01,TRUE,0, 3.09706E+03, 3.67873E+00, 1.43858E+00, 2.99107E+00, 6.14779E-02, 4.43340E-02, 1.86927E-01, 9.61171E-03, 8.73464E-01, 1.43858E+03,-1.08798E+00, 6.49524E+00,-1.59129E-01,-8.41064E-02, 5.43308E-03, 3.42131E-05, 1.43861E+03,-1.08441E+00, 6.48828E+00,-1.58805E-01, 3.35436E+00,-4.36502E+00, 2.61169E+01,-6.39227E-01, 1.28864E+02, 2.79380E+01, 1.59777E+02, 6.81023E+01, 5.59113E-01, 2.61260E+00, 9.69603E+01, 2.98371E+01, 4.51809E-03, 1.10596E-04, 0.00000E+00, 0.00000E+00, 0.00000E+00,
 603, 1.20399E+01,TRUE,0, 0.00000E+00, 3.67842E+00, 1.43856E+00, 2.99078E+00, 0.00000E+00, 0.00000E+00, 1.86939E-01, 0.00000E+00, 8.73531E-01, 1.43856E+03,-1.08783E+00, 6.50215E+00,-1.59451E-01,-5.70068E-02, 5.35250E-03, 2.42144E-05, 1.43858E+03,-1.08798E+00, 6.49524E+00,-1.59129E-01, 3.35429E+00,-4.37928E+00, 2.61443E+01,-6.40518E-01, 1.32689E+02, 2.87528E+01, 1.62525E+02, 6.86819E+01, 5.59094E-01, 2.61254E+00, 9.70819E+01, 2.98368E+01, 4.52294E-03, 1.10827E-04, 0.00000E+00, 0.00000E+00, 0.00000E+00,
 604, 1.20599E+01,TRUE,0, 2.37748E+03, 3.67839E+00, 1.43854E+00, 2.99077E+00, 7.96922E-02, 5.74502E-02, 1.86935E-01, 1.24345E-02, 8.73523E-01, 1.43853E+03,-1.08968E+00, 6.50905E+00,-1.59753E-01,-3.51563E-02, 5.38874E-03, 1.00970E-04, 1.43856E+03,-1.08783E+00, 6.50215E+00,-1.59451E-01, 3.35414E+00,-4.37846E+00, 2.61710E+01,-6.41784E-01, 1.25702E+02, 2.72069E+01, 1.57448E+02, 6.75538E+01, 5.59080E-01, 2.61250E+00, 9.68310E+01, 2.98366E+01, 4.52782E-03, 1.10996E-04, 0.00000E+00, 0.00000E+00, 0.00000E+00,
 605, 1.20799E+01,TRUE,0, 0.00000E+00, 3.67802E+00, 1.43851E+00, 2.99042E+00, 0.00000E+00, 0.00000E+00, 1.86949E-01, 0.00000E+00, 8.73599E-01, 1.43851E+03,-1.08951E+00, 6.51593E+00,-1.60039E-01,-1.04980E-02, 5.39732E-03, 1.61216E-04, 1.43853E+03,-1.08968E+00, 6.50905E+00,-1.59753E-01, 3.35406E+00,-4.38583E+00, 2.61981E+01,-6.42988E-01, 1.29466E+02, 2.80256E+01, 1.60173E+02, 6.81419E+01, 5.59057E-01, 2.61243E+00, 9.69578E+01, 2.98361E+01, 4.53269E-03, 1.11162E-04, 0.00000E+00, 0.00000E+00, 0.00000E+00,
 606, 1.20999E+01,TRUE,0, 0.00000E+00, 3.67798E+00, 1.43849E+00, 2.99040E+00, 0.00000E+00, 0.00000E+00, 1.86945E-01, 0.00000E+00, 8.73586E-01, 1.43849E+03,-1.08933E+00, 6.52278E+00,-1.60310E-01, 1.13525E-02, 5.40829E-03, 2.06485E-04, 1.43851E+03,-1.08951E+00, 6.51593E+00,-1.60039E-01, 3.35394E+00,-4.38499E+00, 2.62249E+01,-6.44115E-01, 1.33301E+02, 2.88395E+01, 1.62922E+02, 6.87206E+01, 5.59039E-01, 2.61237E+00, 9.70795E+01, 2.98358E+01, 4.53753E-03, 1.11327E-04, 0.00000E+00, 0.00000E+00, 0.00000E+00,
 607, 1.21199E+01,TRUE,0, 2.11328E+03, 3.67794E+00, 1.43847E+00, 2.99039E+00, 9.00809E-02, 6.49264E-02, 1.86941E-01, 1.40296E-02, 8.73578E-01, 1.43847E+03,-1.08699E+00, 6.52962E+00,-1.60567E-01, 3.32031E-02, 5.40686E-03, 2.39238E-04, 1.43849E+03,-1.08933E+00, 6.52278E+00,-1.60310E-01, 3.35387E+00,-4.38418E+00, 2.62519E+01,-6.45190E-01, 1.24848E+02, 2.69777E+01, 1.56785E+02, 6.73652E+01, 5.59025E-01, 2.61234E+00, 9.67803E+01, 2.98356E+01, 4.54235E-03, 1.11489E-04, 0.00000E+00, 0.00000E+00, 0.00000E+00,
 608, 1.21399E+01,TRUE,0, 0.00000E+00, 3.67757E+00, 1.43845E+00, 2.99003E+00, 0.00000E+00, 0.00000E+00, 1.86956E-01, 0.00000E+00, 8.73656E-01, 1.43845E+03,-1.08678E+00, 6.53641E+00,-1.60813E-01, 5.21240E-02, 5.32389E-03, 2.61039E-04, 1.43847E+03,-1.08699E+00, 6.52962E+00,-1.60567E-01, 3.35379E+00,-4.37465E+00, 2.62788E+01,-6.46211E-01, 1.28594E+02, 2.77973E+01, 1.59504E+02, 6.79561E+01, 5.59003E-01, 2.61226E+00, 9.69091E+01, 2.98352E+01, 4.54708E-03, 1.11649E-04, 0.00000E+00, 0.00000E+00, 0.00000E+00,
 609, 1.21599E+01,TRUE,0, 0.00000E+00, 3.67753E+00, 1.43843E+00, 2.99001E+00, 0.00000E+00, 0.00000E+00, 1.86951E-01, 0.00000E+00, 8.73643E-01, 1.43843E+03,-1.08657E+00, 6.54317E+00,-1.61048E-01, 7.39746E-02, 5.23424E-03, 2.74390E-04, 1.43845E+03,-1.08678E+00, 6.53641E+00,-1.60813E-01, 3.35376E+00,-4.37377E+00, 2.63059E+01,-6.47193E-01, 1.32411E+02, 2.86121E+01, 1.62245E+02, 6.85376E+01, 5.58985E-01, 2.61220E+00, 9.70327E+01, 2.98349E+01, 4.55180E-03, 1.11806E-04, 0.00000E+00, 0.00000E+00, 0.00000E+00,
 610, 1.21799E+01,TRUE,0, 0.00000E+00, 3.67749E+00, 1.43840E+00, 2.99000E+00, 0.00000E+00, 0.00000E+00, 1.86947E-01, 0.00000E+00, 8.73635E-01, 1.43840E+03,-1.08634E+00, 6.54990E+00,-1.61274E-01, 9.57031E-02, 5.24044E-03, 2.80440E-04, 1.43843E+03,-1.08657E+00, 6.54317E+00,-1.61048E-01, 3.35368E+00,-4.37280E+00, 2.63325E+01,-6.48125E-01, 1.36300E+02, 2.94221E+01, 1.65010E+02, 6.91099E+01, 5.58971E-01, 2.61217E+00, 9.71514E+01, 2.98347E+01, 4.55655E-03, 1.11962E-04, 0.00000E+00, 0.00000E+00, 0.00000E+00,
 611, 1.21999E+01,TRUE,0, 0.00000E+00, 3.67747E+00, 1.43838E+00, 2.98999E+00, 0.00000E+00, 0.00000E+00, 1.86944E-01, 0.00000E+00, 8.73631E-01, 1.43838E+03,-1.08611E+00, 6.55661E+00,-1.61492E-01, 1.17432E-01, 5.23758E-03, 2.80604E-04, 1.43840E+03,-1.08634E+00, 6.54990E+00,-1.61274E-01, 3.35361E+00,-4.37180E+00, 2.63590E+01,-6.49021E-01, 1.40260E+02, 3.02271E+01, 1.67796E+02, 6.96730E+01, 5.58960E-01, 2.61214E+00, 9.72654E+01, 2.98345E+01, 4.56128E-03, 1.12115E-04, 0.00000E+00, 0.00000E+00, 0.00000E+00,
 612, 1.22199E+01,TRUE,0, 3.10670E+03, 3.67745E+00, 1.43836E+00, 2.98998E+00, 6.45354E-02, 4.64457E-02, 1.86942E-01, 9.98715E-03, 8.73628E-01, 1.43837E+03,-1.07940E+00, 6.56330E+00,-1.61704E-01, 1.39160E-01, 5.22709E-03, 2.76133E-04, 1.43838E+03,-1.08611E+00, 6.55661E+00,-1.61492E-01, 3.35353E+00,-4.37075E+00, 2.63854E+01,-6.49885E-01, 1.34981E+02, 2.90247E+01, 1.63904E+02, 6.87859E+01, 5.58953E-01, 2.61213E+00, 9.70649E+01, 2.98344E+01, 4.56599E-03, 1.12266E-04, 0.00000E+00, 0.00000E+00, 0.00000E+00,
 613, 1.22399E+01,TRUE,0, 0.00000E+00, 3.67722E+00, 1.43835E+00, 2.98976E+00, 0.00000E+00, 0.00000E+00, 1.86951E-01, 0.00000E+00, 8.73680E-01, 1.43835E+03,-1.07912E+00, 6.56998E+00,-1.61909E-01, 1.51855E-01, 5.33724E-03, 2.67088E-04, 1.43837E+03,-1.07940E+00, 6.56330E+00,-1.61704E-01, 3.35346E+00,-4.34367E+00, 2.64117E+01,-6.50721E-01, 1.38911E+02, 2.98313E+01, 1.66678E+02, 6.93538E+01, 5.58939E-01, 2.61209E+00, 9.71823E+01, 2.98342E+01, 4.57074E-03, 1.12415E-04, 0.00000E+00, 0.00000E+00, 0.00000E+00,
 614, 1.22599E+01,TRUE,0, 0.00000E+00, 3.67720E+00, 1.43833E+00, 2.98975E+00, 0.00000E+00, 0.00000E+00, 1.86948E-01, 0.00000E+00, 8.73672E-01, 1.43833E+03,-1.07883E+00, 6.57663E+00,-1.62110E-01, 1.73462E-01, 5.28860E-03, 2.56673E-04, 1.43835E+03,-1.07912E+00, 6.56998E+00,-1.61909E-01, 3.35351E+00,-4.34261E+00, 2.64390E+01,-6.51558E-01, 1.42913E+02, 3.06329E+01, 1.69474E+02, 6.99127E+01, 5.58929E-01, 2.61206E+00, 9.72950E+01, 2.98340E+01, 4.57541E-03, 1.12562E-04, 0.00000E+00, 0.00000E+00, 0.00000E+00,
 615, 1.22799E+01,TRUE,0, 2.61890E+03, 3.67718E+00, 1.43830E+00, 2.98975E+00, 7.81648E-02, 5.61257E-02, 1.86946E-01, 1.20010E-02, 8.73667E-01, 1.43832E+03,-1.06759E+00, 6.58325E+00,-1.62305E-01, 1.95068E-01, 5.23853E-03, 2.44409E-04, 1.43833E+03,-1.07883E+00, 6.57663E+00,-1.62110E-01, 3.35344E+00,-4.34135E+00, 2.64652E+01,-6.52350E-01, 1.35498E+02, 2.89728E+01, 1.64043E+02, 6.86985E+01, 5.58921E-01, 2.61204E+00, 9.70260E+01, 2.98338E+01, 4.58005E-03, 1.12707E-04, 0.00000E+00, 0.00000E+00, 0.00000E+00,
 616, 1.22999E+01,TRUE,0, 0.00000E+00, 3.67692E+00, 1.43830E+00, 2.98950E+00, 0.00000E+00, 0.00000E+00, 1.86957E-01, 0.00000E+00, 8.73723E-01, 1.43830E+03,-1.06724E+00, 6.58984E+00,-1.62497E-01, 2.01294E-01, 5.17321E-03, 2.29254E-04, 1.43832E+03,-1.06759E+00, 6.58325E+00,-1.62305E-01, 3.35337E+00,-4.29601E+00, 2.64913E+01,-6.53123E-01, 1.39430E+02, 2.97787E+01, 1.66814E+02, 6.92674E+01, 5.58907E-01, 2.61199E+00, 9.71449E+01, 2.98336E+01, 4.58462E-03, 1.12849E-04, 0.00000E+00, 0.00000E+00, 0.00000E+00,
 617, 1.23199E+01,TRUE,0, 0.00000E+00, 3.67690E+00, 1.43828E+00, 2.98950E+00, 0.00000E+00, 0.00000E+00, 1.86953E-01, 0.00000E+00, 8.73713E-01, 1.43828E+03,-1.06688E+00, 6.59640E+00,-1.62686E-01, 2.22656E-01, 5.12791E-03, 2.15560E-04, 1.43830E+03,-1.06724E+00, 6.58984E+00,-1.62497E-01, 3.35351E+00,-4.29479E+00, 2.65190E+01,-6.53924E-01, 1.43434E+02, 3.05797E+01, 1.69607E+02, 6.98272E+01, 5.58896E-01, 2.61196E+00, 9.72591E+01, 2.98334E+01, 4.58922E-03, 1.12990E-04, 0.00000E+00, 0.00000E+00, 0.00000E+00,
 618, 1.23399E+01,TRUE,0, 0.00000E+00, 3.67689E+00, 1.43826E+00, 2.98950E+00, 0.00000E+00, 0.00000E+00, 1.86950E-01, 0.00000E+00, 8.73705E-01, 1.43826E+03,-1.06652E+00, 6.60291E+00,-1.62871E-01, 2.44019E-01, 4.99630E-03, 2.01732E-04, 1.43828E+03,-1.06688E+00, 6.59640E+00,-1.62686E-01, 3.35344E+00,-4.29326E+00, 2.65448E+01,-6.54668E-01, 1.47510E+02, 3.13757E+01, 1.72422E+02, 7.03780E+01, 5.58887E-01, 2.61194E+00, 9.73688E+01, 2.98332E+01, 4.59374E-03, 1.13128E-04, 0.00000E+00, 0.00000E+00, 0.00000E+00,
 619, 1.23599E+01,TRUE,0, 2.51118E+03, 3.67689E+00, 1.43823E+00, 2.98950E+00, 8.44169E-02, 6.03932E-02, 1.86948E-01, 1.28093E-02, 8.73700E-01, 1.43826E+03,-1.05012E+00, 6.60938E+00,-1.63053E-01, 2.65381E-01, 4.88281E-03, 1.88142E-04, 1.43826E+03,-1.06652E+00, 6.60291E+00,-1.62871E-01, 3.35337E+00,-4.29171E+00, 2.65704E+01,-6.55400E-01, 1.38856E+02, 2.94512E+01, 1.66100E+02, 6.89773E+01, 5.58881E-01, 2.61193E+00, 9.70620E+01, 2.98331E+01, 4.59824E-03, 1.13264E-04, 0.00000E+00, 0.00000E+00, 0.00000E+00,
 620, 1.23799E+01,TRUE,0, 0.00000E+00, 3.67664E+00, 1.43824E+00, 2.98926E+00, 0.00000E+00, 0.00000E+00, 1.86959E-01, 0.00000E+00, 8.73756E-01, 1.43824E+03,-1.04968E+00, 6.61582E+00,-1.63234E-01, 2.64038E-01, 4.89044E-03, 1.72451E-04, 1.43826E+03,-1.05012E+00, 6.60938E+00,-1.63053E-01, 3.35330E+00,-4.22563E+00, 2.65959E+01,-6.56120E-01, 1.42839E+02, 3.02530E+01, 1.68881E+02, 6.95414E+01, 5.58869E-01, 2.61188E+00, 9.71795E+01, 2.98329E+01, 4.60272E-03, 1.13398E-04, 0.00000E+00, 0.00000E+00, 0.00000E+00,
 621, 1.23999E+01,TRUE,0, 0.00000E+00, 3.67663E+00, 1.43821E+00, 2.98926E+00, 0.00000E+00, 0.00000E+00, 1.86956E-01, 0.00000E+00, 8.73745E-01, 1.43821E+03,-1.04923E+00, 6.62221E+00,-1.63411E-01, 2.85034E-01, 4.78935E-03, 1.60545E-04, 1.43824E+03,-1.04968E+00, 6.61582E+00,-1.63234E-01, 3.35355E+00,-4.22416E+00, 2.66238E+01,-6.56894E-01, 1.46893E+02, 3.10498E+01, 1.71685E+02, 7.00964E+01, 5.58859E-01, 2.61185E+00, 9.72923E+01, 2.98327E+01, 4.60718E-03, 1.13530E-04, 0.00000E+00, 0.00000E+00, 0.00000E+00,
 622, 1.24199E+01,TRUE,0, 2.21163E+03, 3.67662E+00, 1.43819E+00, 2.98927E+00, 9.57308E-02, 6.82846E-02, 1.86953E-01, 1.43974E-02, 8.73737E-01, 1.43822E+03,-1.02788E+00, 6.62857E+00,-1.63587E-01, 3.06030E-01, 4.70209E-03, 1.49503E-04, 1.43821E+03,-1.04923E+00, 6.62221E+00,-1.63411E-01, 3.35348E+00,-4.22227E+00, 2.66489E+01,-6.57596E-01, 1.36563E+02, 2.87934E+01, 1.64198E+02, 6.84681E+01, 5.58852E-01, 2.61184E+00, 9.69422E+01, 2.98326E+01, 4.61161E-03, 1.13660E-04, 0.00000E+00, 0.00000E+00, 0.00000E+00,
 623, 1.24399E+01,TRUE,0, 0.00000E+00, 3.67637E+00, 1.43820E+00, 2.98902E+00, 0.00000E+00, 0.00000E+00, 1.86964E-01, 0.00000E+00, 8.73794E-01, 1.43820E+03,-1.02733E+00, 6.63492E+00,-1.63761E-01, 2.97485E-01, 4.85325E-03, 1.35988E-04, 1.43822E+03,-1.02788E+00, 6.62857E+00,-1.63587E-01, 3.35341E+00,-4.13627E+00, 2.66740E+01,-6.58289E-01, 1.40494E+02, 2.95984E+01, 1.66960E+02, 6.90401E+01, 5.58838E-01, 2.61178E+00, 9.70645E+01, 2.98323E+01, 4.61609E-03, 1.13788E-04, 0.00000E+00, 0.00000E+00, 0.00000E+00,
 624, 1.24599E+01,TRUE,0, 0.00000E+00, 3.67635E+00, 1.43818E+00, 2.98902E+00, 0.00000E+00, 0.00000E+00, 1.86960E-01, 0.00000E+00, 8.73782E-01, 1.43818E+03,-1.02679E+00, 6.64125E+00,-1.63932E-01, 3.18115E-01, 4.83418E-03, 1.27494E-04, 1.43820E+03,-1.02733E+00, 6.63492E+00,-1.63761E-01, 3.35376E+00,-4.13451E+00, 2.67023E+01,-6.59057E-01, 1.44497E+02, 3.03985E+01, 1.69744E+02, 6.96029E+01, 5.58828E-01, 2.61175E+00, 9.71819E+01, 2.98322E+01, 4.62054E-03, 1.13914E-04, 0.00000E+00, 0.00000E+00, 0.00000E+00,
 625, 1.24799E+01,TRUE,0, 2.00031E+03, 3.67635E+00, 1.43816E+00, 2.98903E+00, 1.04382E-01, 7.42745E-02, 1.86957E-01, 1.55944E-02, 8.73773E-01, 1.43820E+03,-1.00108E+00, 6.64755E+00,-1.64102E-01, 3.38745E-01, 4.81176E-03, 1.19984E-04, 1.43818E+03,-1.02679E+00, 6.64125E+00,-1.63932E-01, 3.35369E+00,-4.13223E+00, 2.67272E+01,-6.59734E-01, 1.33064E+02, 2.79376E+01, 1.61515E+02, 6.78398E+01, 5.58820E-01, 2.61173E+00, 9.68082E+01, 2.98321E+01, 4.62497E-03, 1.14037E-04, 0.00000E+00, 0.00000E+00, 0.00000E+00,
 626, 1.24999E+01,TRUE,0, 0.00000E+00, 3.67609E+00, 1.43818E+00, 2.98878E+00, 0.00000E+00, 0.00000E+00, 1.86968E-01, 0.00000E+00, 8.73828E-01, 1.43818E+03,-1.00042E+00, 6.65383E+00,-1.64270E-01, 3.23486E-01, 4.86946E-03, 1.09330E-04, 1.43820E+03,-1.00108E+00, 6.64755E+00,-1.64102E-01, 3.35363E+00,-4.02868E+00, 2.67521E+01,-6.60403E-01, 1.36924E+02, 2.87473E+01, 1.64252E+02, 6.84218E+01, 5.58806E-01, 2.61168E+00, 9.69358E+01, 2.98318E+01, 4.62933E-03, 1.14159E-04, 0.00000E+00, 0.00000E+00, 0.00000E+00,
 627, 1.25199E+01,TRUE,0, 0.00000E+00, 3.67608E+00, 1.43816E+00, 2.98879E+00, 0.00000E+00, 0.00000E+00, 1.86964E-01, 0.00000E+00, 8.73816E-01, 1.43816E+03,-9.99761E-01, 6.66007E+00,-1.64420E-01, 3.43506E-01, 4.74548E-03, 1.90765E-04, 1.43818E+03,-1.00042E+00, 6.65383E+00,-1.64270E-01, 3.35406E+00,-4.02656E+00, 2.67808E+01,-6.61166E-01, 1.40855E+02, 2.95522E+01, 1.67012E+02, 6.89945E+01, 5.58795E-01, 2.61165E+00, 9.70584E+01, 2.98316E+01, 4.63366E-03, 1.14219E-04, 0.00000E+00, 0.00000E+00, 0.00000E+00,
 628, 1.25399E+01,TRUE,0, 0.00000E+00, 3.67608E+00, 1.43814E+00, 2.98880E+00, 0.00000E+00, 0.00000E+00, 1.86961E-01, 0.00000E+00, 8.73807E-01, 1.43814E+03,-9.99102E-01, 6.66626E+00,-1.64553E-01, 3.63525E-01, 4.63820E-03, 2.55004E-04, 1.43816E+03,-9.99761E-01, 6.66007E+00,-1.64420E-01, 3.35400E+00,-4.02384E+00, 2.68054E+01,-6.61756E-01, 1.44858E+02, 3.03523E+01, 1.69794E+02, 6.95581E+01, 5.58788E-01, 2.61163E+00, 9.71761E+01, 2.98315E+01, 4.63797E-03, 1.14277E-04, 0.00000E+00, 0.00000E+00, 0.00000E+00,
 629, 1.25599E+01,TRUE,0, 2.18368E+03, 3.67608E+00, 1.43812E+00, 2.98881E+00, 9.61056E-02, 6.82027E-02, 1.86958E-01, 1.42638E-02, 8.73801E-01, 1.43815E+03,-9.72284E-01, 6.67241E+00,-1.64672E-01, 3.83545E-01, 4.54760E-03, 3.04267E-04, 1.43814E+03,-9.99102E-01, 6.66626E+00,-1.64553E-01, 3.35393E+00,-4.02111E+00, 2.68298E+01,-6.62279E-01, 1.34619E+02, 2.81541E+01, 1.62441E+02, 6.79884E+01, 5.58783E-01, 2.61162E+00, 9.68447E+01, 2.98315E+01, 4.64226E-03, 1.14333E-04, 0.00000E+00, 0.00000E+00, 0.00000E+00,
 630, 1.25799E+01,TRUE,0, 0.00000E+00, 3.67587E+00, 1.43813E+00, 2.98861E+00, 0.00000E+00, 0.00000E+00, 1.86967E-01, 0.00000E+00, 8.73848E-01, 1.43813E+03,-9.71517E-01, 6.67857E+00,-1.64778E-01, 3.66333E-01, 4.73070E-03, 3.36289E-04, 1.43815E+03,-9.72284E-01, 6.67241E+00,-1.64672E-01, 3.35387E+00,-3.91310E+00, 2.68541E+01,-6.62744E-01, 1.38502E+02, 2.89624E+01, 1.65184E+02, 6.85680E+01, 5.58772E-01, 2.61159E+00, 9.69709E+01, 2.98313E+01, 4.64659E-03, 1.14388E-04, 0.00000E+00, 0.00000E+00, 0.00000E+00,
 631, 1.25999E+01,TRUE,0, 0.00000E+00, 3.67587E+00, 1.43811E+00, 2.98862E+00, 0.00000E+00, 0.00000E+00, 1.86964E-01, 0.00000E+00, 8.73837E-01, 1.43811E+03,-9.70751E-01, 6.68470E+00,-1.64873E-01, 3.85864E-01, 4.70257E-03, 3.62366E-04, 1.43813E+03,-9.71517E-01, 6.67857E+00,-1.64778E-01, 3.35433E+00,-3.91055E+00, 2.68826E+01,-6.63264E-01, 1.42457E+02, 2.97659E+01, 1.67949E+02, 6.91385E+01, 5.58764E-01, 2.61156E+00, 9.70921E+01, 2.98312E+01, 4.65090E-03, 1.14440E-04, 0.00000E+00, 0.00000E+00, 0.00000E+00,
 632, 1.26199E+01,TRUE,0, 1.97996E+03, 3.67588E+00, 1.43809E+00, 2.98863E+00, 1.04442E-01, 7.39826E-02, 1.86961E-01, 1.54369E-02, 8.73830E-01, 1.43803E+03,-1.01399E+00, 6.69080E+00,-1.64958E-01,-5.94727E-01, 4.67253E-03, 3.79086E-04, 1.43811E+03,-9.70751E-01, 6.68470E+00,-1.64873E-01, 3.35427E+00,-3.90740E+00, 2.69068E+01,-6.63634E-01, 1.31184E+02, 2.73723E+01, 1.59900E+02, 6.74387E+01, 5.58759E-01, 2.61155E+00, 9.67366E+01, 2.98311E+01, 4.65518E-03, 1.14491E-04, 0.00000E+00, 0.00000E+00, 0.00000E+00,
 633, 1.26399E+01,TRUE,0, 0.00000E+00, 3.67502E+00, 1.43801E+00, 2.98778E+00, 0.00000E+00, 0.00000E+00, 1.87004E-01, 0.00000E+00, 8.74031E-01, 1.43801E+03,-1.01340E+00, 6.69682E+00,-1.65033E-01,-5.12207E-01, 4.34208E-03, 3.95373E-04, 1.43803E+03,-1.01399E+00, 6.69080E+00,-1.64958E-01, 3.35421E+00,-4.08135E+00, 2.69308E+01,-6.63964E-01, 1.35000E+02, 2.81854E+01, 1.62621E+02, 6.80272E+01, 5.58725E-01, 2.61141E+00, 9.68671E+01, 2.98304E+01, 4.65945E-03, 1.14541E-04, 0.00000E+00, 0.00000E+00, 0.00000E+00,
 634, 1.26599E+01,TRUE,0, 0.00000E+00, 3.67498E+00, 1.43799E+00, 2.98778E+00, 0.00000E+00, 0.00000E+00, 1.86995E-01, 0.00000E+00, 8.73998E-01, 1.43799E+03,-1.01282E+00, 6.70281E+00,-1.65100E-01,-4.91943E-01, 4.36211E-03, 3.96714E-04, 1.43801E+03,-1.01340E+00, 6.69682E+00,-1.65033E-01, 3.35328E+00,-4.07786E+00, 2.69475E+01,-6.64080E-01, 1.38887E+02, 2.89938E+01, 1.65365E+02, 6.86065E+01, 5.58699E-01, 2.61131E+00, 9.69924E+01, 2.98300E+01, 4.66370E-03, 1.14589E-04, 0.00000E+00, 0.00000E+00, 0.00000E+00,
 635, 1.26799E+01,TRUE,0, 1.83293E+03, 3.67496E+00, 1.43797E+00, 2.98778E+00, 1.10132E-01, 7.79330E-02, 1.86988E-01, 1.62568E-02, 8.73975E-01, 1.43792E+03,-1.04899E+00, 6.70878E+00,-1.65161E-01,-4.71680E-01, 4.37498E-03, 3.93137E-04, 1.43799E+03,-1.01282E+00, 6.70281E+00,-1.65100E-01, 3.35321E+00,-4.07542E+00, 2.69712E+01,-6.64339E-01, 1.27114E+02, 2.65158E+01, 1.57000E+02, 6.68544E+01, 5.58679E-01, 2.61125E+00, 9.66283E+01, 2.98297E+01, 4.66792E-03, 1.14635E-04, 0.00000E+00, 0.00000E+00, 0.00000E+00,
 636, 1.26999E+01,TRUE,0, 0.00000E+00, 3.67412E+00, 1.43790E+00, 2.98697E+00, 0.00000E+00, 0.00000E+00, 1.87024E-01, 0.00000E+00, 8.74157E-01, 1.43790E+03,-1.04855E+00, 6.71470E+00,-1.65216E-01,-3.98682E-01, 4.21858E-03, 3.91901E-04, 1.43792E+03,-1.04899E+00, 6.70878E+00,-1.65161E-01, 3.35315E+00,-4.22089E+00, 2.69947E+01,-6.64572E-01, 1.30854E+02, 2.73346E+01, 1.59698E+02, 6.74526E+01, 5.58636E-01, 2.61108E+00, 9.67632E+01, 2.98289E+01, 4.67219E-03, 1.14679E-04, 0.00000E+00, 0.00000E+00, 0.00000E+00,
 637, 1.27199E+01,TRUE,0, 0.00000E+00, 3.67406E+00, 1.43788E+00, 2.98696E+00, 0.00000E+00, 0.00000E+00, 1.87013E-01, 0.00000E+00, 8.74120E-01, 1.43788E+03,-1.04810E+00, 6.72060E+00,-1.65265E-01,-3.77686E-01, 4.24623E-03, 3.80605E-04, 1.43790E+03,-1.04855E+00, 6.71470E+00,-1.65216E-01, 3.35235E+00,-4.21811E+00, 2.70120E+01,-6.64632E-01, 1.34666E+02, 2.81487E+01, 1.62420E+02, 6.80414E+01, 5.58602E-01, 2.61097E+00, 9.68926E+01, 2.98285E+01, 4.67637E-03, 1.14722E-04, 0.00000E+00, 0.00000E+00, 0.00000E+00,
 638, 1.27399E+01,TRUE,0, 0.00000E+00, 3.67402E+00, 1.43786E+00, 2.98696E+00, 0.00000E+00, 0.00000E+00, 1.87005E-01, 0.00000E+00, 8.74097E-01, 1.43786E+03,-1.04765E+00, 6.72647E+00,-1.65311E-01,-3.56689E-01, 4.26626E-03, 3.67418E-04, 1.43788E+03,-1.04810E+00, 6.72060E+00,-1.65265E-01, 3.35228E+00,-4.21623E+00, 2.70352E+01,-6.64820E-01, 1.38548E+02, 2.89582E+01, 1.65165E+02, 6.86209E+01, 5.58576E-01, 2.61090E+00, 9.70169E+01, 2.98282E+01, 4.68054E-03, 1.14763E-04, 0.00000E+00, 0.00000E+00, 0.00000E+00,
 639, 1.27599E+01,TRUE,0, 2.17492E+03, 3.67400E+00, 1.43784E+00, 2.98696E+00, 9.26445E-02, 6.55205E-02, 1.86998E-01, 1.36845E-02, 8.74083E-01, 1.43780E+03,-1.06919E+00, 6.73231E+00,-1.65354E-01,-3.35693E-01, 4.19331E-03, 3.53053E-04, 1.43786E+03,-1.04765E+00, 6.72647E+00,-1.65311E-01, 3.35221E+00,-4.21433E+00, 2.70583E+01,-6.64991E-01, 1.29300E+02, 2.70055E+01, 1.58596E+02, 6.72411E+01, 5.58558E-01, 2.61086E+00, 9.67290E+01, 2.98281E+01, 4.68462E-03, 1.14802E-04, 0.00000E+00, 0.00000E+00, 0.00000E+00,
 640, 1.27799E+01,TRUE,0, 0.00000E+00, 3.67336E+00, 1.43778E+00, 2.98635E+00, 0.00000E+00, 0.00000E+00, 1.87025E-01, 0.00000E+00, 8.74223E-01, 1.43778E+03,-1.06882E+00, 6.73809E+00,-1.65393E-01,-2.83081E-01, 4.06790E-03, 3.41773E-04, 1.43780E+03,-1.06919E+00, 6.73231E+00,-1.65354E-01, 3.35215E+00,-4.30089E+00, 2.70812E+01,-6.65149E-01, 1.33083E+02, 2.78220E+01, 1.61309E+02, 6.78335E+01, 5.58523E-01, 2.61074E+00, 9.68598E+01, 2.98275E+01, 4.68874E-03, 1.14840E-04, 0.00000E+00, 0.00000E+00, 0.00000E+00,
 641, 1.27999E+01,TRUE,0, 0.00000E+00, 3.67332E+00, 1.43776E+00, 2.98635E+00, 0.00000E+00, 0.00000E+00, 1.87016E-01, 0.00000E+00, 8.74199E-01, 1.43776E+03,-1.06844E+00, 6.74385E+00,-1.65430E-01,-2.61597E-01, 4.11081E-03, 3.26023E-04, 1.43778E+03,-1.06882E+00, 6.73809E+00,-1.65393E-01, 3.35164E+00,-4.29874E+00, 2.71003E+01,-6.65205E-01, 1.36936E+02, 2.86339E+01, 1.64046E+02, 6.84165E+01, 5.58496E-01, 2.61066E+00, 9.69854E+01, 2.98272E+01, 4.69285E-03, 1.14876E-04, 0.00000E+00, 0.00000E+00, 0.00000E+00,
 642, 1.28199E+01,TRUE,0, 1.97200E+03, 3.67329E+00, 1.43774E+00, 2.98635E+00, 1.01046E-01, 7.14308E-02, 1.87010E-01, 1.49296E-02, 8.74184E-01, 1.43772E+03,-1.08521E+00, 6.74959E+00,-1.65465E-01,-2.40234E-01, 4.14419E-03, 3.10570E-04, 1.43776E+03,-1.06844E+00, 6.74385E+00,-1.65430E-01, 3.35157E+00,-4.29713E+00, 2.71230E+01,-6.65339E-01, 1.26628E+02, 2.64661E+01, 1.56743E+02, 6.68873E+01, 5.58477E-01, 2.61062E+00, 9.66664E+01, 2.98270E+01, 4.69693E-03, 1.14911E-04, 0.00000E+00, 0.00000E+00, 0.00000E+00,
 643, 1.28399E+01,TRUE,0, 0.00000E+00, 3.67266E+00, 1.43769E+00, 2.98574E+00, 0.00000E+00, 0.00000E+00, 1.87036E-01, 0.00000E+00, 8.74321E-01, 1.43769E+03,-1.08489E+00, 6.75531E+00,-1.65497E-01,-1.94214E-01, 4.13752E-03, 2.98604E-04, 1.43772E+03,-1.08521E+00, 6.74959E+00,-1.65465E-01, 3.35149E+00,-4.36451E+00, 2.71455E+01,-6.65464E-01, 1.30362E+02, 2.72865E+01, 1.59443E+02, 6.74856E+01, 5.58441E-01, 2.61049E+00, 9.67998E+01, 2.98264E+01, 4.70105E-03, 1.14944E-04, 0.00000E+00, 0.00000E+00, 0.00000E+00,
 644, 1.28599E+01,TRUE,0, 0.00000E+00, 3.67261E+00, 1.43767E+00, 2.98573E+00, 0.00000E+00, 0.00000E+00, 1.87027E-01, 0.00000E+00, 8.74296E-01, 1.43767E+03,-1.08456E+00, 6.76102E+00,-1.65528E-01,-1.72485E-01, 4.24290E-03, 2.84091E-04, 1.43769E+03,-1.08489E+00, 6.75531E+00,-1.65497E-01, 3.35108E+00,-4.36267E+00, 2.71651E+01,-6.65512E-01, 1.34168E+02, 2.81023E+01, 1.62166E+02, 6.80744E+01, 5.58414E-01, 2.61041E+00, 9.69278E+01, 2.98260E+01, 4.70515E-03, 1.14975E-04, 0.00000E+00, 0.00000E+00, 0.00000E+00,
 645, 1.28799E+01,TRUE,0, 1.82593E+03, 3.67257E+00, 1.43765E+00, 2.98573E+00, 1.06921E-01, 7.56020E-02, 1.87021E-01, 1.58348E-02, 8.74282E-01, 1.43763E+03,-1.09563E+00, 6.76671E+00,-1.65557E-01,-1.50757E-01, 4.23527E-03, 2.70635E-04, 1.43767E+03,-1.08456E+00, 6.76102E+00,-1.65528E-01, 3.35101E+00,-4.36126E+00, 2.71875E+01,-6.65621E-01, 1.23284E+02, 2.58219E+01, 1.54475E+02, 6.64680E+01, 5.58393E-01, 2.61037E+00, 9.65928E+01, 2.98257E+01, 4.70918E-03, 1.15005E-04, 0.00000E+00, 0.00000E+00, 0.00000E+00,
 646, 1.28999E+01,TRUE,0, 0.00000E+00, 3.67197E+00, 1.43761E+00, 2.98514E+00, 0.00000E+00, 0.00000E+00, 1.87046E-01, 0.00000E+00, 8.74411E-01, 1.43761E+03,-1.09533E+00, 6.77234E+00,-1.65585E-01,-1.12549E-01, 4.05836E-03, 2.60264E-04, 1.43763E+03,-1.09563E+00, 6.76671E+00,-1.65557E-01, 3.35093E+00,-4.40564E+00, 2.72097E+01,-6.65725E-01, 1.26960E+02, 2.66469E+01, 1.57158E+02, 6.70732E+01, 5.58358E-01, 2.61024E+00, 9.67291E+01, 2.98251E+01, 4.71312E-03, 1.15033E-04, 0.00000E+00, 0.00000E+00, 0.00000E+00,
 647, 1.29199E+01,TRUE,0, 0.00000E+00, 3.67192E+00, 1.43759E+00, 2.98513E+00, 0.00000E+00, 0.00000E+00, 1.87037E-01, 0.00000E+00, 8.74389E-01, 1.43759E+03,-1.09502E+00, 6.77794E+00,-1.65595E-01,-9.05762E-02, 4.07505E-03, 3.35038E-04, 1.43761E+03,-1.09533E+00, 6.77234E+00,-1.65585E-01, 3.35063E+00,-4.40405E+00, 2.72299E+01,-6.65776E-01, 1.30707E+02, 2.74673E+01, 1.59865E+02, 6.76690E+01, 5.58331E-01, 2.61016E+00, 9.68599E+01, 2.98248E+01, 4.71710E-03, 1.15000E-04, 0.00000E+00, 0.00000E+00, 0.00000E+00,
 648, 1.29399E+01,TRUE,0, 0.00000E+00, 3.67188E+00, 1.43757E+00, 2.98512E+00, 0.00000E+00, 0.00000E+00, 1.87031E-01, 0.00000E+00, 8.74375E-01, 1.43757E+03,-1.09471E+00, 6.78353E+00,-1.65590E-01,-6.86035E-02, 4.08411E-03, 3.93063E-04, 1.43759E+03,-1.09502E+00, 6.77794E+00,-1.65595E-01, 3.35056E+00,-4.40273E+00, 2.72519E+01,-6.65803E-01, 1.34525E+02, 2.82831E+01, 1.62595E+02, 6.82553E+01, 5.58310E-01, 2.61012E+00, 9.69855E+01, 2.98245E+01, 4.72106E-03, 1.14965E-04, 0.00000E+00, 0.00000E+00, 0.00000E+00,
 649, 1.29599E+01,TRUE,0, 2.16861E+03, 3.67185E+00, 1.43755E+00, 2.98512E+00, 9.01870E-02, 6.38258E-02, 1.87026E-01, 1.34160E-02, 8.74367E-01, 1.43754E+03,-1.09736E+00, 6.78909E+00,-1.65571E-01,-4.66309E-02, 4.08745E-03, 4.36559E-04, 1.43757E+03,-1.09471E+00, 6.78353E+00,-1.65590E-01, 3.35048E+00,-4.40136E+00, 2.72737E+01,-6.65766E-01, 1.25930E+02, 2.64702E+01, 1.56514E+02, 6.69753E+01, 5.58295E-01, 2.61009E+00, 9.67158E+01, 2.98243E+01, 4.72500E-03, 1.14929E-04, 0.00000E+00, 0.00000E+00, 0.00000E+00,
 650, 1.29799E+01,TRUE,0, 0.00000E+00, 3.67140E+00, 1.43752E+00, 2.98468E+00, 0.00000E+00, 0.00000E+00, 1.87045E-01, 0.00000E+00, 8.74466E-01, 1.43752E+03,-1.09705E+00, 6.79464E+00,-1.65540E-01,-2.03857E-02, 4.15134E-03, 4.68060E-04, 1.43754E+03,-1.09736E+00, 6.78909E+00,-1.65571E-01, 3.35041E+00,-4.41193E+00, 2.72954E+01,-6.65676E-01, 1.29661E+02, 2.72922E+01, 1.59217E+02, 6.75728E+01, 5.58269E-01, 2.61000E+00, 9.68471E+01, 2.98239E+01, 4.72898E-03, 1.14892E-04, 0.00000E+00, 0.00000E+00, 0.00000E+00,
 651, 1.29999E+01,TRUE,0, 0.00000E+00, 3.67136E+00, 1.43750E+00, 2.98467E+00, 0.00000E+00, 0.00000E+00, 1.87039E-01, 0.00000E+00, 8.74450E-01, 1.43750E+03,-1.09672E+00, 6.80016E+00,-1.65499E-01, 1.58691E-03, 4.12941E-03, 4.88430E-04, 1.43752E+03,-1.09705E+00, 6.79464E+00,-1.65540E-01, 3.35027E+00,-4.41048E+00, 2.73166E+01,-6.65526E-01, 1.33462E+02, 2.81096E+01, 1.61944E+02, 6.81608E+01, 5.58249E-01, 2.60995E+00, 9.69733E+01, 2.98236E+01, 4.73289E-03, 1.14854E-04, 0.00000E+00, 0.00000E+00, 0.00000E+00,
 652, 1.30199E+01,TRUE,0, 1.96637E+03, 3.67133E+00, 1.43748E+00, 2.98467E+00, 9.86387E-02, 6.98414E-02, 1.87034E-01, 1.47084E-02, 8.74441E-01, 1.43748E+03,-1.09474E+00, 6.80565E+00,-1.65449E-01, 2.35596E-02, 4.10557E-03, 5.00023E-04, 1.43750E+03,-1.09672E+00, 6.80016E+00,-1.65499E-01, 3.35020E+00,-4.40908E+00, 2.73382E+01,-6.65345E-01, 1.23787E+02, 2.60693E+01, 1.55102E+02, 6.67195E+01, 5.58234E-01, 2.60991E+00, 9.66689E+01, 2.98233E+01, 4.73677E-03, 1.14814E-04, 0.00000E+00, 0.00000E+00, 0.00000E+00,
 653, 1.30399E+01,TRUE,0, 0.00000E+00, 3.67088E+00, 1.43746E+00, 2.98424E+00, 0.00000E+00, 0.00000E+00, 1.87052E-01, 0.00000E+00, 8.74537E-01, 1.43746E+03,-1.09439E+00, 6.81114E+00,-1.65391E-01, 4.32129E-02, 4.17614E-03, 5.04136E-04, 1.43748E+03,-1.09474E+00, 6.80565E+00,-1.65449E-01, 3.35012E+00,-4.40102E+00, 2.73597E+01,-6.65129E-01, 1.27481E+02, 2.68944E+01, 1.57794E+02, 6.73211E+01, 5.58208E-01, 2.60983E+00, 9.68022E+01, 2.98229E+01, 4.74069E-03, 1.14773E-04, 0.00000E+00, 0.00000E+00, 0.00000E+00,
 654, 1.30599E+01,TRUE,0, 0.00000E+00, 3.67084E+00, 1.43743E+00, 2.98423E+00, 0.00000E+00, 0.00000E+00, 1.87046E-01, 0.00000E+00, 8.74521E-01, 1.43743E+03,-1.09404E+00, 6.81661E+00,-1.65327E-01, 6.51855E-02, 4.21429E-03, 5.02750E-04, 1.43746E+03,-1.09439E+00, 6.81114E+00,-1.65391E-01, 3.35008E+00,-4.39957E+00, 2.73815E+01,-6.64889E-01, 1.31246E+02, 2.77147E+01, 1.60511E+02, 6.79133E+01, 5.58188E-01, 2.60977E+00, 9.69301E+01, 2.98225E+01, 4.74459E-03, 1.14731E-04, 0.00000E+00, 0.00000E+00, 0.00000E+00,
 655, 1.30799E+01,TRUE,0, 1.82101E+03, 3.67081E+00, 1.43741E+00, 2.98422E+00, 1.04656E-01, 7.41793E-02, 1.87042E-01, 1.56673E-02, 8.74511E-01, 1.43742E+03,-1.08721E+00, 6.82206E+00,-1.65257E-01, 8.71582E-02, 4.14991E-03, 4.96790E-04, 1.43743E+03,-1.09404E+00, 6.81661E+00,-1.65327E-01, 3.35001E+00,-4.39805E+00, 2.74029E+01,-6.64616E-01, 1.20944E+02, 2.55445E+01, 1.53230E+02, 6.63797E+01, 5.58173E-01, 2.60973E+00, 9.66059E+01, 2.98223E+01, 4.74841E-03, 1.14688E-04, 0.00000E+00, 0.00000E+00, 0.00000E+00,
 656, 1.30999E+01,TRUE,0, 0.00000E+00, 3.67039E+00, 1.43740E+00, 2.98381E+00, 0.00000E+00, 0.00000E+00, 1.87059E-01, 0.00000E+00, 8.74601E-01, 1.43740E+03,-1.08681E+00, 6.82749E+00,-1.65183E-01, 9.99756E-02, 4.22001E-03, 4.86270E-04, 1.43742E+03,-1.08721E+00, 6.82206E+00,-1.65257E-01, 3.34994E+00,-4.37050E+00, 2.74241E+01,-6.64322E-01, 1.24590E+02, 2.63733E+01, 1.55910E+02, 6.69870E+01, 5.58147E-01, 2.60964E+00, 9.67416E+01, 2.98218E+01, 4.75228E-03, 1.14643E-04, 0.00000E+00, 0.00000E+00, 0.00000E+00,
 657, 1.31199E+01,TRUE,0, 0.00000E+00, 3.67034E+00, 1.43738E+00, 2.98380E+00, 0.00000E+00, 0.00000E+00, 1.87053E-01, 0.00000E+00, 8.74585E-01, 1.43738E+03,-1.08641E+00, 6.83291E+00,-1.65105E-01, 1.21704E-01, 4.22430E-03, 4.74423E-04, 1.43740E+03,-1.08681E+00, 6.82749E+00,-1.65183E-01, 3.34999E+00,-4.36898E+00, 2.74464E+01,-6.64035E-01, 1.28306E+02, 2.71976E+01, 1.58613E+02, 6.75847E+01, 5.58127E-01, 2.60958E+00, 9.68720E+01, 2.98215E+01, 4.75612E-03, 1.14597E-04, 0.00000E+00, 0.00000E+00, 0.00000E+00,
 658, 1.31399E+01,TRUE,0, 0.00000E+00, 3.67031E+00, 1.43736E+00, 2.98379E+00, 0.00000E+00, 0.00000E+00, 1.87048E-01, 0.00000E+00, 8.74575E-01, 1.43736E+03,-1.08600E+00, 6.83829E+00,-1.65024E-01, 1.43433E-01, 4.13084E-03, 4.60818E-04, 1.43738E+03,-1.08641E+00, 6.83291E+00,-1.65105E-01, 3.34992E+00,-4.36726E+00, 2.74676E+01,-6.63707E-01, 1.32093E+02, 2.80171E+01, 1.61340E+02, 6.81729E+01, 5.58112E-01, 2.60954E+00, 9.69971E+01, 2.98213E+01, 4.75988E-03, 1.14550E-04, 0.00000E+00, 0.00000E+00, 0.00000E+00,
 659, 1.31599E+01,TRUE,0, 2.16421E+03, 3.67029E+00, 1.43733E+00, 2.98378E+00, 8.84721E-02, 6.28180E-02, 1.87045E-01, 1.33220E-02, 8.74569E-01, 1.43735E+03,-1.07521E+00, 6.84365E+00,-1.64940E-01, 1.65161E-01, 4.13227E-03, 4.46096E-04, 1.43736E+03,-1.08600E+00, 6.83829E+00,-1.65024E-01, 3.34985E+00,-4.36552E+00, 2.74886E+01,-6.63366E-01, 1.23924E+02, 2.62809E+01, 1.55550E+02, 6.69406E+01, 5.58101E-01, 2.60952E+00, 9.67331E+01, 2.98211E+01, 4.76368E-03, 1.14502E-04, 0.00000E+00, 0.00000E+00, 0.00000E+00,
 660, 1.31799E+01,TRUE,0, 0.00000E+00, 3.66997E+00, 1.43733E+00, 2.98348E+00, 0.00000E+00, 0.00000E+00, 1.87058E-01, 0.00000E+00, 8.74638E-01, 1.43733E+03,-1.07475E+00, 6.84900E+00,-1.64855E-01, 1.72241E-01, 4.19474E-03, 4.29139E-04, 1.43735E+03,-1.07521E+00, 6.84365E+00,-1.64940E-01, 3.34977E+00,-4.32205E+00, 2.75096E+01,-6.63015E-01, 1.27631E+02, 2.71061E+01, 1.58252E+02, 6.75391E+01, 5.58082E-01, 2.60946E+00, 9.68638E+01, 2.98208E+01, 4.76747E-03, 1.14453E-04, 0.00000E+00, 0.00000E+00, 0.00000E+00,
 661, 1.31999E+01,TRUE,0, 0.00000E+00, 3.66994E+00, 1.43731E+00, 2.98347E+00, 0.00000E+00, 0.00000E+00, 1.87053E-01, 0.00000E+00, 8.74627E-01, 1.43731E+03,-1.07427E+00, 6.85433E+00,-1.64767E-01, 1.93848E-01, 4.16470E-03, 4.14073E-04, 1.43733E+03,-1.07475E+00, 6.84900E+00,-1.64855E-01, 3.34991E+00,-4.32036E+00, 2.75322E+01,-6.62698E-01, 1.31409E+02, 2.79265E+01, 1.60977E+02, 6.81281E+01, 5.58068E-01, 2.60942E+00, 9.69892E+01, 2.98206E+01, 4.77123E-03, 1.14402E-04, 0.00000E+00, 0.00000E+00, 0.00000E+00,
 662, 1.32199E+01,TRUE,0, 1.96248E+03, 3.66992E+00, 1.43728E+00, 2.98347E+00, 9.69716E-02, 6.89222E-02, 1.87050E-01, 1.46459E-02, 8.74619E-01, 1.43731E+03,-1.05896E+00, 6.85966E+00,-1.64678E-01, 2.15332E-01, 4.21715E-03, 3.99277E-04, 1.43731E+03,-1.07427E+00, 6.85433E+00,-1.64767E-01, 3.34984E+00,-4.31837E+00, 2.75531E+01,-6.62333E-01, 1.22142E+02, 2.59550E+01, 1.54403E+02, 6.67267E+01, 5.58057E-01, 2.60940E+00, 9.66887E+01, 2.98204E+01, 4.77504E-03, 1.14350E-04, 0.00000E+00, 0.00000E+00, 0.00000E+00,
 663, 1.32399E+01,TRUE,0, 0.00000E+00, 3.66961E+00, 1.43728E+00, 2.98316E+00, 0.00000E+00, 0.00000E+00, 1.87063E-01, 0.00000E+00, 8.74687E-01, 1.43728E+03,-1.05842E+00, 6.86497E+00,-1.64589E-01, 2.15698E-01, 4.26292E-03, 3.82543E-04, 1.43731E+03,-1.05896E+00, 6.85966E+00,-1.64678E-01, 3.34977E+00,-4.25671E+00, 2.75739E+01,-6.61961E-01, 1.25820E+02, 2.67825E+01, 1.57096E+02, 6.73286E+01, 5.58039E-01, 2.60933E+00, 9.68211E+01, 2.98200E+01, 4.77876E-03, 1.14297E-04, 0.00000E+00, 0.00000E+00, 0.00000E+00,
 664, 1.32599E+01,TRUE,0, 0.00000E+00, 3.66958E+00, 1.43726E+00, 2.98316E+00, 0.00000E+00, 0.00000E+00, 1.87058E-01, 0.00000E+00, 8.74675E-01, 1.43726E+03,-1.05787E+00, 6.87024E+00,-1.64498E-01, 2.36938E-01, 4.10223E-03, 3.69444E-04, 1.43728E+03,-1.05842E+00, 6.86497E+00,-1.64589E-01, 3.34999E+00,-4.25482E+00, 2.75971E+01,-6.61645E-01, 1.29568E+02, 2.76052E+01, 1.59813E+02, 6.79210E+01, 5.58025E-01, 2.60929E+00, 9.69483E+01, 2.98198E+01, 4.78241E-03, 1.14243E-04, 0.00000E+00, 0.00000E+00, 0.00000E+00,
 665, 1.32799E+01,TRUE,0, 0.00000E+00, 3.66956E+00, 1.43724E+00, 2.98315E+00, 0.00000E+00, 0.00000E+00, 1.87055E-01, 0.00000E+00, 8.74667E-01, 1.43724E+03,-1.05732E+00, 6.87546E+00,-1.64406E-01, 2.58179E-01, 3.96109E-03, 3.57226E-04, 1.43726E+03,-1.05787E+00, 6.87024E+00,-1.64498E-01, 3.34992E+00,-4.25254E+00, 2.76177E+01,-6.61266E-01, 1.33387E+02, 2.84232E+01, 1.62553E+02, 6.85040E+01, 5.58014E-01, 2.60927E+00, 9.70703E+01, 2.98196E+01, 4.78603E-03, 1.14188E-04, 0.00000E+00, 0.00000E+00, 0.00000E+00,
 666, 1.32999E+01,TRUE,0, 2.16548E+03, 3.66955E+00, 1.43722E+00, 2.98315E+00, 8.90762E-02, 6.33941E-02, 1.87052E-01, 1.35011E-02, 8.74661E-01, 1.43725E+03,-1.03905E+00, 6.88066E+00,-1.64313E-01, 2.79419E-01, 3.92437E-03, 3.45945E-04, 1.43724E+03,-1.05732E+00, 6.87546E+00,-1.64406E-01, 3.34985E+00,-4.25024E+00, 2.76382E+01,-6.60884E-01, 1.25050E+02, 2.66320E+01, 1.56613E+02, 6.72243E+01, 5.58006E-01, 2.60925E+00, 9.67928E+01, 2.98195E+01, 4.78970E-03, 1.14131E-04, 0.00000E+00, 0.00000E+00, 0.00000E+00,
 667, 1.33199E+01,TRUE,0, 0.00000E+00, 3.66930E+00, 1.43722E+00, 2.98291E+00, 0.00000E+00, 0.00000E+00, 1.87063E-01, 0.00000E+00, 8.74717E-01, 1.43722E+03,-1.03842E+00, 6.88585E+00,-1.64220E-01, 2.75513E-01, 4.00925E-03, 3.32788E-04, 1.43725E+03,-1.03905E+00, 6.88066E+00,-1.64313E-01, 3.34979E+00,-4.17673E+00, 2.76585E+01,-6.60498E-01, 1.28786E+02, 2.74558E+01, 1.59326E+02, 6.78182E+01, 5.57992E-01, 2.60920E+00, 9.69211E+01, 2.98192E+01, 4.79335E-03, 1.14074E-04, 0.00000E+00, 0.00000E+00, 0.00000E+00,
 668, 1.33399E+01,TRUE,0, 0.00000E+00, 3.66928E+00, 1.43720E+00, 2.98291E+00, 0.00000E+00, 0.00000E+00, 1.87059E-01, 0.00000E+00, 8.74707E-01, 1.43720E+03,-1.03779E+00, 6.89102E+00,-1.64127E-01, 2.96387E-01, 3.94964E-03, 3.24130E-04, 1.43722E+03,-1.03842E+00, 6.88585E+00,-1.64220E-01, 3.35007E+00,-4.17455E+00, 2.76817E+01,-6.60180E-01, 1.32593E+02, 2.82747E+01, 1.62062E+02, 6.84027E+01, 5.57981E-01, 2.60917E+00, 9.70442E+01, 2.98191E+01, 4.79697E-03, 1.14015E-04, 0.00000E+00, 0.00000E+00, 0.00000E+00,
 669, 1.33599E+01,TRUE,0, 1.96367E+03, 3.66927E+00, 1.43718E+00, 2.98291E+00, 9.75847E-02, 6.94978E-02, 1.87057E-01, 1.48135E-02, 8.74700E-01, 1.43721E+03,-1.01511E+00, 6.89615E+00,-1.64016E-01, 3.17139E-01, 3.89290E-03, 4.02659E-04, 1.43720E+03,-1.03779E+00, 6.89102E+00,-1.64127E-01, 3.35001E+00,-4.17192E+00, 2.77019E+01,-6.59790E-01, 1.23153E+02, 2.62501E+01, 1.55337E+02, 6.69563E+01, 5.57973E-01, 2.60915E+00, 9.67315E+01, 2.98189E+01, 4.80058E-03, 1.13895E-04, 0.00000E+00, 0.00000E+00, 0.00000E+00,
 670, 1.33799E+01,TRUE,0, 0.00000E+00, 3.66902E+00, 1.43719E+00, 2.98267E+00, 0.00000E+00, 0.00000E+00, 1.87067E-01, 0.00000E+00, 8.74755E-01, 1.43719E+03,-1.01439E+00, 6.90128E+00,-1.63891E-01, 3.06641E-01, 3.99065E-03, 4.60520E-04, 1.43721E+03,-1.01511E+00, 6.89615E+00,-1.64016E-01, 3.34994E+00,-4.08069E+00, 2.77220E+01,-6.59332E-01, 1.26856E+02, 2.70762E+01, 1.58039E+02, 6.75544E+01, 5.57959E-01, 2.60910E+00, 9.68623E+01, 2.98186E+01, 4.80417E-03, 1.13775E-04, 0.00000E+00, 0.00000E+00, 0.00000E+00,
 671, 1.33999E+01,TRUE,0, 0.00000E+00, 3.66901E+00, 1.43717E+00, 2.98267E+00, 0.00000E+00, 0.00000E+00, 1.87063E-01, 0.00000E+00, 8.74743E-01, 1.43717E+03,-1.01366E+00, 6.90638E+00,-1.63752E-01, 3.27026E-01, 3.91197E-03, 5.07772E-04, 1.43719E+03,-1.01439E+00, 6.90128E+00,-1.63891E-01, 3.35031E+00,-4.07821E+00, 2.77457E+01,-6.58902E-01, 1.30629E+02, 2.78976E+01, 1.60765E+02, 6.81431E+01, 5.57948E-01, 2.60907E+00, 9.69878E+01, 2.98185E+01, 4.80774E-03, 1.13653E-04, 0.00000E+00, 0.00000E+00, 0.00000E+00,
 672, 1.34199E+01,TRUE,0, 1.81874E+03, 3.66900E+00, 1.43715E+00, 2.98267E+00, 1.03700E-01, 7.39378E-02, 1.87060E-01, 1.57879E-02, 8.74736E-01, 1.43719E+03,-9.87250E-01, 6.91146E+00,-1.63602E-01, 3.47290E-01, 3.92437E-03, 5.42164E-04, 1.43717E+03,-1.01366E+00, 6.90638E+00,-1.63752E-01, 3.35025E+00,-4.07520E+00, 2.77657E+01,-6.58333E-01, 1.20529E+02, 2.57364E+01, 1.53571E+02, 6.65993E+01, 5.57940E-01, 2.60905E+00, 9.66549E+01, 2.98183E+01, 4.81135E-03, 1.13531E-04, 0.00000E+00, 0.00000E+00, 0.00000E+00,
 673, 1.34399E+01,TRUE,0, 0.00000E+00, 3.66876E+00, 1.43717E+00, 2.98244E+00, 0.00000E+00, 0.00000E+00, 1.87070E-01, 0.00000E+00, 8.74787E-01, 1.43717E+03,-9.86414E-01, 6.91656E+00,-1.63443E-01, 3.31055E-01, 4.10366E-03, 5.61416E-04, 1.43719E+03,-9.87250E-01, 6.91146E+00,-1.63602E-01, 3.35018E+00,-3.96896E+00, 2.77856E+01,-6.57717E-01, 1.24185E+02, 2.65657E+01, 1.56259E+02, 6.72031E+01, 5.57926E-01, 2.60900E+00, 9.67887E+01, 2.98181E+01, 4.81495E-03, 1.13408E-04, 0.00000E+00, 0.00000E+00, 0.00000E+00,
 674, 1.34599E+01,TRUE,0, 0.00000E+00, 3.66874E+00, 1.43715E+00, 2.98245E+00, 0.00000E+00, 0.00000E+00, 1.87066E-01, 0.00000E+00, 8.74776E-01, 1.43715E+03,-9.85579E-01, 6.92161E+00,-1.63275E-01, 3.50830E-01, 3.97635E-03, 5.76437E-04, 1.43717E+03,-9.86414E-01, 6.91656E+00,-1.63443E-01, 3.35063E+00,-3.96613E+00, 2.78098E+01,-6.57165E-01, 1.27912E+02, 2.73904E+01, 1.58971E+02, 6.77974E+01, 5.57916E-01, 2.60897E+00, 9.69172E+01, 2.98179E+01, 4.81846E-03, 1.13284E-04, 0.00000E+00, 0.00000E+00, 0.00000E+00,
 675, 1.34799E+01,TRUE,0, 0.00000E+00, 3.66874E+00, 1.43713E+00, 2.98245E+00, 0.00000E+00, 0.00000E+00, 1.87064E-01, 0.00000E+00, 8.74768E-01, 1.43713E+03,-9.84747E-01, 6.92663E+00,-1.63099E-01, 3.70605E-01, 3.86143E-03, 5.83783E-04, 1.43715E+03,-9.85579E-01, 6.92161E+00,-1.63275E-01, 3.35057E+00,-3.96271E+00, 2.78297E+01,-6.56478E-01, 1.31711E+02, 2.82102E+01, 1.61706E+02, 6.83822E+01, 5.57908E-01, 2.60895E+00, 9.70405E+01, 2.98178E+01, 4.82195E-03, 1.13160E-04, 0.00000E+00, 0.00000E+00, 0.00000E+00,
 676, 1.34999E+01,TRUE,0, 2.16225E+03, 3.66874E+00, 1.43711E+00, 2.98246E+00, 8.77882E-02, 6.27033E-02, 1.87061E-01, 1.34236E-02, 8.74762E-01, 1.43706E+03,-1.02214E+00, 6.93161E+00,-1.62918E-01,-6.09619E-01, 3.75938E-03, 5.84871E-04, 1.43713E+03,-9.84747E-01, 6.92663E+00,-1.63099E-01, 3.35052E+00,-3.95929E+00, 2.78493E+01,-6.55761E-01, 1.23678E+02, 2.64771E+01, 1.55963E+02, 6.71378E+01, 5.57903E-01, 2.60894E+00, 9.67692E+01, 2.98177E+01, 4.82543E-03, 1.13034E-04, 0.00000E+00, 0.00000E+00, 0.00000E+00,
 677, 1.35199E+01,TRUE,1, 0.00000E+00, 7.48899E+01, 1.43704E+00, 7.42037E+01, 0.00000E+00, 0.00000E+00, 9.16376E-03, 0.00000E+00, 4.28531E-02, 1.43704E+03,-1.02147E+00, 6.93591E+00,-1.62834E-01,-5.35522E-01, 3.40223E-03, 5.87180E-04, 1.43706E+03,-1.02214E+00, 6.93161E+00,-1.62918E-01, 3.35046E+00,-4.10957E+00, 2.78689E+01,-6.55019E-01, 1.27397E+02, 2.73022E+01, 1.58672E+02, 6.77330E+01, 6.79985E-01, 3.17986E+00, 9.68985E+01, 3.24875E+01, 4.82889E-03, 1.12908E-04, 0.00000E+00, 0.00000E+00, 0.00000E+00,
 678, 1.35399E+01,TRUE,1, 0.00000E+00, 7.50334E+01, 1.43701E+00, 7.42006E+01, 0.00000E+00, 0.00000E+00, 1.10989E-02, 0.00000E+00, 5.09109E-02, 1.43702E+03,-1.02080E+00, 6.94014E+00,-1.62752E-01,-5.15015E-01, 4.02832E-03, 6.92323E-04, 1.43704E+03,-1.02147E+00, 6.93591E+00,-1.62834E-01, 3.34963E+00,-4.10587E+00, 2.78793E+01,-6.54523E-01, 1.31188E+02, 2.81225E+01, 1.61405E+02, 6.83188E+01, 8.23542E-01, 3.77762E+00, 9.70225E+01, 3.49935E+01, 4.83232E-03, 1.12781E-04, 0.00000E+00, 0.00000E+00, 0.00000E+00,
 679, 1.35599E+01,TRUE,1, 1.96072E+03, 7.51993E+01, 1.43699E+00, 7.41976E+01, 9.63432E-02, 6.88779E-02, 1.33206E-02, 1.47589E-02, 5.92286E-02, 1.43695E+03,-1.05419E+00, 6.94430E+00,-1.62671E-01,-4.94507E-01, 4.77791E-03, 7.99730E-04, 1.43702E+03,-1.02080E+00, 6.94014E+00,-1.62752E-01, 3.34957E+00,-4.10310E+00, 2.78958E+01,-6.54181E-01, 1.22039E+02, 2.61500E+01, 1.54859E+02, 6.69020E+01, 9.88357E-01, 4.39461E+00, 9.67145E+01, 3.73300E+01, 4.83580E-03, 1.12653E-04, 0.00000E+00, 0.00000E+00, 0.00000E+00,
 680, 1.35799E+01,TRUE,1, 0.00000E+00, 7.53791E+01, 1.43693E+00, 7.41866E+01, 0.00000E+00, 0.00000E+00, 1.58200E-02, 0.00000E+00, 6.77039E-02, 1.43693E+03,-1.05366E+00, 6.94842E+00,-1.62589E-01,-4.25659E-01, 5.31864E-03, 9.13933E-04, 1.43695E+03,-1.05419E+00, 6.94430E+00,-1.62671E-01, 3.34951E+00,-4.23723E+00, 2.79120E+01,-6.53840E-01, 1.25730E+02, 2.69770E+01, 1.57559E+02, 6.75009E+01, 1.17363E+00, 5.02272E+00, 9.68459E+01, 3.94912E+01, 4.83926E-03, 1.12524E-04, 0.00000E+00, 0.00000E+00, 0.00000E+00,
 681, 1.35999E+01,TRUE,1, 0.00000E+00, 7.55875E+01, 1.43690E+00, 7.41835E+01, 0.00000E+00, 0.00000E+00, 1.85752E-02, 0.00000E+00, 7.62096E-02, 1.43690E+03,-1.05313E+00, 6.95250E+00,-1.62505E-01,-4.04541E-01, 6.11401E-03, 1.02285E-03, 1.43693E+03,-1.05366E+00, 6.94842E+00,-1.62589E-01, 3.34877E+00,-4.23417E+00, 2.79224E+01,-6.53365E-01, 1.29491E+02, 2.77993E+01, 1.60283E+02, 6.80903E+01, 1.37797E+00, 5.65350E+00, 9.69721E+01, 4.14726E+01, 4.84270E-03, 1.12395E-04, 0.00000E+00, 0.00000E+00, 0.00000E+00,
 682, 1.36199E+01,TRUE,1, 1.81607E+03, 7.58150E+01, 1.43688E+00, 7.41803E+01, 1.02553E-01, 7.34134E-02, 2.15609E-02, 1.57575E-02, 8.46363E-02, 1.43684E+03,-1.08074E+00, 6.95654E+00,-1.62418E-01,-3.83423E-01, 6.92034E-03, 1.13073E-03, 1.43690E+03,-1.05313E+00, 6.95250E+00,-1.62505E-01, 3.34870E+00,-4.23194E+00, 2.79382E+01,-6.53015E-01, 1.19651E+02, 2.56820E+01, 1.53242E+02, 6.65695E+01, 1.59939E+00, 6.27835E+00, 9.66423E+01, 4.32706E+01, 4.84612E-03, 1.12265E-04, 0.00000E+00, 0.00000E+00, 0.00000E+00,
 683, 1.36399E+01,TRUE,1, 0.00000E+00, 7.60525E+01, 1.43682E+00, 7.41705E+01, 0.00000E+00, 0.00000E+00, 2.47452E-02, 0.00000E+00, 9.28777E-02, 1.43682E+03,-1.08032E+00, 6.96056E+00,-1.62327E-01,-3.22388E-01, 7.53260E-03, 1.24089E-03, 1.43684E+03,-1.08074E+00, 6.95654E+00,-1.62418E-01, 3.34863E+00,-4.34280E+00, 2.79539E+01,-6.52653E-01, 1.23300E+02, 2.65118E+01, 1.55929E+02, 6.71737E+01, 1.83537E+00, 6.88879E+00, 9.67766E+01, 4.48837E+01, 4.84953E-03, 1.12134E-04, 0.00000E+00, 0.00000E+00, 0.00000E+00,
 684, 1.36599E+01,TRUE,1, 0.00000E+00, 7.63104E+01, 1.43680E+00, 7.41673E+01, 0.00000E+00, 0.00000E+00, 2.80837E-02, 0.00000E+00, 1.00809E-01, 1.43680E+03,-1.07989E+00, 6.96456E+00,-1.62230E-01,-3.00781E-01, 8.24642E-03, 1.34303E-03, 1.43682E+03,-1.08032E+00, 6.96056E+00,-1.62327E-01, 3.34800E+00,-4.34029E+00, 2.79648E+01,-6.52165E-01, 1.27020E+02, 2.73369E+01, 1.58639E+02, 6.77683E+01, 2.08289E+00, 7.47674E+00, 9.69055E+01, 4.63129E+01, 4.85285E-03, 1.12002E-04, 0.00000E+00, 0.00000E+00, 0.00000E+00,
 685, 1.36799E+01,TRUE,1, 0.00000E+00, 7.65789E+01, 1.43678E+00, 7.41641E+01, 0.00000E+00, 0.00000E+00, 3.15328E-02, 0.00000E+00, 1.08338E-01, 1.43678E+03,-1.07945E+00, 6.96856E+00,-1.62127E-01,-2.79175E-01, 9.03130E-03, 1.44038E-03, 1.43680E+03,-1.07989E+00, 6.96456E+00,-1.62230E-01, 3.34793E+00,-4.33847E+00, 2.79803E+01,-6.51763E-01, 1.30810E+02, 2.81573E+01, 1.61373E+02, 6.83535E+01, 2.33860E+00, 8.03480E+00, 9.70293E+01, 4.75615E+01, 4.85622E-03, 1.11870E-04, 0.00000E+00, 0.00000E+00, 0.00000E+00,
 686, 1.36999E+01,TRUE,1, 0.00000E+00, 7.68542E+01, 1.43676E+00, 7.41609E+01, 0.00000E+00, 0.00000E+00, 3.50442E-02, 0.00000E+00, 1.15378E-01, 1.43676E+03,-1.07901E+00, 6.97257E+00,-1.62017E-01,-2.57568E-01, 9.78899E-03, 1.53185E-03, 1.43678E+03,-1.07945E+00, 6.96856E+00,-1.62127E-01, 3.34786E+00,-4.33663E+00, 2.79957E+01,-6.51336E-01, 1.34672E+02, 2.89727E+01, 1.64131E+02, 6.89294E+01, 2.59891E+00, 8.55653E+00, 9.71481E+01, 4.86360E+01, 4.85956E-03, 1.11737E-04, 0.00000E+00, 0.00000E+00, 0.00000E+00,
 687, 1.37199E+01,TRUE,1, 3.09625E+03, 7.71326E+01, 1.43674E+00, 7.41577E+01, 6.24371E-02, 4.47659E-02, 3.85684E-02, 9.61913E-03, 1.21858E-01, 1.43672E+03,-1.08913E+00, 6.97659E+00,-1.61898E-01,-2.35962E-01, 1.05104E-02, 1.61648E-03, 1.43676E+03,-1.07901E+00, 6.97257E+00,-1.62017E-01, 3.34779E+00,-4.33476E+00, 2.80112E+01,-6.50878E-01, 1.29952E+02, 2.79236E+01, 1.60706E+02, 6.81628E+01, 2.86014E+00, 9.03670E+00, 9.69757E+01, 4.95452E+01, 4.86289E-03, 1.11603E-04, 0.00000E+00, 0.00000E+00, 0.00000E+00,
 688, 1.37399E+01,TRUE,1, 0.00000E+00, 7.74075E+01, 1.43670E+00, 7.41519E+01, 0.00000E+00, 0.00000E+00, 4.20584E-02, 0.00000E+00, 1.27730E-01, 1.43670E+03,-1.08872E+00, 6.98062E+00,-1.61770E-01,-1.99341E-01, 1.11136E-02, 1.69511E-03, 1.43672E+03,-1.08913E+00, 6.97659E+00,-1.61898E-01, 3.34772E+00,-4.37531E+00, 2.80268E+01,-6.50387E-01, 1.33796E+02, 2.87400E+01, 1.63455E+02, 6.87414E+01, 3.11871E+00, 9.47139E+00, 9.70967E+01, 5.03005E+01, 4.86620E-03, 1.11468E-04, 0.00000E+00, 0.00000E+00, 0.00000E+00,
 689, 1.37598E+01,TRUE,0, 0.00000E+00, 6.51173E+00, 1.43668E+00, 2.97992E+00, 0.00000E+00, 0.00000E+00, 5.42377E-01, 0.00000E+00, 1.58602E+00, 1.43668E+03,-1.08830E+00, 6.99052E+00,-1.60710E-01,-1.77490E-01, 1.17416E-02, 1.84989E-03, 1.43670E+03,-1.08872E+00, 6.98062E+00,-1.61770E-01, 3.34743E+00,-4.37330E+00, 2.80406E+01,-6.49819E-01, 1.37711E+02, 2.95514E+01, 1.66228E+02, 6.93109E+01, 1.61624E+00, 4.72621E+00, 9.72128E+01, 3.59085E+01, 4.86949E-03, 1.11273E-04, 0.00000E+00, 0.00000E+00, 0.00000E+00,
 690, 1.37798E+01,TRUE,0, 2.60920E+03, 4.81221E+00, 1.43666E+00, 2.97993E+00, 7.58002E-02, 5.43074E-02, 3.80757E-01, 1.16349E-02, 1.12238E+00, 1.43664E+03,-1.09633E+00, 6.99668E+00,-1.60212E-01,-1.55640E-01, 6.14500E-03, 1.01966E-03, 1.43668E+03,-1.08830E+00, 6.99052E+00,-1.60710E-01, 3.34736E+00,-4.37153E+00, 2.80798E+01,-6.45547E-01, 1.30958E+02, 2.80566E+01, 1.61327E+02, 6.82225E+01, 1.13463E+00, 3.34461E+00, 9.69711E+01, 3.24100E+01, 4.87277E-03, 1.11078E-04, 0.00000E+00, 0.00000E+00, 0.00000E+00,
 691, 1.37998E+01,TRUE,0, 0.00000E+00, 4.27332E+00, 1.43662E+00, 2.97949E+00, 0.00000E+00, 0.00000E+00, 3.02769E-01, 0.00000E+00, 9.31357E-01, 1.43662E+03,-1.09594E+00, 7.00188E+00,-1.59845E-01,-1.21826E-01, 4.34446E-03, 7.88942E-04, 1.43664E+03,-1.09633E+00, 6.99668E+00,-1.60212E-01, 3.34729E+00,-4.40369E+00, 2.81039E+01,-6.43529E-01, 1.34817E+02, 2.88715E+01, 1.64079E+02, 6.87999E+01, 9.02098E-01, 2.77497E+00, 9.70922E+01, 3.14068E+01, 4.87596E-03, 1.10882E-04, 0.00000E+00, 0.00000E+00, 0.00000E+00,
 692, 1.38198E+01,TRUE,0, 0.00000E+00, 4.01769E+00, 1.43660E+00, 2.97950E+00, 0.00000E+00, 0.00000E+00, 2.58406E-01, 0.00000E+00, 8.46875E-01, 1.43660E+03,-1.09554E+00, 7.00672E+00,-1.59528E-01,-9.98535E-02, 3.68214E-03, 6.97732E-04, 1.43662E+03,-1.09594E+00, 7.00188E+00,-1.59845E-01, 3.34705E+00,-4.40179E+00, 2.81227E+01,-6.42010E-01, 1.38748E+02, 2.96814E+01, 1.66854E+02, 6.93680E+01, 7.69920E-01, 2.52326E+00, 9.72085E+01, 3.12691E+01, 4.87920E-03, 1.10685E-04, 0.00000E+00, 0.00000E+00, 0.00000E+00,
 693, 1.38398E+01,TRUE,0, 0.00000E+00, 3.87555E+00, 1.43658E+00, 2.97950E+00, 0.00000E+00, 0.00000E+00, 2.31205E-01, 0.00000E+00, 8.13604E-01, 1.43658E+03,-1.09513E+00, 7.01138E+00,-1.59232E-01,-7.78809E-02, 3.37172E-03, 6.59570E-04, 1.43660E+03,-1.09554E+00, 7.00672E+00,-1.59528E-01, 3.34697E+00,-4.40009E+00, 2.81416E+01,-6.40721E-01, 1.42751E+02, 3.04863E+01, 1.69651E+02, 6.99271E+01, 6.88876E-01, 2.42413E+00, 9.73202E+01, 3.14529E+01, 4.88241E-03, 1.10488E-04, 0.00000E+00, 0.00000E+00, 0.00000E+00,
 694, 1.38598E+01,TRUE,0, 2.50183E+03, 3.79077E+00, 1.43656E+00, 2.97951E+00, 8.20650E-02, 5.86874E-02, 2.14009E-01, 1.25053E-02, 8.07104E-01, 1.43655E+03,-1.09800E+00, 7.01592E+00,-1.58946E-01,-5.59082E-02, 3.22819E-03, 6.44833E-04, 1.43658E+03,-1.09513E+00, 7.01138E+00,-1.59232E-01, 3.34690E+00,-4.39835E+00, 2.81596E+01,-6.39520E-01, 1.34777E+02, 2.87187E+01, 1.63853E+02, 6.86410E+01, 6.37642E-01, 2.40478E+00, 9.70361E+01, 3.17254E+01, 4.88561E-03, 1.10291E-04, 0.00000E+00, 0.00000E+00, 0.00000E+00,
 695, 1.38798E+01,TRUE,0, 0.00000E+00, 3.73856E+00, 1.43653E+00, 2.97908E+00, 0.00000E+00, 0.00000E+00, 2.03146E-01, 0.00000E+00, 8.14701E-01, 1.43653E+03,-1.09759E+00, 7.02039E+00,-1.58663E-01,-2.92969E-02, 3.14808E-03, 6.41108E-04, 1.43655E+03,-1.09800E+00, 7.01592E+00,-1.58946E-01, 3.34683E+00,-4.40977E+00, 2.81773E+01,-6.38357E-01, 1.38700E+02, 2.95285E+01, 1.66622E+02, 6.92112E+01, 6.05190E-01, 2.42706E+00, 9.71547E+01, 3.19749E+01, 4.88880E-03, 1.10093E-04, 0.00000E+00, 0.00000E+00, 0.00000E+00,
 696, 1.38998E+01,TRUE,0, 0.00000E+00, 3.70718E+00, 1.43651E+00, 2.97909E+00, 0.00000E+00, 0.00000E+00, 1.96399E-01, 0.00000E+00, 8.28782E-01, 1.43651E+03,-1.09718E+00, 7.02481E+00,-1.58380E-01,-7.32422E-03, 3.13997E-03, 6.40735E-04, 1.43653E+03,-1.09759E+00, 7.02039E+00,-1.58663E-01, 3.34669E+00,-4.40795E+00, 2.81941E+01,-6.37195E-01, 1.42694E+02, 3.03334E+01, 1.69413E+02, 6.97724E+01, 5.85091E-01, 2.46902E+00, 9.72685E+01, 3.21496E+01, 4.89196E-03, 1.09895E-04, 0.00000E+00, 0.00000E+00, 0.00000E+00,
 697, 1.39198E+01,TRUE,0, 2.20312E+03, 3.68887E+00, 1.43649E+00, 2.97910E+00, 9.33173E-02, 6.66152E-02, 1.92408E-01, 1.41314E-02, 8.44949E-01, 1.43649E+03,-1.09578E+00, 7.02920E+00,-1.58095E-01, 1.46484E-02, 3.15094E-03, 6.40780E-04, 1.43651E+03,-1.09718E+00, 7.02481E+00,-1.58380E-01, 3.34661E+00,-4.40619E+00, 2.82112E+01,-6.36044E-01, 1.33066E+02, 2.82279E+01, 1.62449E+02, 6.82505E+01, 5.73203E-01, 2.51719E+00, 9.69378E+01, 3.22299E+01, 4.89510E-03, 1.09697E-04, 0.00000E+00, 0.00000E+00, 0.00000E+00,
 698, 1.39398E+01,TRUE,0, 0.00000E+00, 3.67848E+00, 1.43646E+00, 2.97865E+00, 0.00000E+00, 0.00000E+00, 1.90249E-01, 0.00000E+00, 8.60589E-01, 1.43646E+03,-1.09535E+00, 7.03358E+00,-1.57807E-01, 3.52783E-02, 3.26061E-03, 6.39096E-04, 1.43649E+03,-1.09578E+00, 7.02920E+00,-1.58095E-01, 3.34654E+00,-4.40049E+00, 2.82282E+01,-6.34886E-01, 1.36951E+02, 2.90399E+01, 1.65202E+02, 6.88267E+01, 5.66687E-01, 2.56339E+00, 9.70603E+01, 3.22164E+01, 4.89829E-03, 1.09498E-04, 0.00000E+00, 0.00000E+00, 0.00000E+00,
 699, 1.39598E+01,TRUE,0, 0.00000E+00, 3.67377E+00, 1.43644E+00, 2.97866E+00, 0.00000E+00, 0.00000E+00, 1.89210E-01, 0.00000E+00, 8.73947E-01, 1.43644E+03,-1.09491E+00, 7.03796E+00,-1.57516E-01, 5.72510E-02, 3.34120E-03, 6.35058E-04, 1.43646E+03,-1.09535E+00, 7.03358E+00,-1.57807E-01, 3.34649E+00,-4.39868E+00, 2.82454E+01,-6.33720E-01, 1.40907E+02, 2.98470E+01, 1.67978E+02, 6.93937E+01, 5.63592E-01, 2.60319E+00, 9.71778E+01, 3.21218E+01, 4.90146E-03, 1.09299E-04, 0.00000E+00, 0.00000E+00, 0.00000E+00,
 700, 1.39798E+01,TRUE,0, 1.99266E+03, 3.67217E+00, 1.43642E+00, 2.97867E+00, 1.02033E-01, 7.27349E-02, 1.88854E-01, 1.53810E-02, 8.84453E-01, 1.43643E+03,-1.08870E+00, 7.04233E+00,-1.57222E-01, 7.92236E-02, 3.39890E-03, 6.28233E-04, 1.43644E+03,-1.09491E+00, 7.03796E+00,-1.57516E-01, 3.34642E+00,-4.39683E+00, 2.82623E+01,-6.32537E-01, 1.30148E+02, 2.75219E+01, 1.60234E+02, 6.77224E+01, 5.62534E-01, 2.63449E+00, 9.68193E+01, 3.19643E+01, 4.90461E-03, 1.09099E-04, 0.00000E+00, 0.00000E+00, 0.00000E+00,
 701, 1.39998E+01,TRUE,0, 0.00000E+00, 3.67177E+00, 1.43641E+00, 2.97822E+00, 0.00000E+00, 0.00000E+00, 1.88888E-01, 0.00000E+00, 8.92080E-01, 1.43641E+03,-1.08823E+00, 7.04668E+00,-1.56924E-01, 9.30176E-02, 3.38840E-03, 6.17892E-04, 1.43643E+03,-1.08870E+00, 7.04233E+00,-1.57222E-01, 3.34634E+00,-4.37181E+00, 2.82792E+01,-6.31341E-01, 1.33974E+02, 2.83376E+01, 1.62966E+02, 6.83069E+01, 5.62550E-01, 2.65681E+00, 9.69465E+01, 3.17637E+01, 4.90768E-03, 1.08899E-04, 0.00000E+00, 0.00000E+00, 0.00000E+00,
 702, 1.40198E+01,TRUE,0, 0.00000E+00, 3.67251E+00, 1.43639E+00, 2.97822E+00, 0.00000E+00, 0.00000E+00, 1.89051E-01, 0.00000E+00, 8.96807E-01, 1.43639E+03,-1.08775E+00, 7.05101E+00,-1.56625E-01, 1.14868E-01, 3.32785E-03, 6.06403E-04, 1.43641E+03,-1.08823E+00, 7.04668E+00,-1.56924E-01, 3.34638E+00,-4.36996E+00, 2.82971E+01,-6.30155E-01, 1.37871E+02, 2.91485E+01, 1.65721E+02, 6.88821E+01, 5.63035E-01, 2.67089E+00, 9.70687E+01, 3.15395E+01, 4.91074E-03, 1.08699E-04, 0.00000E+00, 0.00000E+00, 0.00000E+00,
 703, 1.40398E+01,TRUE,0, 0.00000E+00, 3.67338E+00, 1.43636E+00, 2.97823E+00, 0.00000E+00, 0.00000E+00, 1.89241E-01, 0.00000E+00, 8.99179E-01, 1.43636E+03,-1.08726E+00, 7.05531E+00,-1.56323E-01, 1.36719E-01, 3.26586E-03, 5.93275E-04, 1.43639E+03,-1.08775E+00, 7.05101E+00,-1.56625E-01, 3.34631E+00,-4.36794E+00, 2.83139E+01,-6.28939E-01, 1.41840E+02, 2.99545E+01, 1.68499E+02, 6.94482E+01, 5.63604E-01, 2.67796E+00, 9.71859E+01, 3.13079E+01, 4.91377E-03, 1.08498E-04, 0.00000E+00, 0.00000E+00, 0.00000E+00,
 704, 1.40598E+01,TRUE,0, 2.17633E+03, 3.67406E+00, 1.43634E+00, 2.97824E+00, 9.41740E-02, 6.70308E-02, 1.89388E-01, 1.41318E-02, 8.99688E-01, 1.43636E+03,-1.07614E+00, 7.05959E+00,-1.56021E-01, 1.58569E-01, 3.20339E-03, 5.79059E-04, 1.43636E+03,-1.08726E+00, 7.05531E+00,-1.56323E-01, 3.34624E+00,-4.36590E+00, 2.83305E+01,-6.27715E-01, 1.32143E+02, 2.78591E+01, 1.61521E+02, 6.79436E+01, 5.64043E-01, 2.67949E+00, 9.68638E+01, 3.10817E+01, 4.91679E-03, 1.08297E-04, 0.00000E+00, 0.00000E+00, 0.00000E+00,
 705, 1.40798E+01,TRUE,0, 0.00000E+00, 3.67402E+00, 1.43633E+00, 2.97787E+00, 0.00000E+00, 0.00000E+00, 1.89479E-01, 0.00000E+00, 8.98924E-01, 1.43633E+03,-1.07561E+00, 7.06388E+00,-1.55717E-01, 1.65283E-01, 3.30305E-03, 5.62683E-04, 1.43636E+03,-1.07614E+00, 7.05959E+00,-1.56021E-01, 3.34617E+00,-4.32115E+00, 2.83471E+01,-6.26486E-01, 1.36002E+02, 2.86724E+01, 1.64262E+02, 6.85245E+01, 5.64244E-01, 2.67688E+00, 9.69893E+01, 3.08695E+01, 4.91985E-03, 1.08095E-04, 0.00000E+00, 0.00000E+00, 0.00000E+00,
 706, 1.40998E+01,TRUE,0, 0.00000E+00, 3.67396E+00, 1.43631E+00, 2.97788E+00, 0.00000E+00, 0.00000E+00, 1.89465E-01, 0.00000E+00, 8.97134E-01, 1.43631E+03,-1.07506E+00, 7.06815E+00,-1.55413E-01, 1.86890E-01, 3.29733E-03, 5.48214E-04, 1.43633E+03,-1.07561E+00, 7.06388E+00,-1.55717E-01, 3.34631E+00,-4.31917E+00, 2.83655E+01,-6.25294E-01, 1.39932E+02, 2.94809E+01, 1.67026E+02, 6.90962E+01, 5.64202E-01, 2.67155E+00, 9.71097E+01, 3.06778E+01, 4.92289E-03, 1.07894E-04, 0.00000E+00, 0.00000E+00, 0.00000E+00,
 707, 1.41198E+01,TRUE,0, 1.97339E+03, 3.67358E+00, 1.43629E+00, 2.97789E+00, 1.02588E-01, 7.29372E-02, 1.89376E-01, 1.53464E-02, 8.94806E-01, 1.43631E+03,-1.05931E+00, 7.07240E+00,-1.55109E-01, 2.08496E-01, 3.27969E-03, 5.34058E-04, 1.43631E+03,-1.07506E+00, 7.06815E+00,-1.55413E-01, 3.34624E+00,-4.31689E+00, 2.83820E+01,-6.24061E-01, 1.29168E+02, 2.71776E+01, 1.59314E+02, 6.74499E+01, 5.63941E-01, 2.66463E+00, 9.67606E+01, 3.05093E+01, 4.92592E-03, 1.07692E-04, 0.00000E+00, 0.00000E+00, 0.00000E+00,
 708, 1.41398E+01,TRUE,0, 0.00000E+00, 3.67254E+00, 1.43629E+00, 2.97752E+00, 0.00000E+00, 0.00000E+00, 1.89249E-01, 0.00000E+00, 8.92329E-01, 1.43629E+03,-1.05869E+00, 7.07665E+00,-1.54806E-01, 2.08374E-01, 3.36123E-03, 5.18188E-04, 1.43631E+03,-1.05931E+00, 7.07240E+00,-1.55109E-01, 3.34617E+00,-4.25354E+00, 2.83985E+01,-6.22827E-01, 1.32969E+02, 2.79948E+01, 1.62036E+02, 6.80387E+01, 5.63492E-01, 2.65693E+00, 9.68901E+01, 3.03647E+01, 4.92893E-03, 1.07489E-04, 0.00000E+00, 0.00000E+00, 0.00000E+00,
 709, 1.41598E+01,TRUE,0, 0.00000E+00, 3.67169E+00, 1.43627E+00, 2.97753E+00, 0.00000E+00, 0.00000E+00, 1.89058E-01, 0.00000E+00, 8.89723E-01, 1.43627E+03,-1.05807E+00, 7.08088E+00,-1.54503E-01, 2.29614E-01, 3.30830E-03, 5.05924E-04, 1.43629E+03,-1.05869E+00, 7.07665E+00,-1.54806E-01, 3.34640E+00,-4.25136E+00, 2.84176E+01,-6.21651E-01, 1.36840E+02, 2.88073E+01, 1.64780E+02, 6.86183E+01, 5.62926E-01, 2.64917E+00, 9.70145E+01, 3.02435E+01, 4.93192E-03, 1.07286E-04, 0.00000E+00, 0.00000E+00, 0.00000E+00,
 710, 1.41798E+01,TRUE,0, 1.82721E+03, 3.67074E+00, 1.43625E+00, 2.97754E+00, 1.08418E-01, 7.70482E-02, 1.88845E-01, 1.62077E-02, 8.87251E-01, 1.43628E+03,-1.03812E+00, 7.08509E+00,-1.54199E-01, 2.50854E-01, 3.25298E-03, 4.94644E-04, 1.43627E+03,-1.05807E+00, 7.08088E+00,-1.54503E-01, 3.34633E+00,-4.24880E+00, 2.84340E+01,-6.20421E-01, 1.25520E+02, 2.64041E+01, 1.56701E+02, 6.69068E+01, 5.62293E-01, 2.64182E+00, 9.66539E+01, 3.01441E+01, 4.93489E-03, 1.07083E-04, 0.00000E+00, 0.00000E+00, 0.00000E+00,
 711, 1.41998E+01,TRUE,0, 0.00000E+00, 3.66939E+00, 1.43626E+00, 2.97719E+00, 0.00000E+00, 0.00000E+00, 1.88643E-01, 0.00000E+00, 8.85094E-01, 1.43626E+03,-1.03742E+00, 7.08928E+00,-1.53897E-01, 2.44507E-01, 3.24869E-03, 4.81412E-04, 1.43628E+03,-1.03812E+00, 7.08509E+00,-1.54199E-01, 3.34627E+00,-4.16860E+00, 2.84503E+01,-6.19191E-01, 1.29253E+02, 2.72262E+01, 1.59401E+02, 6.75044E+01, 5.61624E-01, 2.63509E+00, 9.67878E+01, 3.00638E+01, 4.93778E-03, 1.06880E-04, 0.00000E+00, 0.00000E+00, 0.00000E+00,
 712, 1.42198E+01,TRUE,0, 0.00000E+00, 3.66840E+00, 1.43623E+00, 2.97719E+00, 0.00000E+00, 0.00000E+00, 1.88422E-01, 0.00000E+00, 8.83113E-01, 1.43623E+03,-1.03672E+00, 7.09344E+00,-1.53579E-01, 2.65259E-01, 3.18623E-03, 5.58868E-04, 1.43626E+03,-1.03742E+00, 7.08928E+00,-1.53897E-01, 3.34658E+00,-4.16618E+00, 2.84698E+01,-6.18037E-01, 1.33056E+02, 2.80435E+01, 1.62125E+02, 6.80926E+01, 5.60970E-01, 2.62920E+00, 9.69163E+01, 3.00003E+01, 4.94072E-03, 1.06616E-04, 0.00000E+00, 0.00000E+00, 0.00000E+00,
 713, 1.42398E+01,TRUE,0, 0.00000E+00, 3.66748E+00, 1.43621E+00, 2.97720E+00, 0.00000E+00, 0.00000E+00, 1.88215E-01, 0.00000E+00, 8.81428E-01, 1.43621E+03,-1.03601E+00, 7.09757E+00,-1.53247E-01, 2.86011E-01, 3.03841E-03, 6.19173E-04, 1.43623E+03,-1.03672E+00, 7.09344E+00,-1.53579E-01, 3.34652E+00,-4.16326E+00, 2.84860E+01,-6.16747E-01, 1.36931E+02, 2.88560E+01, 1.64871E+02, 6.86716E+01, 5.60354E-01, 2.62419E+00, 9.70396E+01, 2.99510E+01, 4.94358E-03, 1.06352E-04, 0.00000E+00, 0.00000E+00, 0.00000E+00,
 714, 1.42598E+01,TRUE,0, 2.16940E+03, 3.66664E+00, 1.43619E+00, 2.97722E+00, 9.13749E-02, 6.49379E-02, 1.88026E-01, 1.36737E-02, 8.80033E-01, 1.43622E+03,-1.01538E+00, 7.10166E+00,-1.52904E-01, 3.06763E-01, 2.99692E-03, 6.64636E-04, 1.43621E+03,-1.03601E+00, 7.09757E+00,-1.53247E-01, 3.34645E+00,-4.16035E+00, 2.85020E+01,-6.15402E-01, 1.28004E+02, 2.69532E+01, 1.58493E+02, 6.73150E+01, 5.59795E-01, 2.62005E+00, 9.67524E+01, 2.99133E+01, 4.94648E-03, 1.06089E-04, 0.00000E+00, 0.00000E+00, 0.00000E+00,
 715, 1.42798E+01,TRUE,0, 0.00000E+00, 3.66563E+00, 1.43620E+00, 2.97696E+00, 0.00000E+00, 0.00000E+00, 1.87873E-01, 0.00000E+00, 8.78971E-01, 1.43620E+03,-1.01459E+00, 7.10576E+00,-1.52550E-01, 2.99194E-01, 3.09753E-03, 6.94275E-04, 1.43622E+03,-1.01538E+00, 7.10166E+00,-1.52904E-01, 3.34639E+00,-4.07744E+00, 2.85179E+01,-6.14009E-01, 1.31784E+02, 2.77723E+01, 1.61209E+02, 6.79063E+01, 5.59291E-01, 2.61666E+00, 9.68823E+01, 2.98847E+01, 4.94936E-03, 1.05825E-04, 0.00000E+00, 0.00000E+00, 0.00000E+00,
 716, 1.42998E+01,TRUE,0, 0.00000E+00, 3.66498E+00, 1.43618E+00, 2.97697E+00, 0.00000E+00, 0.00000E+00, 1.87727E-01, 0.00000E+00, 8.78070E-01, 1.43618E+03,-1.01380E+00, 7.10983E+00,-1.52187E-01, 3.19580E-01, 3.03221E-03, 7.16686E-04, 1.43620E+03,-1.01459E+00, 7.10576E+00,-1.52550E-01, 3.34672E+00,-4.07467E+00, 2.85372E+01,-6.12649E-01, 1.35634E+02, 2.85866E+01, 1.63949E+02, 6.84883E+01, 5.58856E-01, 2.61399E+00, 9.70070E+01, 2.98636E+01, 4.95223E-03, 1.05561E-04, 0.00000E+00, 0.00000E+00, 0.00000E+00,
 717, 1.43198E+01,TRUE,0, 1.96718E+03, 3.66444E+00, 1.43616E+00, 2.97698E+00, 9.98357E-02, 7.09424E-02, 1.87603E-01, 1.49433E-02, 8.77373E-01, 1.43619E+03,-9.88905E-01, 7.11387E+00,-1.51817E-01, 3.39844E-01, 2.97070E-03, 7.29963E-04, 1.43618E+03,-1.01380E+00, 7.10983E+00,-1.52187E-01, 3.34666E+00,-4.07142E+00, 2.85530E+01,-6.11181E-01, 1.25624E+02, 2.64613E+01, 1.56811E+02, 6.69757E+01, 5.58490E-01, 2.61193E+00, 9.66874E+01, 2.98482E+01, 4.95508E-03, 1.05297E-04, 0.00000E+00, 0.00000E+00, 0.00000E+00,
 718, 1.43398E+01,TRUE,0, 0.00000E+00, 3.66372E+00, 1.43617E+00, 2.97672E+00, 0.00000E+00, 0.00000E+00, 1.87514E-01, 0.00000E+00, 8.76915E-01, 1.43617E+03,-9.88018E-01, 7.11793E+00,-1.51441E-01, 3.25806E-01, 3.17144E-03, 7.32020E-04, 1.43619E+03,-9.88905E-01, 7.11387E+00,-1.51817E-01, 3.34659E+00,-3.97136E+00, 2.85687E+01,-6.09684E-01, 1.29360E+02, 2.72835E+01, 1.59513E+02, 6.75725E+01, 5.58179E-01, 2.61033E+00, 9.68199E+01, 2.98369E+01, 4.95797E-03, 1.05034E-04, 0.00000E+00, 0.00000E+00, 0.00000E+00,
 719, 1.43598E+01,TRUE,0, 0.00000E+00, 3.66335E+00, 1.43615E+00, 2.97674E+00, 0.00000E+00, 0.00000E+00, 1.87429E-01, 0.00000E+00, 8.76518E-01, 1.43615E+03,-9.87132E-01, 7.12196E+00,-1.51061E-01, 3.45581E-01, 3.06749E-03, 7.32258E-04, 1.43617E+03,-9.88018E-01, 7.11793E+00,-1.51441E-01, 3.34701E+00,-3.96829E+00, 2.85886E+01,-6.08252E-01, 1.33166E+02, 2.81011E+01, 1.62240E+02, 6.81600E+01, 5.57926E-01, 2.60916E+00, 9.69471E+01, 2.98290E+01, 4.96078E-03, 1.04770E-04, 0.00000E+00, 0.00000E+00, 0.00000E+00,
 720, 1.43798E+01,TRUE,0, 1.82175E+03, 3.66307E+00, 1.43613E+00, 2.97675E+00, 1.05816E-01, 7.52268E-02, 1.87360E-01, 1.58714E-02, 8.76231E-01, 1.43607E+03,-1.03399E+00, 7.12595E+00,-1.50676E-01,-6.34644E-01, 2.97356E-03, 7.27534E-04, 1.43615E+03,-9.87132E-01, 7.12196E+00,-1.51061E-01, 3.34695E+00,-3.96466E+00, 2.86042E+01,-6.06712E-01, 1.22543E+02, 2.58543E+01, 1.54680E+02, 6.65631E+01, 5.57726E-01, 2.60832E+00, 9.66103E+01, 2.98234E+01, 4.96358E-03, 1.04506E-04, 0.00000E+00, 0.00000E+00, 0.00000E+00,
 721, 1.43998E+01,TRUE,0, 0.00000E+00, 3.66191E+00, 1.43605E+00, 2.97584E+00, 0.00000E+00, 0.00000E+00, 1.87355E-01, 0.00000E+00, 8.76254E-01, 1.43605E+03,-1.03331E+00, 7.12987E+00,-1.50287E-01,-5.46631E-01, 2.63071E-03, 7.26178E-04, 1.43607E+03,-1.03399E+00, 7.12595E+00,-1.50676E-01, 3.34690E+00,-4.15279E+00, 2.86198E+01,-6.05157E-01, 1.26224E+02, 2.66805E+01, 1.57367E+02, 6.71668E+01, 5.57537E-01, 2.60759E+00, 9.67459E+01, 2.98187E+01, 4.96642E-03, 1.04242E-04, 0.00000E+00, 0.00000E+00, 0.00000E+00,
 722, 1.44198E+01,TRUE,0, 0.00000E+00, 3.66170E+00, 1.43603E+00, 2.97584E+00, 0.00000E+00, 0.00000E+00, 1.87305E-01, 0.00000E+00, 8.76085E-01, 1.43603E+03,-1.03262E+00, 7.13376E+00,-1.49896E-01,-5.25879E-01, 2.59638E-03, 7.13363E-04, 1.43605E+03,-1.03331E+00, 7.12987E+00,-1.50287E-01, 3.34588E+00,-4.14880E+00, 2.86269E+01,-6.03412E-01, 1.29976E+02, 2.75021E+01, 1.60077E+02, 6.77609E+01, 5.57391E-01, 2.60709E+00, 9.68761E+01, 2.98155E+01, 4.96918E-03, 1.03979E-04, 0.00000E+00, 0.00000E+00, 0.00000E+00,
 723, 1.44398E+01,TRUE,0, 0.00000E+00, 3.66154E+00, 1.43601E+00, 2.97585E+00, 0.00000E+00, 0.00000E+00, 1.87268E-01, 0.00000E+00, 8.75973E-01, 1.43601E+03,-1.03194E+00, 7.13763E+00,-1.49503E-01,-5.05127E-01, 2.56586E-03, 6.98626E-04, 1.43603E+03,-1.03262E+00, 7.13376E+00,-1.49896E-01, 3.34582E+00,-4.14597E+00, 2.86420E+01,-6.01830E-01, 1.33798E+02, 2.83190E+01, 1.62811E+02, 6.83457E+01, 5.57280E-01, 2.60676E+00, 9.70010E+01, 2.98133E+01, 4.97193E-03, 1.03715E-04, 0.00000E+00, 0.00000E+00, 0.00000E+00,
 724, 1.44598E+01,TRUE,0, 2.16437E+03, 3.66143E+00, 1.43598E+00, 2.97586E+00, 8.93932E-02, 6.36177E-02, 1.87239E-01, 1.34594E-02, 8.75900E-01, 1.43594E+03,-1.06207E+00, 7.14146E+00,-1.49109E-01,-4.84497E-01, 2.53773E-03, 6.82622E-04, 1.43601E+03,-1.03194E+00, 7.13763E+00,-1.49503E-01, 3.34576E+00,-4.14314E+00, 2.86569E+01,-6.00241E-01, 1.25383E+02, 2.65269E+01, 1.56808E+02, 6.70680E+01, 5.57198E-01, 2.60656E+00, 9.67289E+01, 2.98117E+01, 4.97466E-03, 1.03451E-04, 0.00000E+00, 0.00000E+00, 0.00000E+00,
 725, 1.44798E+01,TRUE,0, 0.00000E+00, 3.66064E+00, 1.43592E+00, 2.97517E+00, 0.00000E+00, 0.00000E+00, 1.87254E-01, 0.00000E+00, 8.76026E-01, 1.43592E+03,-1.06151E+00, 7.14524E+00,-1.48714E-01,-4.19922E-01, 2.29120E-03, 6.70567E-04, 1.43594E+03,-1.06207E+00, 7.14146E+00,-1.49109E-01, 3.34569E+00,-4.26404E+00, 2.86718E+01,-5.98648E-01, 1.29121E+02, 2.73497E+01, 1.59515E+02, 6.76638E+01, 5.57113E-01, 2.60632E+00, 9.68597E+01, 2.98100E+01, 4.97737E-03, 1.03188E-04, 0.00000E+00, 0.00000E+00, 0.00000E+00,
 726, 1.44998E+01,TRUE,0, 0.00000E+00, 3.66055E+00, 1.43590E+00, 2.97517E+00, 0.00000E+00, 0.00000E+00, 1.87233E-01, 0.00000E+00, 8.75975E-01, 1.43590E+03,-1.06095E+00, 7.14899E+00,-1.48319E-01,-3.98682E-01, 2.30694E-03, 6.52865E-04, 1.43592E+03,-1.06151E+00, 7.14524E+00,-1.48714E-01, 3.34501E+00,-4.26092E+00, 2.86811E+01,-5.96941E-01, 1.32929E+02, 2.81677E+01, 1.62245E+02, 6.82503E+01, 5.57050E-01, 2.60618E+00, 9.69853E+01, 2.98088E+01, 4.98006E-03, 1.02924E-04, 0.00000E+00, 0.00000E+00, 0.00000E+00,
 727, 1.45198E+01,TRUE,0, 1.96257E+03, 3.66049E+00, 1.43588E+00, 2.97518E+00, 9.79011E-02, 6.97086E-02, 1.87217E-01, 1.47668E-02, 8.75944E-01, 1.43584E+03,-1.08669E+00, 7.15273E+00,-1.47924E-01,-3.77441E-01, 2.40660E-03, 6.35445E-04, 1.43590E+03,-1.06095E+00, 7.14899E+00,-1.48319E-01, 3.34495E+00,-4.25856E+00, 2.86956E+01,-5.95343E-01, 1.23415E+02, 2.61436E+01, 1.55461E+02, 6.68071E+01, 5.57005E-01, 2.60609E+00, 9.66780E+01, 2.98078E+01, 4.98280E-03, 1.02660E-04, 0.00000E+00, 0.00000E+00, 0.00000E+00,
 728, 1.45398E+01,TRUE,0, 0.00000E+00, 3.65974E+00, 1.43582E+00, 2.97448E+00, 0.00000E+00, 0.00000E+00, 1.87242E-01, 0.00000E+00, 8.76095E-01, 1.43582E+03,-1.08622E+00, 7.15643E+00,-1.47529E-01,-3.18726E-01, 2.29549E-03, 6.22541E-04, 1.43584E+03,-1.08669E+00, 7.15273E+00,-1.47924E-01, 3.34488E+00,-4.36180E+00, 2.87100E+01,-5.93746E-01, 1.27117E+02, 2.69689E+01, 1.58157E+02, 6.74072E+01, 5.56947E-01, 2.60593E+00, 9.68108E+01, 2.98065E+01, 4.98552E-03, 1.02397E-04, 0.00000E+00, 0.00000E+00, 0.00000E+00,
 729, 1.45598E+01,TRUE,0, 0.00000E+00, 3.65968E+00, 1.43580E+00, 2.97449E+00, 0.00000E+00, 0.00000E+00, 1.87227E-01, 0.00000E+00, 8.76060E-01, 1.43580E+03,-1.08575E+00, 7.16013E+00,-1.47135E-01,-2.96997E-01, 2.38848E-03, 6.05807E-04, 1.43582E+03,-1.08622E+00, 7.15643E+00,-1.47529E-01, 3.34428E+00,-4.35916E+00, 2.87198E+01,-5.92055E-01, 1.30891E+02, 2.77894E+01, 1.60877E+02, 6.79978E+01, 5.56905E-01, 2.60583E+00, 9.69384E+01, 2.98055E+01, 4.98822E-03, 1.02133E-04, 0.00000E+00, 0.00000E+00, 0.00000E+00,
 730, 1.45798E+01,TRUE,0, 1.81761E+03, 3.65963E+00, 1.43578E+00, 2.97449E+00, 1.04003E-01, 7.41276E-02, 1.87216E-01, 1.57378E-02, 8.76037E-01, 1.43575E+03,-1.10568E+00, 7.16382E+00,-1.46742E-01,-2.75269E-01, 2.46143E-03, 5.90146E-04, 1.43580E+03,-1.08575E+00, 7.16013E+00,-1.47135E-01, 3.34421E+00,-4.35718E+00, 2.87340E+01,-5.90461E-01, 1.20722E+02, 2.56302E+01, 1.53633E+02, 6.64586E+01, 5.56874E-01, 2.60576E+00, 9.66107E+01, 2.98047E+01, 4.99091E-03, 1.01870E-04, 0.00000E+00, 0.00000E+00, 0.00000E+00,
 731, 1.45998E+01,TRUE,0, 0.00000E+00, 3.65892E+00, 1.43572E+00, 2.97381E+00, 0.00000E+00, 0.00000E+00, 1.87243E-01, 0.00000E+00, 8.76186E-01, 1.43572E+03,-1.10528E+00, 7.16746E+00,-1.46349E-01,-2.24365E-01, 2.28262E-03, 5.78657E-04, 1.43575E+03,-1.10568E+00, 7.16382E+00,-1.46742E-01, 3.34414E+00,-4.43706E+00, 2.87482E+01,-5.88870E-01, 1.24378E+02, 2.64589E+01, 1.56315E+02, 6.70644E+01, 5.56827E-01, 2.60562E+00, 9.67462E+01, 2.98035E+01, 4.99352E-03, 1.01606E-04, 0.00000E+00, 0.00000E+00, 0.00000E+00,
 732, 1.46198E+01,TRUE,0, 0.00000E+00, 3.65887E+00, 1.43570E+00, 2.97381E+00, 0.00000E+00, 0.00000E+00, 1.87232E-01, 0.00000E+00, 8.76154E-01, 1.43570E+03,-1.10488E+00, 7.17107E+00,-1.45957E-01,-2.02148E-01, 2.27928E-03, 5.64843E-04, 1.43572E+03,-1.10528E+00, 7.16746E+00,-1.46349E-01, 3.34366E+00,-4.43483E+00, 2.87587E+01,-5.87210E-01, 1.28104E+02, 2.72829E+01, 1.59022E+02, 6.76606E+01, 5.56792E-01, 2.60552E+00, 9.68764E+01, 2.98027E+01, 4.99611E-03, 1.01343E-04, 0.00000E+00, 0.00000E+00, 0.00000E+00,
 733, 1.46398E+01,TRUE,0, 0.00000E+00, 3.65883E+00, 1.43568E+00, 2.97381E+00, 0.00000E+00, 0.00000E+00, 1.87223E-01, 0.00000E+00, 8.76133E-01, 1.43568E+03,-1.10447E+00, 7.17466E+00,-1.45550E-01,-1.80054E-01, 2.27547E-03, 6.38425E-04, 1.43570E+03,-1.10488E+00, 7.17107E+00,-1.45957E-01, 3.34359E+00,-4.43311E+00, 2.87725E+01,-5.85625E-01, 1.31901E+02, 2.81022E+01, 1.61752E+02, 6.82474E+01, 5.56766E-01, 2.60545E+00, 9.70013E+01, 2.98020E+01, 4.99868E-03, 1.01019E-04, 0.00000E+00, 0.00000E+00, 0.00000E+00,
 734, 1.46598E+01,TRUE,0, 2.16062E+03, 3.65880E+00, 1.43566E+00, 2.97381E+00, 8.80222E-02, 6.28380E-02, 1.87216E-01, 1.33835E-02, 8.76118E-01, 1.43564E+03,-1.11397E+00, 7.17824E+00,-1.45131E-01,-1.57959E-01, 2.35605E-03, 6.95288E-04, 1.43568E+03,-1.10447E+00, 7.17466E+00,-1.45550E-01, 3.34352E+00,-4.43136E+00, 2.87863E+01,-5.83981E-01, 1.23819E+02, 2.63713E+01, 1.55973E+02, 6.70078E+01, 5.56746E-01, 2.60541E+00, 9.67343E+01, 2.98015E+01, 5.00130E-03, 1.00696E-04, 0.00000E+00, 0.00000E+00, 0.00000E+00,
 735, 1.46798E+01,TRUE,0, 0.00000E+00, 3.65827E+00, 1.43562E+00, 2.97330E+00, 0.00000E+00, 0.00000E+00, 1.87238E-01, 0.00000E+00, 8.76232E-01, 1.43562E+03,-1.11359E+00, 7.18181E+00,-1.44700E-01,-1.21704E-01, 2.34604E-03, 7.39053E-04, 1.43564E+03,-1.11397E+00, 7.17824E+00,-1.45131E-01, 3.34344E+00,-4.46940E+00, 2.88000E+01,-5.82283E-01, 1.27536E+02, 2.71960E+01, 1.58677E+02, 6.76050E+01, 5.56714E-01, 2.60530E+00, 9.68649E+01, 2.98007E+01, 5.00390E-03, 1.00374E-04, 0.00000E+00, 0.00000E+00, 0.00000E+00,
 736, 1.46998E+01,TRUE,0, 0.00000E+00, 3.65823E+00, 1.43560E+00, 2.97330E+00, 0.00000E+00, 0.00000E+00, 1.87230E-01, 0.00000E+00, 8.76208E-01, 1.43560E+03,-1.11320E+00, 7.18536E+00,-1.44259E-01,-9.93652E-02, 2.40326E-03, 7.68647E-04, 1.43562E+03,-1.11359E+00, 7.18181E+00,-1.44700E-01, 3.34317E+00,-4.46749E+00, 2.88120E+01,-5.80506E-01, 1.31324E+02, 2.80160E+01, 1.61405E+02, 6.81927E+01, 5.56690E-01, 2.60523E+00, 9.69903E+01, 2.98001E+01, 5.00649E-03, 1.00052E-04, 0.00000E+00, 0.00000E+00, 0.00000E+00,
 737, 1.47198E+01,TRUE,0, 1.95927E+03, 3.65820E+00, 1.43558E+00, 2.97330E+00, 9.65688E-02, 6.89972E-02, 1.87223E-01, 1.47152E-02, 8.76191E-01, 1.43557E+03,-1.11811E+00, 7.18890E+00,-1.43810E-01,-7.70264E-02, 2.44379E-03, 7.87705E-04, 1.43560E+03,-1.11320E+00, 7.18536E+00,-1.44259E-01, 3.34309E+00,-4.46582E+00, 2.88256E+01,-5.78724E-01, 1.22130E+02, 2.60469E+01, 1.54828E+02, 6.67818E+01, 5.56672E-01, 2.60518E+00, 9.66864E+01, 2.97996E+01, 5.00906E-03, 9.97297E-05, 0.00000E+00, 0.00000E+00, 0.00000E+00,
 738, 1.47398E+01,TRUE,0, 0.00000E+00, 3.65767E+00, 1.43555E+00, 2.97279E+00, 0.00000E+00, 0.00000E+00, 1.87245E-01, 0.00000E+00, 8.76304E-01, 1.43555E+03,-1.11773E+00, 7.19241E+00,-1.43354E-01,-4.71191E-02, 2.34652E-03, 7.98732E-04, 1.43557E+03,-1.11811E+00, 7.18890E+00,-1.43810E-01, 3.34302E+00,-4.48544E+00, 2.88392E+01,-5.76911E-01, 1.25817E+02, 2.68736E+01, 1.57524E+02, 6.73825E+01, 5.56640E-01, 2.60507E+00, 9.68190E+01, 2.97989E+01, 5.01155E-03, 9.94082E-05, 0.00000E+00, 0.00000E+00, 0.00000E+00,
 739, 1.47598E+01,TRUE,0, 0.00000E+00, 3.65763E+00, 1.43552E+00, 2.97279E+00, 0.00000E+00, 0.00000E+00, 1.87237E-01, 0.00000E+00, 8.76279E-01, 1.43552E+03,-1.11733E+00, 7.19589E+00,-1.42893E-01,-2.46582E-02, 2.29979E-03, 8.01593E-04, 1.43555E+03,-1.11773E+00, 7.19241E+00,-1.43354E-01, 3.34284E+00,-4.48365E+00, 2.88517E+01,-5.75052E-01, 1.29576E+02, 2.76956E+01, 1.60243E+02, 6.79738E+01, 5.56616E-01, 2.60499E+00, 9.69462E+01, 2.97984E+01, 5.01403E-03, 9.90870E-05, 0.00000E+00, 0.00000E+00, 0.00000E+00,
 740, 1.47798E+01,TRUE,0, 0.00000E+00, 3.65760E+00, 1.43550E+00, 2.97279E+00, 0.00000E+00, 0.00000E+00, 1.87231E-01, 0.00000E+00, 8.76262E-01, 1.43550E+03,-1.11693E+00, 7.19936E+00,-1.42428E-01,-2.31934E-03, 2.34413E-03, 7.98613E-04, 1.43552E+03,-1.11733E+00, 7.19589E+00,-1.42893E-01, 3.34276E+00,-4.48197E+00, 2.88650E+01,-5.73190E-01, 1.33406E+02, 2.85128E+01, 1.62985E+02, 6.85557E+01, 5.56598E-01, 2.60494E+00, 9.70683E+01, 2.97980E+01, 5.01655E-03, 9.87661E-05, 0.00000E+00, 0.00000E+00, 0.00000E+00,
 741, 1.47998E+01,TRUE,0, 0.00000E+00, 3.65759E+00, 1.43548E+00, 2.97279E+00, 0.00000E+00, 0.00000E+00, 1.87226E-01, 0.00000E+00, 8.76250E-01, 1.43548E+03,-1.11652E+00, 7.20281E+00,-1.41960E-01, 2.00195E-02, 2.37465E-03, 7.91058E-04, 1.43550E+03,-1.11693E+00, 7.19936E+00,-1.42428E-01, 3.34269E+00,-4.48026E+00, 2.88782E+01,-5.71311E-01, 1.37308E+02, 2.93251E+01, 1.65750E+02, 6.91283E+01, 5.56584E-01, 2.60491E+00, 9.71856E+01, 2.97977E+01, 5.01905E-03, 9.84457E-05, 0.00000E+00, 0.00000E+00, 0.00000E+00,
 742, 1.48198E+01,TRUE,0, 3.09797E+03, 3.65758E+00, 1.43546E+00, 2.97280E+00, 6.37929E-02, 4.56044E-02, 1.87222E-01, 9.72650E-03, 8.76242E-01, 1.43546E+03,-1.11418E+00, 7.20626E+00,-1.41489E-01, 4.23584E-02, 2.39325E-03, 7.79986E-04, 1.43548E+03,-1.11652E+00, 7.20281E+00,-1.41960E-01, 3.34261E+00,-4.47853E+00, 2.88914E+01,-5.69419E-01, 1.32268E+02, 2.82102E+01, 1.62095E+02, 6.83175E+01, 5.56575E-01, 2.60489E+00, 9.70051E+01, 2.97975E+01, 5.02154E-03, 9.81256E-05, 0.00000E+00, 0.00000E+00, 0.00000E+00,
 743, 1.48398E+01,TRUE,0, 0.00000E+00, 3.65727E+00, 1.43544E+00, 2.97250E+00, 0.00000E+00, 0.00000E+00, 1.87235E-01, 0.00000E+00, 8.76310E-01, 1.43544E+03,-1.11375E+00, 7.20969E+00,-1.41017E-01, 6.20117E-02, 2.41470E-03, 7.66084E-04, 1.43546E+03,-1.11418E+00, 7.20626E+00,-1.41489E-01, 3.34254E+00,-4.46901E+00, 2.89046E+01,-5.67519E-01, 1.36146E+02, 2.90239E+01, 1.64850E+02, 6.88936E+01, 5.56558E-01, 2.60483E+00, 9.71249E+01, 2.97971E+01, 5.02401E-03, 9.78059E-05, 0.00000E+00, 0.00000E+00, 0.00000E+00,
 744, 1.48598E+01,TRUE,0, 0.00000E+00, 3.65726E+00, 1.43542E+00, 2.97251E+00, 0.00000E+00, 0.00000E+00, 1.87231E-01, 0.00000E+00, 8.76295E-01, 1.43542E+03,-1.11331E+00, 7.21310E+00,-1.40544E-01, 8.43506E-02, 2.41089E-03, 7.50706E-04, 1.43544E+03,-1.11375E+00, 7.20969E+00,-1.41017E-01, 3.34250E+00,-4.46724E+00, 2.89180E+01,-5.65619E-01, 1.40095E+02, 2.98326E+01, 1.67629E+02, 6.94605E+01, 5.56545E-01, 2.60480E+00, 9.72399E+01, 2.97969E+01, 5.02646E-03, 9.74865E-05, 0.00000E+00, 0.00000E+00, 0.00000E+00,
 745, 1.48798E+01,TRUE,0, 2.61114E+03, 3.65726E+00, 1.43539E+00, 2.97252E+00, 7.72978E-02, 5.51928E-02, 1.87227E-01, 1.17329E-02, 8.76285E-01, 1.43540E+03,-1.10698E+00, 7.21650E+00,-1.40070E-01, 1.06689E-01, 2.40040E-03, 7.34195E-04, 1.43542E+03,-1.11331E+00, 7.21310E+00,-1.40544E-01, 3.34243E+00,-4.46538E+00, 2.89311E+01,-5.63708E-01, 1.32976E+02, 2.82682E+01, 1.62475E+02, 6.83274E+01, 5.56536E-01, 2.60478E+00, 9.69908E+01, 2.97967E+01, 5.02890E-03, 9.71675E-05, 0.00000E+00, 0.00000E+00, 0.00000E+00,
 746, 1.48998E+01,TRUE,0, 0.00000E+00, 3.65691E+00, 1.43538E+00, 2.97219E+00, 0.00000E+00, 0.00000E+00, 1.87242E-01, 0.00000E+00, 8.76361E-01, 1.43538E+03,-1.10650E+00, 7.21988E+00,-1.39597E-01, 1.20728E-01, 2.42567E-03, 7.16344E-04, 1.43540E+03,-1.10698E+00, 7.21650E+00,-1.40070E-01, 3.34235E+00,-4.43988E+00, 2.89441E+01,-5.61797E-01, 1.36863E+02, 2.90809E+01, 1.65231E+02, 6.89031E+01, 5.56517E-01, 2.60471E+00, 9.71112E+01, 2.97962E+01, 5.03132E-03, 9.68489E-05, 0.00000E+00, 0.00000E+00, 0.00000E+00,
 747, 1.49198E+01,TRUE,0, 2.06564E+03, 3.65690E+00, 1.43536E+00, 2.97220E+00, 9.55353E-02, 6.81730E-02, 1.87237E-01, 1.44695E-02, 8.76344E-01, 1.43537E+03,-1.09627E+00, 7.22326E+00,-1.39124E-01, 1.42944E-01, 2.48241E-03, 6.99326E-04, 1.43538E+03,-1.10650E+00, 7.21988E+00,-1.39597E-01, 3.34239E+00,-4.43804E+00, 2.89580E+01,-5.59906E-01, 1.27367E+02, 2.70332E+01, 1.58410E+02, 6.74320E+01, 5.56504E-01, 2.60467E+00, 9.67942E+01, 2.97960E+01, 5.03378E-03, 9.65307E-05, 0.00000E+00, 0.00000E+00, 0.00000E+00,
 748, 1.49398E+01,TRUE,0, 0.00000E+00, 3.65649E+00, 1.43535E+00, 2.97180E+00, 0.00000E+00, 0.00000E+00, 1.87253E-01, 0.00000E+00, 8.76428E-01, 1.43535E+03,-1.09575E+00, 7.22665E+00,-1.38653E-01, 1.51367E-01, 2.58875E-03, 6.81221E-04, 1.43537E+03,-1.09627E+00, 7.22326E+00,-1.39124E-01, 3.34232E+00,-4.39692E+00, 2.89709E+01,-5.57998E-01, 1.31147E+02, 2.78530E+01, 1.61131E+02, 6.80218E+01, 5.56479E-01, 2.60457E+00, 9.69225E+01, 2.97955E+01, 5.03623E-03, 9.62128E-05, 0.00000E+00, 0.00000E+00, 0.00000E+00,
 749, 1.49598E+01,TRUE,0, 0.00000E+00, 3.65647E+00, 1.43533E+00, 2.97181E+00, 0.00000E+00, 0.00000E+00, 1.87247E-01, 0.00000E+00, 8.76406E-01, 1.43533E+03,-1.09521E+00, 7.23000E+00,-1.38182E-01, 1.73340E-01, 2.50816E-03, 6.65218E-04, 1.43535E+03,-1.09575E+00, 7.22665E+00,-1.38653E-01, 3.34244E+00,-4.39496E+00, 2.89856E+01,-5.56126E-01, 1.34998E+02, 2.86680E+01, 1.63875E+02, 6.86022E+01, 5.56461E-01, 2.60451E+00, 9.70456E+01, 2.97952E+01, 5.03861E-03, 9.58954E-05, 0.00000E+00, 0.00000E+00, 0.00000E+00,
 750, 1.49798E+01,TRUE,0, 0.00000E+00, 3.65646E+00, 1.43530E+00, 2.97182E+00, 0.00000E+00, 0.00000E+00, 1.87241E-01, 0.00000E+00, 8.76391E-01, 1.43530E+03,-1.09468E+00, 7.23334E+00,-1.37712E-01, 1.95313E-01, 2.43330E-03, 6.49959E-04, 1.43533E+03,-1.09521E+00, 7.23000E+00,-1.38182E-01, 3.34237E+00,-4.39273E+00, 2.89984E+01,-5.54225E-01, 1.38920E+02, 2.94781E+01, 1.66642E+02, 6.91735E+01, 5.56448E-01, 2.60448E+00, 9.71637E+01, 2.97950E+01, 5.04096E-03, 9.55783E-05, 0.00000E+00, 0.00000E+00, 0.00000E+00,
 751, 1.49998E+01,TRUE,0, 2.17033E+03, 3.65646E+00, 1.43528E+00, 2.97183E+00, 9.23395E-02, 6.58491E-02, 1.87237E-01, 1.39533E-02, 8.76381E-01, 1.43530E+03,-1.07983E+00, 7.23664E+00,-1.37244E-01, 2.17285E-01, 2.36225E-03, 6.35594E-04, 1.43530E+03,-1.09468E+00, 7.23334E+00,-1.37712E-01, 3.34230E+00,-4.39048E+00, 2.90111E+01,-5.52330E-01, 1.29718E+02, 2.74869E+01, 1.60021E+02, 6.77414E+01, 5.56438E-01, 2.60446E+00, 9.68546E+01, 2.97948E+01, 5.04330E-03, 9.52616E-05, 0.00000E+00, 0.00000E+00, 0.00000E+00,
 752, 1.50198E+01,TRUE,0, 0.00000E+00, 3.65611E+00, 1.43528E+00, 2.97149E+00, 0.00000E+00, 0.00000E+00, 1.87252E-01, 0.00000E+00, 8.76459E-01, 1.43528E+03,-1.07922E+00, 7.23994E+00,-1.36777E-01, 2.18872E-01, 2.40040E-03, 6.20261E-04, 1.43530E+03,-1.07983E+00, 7.23664E+00,-1.37244E-01, 3.34222E+00,-4.33083E+00, 2.90238E+01,-5.50440E-01, 1.33539E+02, 2.83037E+01, 1.62754E+02, 6.83262E+01, 5.56419E-01, 2.60439E+00, 9.69804E+01, 2.97945E+01, 5.04563E-03, 9.49453E-05, 0.00000E+00, 0.00000E+00, 0.00000E+00,
 753, 1.50398E+01,TRUE,0, 0.00000E+00, 3.65610E+00, 1.43526E+00, 2.97150E+00, 0.00000E+00, 0.00000E+00, 1.87247E-01, 0.00000E+00, 8.76442E-01, 1.43526E+03,-1.07861E+00, 7.24321E+00,-1.36312E-01, 2.40479E-01, 2.32077E-03, 6.08280E-04, 1.43528E+03,-1.07922E+00, 7.23994E+00,-1.36777E-01, 3.34244E+00,-4.32867E+00, 2.90389E+01,-5.48604E-01, 1.37431E+02, 2.91156E+01, 1.65510E+02, 6.89017E+01, 5.56405E-01, 2.60435E+00, 9.71012E+01, 2.97943E+01, 5.04793E-03, 9.46294E-05, 0.00000E+00, 0.00000E+00, 0.00000E+00,
 754, 1.50598E+01,TRUE,0, 1.96804E+03, 3.65610E+00, 1.43524E+00, 2.97152E+00, 1.00809E-01, 7.18458E-02, 1.87243E-01, 1.52043E-02, 8.76430E-01, 1.43526E+03,-1.05917E+00, 7.24647E+00,-1.35832E-01, 2.62085E-01, 2.33412E-03, 6.83442E-04, 1.43526E+03,-1.07861E+00, 7.24321E+00,-1.36312E-01, 3.34237E+00,-4.32614E+00, 2.90514E+01,-5.46726E-01, 1.27142E+02, 2.69062E+01, 1.58130E+02, 6.73182E+01, 5.56396E-01, 2.60433E+00, 9.67622E+01, 2.97941E+01, 5.05029E-03, 9.42539E-05, 0.00000E+00, 0.00000E+00, 0.00000E+00,
 755, 1.50798E+01,TRUE,0, 0.00000E+00, 3.65575E+00, 1.43524E+00, 2.97118E+00, 0.00000E+00, 0.00000E+00, 1.87258E-01, 0.00000E+00, 8.76508E-01, 1.43524E+03,-1.05847E+00, 7.24973E+00,-1.35340E-01, 2.56958E-01, 2.47288E-03, 7.39083E-04, 1.43526E+03,-1.05917E+00, 7.24647E+00,-1.35832E-01, 3.34230E+00,-4.24807E+00, 2.90638E+01,-5.44790E-01, 1.30913E+02, 2.77263E+01, 1.60846E+02, 6.79096E+01, 5.56377E-01, 2.60426E+00, 9.68917E+01, 2.97938E+01, 5.05262E-03, 9.38792E-05, 0.00000E+00, 0.00000E+00, 0.00000E+00,
 756, 1.50998E+01,TRUE,0, 0.00000E+00, 3.65573E+00, 1.43522E+00, 2.97119E+00, 0.00000E+00, 0.00000E+00, 1.87252E-01, 0.00000E+00, 8.76491E-01, 1.43522E+03,-1.05778E+00, 7.25296E+00,-1.34837E-01, 2.78198E-01, 2.35510E-03, 7.82937E-04, 1.43524E+03,-1.05847E+00, 7.24973E+00,-1.35340E-01, 3.34260E+00,-4.24566E+00, 2.90795E+01,-5.42865E-01, 1.34756E+02, 2.85416E+01, 1.63586E+02, 6.84918E+01, 5.56362E-01, 2.60422E+00, 9.70161E+01, 2.97936E+01, 5.05488E-03, 9.35052E-05, 0.00000E+00, 0.00000E+00, 0.00000E+00,
 757, 1.51198E+01,TRUE,0, 1.82249E+03, 3.65573E+00, 1.43520E+00, 2.97120E+00, 1.06760E-01, 7.60880E-02, 1.87248E-01, 1.61055E-02, 8.76478E-01, 1.43523E+03,-1.03429E+00, 7.25618E+00,-1.34324E-01, 2.99438E-01, 2.33603E-03, 8.14050E-04, 1.43522E+03,-1.05778E+00, 7.25296E+00,-1.34837E-01, 3.34253E+00,-4.24278E+00, 2.90919E+01,-5.40836E-01, 1.23865E+02, 2.62184E+01, 1.55797E+02, 6.68313E+01, 5.56352E-01, 2.60420E+00, 9.66627E+01, 2.97934E+01, 5.05719E-03, 9.31318E-05, 0.00000E+00, 0.00000E+00, 0.00000E+00,
 758, 1.51398E+01,TRUE,0, 0.00000E+00, 3.65539E+00, 1.43521E+00, 2.97088E+00, 0.00000E+00, 0.00000E+00, 1.87262E-01, 0.00000E+00, 8.76553E-01, 1.43521E+03,-1.03350E+00, 7.25941E+00,-1.33805E-01, 2.88330E-01, 2.47622E-03, 8.31336E-04, 1.43523E+03,-1.03429E+00, 7.25618E+00,-1.34324E-01, 3.34247E+00,-4.14851E+00, 2.91042E+01,-5.38770E-01, 1.27576E+02, 2.70427E+01, 1.58494E+02, 6.74306E+01, 5.56334E-01, 2.60413E+00, 9.67962E+01, 2.97931E+01, 5.05948E-03, 9.27592E-05, 0.00000E+00, 0.00000E+00, 0.00000E+00,
 759, 1.51598E+01,TRUE,0, 0.00000E+00, 3.65538E+00, 1.43519E+00, 2.97089E+00, 0.00000E+00, 0.00000E+00, 1.87257E-01, 0.00000E+00, 8.76536E-01, 1.43519E+03,-1.03271E+00, 7.26260E+00,-1.33279E-01, 3.09082E-01, 2.33126E-03, 8.43108E-04, 1.43521E+03,-1.03350E+00, 7.25941E+00,-1.33805E-01, 3.34285E+00,-4.14581E+00, 2.91206E+01,-5.36747E-01, 1.31358E+02, 2.78622E+01, 1.61215E+02, 6.80205E+01, 5.56320E-01, 2.60409E+00, 9.69243E+01, 2.97929E+01, 5.06169E-03, 9.23872E-05, 0.00000E+00, 0.00000E+00, 0.00000E+00,
 760, 1.51798E+01,TRUE,0, 0.00000E+00, 3.65538E+00, 1.43517E+00, 2.97090E+00, 0.00000E+00, 0.00000E+00, 1.87253E-01, 0.00000E+00, 8.76524E-01, 1.43517E+03,-1.03191E+00, 7.26575E+00,-1.32747E-01, 3.29834E-01, 2.20442E-03, 8.47369E-04, 1.43519E+03,-1.03271E+00, 7.26260E+00,-1.33279E-01, 3.34279E+00,-4.14254E+00, 2.91328E+01,-5.34626E-01, 1.35210E+02, 2.86770E+01, 1.63959E+02, 6.86010E+01, 5.56310E-01, 2.60407E+00, 9.70473E+01, 2.97928E+01, 5.06389E-03, 9.20160E-05, 0.00000E+00, 0.00000E+00, 0.00000E+00,
 761, 1.51998E+01,TRUE,0, 2.16487E+03, 3.65539E+00, 1.43515E+00, 2.97092E+00, 9.01341E-02, 6.42692E-02, 1.87249E-01, 1.36206E-02, 8.76515E-01, 1.43518E+03,-1.00860E+00, 7.26888E+00,-1.32212E-01, 3.50464E-01, 2.18010E-03, 8.45522E-04, 1.43517E+03,-1.03191E+00, 7.26575E+00,-1.32747E-01, 3.34272E+00,-4.13928E+00, 2.91449E+01,-5.32485E-01, 1.26594E+02, 2.68291E+01, 1.57784E+02, 6.72772E+01, 5.56303E-01, 2.60406E+00, 9.67638E+01, 2.97927E+01, 5.06613E-03, 9.16454E-05, 0.00000E+00, 0.00000E+00, 0.00000E+00,
 762, 1.52198E+01,TRUE,0, 0.00000E+00, 3.65514E+00, 1.43516E+00, 2.97068E+00, 0.00000E+00, 0.00000E+00, 1.87260E-01, 0.00000E+00, 8.76572E-01, 1.43516E+03,-1.00771E+00, 7.27202E+00,-1.31674E-01, 3.39233E-01, 2.31600E-03, 8.35896E-04, 1.43518E+03,-1.00860E+00, 7.26888E+00,-1.32212E-01, 3.34266E+00,-4.04567E+00, 2.91569E+01,-5.30328E-01, 1.30357E+02, 2.76499E+01, 1.60499E+02, 6.78695E+01, 5.56290E-01, 2.60401E+00, 9.68932E+01, 2.97924E+01, 5.06835E-03, 9.12756E-05, 0.00000E+00, 0.00000E+00, 0.00000E+00,
 763, 1.52398E+01,TRUE,0, 0.00000E+00, 3.65514E+00, 1.43514E+00, 2.97069E+00, 0.00000E+00, 0.00000E+00, 1.87256E-01, 0.00000E+00, 8.76559E-01, 1.43514E+03,-1.00682E+00, 7.27512E+00,-1.31135E-01, 3.59375E-01, 2.17199E-03, 8.25986E-04, 1.43516E+03,-1.00771E+00, 7.27202E+00,-1.31674E-01, 3.34305E+00,-4.04258E+00, 2.91728E+01,-5.28233E-01, 1.34191E+02, 2.84660E+01, 1.63237E+02, 6.84524E+01, 5.56281E-01, 2.60399E+00, 9.70175E+01, 2.97923E+01, 5.07050E-03, 9.09064E-05, 0.00000E+00, 0.00000E+00, 0.00000E+00,
 764, 1.52598E+01,TRUE,0, 1.96315E+03, 3.65515E+00, 1.43512E+00, 2.97072E+00, 9.86408E-02, 7.03442E-02, 1.87253E-01, 1.49134E-02, 8.76549E-01, 1.43506E+03,-1.04959E+00, 7.27820E+00,-1.30594E-01,-6.20483E-01, 2.13385E-03, 8.13231E-04, 1.43514E+03,-1.00682E+00, 7.27512E+00,-1.31135E-01, 3.34298E+00,-4.03896E+00, 2.91847E+01,-5.26058E-01, 1.24474E+02, 2.63892E+01, 1.56284E+02, 6.69666E+01, 5.56275E-01, 2.60398E+00, 9.67002E+01, 2.97922E+01, 5.07270E-03, 9.05380E-05, 0.00000E+00, 0.00000E+00, 0.00000E+00,
 765, 1.52798E+01,TRUE,0, 0.00000E+00, 3.65428E+00, 1.43504E+00, 2.96985E+00, 0.00000E+00, 0.00000E+00, 1.87296E-01, 0.00000E+00, 8.76754E-01, 1.43504E+03,-1.04889E+00, 7.28120E+00,-1.30051E-01,-5.38208E-01, 1.77479E-03, 8.04126E-04, 1.43506E+03,-1.04959E+00, 7.27820E+00,-1.30594E-01, 3.34292E+00,-4.21044E+00, 2.91966E+01,-5.23878E-01, 1.28198E+02, 2.72127E+01, 1.58986E+02, 6.75639E+01, 5.56240E-01, 2.60383E+00, 9.68322E+01, 2.97915E+01, 5.07488E-03, 9.01703E-05, 0.00000E+00, 0.00000E+00, 0.00000E+00,
 766, 1.52998E+01,TRUE,0, 0.00000E+00, 3.65425E+00, 1.43502E+00, 2.96986E+00, 0.00000E+00, 0.00000E+00, 1.87286E-01, 0.00000E+00, 8.76718E-01, 1.43502E+03,-1.04819E+00, 7.28419E+00,-1.29509E-01,-5.17212E-01, 1.79243E-03, 7.86975E-04, 1.43504E+03,-1.04889E+00, 7.28120E+00,-1.30051E-01, 3.34200E+00,-4.20646E+00, 2.92005E+01,-5.21557E-01, 1.31993E+02, 2.80315E+01, 1.61712E+02, 6.81518E+01, 5.56213E-01, 2.60373E+00, 9.69589E+01, 2.97910E+01, 5.07704E-03, 8.98032E-05, 0.00000E+00, 0.00000E+00, 0.00000E+00,
 767, 1.53198E+01,TRUE,0, 1.81808E+03, 3.65424E+00, 1.43500E+00, 2.96988E+00, 1.04719E-01, 7.47270E-02, 1.87278E-01, 1.58659E-02, 8.76693E-01, 1.43494E+03,-1.08457E+00, 7.28717E+00,-1.28967E-01,-4.96216E-01, 1.89018E-03, 7.69213E-04, 1.43502E+03,-1.04819E+00, 7.28419E+00,-1.29509E-01, 3.34193E+00,-4.20357E+00, 2.92119E+01,-5.19371E-01, 1.21632E+02, 2.58248E+01, 1.54309E+02, 6.65749E+01, 5.56194E-01, 2.60367E+00, 9.66229E+01, 2.97908E+01, 5.07925E-03, 8.94369E-05, 0.00000E+00, 0.00000E+00, 0.00000E+00,
 768, 1.53398E+01,TRUE,0, 0.00000E+00, 3.65338E+00, 1.43492E+00, 2.96904E+00, 0.00000E+00, 0.00000E+00, 1.87316E-01, 0.00000E+00, 8.76882E-01, 1.43492E+03,-1.08402E+00, 7.29009E+00,-1.28425E-01,-4.22485E-01, 1.60742E-03, 7.56070E-04, 1.43494E+03,-1.08457E+00, 7.28717E+00,-1.28967E-01, 3.34187E+00,-4.34937E+00, 2.92233E+01,-5.17188E-01, 1.25305E+02, 2.66519E+01, 1.56996E+02, 6.71785E+01, 5.56149E-01, 2.60350E+00, 9.67579E+01, 2.97900E+01, 5.08138E-03, 8.90713E-05, 0.00000E+00, 0.00000E+00, 0.00000E+00,
 769, 1.53598E+01,TRUE,0, 0.00000E+00, 3.65333E+00, 1.43490E+00, 2.96904E+00, 0.00000E+00, 0.00000E+00, 1.87305E-01, 0.00000E+00, 8.76843E-01, 1.43490E+03,-1.08346E+00, 7.29297E+00,-1.27884E-01,-4.00757E-01, 1.55592E-03, 7.37533E-04, 1.43492E+03,-1.08402E+00, 7.29009E+00,-1.28425E-01, 3.34106E+00,-4.34612E+00, 2.92280E+01,-5.14891E-01, 1.29049E+02, 2.74743E+01, 1.59707E+02, 6.77727E+01, 5.56115E-01, 2.60338E+00, 9.68876E+01, 2.97895E+01, 5.08344E-03, 8.87064E-05, 0.00000E+00, 0.00000E+00, 0.00000E+00,
 770, 1.53798E+01,TRUE,0, 0.00000E+00, 3.65330E+00, 1.43488E+00, 2.96905E+00, 0.00000E+00, 0.00000E+00, 1.87296E-01, 0.00000E+00, 8.76818E-01, 1.43488E+03,-1.08290E+00, 7.29582E+00,-1.27345E-01,-3.79028E-01, 1.51587E-03, 7.19652E-04, 1.43490E+03,-1.08346E+00, 7.29297E+00,-1.27884E-01, 3.34099E+00,-4.34381E+00, 2.92389E+01,-5.12713E-01, 1.32863E+02, 2.82920E+01, 1.62441E+02, 6.83575E+01, 5.56090E-01, 2.60332E+00, 9.70121E+01, 2.97892E+01, 5.08548E-03, 8.83422E-05, 0.00000E+00, 0.00000E+00, 0.00000E+00,
 771, 1.53998E+01,TRUE,0, 2.16075E+03, 3.65328E+00, 1.43486E+00, 2.96906E+00, 8.85844E-02, 6.32880E-02, 1.87289E-01, 1.34698E-02, 8.76802E-01, 1.43483E+03,-1.10495E+00, 7.29866E+00,-1.26808E-01,-3.57300E-01, 1.57022E-03, 7.02634E-04, 1.43488E+03,-1.08290E+00, 7.29582E+00,-1.27345E-01, 3.34092E+00,-4.34148E+00, 2.92497E+01,-5.10541E-01, 1.24636E+02, 2.65266E+01, 1.56544E+02, 6.70910E+01, 5.56072E-01, 2.60328E+00, 9.67396E+01, 2.97891E+01, 5.08757E-03, 8.79788E-05, 0.00000E+00, 0.00000E+00, 0.00000E+00,
 772, 1.54198E+01,TRUE,0, 0.00000E+00, 3.65263E+00, 1.43480E+00, 2.96843E+00, 0.00000E+00, 0.00000E+00, 1.87317E-01, 0.00000E+00, 8.76948E-01, 1.43480E+03,-1.10448E+00, 7.30146E+00,-1.26272E-01,-3.03467E-01, 1.44911E-03, 6.89492E-04, 1.43483E+03,-1.10495E+00, 7.29866E+00,-1.26808E-01, 3.34085E+00,-4.42978E+00, 2.92605E+01,-5.08376E-01, 1.28368E+02, 2.73498E+01, 1.59252E+02, 6.76866E+01, 5.56036E-01, 2.60316E+00, 9.68700E+01, 2.97885E+01, 5.08964E-03, 8.76160E-05, 0.00000E+00, 0.00000E+00, 0.00000E+00,
 773, 1.54398E+01,TRUE,0, 0.00000E+00, 3.65259E+00, 1.43478E+00, 2.96843E+00, 0.00000E+00, 0.00000E+00, 1.87308E-01, 0.00000E+00, 8.76921E-01, 1.43478E+03,-1.10400E+00, 7.30424E+00,-1.25738E-01,-2.81372E-01, 1.51348E-03, 6.74069E-04, 1.43480E+03,-1.10448E+00, 7.30146E+00,-1.26272E-01, 3.34033E+00,-4.42719E+00, 2.92672E+01,-5.06149E-01, 1.32171E+02, 2.81682E+01, 1.61982E+02, 6.82727E+01, 5.56010E-01, 2.60308E+00, 9.69952E+01, 2.97882E+01, 5.09170E-03, 8.72540E-05, 0.00000E+00, 0.00000E+00, 0.00000E+00,
 774, 1.54598E+01,TRUE,0, 1.95937E+03, 3.65257E+00, 1.43476E+00, 2.96844E+00, 9.71311E-02, 6.94329E-02, 1.87300E-01, 1.47914E-02, 8.76904E-01, 1.43473E+03,-1.12151E+00, 7.30702E+00,-1.25206E-01,-2.59277E-01, 1.56498E-03, 6.59876E-04, 1.43478E+03,-1.10400E+00, 7.30424E+00,-1.25738E-01, 3.34026E+00,-4.42517E+00, 2.92777E+01,-5.03998E-01, 1.22831E+02, 2.61668E+01, 1.55290E+02, 6.68373E+01, 5.55990E-01, 2.60304E+00, 9.66867E+01, 2.97879E+01, 5.09374E-03, 8.68926E-05, 0.00000E+00, 0.00000E+00, 0.00000E+00,
 775, 1.54798E+01,TRUE,0, 0.00000E+00, 3.65191E+00, 1.43471E+00, 2.96780E+00, 0.00000E+00, 0.00000E+00, 1.87329E-01, 0.00000E+00, 8.77050E-01, 1.43471E+03,-1.12110E+00, 7.30976E+00,-1.24660E-01,-2.11548E-01, 1.47438E-03, 7.35283E-04, 1.43473E+03,-1.12151E+00, 7.30702E+00,-1.25206E-01, 3.34019E+00,-4.49528E+00, 2.92882E+01,-5.01855E-01, 1.26530E+02, 2.69922E+01, 1.57988E+02, 6.74369E+01, 5.55954E-01, 2.60291E+00, 9.68192E+01, 2.97873E+01, 5.09577E-03, 8.64721E-05, 0.00000E+00, 0.00000E+00, 0.00000E+00,
 776, 1.54998E+01,TRUE,0, 0.00000E+00, 3.65187E+00, 1.43469E+00, 2.96780E+00, 0.00000E+00, 0.00000E+00, 1.87319E-01, 0.00000E+00, 8.77022E-01, 1.43469E+03,-1.12067E+00, 7.31248E+00,-1.24102E-01,-1.89087E-01, 1.52922E-03, 7.91244E-04, 1.43471E+03,-1.12110E+00, 7.30976E+00,-1.24660E-01, 3.33976E+00,-4.49303E+00, 2.92954E+01,-4.99601E-01, 1.30301E+02, 2.78129E+01, 1.60709E+02, 6.80271E+01, 5.55926E-01, 2.60283E+00, 9.69464E+01, 2.97869E+01, 5.09778E-03, 8.60526E-05, 0.00000E+00, 0.00000E+00, 0.00000E+00,
 777, 1.55198E+01,TRUE,0, 1.81478E+03, 3.65184E+00, 1.43467E+00, 2.96781E+00, 1.03301E-01, 7.39165E-02, 1.87312E-01, 1.57753E-02, 8.77005E-01, 1.43465E+03,-1.13256E+00, 7.31522E+00,-1.23533E-01,-1.66626E-01, 1.65749E-03, 8.32692E-04, 1.43469E+03,-1.12067E+00, 7.31248E+00,-1.24102E-01, 3.33968E+00,-4.49123E+00, 2.93056E+01,-4.97351E-01, 1.20285E+02, 2.56714E+01, 1.53538E+02, 6.64918E+01, 5.55905E-01, 2.60278E+00, 9.66170E+01, 2.97867E+01, 5.09984E-03, 8.56340E-05, 0.00000E+00, 0.00000E+00, 0.00000E+00,
 778, 1.55398E+01,TRUE,0, 0.00000E+00, 3.65120E+00, 1.43463E+00, 2.96719E+00, 0.00000E+00, 0.00000E+00, 1.87339E-01, 0.00000E+00, 8.77144E-01, 1.43463E+03,-1.13217E+00, 7.31793E+00,-1.22955E-01,-1.26587E-01, 1.66702E-03, 8.63209E-04, 1.43465E+03,-1.13256E+00, 7.31522E+00,-1.23533E-01, 3.33960E+00,-4.53875E+00, 2.93159E+01,-4.95061E-01, 1.23940E+02, 2.64999E+01, 1.56222E+02, 6.70970E+01, 5.55869E-01, 2.60265E+00, 9.67523E+01, 2.97860E+01, 5.10188E-03, 8.52165E-05, 0.00000E+00, 0.00000E+00, 0.00000E+00,
 779, 1.55598E+01,TRUE,0, 0.00000E+00, 3.65115E+00, 1.43460E+00, 2.96718E+00, 0.00000E+00, 0.00000E+00, 1.87329E-01, 0.00000E+00, 8.77118E-01, 1.43460E+03,-1.13178E+00, 7.32063E+00,-1.22371E-01,-1.03882E-01, 1.67274E-03, 8.81344E-04, 1.43463E+03,-1.13217E+00, 7.31793E+00,-1.22955E-01, 3.33928E+00,-4.53677E+00, 2.93240E+01,-4.92699E-01, 1.27665E+02, 2.73238E+01, 1.58930E+02, 6.76927E+01, 5.55841E-01, 2.60257E+00, 9.68822E+01, 2.97856E+01, 5.10384E-03, 8.48001E-05, 0.00000E+00, 0.00000E+00, 0.00000E+00,
 780, 1.55798E+01,TRUE,0, 0.00000E+00, 3.65112E+00, 1.43458E+00, 2.96718E+00, 0.00000E+00, 0.00000E+00, 1.87322E-01, 0.00000E+00, 8.77101E-01, 1.43458E+03,-1.13137E+00, 7.32332E+00,-1.21780E-01,-8.11768E-02, 1.67179E-03, 8.90687E-04, 1.43460E+03,-1.13178E+00, 7.32063E+00,-1.22371E-01, 3.33921E+00,-4.53508E+00, 2.93341E+01,-4.90345E-01, 1.31461E+02, 2.81429E+01, 1.61661E+02, 6.82790E+01, 5.55820E-01, 2.60252E+00, 9.70069E+01, 2.97854E+01, 5.10579E-03, 8.43846E-05, 0.00000E+00, 0.00000E+00, 0.00000E+00,
 781, 1.55998E+01,TRUE,0, 2.15777E+03, 3.65110E+00, 1.43456E+00, 2.96719E+00, 8.75160E-02, 6.27168E-02, 1.87317E-01, 1.34199E-02, 8.77091E-01, 1.43455E+03,-1.13463E+00, 7.32598E+00,-1.21186E-01,-5.84717E-02, 1.66655E-03, 8.92825E-04, 1.43458E+03,-1.13137E+00, 7.32332E+00,-1.21780E-01, 3.33913E+00,-4.53336E+00, 2.93442E+01,-4.87969E-01, 1.23485E+02, 2.64229E+01, 1.55928E+02, 6.70398E+01, 5.55805E-01, 2.60249E+00, 9.67380E+01, 2.97852E+01, 5.10773E-03, 8.39701E-05, 0.00000E+00, 0.00000E+00, 0.00000E+00,
 782, 1.56198E+01,TRUE,0, 0.00000E+00, 3.65062E+00, 1.43453E+00, 2.96672E+00, 0.00000E+00, 0.00000E+00, 1.87338E-01, 0.00000E+00, 8.77199E-01, 1.43453E+03,-1.13423E+00, 7.32863E+00,-1.20588E-01,-3.06396E-02, 1.63078E-03, 8.89562E-04, 1.43455E+03,-1.13463E+00, 7.32598E+00,-1.21186E-01, 3.33905E+00,-4.54631E+00, 2.93542E+01,-4.85574E-01, 1.27203E+02, 2.72472E+01, 1.58633E+02, 6.76364E+01, 5.55778E-01, 2.60240E+00, 9.68685E+01, 2.97847E+01, 5.10965E-03, 8.35567E-05, 0.00000E+00, 0.00000E+00, 0.00000E+00,
 783, 1.56398E+01,TRUE,0, 0.00000E+00, 3.65059E+00, 1.43451E+00, 2.96672E+00, 0.00000E+00, 0.00000E+00, 1.87331E-01, 0.00000E+00, 8.77180E-01, 1.43451E+03,-1.13382E+00, 7.33125E+00,-1.19987E-01,-7.93457E-03, 1.62268E-03, 8.81165E-04, 1.43453E+03,-1.13423E+00, 7.32863E+00,-1.20588E-01, 3.33890E+00,-4.54449E+00, 2.93635E+01,-4.83156E-01, 1.30991E+02, 2.80667E+01, 1.61362E+02, 6.82235E+01, 5.55758E-01, 2.60235E+00, 9.69937E+01, 2.97844E+01, 5.11156E-03, 8.31443E-05, 0.00000E+00, 0.00000E+00, 0.00000E+00,
 784, 1.56598E+01,TRUE,0, 1.95675E+03, 3.65057E+00, 1.43449E+00, 2.96673E+00, 9.60952E-02, 6.89157E-02, 1.87325E-01, 1.47599E-02, 8.77167E-01, 1.43449E+03,-1.13238E+00, 7.33388E+00,-1.19386E-01, 1.47705E-02, 1.69754E-03, 8.69267E-04, 1.43451E+03,-1.13382E+00, 7.33125E+00,-1.19987E-01, 3.33883E+00,-4.54274E+00, 2.93733E+01,-4.80740E-01, 1.21893E+02, 2.61061E+01, 1.54821E+02, 6.68110E+01, 5.55743E-01, 2.60232E+00, 9.66877E+01, 2.97842E+01, 5.11351E-03, 8.27329E-05, 0.00000E+00, 0.00000E+00, 0.00000E+00,
 785, 1.56798E+01,TRUE,0, 0.00000E+00, 3.65008E+00, 1.43446E+00, 2.96626E+00, 0.00000E+00, 0.00000E+00, 1.87346E-01, 0.00000E+00, 8.77274E-01, 1.43446E+03,-1.13195E+00, 7.33650E+00,-1.18783E-01, 3.61328E-02, 1.75810E-03, 8.54708E-04, 1.43449E+03,-1.13238E+00, 7.33388E+00,-1.19386E-01, 3.33875E+00,-4.53688E+00, 2.93832E+01,-4.78318E-01, 1.25582E+02, 2.69322E+01, 1.57517E+02, 6.74111E+01, 5.55716E-01, 2.60222E+00, 9.68202E+01, 2.97837E+01, 5.11545E-03, 8.23225E-05, 0.00000E+00, 0.00000E+00, 0.00000E+00,
 786, 1.56998E+01,TRUE,0, 0.00000E+00, 3.65005E+00, 1.43444E+00, 2.96626E+00, 0.00000E+00, 0.00000E+00, 1.87339E-01, 0.00000E+00, 8.77254E-01, 1.43444E+03,-1.13151E+00, 7.33911E+00,-1.18181E-01, 5.88379E-02, 1.79243E-03, 8.38473E-04, 1.43446E+03,-1.13195E+00, 7.33650E+00,-1.18783E-01, 3.33869E+00,-4.53509E+00, 2.93932E+01,-4.75897E-01, 1.29341E+02, 2.77535E+01, 1.60237E+02, 6.80019E+01, 5.55695E-01, 2.60216E+00, 9.69474E+01, 2.97833E+01, 5.11737E-03, 8.19131E-05, 0.00000E+00, 0.00000E+00, 0.00000E+00,
 787, 1.57198E+01,TRUE,0, 1.81252E+03, 3.65003E+00, 1.43442E+00, 2.96626E+00, 1.02338E-01, 7.34735E-02, 1.87333E-01, 1.57626E-02, 8.77241E-01, 1.43443E+03,-1.12508E+00, 7.34171E+00,-1.17579E-01, 8.15430E-02, 1.81150E-03, 8.21166E-04, 1.43444E+03,-1.13151E+00, 7.33911E+00,-1.18181E-01, 3.33862E+00,-4.53323E+00, 2.94030E+01,-4.73473E-01, 1.19544E+02, 2.56463E+01, 1.53196E+02, 6.64841E+01, 5.55680E-01, 2.60212E+00, 9.66191E+01, 2.97831E+01, 5.11928E-03, 8.15048E-05, 0.00000E+00, 0.00000E+00, 0.00000E+00,
 788, 1.57398E+01,TRUE,0, 0.00000E+00, 3.64956E+00, 1.43440E+00, 2.96581E+00, 0.00000E+00, 0.00000E+00, 1.87353E-01, 0.00000E+00, 8.77343E-01, 1.43440E+03,-1.12460E+00, 7.34432E+00,-1.16979E-01, 9.58252E-02, 1.86157E-03, 8.02614E-04, 1.43443E+03,-1.12508E+00, 7.34171E+00,-1.17579E-01, 3.33854E+00,-4.50735E+00, 2.94127E+01,-4.71052E-01, 1.23191E+02, 2.64752E+01, 1.55879E+02, 6.70895E+01, 5.55652E-01, 2.60203E+00, 9.67544E+01, 2.97826E+01, 5.12117E-03, 8.10974E-05, 0.00000E+00, 0.00000E+00, 0.00000E+00,
 789, 1.57598E+01,TRUE,0, 0.00000E+00, 3.64953E+00, 1.43438E+00, 2.96580E+00, 0.00000E+00, 0.00000E+00, 1.87346E-01, 0.00000E+00, 8.77323E-01, 1.43438E+03,-1.12412E+00, 7.34689E+00,-1.16380E-01, 1.18408E-01, 1.76382E-03, 7.84777E-04, 1.43440E+03,-1.12460E+00, 7.34432E+00,-1.16979E-01, 3.33859E+00,-4.50550E+00, 2.94235E+01,-4.68652E-01, 1.26909E+02, 2.72994E+01, 1.58587E+02, 6.76853E+01, 5.55632E-01, 2.60197E+00, 9.68842E+01, 2.97823E+01, 5.12299E-03, 8.06911E-05, 0.00000E+00, 0.00000E+00, 0.00000E+00,
 790, 1.57798E+01,TRUE,0, 0.00000E+00, 3.64951E+00, 1.43436E+00, 2.96580E+00, 0.00000E+00, 0.00000E+00, 1.87341E-01, 0.00000E+00, 8.77310E-01, 1.43436E+03,-1.12363E+00, 7.34946E+00,-1.15782E-01, 1.40991E-01, 1.84727E-03, 7.67209E-04, 1.43438E+03,-1.12412E+00, 7.34689E+00,-1.16380E-01, 3.33851E+00,-4.50347E+00, 2.94332E+01,-4.66241E-01, 1.30697E+02, 2.81188E+01, 1.61318E+02, 6.82718E+01, 5.55616E-01, 2.60193E+00, 9.70088E+01, 2.97821E+01, 5.12491E-03, 8.02858E-05, 0.00000E+00, 0.00000E+00, 0.00000E+00,
 791, 1.57998E+01,TRUE,0, 2.15575E+03, 3.64949E+00, 1.43434E+00, 2.96581E+00, 8.68009E-02, 6.24180E-02, 1.87337E-01, 1.34215E-02, 8.77301E-01, 1.43435E+03,-1.11293E+00, 7.35202E+00,-1.15187E-01, 1.63574E-01, 1.81818E-03, 7.50199E-04, 1.43436E+03,-1.12363E+00, 7.34946E+00,-1.15782E-01, 3.33844E+00,-4.50141E+00, 2.94428E+01,-4.63837E-01, 1.22878E+02, 2.64220E+01, 1.55673E+02, 6.70430E+01, 5.55605E-01, 2.60191E+00, 9.67401E+01, 2.97819E+01, 5.12676E-03, 7.98815E-05, 0.00000E+00, 0.00000E+00, 0.00000E+00,
 792, 1.58198E+01,TRUE,0, 0.00000E+00, 3.64914E+00, 1.43433E+00, 2.96547E+00, 0.00000E+00, 0.00000E+00, 1.87352E-01, 0.00000E+00, 8.77380E-01, 1.43433E+03,-1.11238E+00, 7.35458E+00,-1.14593E-01, 1.71753E-01, 1.85919E-03, 7.32802E-04, 1.43435E+03,-1.11293E+00, 7.35202E+00,-1.15187E-01, 3.33836E+00,-4.45842E+00, 2.94524E+01,-4.61441E-01, 1.26590E+02, 2.72463E+01, 1.58378E+02, 6.76395E+01, 5.55585E-01, 2.60184E+00, 9.68705E+01, 2.97816E+01, 5.12860E-03, 7.94782E-05, 0.00000E+00, 0.00000E+00, 0.00000E+00,
 793, 1.58398E+01,TRUE,0, 0.00000E+00, 3.64912E+00, 1.43431E+00, 2.96547E+00, 0.00000E+00, 0.00000E+00, 1.87346E-01, 0.00000E+00, 8.77365E-01, 1.43431E+03,-1.11184E+00, 7.35712E+00,-1.14002E-01, 1.94092E-01, 1.80864E-03, 7.17685E-04, 1.43433E+03,-1.11238E+00, 7.35458E+00,-1.14593E-01, 3.33849E+00,-4.45642E+00, 2.94638E+01,-4.59082E-01, 1.30374E+02, 2.80660E+01, 1.61107E+02, 6.82266E+01, 5.55570E-01, 2.60180E+00, 9.69957E+01, 2.97813E+01, 5.13042E-03, 7.90759E-05, 0.00000E+00, 0.00000E+00, 0.00000E+00,
 794, 1.58598E+01,TRUE,0, 1.95500E+03, 3.64911E+00, 1.43428E+00, 2.96548E+00, 9.54100E-02, 6.86591E-02, 1.87342E-01, 1.47728E-02, 8.77355E-01, 1.43430E+03,-1.09642E+00, 7.35963E+00,-1.13414E-01, 2.16431E-01, 1.75762E-03, 7.03566E-04, 1.43431E+03,-1.11184E+00, 7.35712E+00,-1.14002E-01, 3.33841E+00,-4.45412E+00, 2.94733E+01,-4.56704E-01, 1.21422E+02, 2.61252E+01, 1.54644E+02, 6.68215E+01, 5.55560E-01, 2.60178E+00, 9.66892E+01, 2.97811E+01, 5.13222E-03, 7.86746E-05, 0.00000E+00, 0.00000E+00, 0.00000E+00,
 795, 1.58798E+01,TRUE,0, 0.00000E+00, 3.64876E+00, 1.43428E+00, 2.96514E+00, 0.00000E+00, 0.00000E+00, 1.87357E-01, 0.00000E+00, 8.77433E-01, 1.43428E+03,-1.09580E+00, 7.36215E+00,-1.12827E-01, 2.17773E-01, 1.81627E-03, 6.88851E-04, 1.43430E+03,-1.09642E+00, 7.35963E+00,-1.13414E-01, 3.33834E+00,-4.39228E+00, 2.94828E+01,-4.54336E-01, 1.25108E+02, 2.69511E+01, 1.57340E+02, 6.74215E+01, 5.55540E-01, 2.60171E+00, 9.68216E+01, 2.97808E+01, 5.13401E-03, 7.82744E-05, 0.00000E+00, 0.00000E+00, 0.00000E+00,
 796, 1.58998E+01,TRUE,0, 0.00000E+00, 3.64874E+00, 1.43426E+00, 2.96514E+00, 0.00000E+00, 0.00000E+00, 1.87352E-01, 0.00000E+00, 8.77417E-01, 1.43426E+03,-1.09518E+00, 7.36464E+00,-1.12244E-01, 2.39746E-01, 1.74713E-03, 6.77183E-04, 1.43428E+03,-1.09580E+00, 7.36215E+00,-1.12827E-01, 3.33856E+00,-4.39008E+00, 2.94948E+01,-4.52018E-01, 1.28864E+02, 2.77724E+01, 1.60061E+02, 6.80120E+01, 5.55525E-01, 2.60166E+00, 9.69488E+01, 2.97805E+01, 5.13579E-03, 7.78752E-05, 0.00000E+00, 0.00000E+00, 0.00000E+00,
 797, 1.59198E+01,TRUE,0, 1.81103E+03, 3.64873E+00, 1.43424E+00, 2.96515E+00, 1.01708E-01, 7.32690E-02, 1.87348E-01, 1.57860E-02, 8.77406E-01, 1.43426E+03,-1.07537E+00, 7.36712E+00,-1.11646E-01, 2.61719E-01, 1.76716E-03, 7.52598E-04, 1.43426E+03,-1.09518E+00, 7.36464E+00,-1.12244E-01, 3.33849E+00,-4.38749E+00, 2.95041E+01,-4.49669E-01, 1.19196E+02, 2.56811E+01, 1.53082E+02, 6.64985E+01, 5.55514E-01, 2.60164E+00, 9.66195E+01, 2.97803E+01, 5.13761E-03, 7.74171E-05, 0.00000E+00, 0.00000E+00, 0.00000E+00,
 798, 1.59398E+01,TRUE,0, 0.00000E+00, 3.64839E+00, 1.43424E+00, 2.96482E+00, 0.00000E+00, 0.00000E+00, 1.87362E-01, 0.00000E+00, 8.77480E-01, 1.43424E+03,-1.07466E+00, 7.36962E+00,-1.11037E-01, 2.56714E-01, 1.91355E-03, 8.08902E-04, 1.43426E+03,-1.07537E+00, 7.36712E+00,-1.11646E-01, 3.33842E+00,-4.30806E+00, 2.95135E+01,-4.47266E-01, 1.22842E+02, 2.65095E+01, 1.55766E+02, 6.71036E+01, 5.55494E-01, 2.60157E+00, 9.67547E+01, 2.97800E+01, 5.13942E-03, 7.69602E-05, 0.00000E+00, 0.00000E+00, 0.00000E+00,
 799, 1.59598E+01,TRUE,0, 0.00000E+00, 3.64837E+00, 1.43422E+00, 2.96482E+00, 0.00000E+00, 0.00000E+00, 1.87357E-01, 0.00000E+00, 8.77464E-01, 1.43422E+03,-1.07395E+00, 7.37209E+00,-1.10418E-01, 2.78198E-01, 1.79768E-03, 8.52898E-04, 1.43424E+03,-1.07466E+00, 7.36962E+00,-1.11037E-01, 3.33873E+00,-4.30560E+00, 2.95262E+01,-4.44867E-01, 1.26558E+02, 2.73333E+01, 1.58474E+02, 6.76993E+01, 5.55480E-01, 2.60152E+00, 9.68845E+01, 2.97797E+01, 5.14115E-03, 7.65048E-05, 0.00000E+00, 0.00000E+00, 0.00000E+00,
 800, 1.59798E+01,TRUE,0, 0.00000E+00, 3.64836E+00, 1.43420E+00, 2.96483E+00, 0.00000E+00, 0.00000E+00, 1.87353E-01, 0.00000E+00, 8.77453E-01, 1.43420E+03,-1.07323E+00, 7.37451E+00,-1.09790E-01, 2.99683E-01, 1.60694E-03, 8.84123E-04, 1.43422E+03,-1.07395E+00, 7.37209E+00,-1.10418E-01, 3.33866E+00,-4.30265E+00, 2.95355E+01,-4.42377E-01, 1.30345E+02, 2.81523E+01, 1.61206E+02, 6.82855E+01, 5.55469E-01, 2.60150E+00, 9.70091E+01, 2.97796E+01, 5.14281E-03, 7.60506E-05, 0.00000E+00, 0.00000E+00, 0.00000E+00,
 801, 1.59998E+01,TRUE,0, 2.15443E+03, 3.64836E+00, 1.43418E+00, 2.96484E+00, 8.63430E-02, 6.22919E-02, 1.87349E-01, 1.34451E-02, 8.77445E-01, 1.43421E+03,-1.05251E+00, 7.37691E+00,-1.09156E-01, 3.21167E-01, 1.53017E-03, 9.04508E-04, 1.43420E+03,-1.07323E+00, 7.37451E+00,-1.09790E-01, 3.33859E+00,-4.29970E+00, 2.95446E+01,-4.39853E-01, 1.22616E+02, 2.64655E+01, 1.55601E+02, 6.70579E+01, 5.55461E-01, 2.60149E+00, 9.67393E+01, 2.97795E+01, 5.14452E-03, 7.55977E-05, 0.00000E+00, 0.00000E+00, 0.00000E+00,
 802, 1.60198E+01,TRUE,0, 0.00000E+00, 3.64810E+00, 1.43419E+00, 2.96459E+00, 0.00000E+00, 0.00000E+00, 1.87360E-01, 0.00000E+00, 8.77503E-01, 1.43419E+03,-1.05171E+00, 7.37931E+00,-1.08516E-01, 3.14575E-01, 1.60789E-03, 9.13627E-04, 1.43421E+03,-1.05251E+00, 7.37691E+00,-1.09156E-01, 3.33852E+00,-4.21659E+00, 2.95536E+01,-4.37302E-01, 1.26328E+02, 2.72893E+01, 1.58307E+02, 6.76542E+01, 5.55448E-01, 2.60144E+00, 9.68697E+01, 2.97792E+01, 5.14621E-03, 7.51461E-05, 0.00000E+00, 0.00000E+00, 0.00000E+00,
 803, 1.60398E+01,TRUE,0, 0.00000E+00, 3.64810E+00, 1.43416E+00, 2.96460E+00, 0.00000E+00, 0.00000E+00, 1.87356E-01, 0.00000E+00, 8.77491E-01, 1.43416E+03,-1.05090E+00, 7.38168E+00,-1.07872E-01, 3.35693E-01, 1.52111E-03, 9.17740E-04, 1.43419E+03,-1.05171E+00, 7.37931E+00,-1.08516E-01, 3.33885E+00,-4.21379E+00, 2.95661E+01,-4.34782E-01, 1.30111E+02, 2.81083E+01, 1.61036E+02, 6.82410E+01, 5.55437E-01, 2.60141E+00, 9.69949E+01, 2.97790E+01, 5.14788E-03, 7.46959E-05, 0.00000E+00, 0.00000E+00, 0.00000E+00,
 804, 1.60598E+01,TRUE,0, 1.95387E+03, 3.64810E+00, 1.43414E+00, 2.96462E+00, 9.49778E-02, 6.85638E-02, 1.87353E-01, 1.48026E-02, 8.77481E-01, 1.43418E+03,-1.02564E+00, 7.38403E+00,-1.07225E-01, 3.56812E-01, 1.52969E-03, 9.15706E-04, 1.43416E+03,-1.05090E+00, 7.38168E+00,-1.07872E-01, 3.33879E+00,-4.21049E+00, 2.95750E+01,-4.32194E-01, 1.21241E+02, 2.61755E+01, 1.54604E+02, 6.68354E+01, 5.55430E-01, 2.60140E+00, 9.66870E+01, 2.97789E+01, 5.14961E-03, 7.42470E-05, 0.00000E+00, 0.00000E+00, 0.00000E+00,
 805, 1.60798E+01,TRUE,0, 0.00000E+00, 3.64785E+00, 1.43416E+00, 2.96437E+00, 0.00000E+00, 0.00000E+00, 1.87364E-01, 0.00000E+00, 8.77539E-01, 1.43416E+03,-1.02473E+00, 7.38641E+00,-1.06576E-01, 3.43506E-01, 1.70898E-03, 9.06207E-04, 1.43418E+03,-1.02564E+00, 7.38403E+00,-1.07225E-01, 3.33872E+00,-4.10918E+00, 2.95839E+01,-4.29593E-01, 1.24927E+02, 2.70007E+01, 1.57301E+02, 6.74351E+01, 5.55417E-01, 2.60135E+00, 9.68195E+01, 2.97787E+01, 5.15132E-03, 7.37994E-05, 0.00000E+00, 0.00000E+00, 0.00000E+00,
 806, 1.60998E+01,TRUE,0, 0.00000E+00, 3.64784E+00, 1.43414E+00, 2.96438E+00, 0.00000E+00, 0.00000E+00, 1.87360E-01, 0.00000E+00, 8.77525E-01, 1.43414E+03,-1.02383E+00, 7.38875E+00,-1.05926E-01, 3.64014E-01, 1.58405E-03, 8.95925E-04, 1.43416E+03,-1.02473E+00, 7.38641E+00,-1.06576E-01, 3.33914E+00,-4.10607E+00, 2.95971E+01,-4.27048E-01, 1.28684E+02, 2.78212E+01, 1.60022E+02, 6.80253E+01, 5.55407E-01, 2.60132E+00, 9.69467E+01, 2.97785E+01, 5.15295E-03, 7.33531E-05, 0.00000E+00, 0.00000E+00, 0.00000E+00,
 807, 1.61198E+01,TRUE,0, 1.81008E+03, 3.64785E+00, 1.43412E+00, 2.96440E+00, 1.01318E-01, 7.32078E-02, 1.87356E-01, 1.58207E-02, 8.77515E-01, 1.43415E+03,-9.94776E-01, 7.39107E+00,-1.05276E-01, 3.84521E-01, 1.55973E-03, 8.82789E-04, 1.43414E+03,-1.02383E+00, 7.38875E+00,-1.05926E-01, 3.33908E+00,-4.10237E+00, 2.96059E+01,-4.24436E-01, 1.19086E+02, 2.57354E+01, 1.53066E+02, 6.65097E+01, 5.55400E-01, 2.60130E+00, 9.66158E+01, 2.97784E+01, 5.15463E-03, 7.29081E-05, 0.00000E+00, 0.00000E+00, 0.00000E+00,
 808, 1.61398E+01,TRUE,0, 0.00000E+00, 3.64760E+00, 1.43413E+00, 2.96416E+00, 0.00000E+00, 0.00000E+00, 1.87367E-01, 0.00000E+00, 8.77570E-01, 1.43413E+03,-9.93757E-01, 7.39341E+00,-1.04626E-01, 3.65479E-01, 1.73903E-03, 8.64670E-04, 1.43415E+03,-9.94776E-01, 7.39107E+00,-1.05276E-01, 3.33902E+00,-3.98589E+00, 2.96147E+01,-4.21822E-01, 1.22733E+02, 2.65630E+01, 1.55750E+02, 6.71146E+01, 5.55386E-01, 2.60126E+00, 9.67512E+01, 2.97781E+01, 5.15630E-03, 7.24644E-05, 0.00000E+00, 0.00000E+00, 0.00000E+00,
 809, 1.61598E+01,TRUE,0, 0.00000E+00, 3.64760E+00, 1.43411E+00, 2.96417E+00, 0.00000E+00, 0.00000E+00, 1.87363E-01, 0.00000E+00, 8.77556E-01, 1.43411E+03,-9.92743E-01, 7.39572E+00,-1.03977E-01, 3.85376E-01, 1.58596E-03, 8.48643E-04, 1.43413E+03,-9.93757E-01, 7.39341E+00,-1.04626E-01, 3.33951E+00,-3.98240E+00, 2.96285E+01,-4.19281E-01, 1.26450E+02, 2.73860E+01, 1.58459E+02, 6.77099E+01, 5.55376E-01, 2.60123E+00, 9.68811E+01, 2.97780E+01, 5.15789E-03, 7.20220E-05, 0.00000E+00, 0.00000E+00, 0.00000E+00,
 810, 1.61798E+01,TRUE,0, 0.00000E+00, 3.64760E+00, 1.43409E+00, 2.96419E+00, 0.00000E+00, 0.00000E+00, 1.87360E-01, 0.00000E+00, 8.77546E-01, 1.43409E+03,-9.91733E-01, 7.39801E+00,-1.03330E-01, 4.05273E-01, 1.53828E-03, 8.31798E-04, 1.43411E+03,-9.92743E-01, 7.39572E+00,-1.03977E-01, 3.33946E+00,-3.97827E+00, 2.96372E+01,-4.16674E-01, 1.30237E+02, 2.82042E+01, 1.61190E+02, 6.82958E+01, 5.55370E-01, 2.60121E+00, 9.70059E+01, 2.97779E+01, 5.15953E-03, 7.15810E-05, 0.00000E+00, 0.00000E+00, 0.00000E+00,
 811, 1.61998E+01,TRUE,0, 0.00000E+00, 3.64762E+00, 1.43407E+00, 2.96421E+00, 0.00000E+00, 0.00000E+00, 1.87357E-01, 0.00000E+00, 8.77537E-01, 1.43407E+03,-9.90727E-01, 7.40027E+00,-1.02684E-01, 4.25171E-01, 1.49107E-03, 8.14617E-04, 1.43409E+03,-9.91733E-01, 7.39801E+00,-1.03330E-01, 3.33940E+00,-3.97415E+00, 2.96459E+01,-4.14071E-01, 1.34097E+02, 2.90175E+01, 1.63945E+02, 6.88724E+01, 5.55366E-01, 2.60121E+00, 9.71256E+01, 2.97778E+01, 5.16116E-03, 7.11412E-05, 0.00000E+00, 0.00000E+00, 0.00000E+00,
 812, 1.62198E+01,TRUE,0, 3.08838E+03, 3.64764E+00, 1.43405E+00, 2.96424E+00, 6.18041E-02, 4.46925E-02, 1.87354E-01, 9.65747E-03, 8.77530E-01, 1.43402E+03,-1.01453E+00, 7.40250E+00,-1.02040E-01,-5.54932E-01, 1.35994E-03, 7.97510E-04, 1.43407E+03,-9.90727E-01, 7.40027E+00,-1.02684E-01, 3.33934E+00,-3.97005E+00, 2.96544E+01,-4.11475E-01, 1.29497E+02, 2.79826E+01, 1.60554E+02, 6.81068E+01, 5.55364E-01, 2.60121E+00, 9.69525E+01, 2.97778E+01, 5.16271E-03, 7.07027E-05, 0.00000E+00, 0.00000E+00, 0.00000E+00,
 813, 1.62398E+01,TRUE,0, 0.00000E+00, 3.64714E+00, 1.43400E+00, 2.96373E+00, 0.00000E+00, 0.00000E+00, 1.87380E-01, 0.00000E+00, 8.77654E-01, 1.43400E+03,-1.01363E+00, 7.40468E+00,-1.01397E-01,-5.00244E-01, 1.15156E-03, 7.83227E-04, 1.43402E+03,-1.01453E+00, 7.40250E+00,-1.02040E-01, 3.33928E+00,-4.06535E+00, 2.96629E+01,-4.08887E-01, 1.33339E+02, 2.87967E+01, 1.63301E+02, 6.86861E+01, 5.55345E-01, 2.60113E+00, 9.70744E+01, 2.97774E+01, 5.16431E-03, 7.02656E-05, 0.00000E+00, 0.00000E+00, 0.00000E+00,
 814, 1.62598E+01,TRUE,0, 0.00000E+00, 3.64714E+00, 1.43398E+00, 2.96376E+00, 0.00000E+00, 0.00000E+00, 1.87374E-01, 0.00000E+00, 8.77630E-01, 1.43398E+03,-1.01274E+00, 7.40684E+00,-1.00757E-01,-4.79980E-01, 1.15776E-03, 7.66598E-04, 1.43400E+03,-1.01363E+00, 7.40468E+00,-1.01397E-01, 3.33873E+00,-4.06111E+00, 2.96667E+01,-4.06246E-01, 1.37252E+02, 2.96059E+01, 1.66072E+02, 6.92562E+01, 5.55331E-01, 2.60108E+00, 9.71915E+01, 2.97772E+01, 5.16589E-03, 6.98297E-05, 0.00000E+00, 0.00000E+00, 0.00000E+00,
 815, 1.62798E+01,TRUE,0, 2.60245E+03, 3.64715E+00, 1.43396E+00, 2.96379E+00, 7.51410E-02, 5.42711E-02, 1.87369E-01, 1.16852E-02, 8.77612E-01, 1.43393E+03,-1.03681E+00, 7.40899E+00,-1.00120E-01,-4.59717E-01, 1.16014E-03, 7.50802E-04, 1.43398E+03,-1.01274E+00, 7.40684E+00,-1.00757E-01, 3.33867E+00,-4.05747E+00, 2.96748E+01,-4.03675E-01, 1.30625E+02, 2.81250E+01, 1.61199E+02, 6.81668E+01, 5.55322E-01, 2.60106E+00, 9.69484E+01, 2.97770E+01, 5.16746E-03, 6.93952E-05, 0.00000E+00, 0.00000E+00, 0.00000E+00,
 816, 1.62998E+01,TRUE,0, 0.00000E+00, 3.64655E+00, 1.43390E+00, 2.96320E+00, 0.00000E+00, 0.00000E+00, 1.87397E-01, 0.00000E+00, 8.77747E-01, 1.43390E+03,-1.03602E+00, 7.41107E+00,-9.94849E-02,-4.04419E-01, 8.89301E-04, 7.38427E-04, 1.43393E+03,-1.03681E+00, 7.40899E+00,-1.00120E-01, 3.33861E+00,-4.15379E+00, 2.96829E+01,-4.01114E-01, 1.34483E+02, 2.89374E+01, 1.63949E+02, 6.87449E+01, 5.55294E-01, 2.60094E+00, 9.70705E+01, 2.97765E+01, 5.16896E-03, 6.89619E-05, 0.00000E+00, 0.00000E+00, 0.00000E+00,
 817, 1.63198E+01,TRUE,0, 0.00000E+00, 3.64654E+00, 1.43388E+00, 2.96322E+00, 0.00000E+00, 0.00000E+00, 1.87388E-01, 0.00000E+00, 8.77717E-01, 1.43388E+03,-1.03524E+00, 7.41314E+00,-9.88525E-02,-3.83667E-01, 9.35555E-04, 7.24174E-04, 1.43390E+03,-1.03602E+00, 7.41107E+00,-9.94849E-02, 3.33806E+00,-4.14997E+00, 2.96863E+01,-3.98504E-01, 1.38412E+02, 2.97450E+01, 1.66722E+02, 6.93137E+01, 5.55273E-01, 2.60087E+00, 9.71877E+01, 2.97762E+01, 5.17050E-03, 6.85300E-05, 0.00000E+00, 0.00000E+00, 0.00000E+00,
 818, 1.63398E+01,TRUE,0, 0.00000E+00, 3.64655E+00, 1.43386E+00, 2.96325E+00, 0.00000E+00, 0.00000E+00, 1.87381E-01, 0.00000E+00, 8.77695E-01, 1.43386E+03,-1.03446E+00, 7.41518E+00,-9.82069E-02,-3.62915E-01, 8.87394E-04, 7.97048E-04, 1.43388E+03,-1.03524E+00, 7.41314E+00,-9.88525E-02, 3.33800E+00,-4.14676E+00, 2.96940E+01,-3.95963E-01, 1.42413E+02, 3.05475E+01, 1.69517E+02, 6.98734E+01, 5.55258E-01, 2.60083E+00, 9.73002E+01, 2.97760E+01, 5.17197E-03, 6.80394E-05, 0.00000E+00, 0.00000E+00, 0.00000E+00,
 819, 1.63598E+01,TRUE,0, 2.49550E+03, 3.64656E+00, 1.43384E+00, 2.96328E+00, 8.14780E-02, 5.87004E-02, 1.87376E-01, 1.25606E-02, 8.77680E-01, 1.43381E+03,-1.05376E+00, 7.41719E+00,-9.75499E-02,-3.42163E-01, 8.48770E-04, 8.53047E-04, 1.43386E+03,-1.03446E+00, 7.41518E+00,-9.82069E-02, 3.33793E+00,-4.14355E+00, 2.97016E+01,-3.93370E-01, 1.34552E+02, 2.87911E+01, 1.63735E+02, 6.85842E+01, 5.55249E-01, 2.60081E+00, 9.70144E+01, 2.97759E+01, 5.17343E-03, 6.75504E-05, 0.00000E+00, 0.00000E+00, 0.00000E+00,
 820, 1.63798E+01,TRUE,0, 0.00000E+00, 3.64596E+00, 1.43379E+00, 2.96269E+00, 0.00000E+00, 0.00000E+00, 1.87404E-01, 0.00000E+00, 8.77820E-01, 1.43379E+03,-1.05306E+00, 7.41917E+00,-9.68829E-02,-2.93091E-01, 7.56741E-04, 8.96312E-04, 1.43381E+03,-1.05376E+00, 7.41719E+00,-9.75499E-02, 3.33786E+00,-4.22078E+00, 2.97091E+01,-3.90730E-01, 1.38474E+02, 2.95984E+01, 1.66501E+02, 6.91551E+01, 5.55221E-01, 2.60071E+00, 9.71339E+01, 2.97754E+01, 5.17493E-03, 6.70631E-05, 0.00000E+00, 0.00000E+00, 0.00000E+00,
 821, 1.63998E+01,TRUE,0, 0.00000E+00, 3.64595E+00, 1.43377E+00, 2.96271E+00, 0.00000E+00, 0.00000E+00, 1.87396E-01, 0.00000E+00, 8.77791E-01, 1.43377E+03,-1.05236E+00, 7.42114E+00,-9.62081E-02,-2.71973E-01, 8.28266E-04, 9.24684E-04, 1.43379E+03,-1.05306E+00, 7.41917E+00,-9.68829E-02, 3.33740E+00,-4.21740E+00, 2.97129E+01,-3.88005E-01, 1.42467E+02, 3.04008E+01, 1.69290E+02, 6.97170E+01, 5.55201E-01, 2.60064E+00, 9.72485E+01, 2.97752E+01, 5.17642E-03, 6.65773E-05, 0.00000E+00, 0.00000E+00, 0.00000E+00,
 822, 1.64198E+01,TRUE,0, 2.19759E+03, 3.64596E+00, 1.43375E+00, 2.96274E+00, 9.27656E-02, 6.66790E-02, 1.87389E-01, 1.41965E-02, 8.77770E-01, 1.43373E+03,-1.06839E+00, 7.42310E+00,-9.55269E-02,-2.50854E-01, 8.87394E-04, 9.42431E-04, 1.43377E+03,-1.05236E+00, 7.42114E+00,-9.62081E-02, 3.33734E+00,-4.21451E+00, 2.97202E+01,-3.85294E-01, 1.32940E+02, 2.83040E+01, 1.62330E+02, 6.81896E+01, 5.55186E-01, 2.60061E+00, 9.69156E+01, 2.97750E+01, 5.17790E-03, 6.60931E-05, 0.00000E+00, 0.00000E+00, 0.00000E+00,
 823, 1.64398E+01,TRUE,0, 0.00000E+00, 3.64531E+00, 1.43371E+00, 2.96211E+00, 0.00000E+00, 0.00000E+00, 1.87418E-01, 0.00000E+00, 8.77917E-01, 1.43371E+03,-1.06775E+00, 7.42504E+00,-9.48405E-02,-2.06177E-01, 8.96454E-04, 9.52877E-04, 1.43373E+03,-1.06839E+00, 7.42310E+00,-9.55269E-02, 3.33727E+00,-4.27860E+00, 2.97275E+01,-3.82559E-01, 1.36824E+02, 2.91133E+01, 1.65080E+02, 6.87666E+01, 5.55154E-01, 2.60049E+00, 9.70390E+01, 2.97744E+01, 5.17942E-03, 6.56105E-05, 0.00000E+00, 0.00000E+00, 0.00000E+00,
 824, 1.64598E+01,TRUE,0, 0.00000E+00, 3.64529E+00, 1.43368E+00, 2.96213E+00, 0.00000E+00, 0.00000E+00, 1.87409E-01, 0.00000E+00, 8.77884E-01, 1.43368E+03,-1.06712E+00, 7.42698E+00,-9.41505E-02,-1.84814E-01, 9.36985E-04, 9.54136E-04, 1.43371E+03,-1.06775E+00, 7.42504E+00,-9.48405E-02, 3.33687E+00,-4.27555E+00, 2.97317E+01,-3.79765E-01, 1.40779E+02, 2.99177E+01, 1.67854E+02, 6.93344E+01, 5.55129E-01, 2.60041E+00, 9.71574E+01, 2.97741E+01, 5.18087E-03, 6.51295E-05, 0.00000E+00, 0.00000E+00, 0.00000E+00,
 825, 1.64798E+01,TRUE,0, 1.98775E+03, 3.64529E+00, 1.43366E+00, 2.96216E+00, 1.01545E-01, 7.28494E-02, 1.87401E-01, 1.54532E-02, 8.77862E-01, 1.43365E+03,-1.07838E+00, 7.42890E+00,-9.34581E-02,-1.63452E-01, 9.67979E-04, 9.49554E-04, 1.43368E+03,-1.06712E+00, 7.42698E+00,-9.41505E-02, 3.33680E+00,-4.27291E+00, 2.97388E+01,-3.76994E-01, 1.30102E+02, 2.75980E+01, 1.60100E+02, 6.76554E+01, 5.55112E-01, 2.60037E+00, 9.67965E+01, 2.97739E+01, 5.18231E-03, 6.46501E-05, 0.00000E+00, 0.00000E+00, 0.00000E+00,
 826, 1.64998E+01,TRUE,0, 0.00000E+00, 3.64463E+00, 1.43363E+00, 2.96152E+00, 0.00000E+00, 0.00000E+00, 1.87430E-01, 0.00000E+00, 8.78009E-01, 1.43363E+03,-1.07779E+00, 7.43078E+00,-9.27640E-02,-1.25244E-01, 8.15868E-04, 9.41463E-04, 1.43365E+03,-1.07838E+00, 7.42890E+00,-9.34581E-02, 3.33674E+00,-4.31793E+00, 2.97459E+01,-3.74214E-01, 1.33927E+02, 2.84109E+01, 1.62830E+02, 6.82407E+01, 5.55077E-01, 2.60024E+00, 9.69246E+01, 2.97733E+01, 5.18367E-03, 6.41723E-05, 0.00000E+00, 0.00000E+00, 0.00000E+00,
 827, 1.65198E+01,TRUE,0, 0.00000E+00, 3.64461E+00, 1.43360E+00, 2.96154E+00, 0.00000E+00, 0.00000E+00, 1.87420E-01, 0.00000E+00, 8.77977E-01, 1.43360E+03,-1.07719E+00, 7.43265E+00,-9.20693E-02,-1.03638E-01, 8.63552E-04, 9.28529E-04, 1.43363E+03,-1.07779E+00, 7.43078E+00,-9.27640E-02, 3.33643E+00,-4.31515E+00, 2.97507E+01,-3.71401E-01, 1.37823E+02, 2.92190E+01, 1.65583E+02, 6.88169E+01, 5.55051E-01, 2.60016E+00, 9.70476E+01, 2.97729E+01, 5.18508E-03, 6.36960E-05, 0.00000E+00, 0.00000E+00, 0.00000E+00,
 828, 1.65398E+01,TRUE,0, 0.00000E+00, 3.64460E+00, 1.43358E+00, 2.96156E+00, 0.00000E+00, 0.00000E+00, 1.87412E-01, 0.00000E+00, 8.77955E-01, 1.43358E+03,-1.07659E+00, 7.43451E+00,-9.13749E-02,-8.20313E-02, 9.01222E-04, 9.13039E-04, 1.43360E+03,-1.07719E+00, 7.43265E+00,-9.20693E-02, 3.33636E+00,-4.31267E+00, 2.97576E+01,-3.68612E-01, 1.41791E+02, 3.00223E+01, 1.68358E+02, 6.93839E+01, 5.55032E-01, 2.60012E+00, 9.71657E+01, 2.97727E+01, 5.18648E-03, 6.32213E-05, 0.00000E+00, 0.00000E+00, 0.00000E+00,
 829, 1.65598E+01,TRUE,0, 2.17129E+03, 3.64461E+00, 1.43356E+00, 2.96159E+00, 9.38266E-02, 6.71631E-02, 1.87406E-01, 1.41947E-02, 8.77941E-01, 1.43355E+03,-1.08004E+00, 7.43636E+00,-9.06813E-02,-6.04248E-02, 9.28879E-04, 8.95813E-04, 1.43358E+03,-1.07659E+00, 7.43451E+00,-9.13749E-02, 3.33629E+00,-4.31016E+00, 2.97644E+01,-3.65824E-01, 1.32147E+02, 2.79289E+01, 1.61361E+02, 6.78717E+01, 5.55020E-01, 2.60010E+00, 9.68416E+01, 2.97726E+01, 5.18786E-03, 6.27482E-05, 0.00000E+00, 0.00000E+00, 0.00000E+00,
 830, 1.65798E+01,TRUE,0, 0.00000E+00, 3.64406E+00, 1.43353E+00, 2.96105E+00, 0.00000E+00, 0.00000E+00, 1.87431E-01, 0.00000E+00, 8.78067E-01, 1.43353E+03,-1.07944E+00, 7.43820E+00,-8.99891E-02,-3.30811E-02, 9.17435E-04, 8.77894E-04, 1.43355E+03,-1.08004E+00, 7.43636E+00,-9.06813E-02, 3.33622E+00,-4.32389E+00, 2.97712E+01,-3.63040E-01, 1.36004E+02, 2.87394E+01, 1.64099E+02, 6.84537E+01, 5.54992E-01, 2.60000E+00, 9.69679E+01, 2.97722E+01, 5.18924E-03, 6.22767E-05, 0.00000E+00, 0.00000E+00, 0.00000E+00,
 831, 1.65998E+01,TRUE,0, 0.00000E+00, 3.64405E+00, 1.43351E+00, 2.96107E+00, 0.00000E+00, 0.00000E+00, 1.87423E-01, 0.00000E+00, 8.78042E-01, 1.43351E+03,-1.07885E+00, 7.44002E+00,-8.92987E-02,-1.14746E-02, 9.35078E-04, 8.58985E-04, 1.43353E+03,-1.07944E+00, 7.43820E+00,-8.99891E-02, 3.33607E+00,-4.32132E+00, 2.97772E+01,-3.60252E-01, 1.39932E+02, 2.95451E+01, 1.66860E+02, 6.90264E+01, 5.54972E-01, 2.59995E+00, 9.70892E+01, 2.97719E+01, 5.19059E-03, 6.18068E-05, 0.00000E+00, 0.00000E+00, 0.00000E+00,
 832, 1.66197E+01,TRUE,0, 1.96890E+03, 3.64405E+00, 1.43349E+00, 2.96110E+00, 1.02293E-01, 7.31029E-02, 1.87416E-01, 1.54127E-02, 8.78024E-01, 1.43349E+03,-1.07750E+00, 7.44182E+00,-8.86105E-02, 1.01318E-02, 9.45091E-04, 8.40038E-04, 1.43351E+03,-1.07885E+00, 7.44002E+00,-8.92987E-02, 3.33600E+00,-4.31884E+00, 2.97839E+01,-3.57481E-01, 1.29209E+02, 2.72418E+01, 1.59122E+02, 6.73716E+01, 5.54958E-01, 2.59992E+00, 9.67379E+01, 2.97717E+01, 5.19194E-03, 6.13384E-05, 0.00000E+00, 0.00000E+00, 0.00000E+00,
 833, 1.66397E+01,TRUE,0, 0.00000E+00, 3.64350E+00, 1.43347E+00, 2.96056E+00, 0.00000E+00, 0.00000E+00, 1.87440E-01, 0.00000E+00, 8.78148E-01, 1.43347E+03,-1.07689E+00, 7.44364E+00,-8.79249E-02, 3.07617E-02, 1.03998E-03, 8.21345E-04, 1.43349E+03,-1.07750E+00, 7.44182E+00,-8.86105E-02, 3.33593E+00,-4.31337E+00, 2.97905E+01,-3.54719E-01, 1.33007E+02, 2.80562E+01, 1.61840E+02, 6.79615E+01, 5.54929E-01, 2.59981E+00, 9.68684E+01, 2.97712E+01, 5.19333E-03, 6.08716E-05, 0.00000E+00, 0.00000E+00, 0.00000E+00,
 834, 1.66597E+01,TRUE,0, 0.00000E+00, 3.64348E+00, 1.43345E+00, 2.96058E+00, 0.00000E+00, 0.00000E+00, 1.87432E-01, 0.00000E+00, 8.78121E-01, 1.43345E+03,-1.07628E+00, 7.44545E+00,-8.72421E-02, 5.23682E-02, 1.10531E-03, 8.03299E-04, 1.43347E+03,-1.07689E+00, 7.44364E+00,-8.79249E-02, 3.33588E+00,-4.31086E+00, 2.97973E+01,-3.51968E-01, 1.36876E+02, 2.88659E+01, 1.64582E+02, 6.85421E+01, 5.54907E-01, 2.59975E+00, 9.69936E+01, 2.97708E+01, 5.19471E-03, 6.04063E-05, 0.00000E+00, 0.00000E+00, 0.00000E+00,
 835, 1.66797E+01,TRUE,0, 1.82314E+03, 3.64348E+00, 1.43343E+00, 2.96060E+00, 1.08182E-01, 7.72383E-02, 1.87425E-01, 1.62746E-02, 8.78103E-01, 1.43343E+03,-1.06995E+00, 7.44726E+00,-8.65621E-02, 7.39746E-02, 1.15061E-03, 7.86081E-04, 1.43345E+03,-1.07628E+00, 7.44545E+00,-8.72421E-02, 3.33581E+00,-4.30832E+00, 2.98039E+01,-3.49227E-01, 1.25582E+02, 2.64611E+01, 1.56470E+02, 6.68218E+01, 5.54892E-01, 2.59971E+00, 9.66310E+01, 2.97706E+01, 5.19608E-03, 5.99427E-05, 0.00000E+00, 0.00000E+00, 0.00000E+00,
 836, 1.66997E+01,TRUE,0, 0.00000E+00, 3.64295E+00, 1.43341E+00, 2.96008E+00, 0.00000E+00, 0.00000E+00, 1.87448E-01, 0.00000E+00, 8.78221E-01, 1.43341E+03,-1.06931E+00, 7.44905E+00,-8.58853E-02, 8.75244E-02, 1.13440E-03, 7.69354E-04, 1.43343E+03,-1.06995E+00, 7.44726E+00,-8.65621E-02, 3.33574E+00,-4.28289E+00, 2.98105E+01,-3.46498E-01, 1.29311E+02, 2.72802E+01, 1.59167E+02, 6.74207E+01, 5.54863E-01, 2.59961E+00, 9.67658E+01, 2.97701E+01, 5.19737E-03, 5.94806E-05, 0.00000E+00, 0.00000E+00, 0.00000E+00,
 837, 1.67197E+01,TRUE,0, 0.00000E+00, 3.64293E+00, 1.43339E+00, 2.96010E+00, 0.00000E+00, 0.00000E+00, 1.87440E-01, 0.00000E+00, 8.78195E-01, 1.43339E+03,-1.06866E+00, 7.45083E+00,-8.52116E-02, 1.09009E-01, 1.07241E-03, 7.54237E-04, 1.43341E+03,-1.06931E+00, 7.44905E+00,-8.58853E-02, 3.33578E+00,-4.28037E+00, 2.98181E+01,-3.43794E-01, 1.33111E+02, 2.80948E+01, 1.61888E+02, 6.80102E+01, 5.54841E-01, 2.59954E+00, 9.68951E+01, 2.97698E+01, 5.19865E-03, 5.90200E-05, 0.00000E+00, 0.00000E+00, 0.00000E+00,
 838, 1.67397E+01,TRUE,0, 0.00000E+00, 3.64292E+00, 1.43337E+00, 2.96012E+00, 0.00000E+00, 0.00000E+00, 1.87434E-01, 0.00000E+00, 8.78177E-01, 1.43337E+03,-1.06801E+00, 7.45258E+00,-8.45411E-02, 1.30371E-01, 1.01566E-03, 7.40238E-04, 1.43339E+03,-1.06866E+00, 7.45083E+00,-8.52116E-02, 3.33571E+00,-4.27769E+00, 2.98246E+01,-3.41090E-01, 1.36982E+02, 2.89048E+01, 1.64631E+02, 6.85904E+01, 5.54825E-01, 2.59951E+00, 9.70193E+01, 2.97696E+01, 5.19992E-03, 5.85611E-05, 0.00000E+00, 0.00000E+00, 0.00000E+00,
 839, 1.67597E+01,TRUE,0, 2.16478E+03, 3.64293E+00, 1.43335E+00, 2.96014E+00, 9.12364E-02, 6.50986E-02, 1.87429E-01, 1.37242E-02, 8.78165E-01, 1.43336E+03,-1.05748E+00, 7.45433E+00,-8.38578E-02, 1.51733E-01, 1.04856E-03, 8.13358E-04, 1.43337E+03,-1.06801E+00, 7.45258E+00,-8.45411E-02, 3.33564E+00,-4.27500E+00, 2.98310E+01,-3.38399E-01, 1.28066E+02, 2.69993E+01, 1.58224E+02, 6.72273E+01, 5.54815E-01, 2.59949E+00, 9.67308E+01, 2.97695E+01, 5.20123E-03, 5.80437E-05, 0.00000E+00, 0.00000E+00, 0.00000E+00,
 840, 1.67797E+01,TRUE,0, 0.00000E+00, 3.64253E+00, 1.43334E+00, 2.95975E+00, 0.00000E+00, 0.00000E+00, 1.87446E-01, 0.00000E+00, 8.78256E-01, 1.43334E+03,-1.05678E+00, 7.45608E+00,-8.31635E-02, 1.59180E-01, 1.14107E-03, 8.68782E-04, 1.43336E+03,-1.05748E+00, 7.45433E+00,-8.38578E-02, 3.33558E+00,-4.23276E+00, 2.98374E+01,-3.35657E-01, 1.31841E+02, 2.78157E+01, 1.60936E+02, 6.78199E+01, 5.54794E-01, 2.59942E+00, 9.68616E+01, 2.97691E+01, 5.20254E-03, 5.75282E-05, 0.00000E+00, 0.00000E+00, 0.00000E+00,
 841, 1.67997E+01,TRUE,0, 0.00000E+00, 3.64252E+00, 1.43332E+00, 2.95977E+00, 0.00000E+00, 0.00000E+00, 1.87440E-01, 0.00000E+00, 8.78237E-01, 1.43332E+03,-1.05608E+00, 7.45782E+00,-8.24599E-02, 1.80420E-01, 1.13583E-03, 9.10491E-04, 1.43334E+03,-1.05678E+00, 7.45608E+00,-8.31635E-02, 3.33570E+00,-4.23013E+00, 2.98455E+01,-3.32890E-01, 1.35687E+02, 2.86274E+01, 1.63673E+02, 6.84033E+01, 5.54778E-01, 2.59938E+00, 9.69871E+01, 2.97688E+01, 5.20383E-03, 5.70146E-05, 0.00000E+00, 0.00000E+00, 0.00000E+00,
 842, 1.68197E+01,TRUE,0, 1.96303E+03, 3.64253E+00, 1.43330E+00, 2.95979E+00, 9.97295E-02, 7.11170E-02, 1.87435E-01, 1.49944E-02, 8.78223E-01, 1.43332E+03,-1.04105E+00, 7.45956E+00,-8.17488E-02, 2.01538E-01, 1.12152E-03, 9.39570E-04, 1.43332E+03,-1.05608E+00, 7.45782E+00,-8.24599E-02, 3.33563E+00,-4.22724E+00, 2.98519E+01,-3.30067E-01, 1.25682E+02, 2.64989E+01, 1.56503E+02, 6.68841E+01, 5.54768E-01, 2.59936E+00, 9.66663E+01, 2.97687E+01, 5.20510E-03, 5.65028E-05, 0.00000E+00, 0.00000E+00, 0.00000E+00,
 843, 1.68397E+01,TRUE,0, 0.00000E+00, 3.64213E+00, 1.43330E+00, 2.95940E+00, 0.00000E+00, 0.00000E+00, 1.87452E-01, 0.00000E+00, 8.78313E-01, 1.43330E+03,-1.04029E+00, 7.46129E+00,-8.10319E-02, 2.02393E-01, 1.20831E-03, 9.56804E-04, 1.43332E+03,-1.04105E+00, 7.45956E+00,-8.17488E-02, 3.33556E+00,-4.16698E+00, 2.98582E+01,-3.27214E-01, 1.29412E+02, 2.73186E+01, 1.59203E+02, 6.74824E+01, 5.54747E-01, 2.59928E+00, 9.67996E+01, 2.97683E+01, 5.20637E-03, 5.59929E-05, 0.00000E+00, 0.00000E+00, 0.00000E+00,
 844, 1.68597E+01,TRUE,0, 0.00000E+00, 3.64212E+00, 1.43328E+00, 2.95942E+00, 0.00000E+00, 0.00000E+00, 1.87446E-01, 0.00000E+00, 8.78292E-01, 1.43328E+03,-1.03952E+00, 7.46302E+00,-8.03103E-02, 2.23267E-01, 1.16348E-03, 9.66415E-04, 1.43330E+03,-1.04029E+00, 7.46129E+00,-8.10319E-02, 3.33578E+00,-4.16421E+00, 2.98671E+01,-3.24366E-01, 1.33214E+02, 2.81337E+01, 1.61925E+02, 6.80713E+01, 5.54731E-01, 2.59924E+00, 9.69276E+01, 2.97680E+01, 5.20762E-03, 5.54848E-05, 0.00000E+00, 0.00000E+00, 0.00000E+00,
 845, 1.68797E+01,TRUE,0, 1.81795E+03, 3.64213E+00, 1.43326E+00, 2.95944E+00, 1.05743E-01, 7.54068E-02, 1.87441E-01, 1.59212E-02, 8.78278E-01, 1.43328E+03,-1.02035E+00, 7.46472E+00,-7.95854E-02, 2.44141E-01, 1.11675E-03, 9.68628E-04, 1.43328E+03,-1.03952E+00, 7.46302E+00,-8.03103E-02, 3.33572E+00,-4.16107E+00, 2.98734E+01,-3.21471E-01, 1.22590E+02, 2.58834E+01, 1.54334E+02, 6.64683E+01, 5.54720E-01, 2.59921E+00, 9.65897E+01, 2.97679E+01, 5.20886E-03, 5.49785E-05, 0.00000E+00, 0.00000E+00, 0.00000E+00,
 846, 1.68997E+01,TRUE,0, 0.00000E+00, 3.64173E+00, 1.43326E+00, 2.95906E+00, 0.00000E+00, 0.00000E+00, 1.87458E-01, 0.00000E+00, 8.78365E-01, 1.43326E+03,-1.01951E+00, 7.46642E+00,-7.88584E-02, 2.38892E-01, 1.12200E-03, 9.63412E-04, 1.43328E+03,-1.02035E+00, 7.46472E+00,-7.95854E-02, 3.33565E+00,-4.08424E+00, 2.98796E+01,-3.18563E-01, 1.26265E+02, 2.67072E+01, 1.57017E+02, 6.70734E+01, 5.54699E-01, 2.59914E+00, 9.67261E+01, 2.97674E+01, 5.21003E-03, 5.44741E-05, 0.00000E+00, 0.00000E+00, 0.00000E+00,
 847, 1.69197E+01,TRUE,0, 0.00000E+00, 3.64173E+00, 1.43324E+00, 2.95908E+00, 0.00000E+00, 0.00000E+00, 1.87451E-01, 0.00000E+00, 8.78344E-01, 1.43324E+03,-1.01867E+00, 7.46809E+00,-7.81303E-02, 2.59277E-01, 1.06907E-03, 9.55135E-04, 1.43326E+03,-1.01951E+00, 7.46642E+00,-7.88584E-02, 3.33595E+00,-4.08124E+00, 2.98891E+01,-3.15682E-01, 1.30010E+02, 2.75264E+01, 1.59724E+02, 6.76691E+01, 5.54684E-01, 2.59909E+00, 9.68570E+01, 2.97672E+01, 5.21124E-03, 5.39715E-05, 0.00000E+00, 0.00000E+00, 0.00000E+00,
 848, 1.69397E+01,TRUE,0, 0.00000E+00, 3.64173E+00, 1.43322E+00, 2.95910E+00, 0.00000E+00, 0.00000E+00, 1.87446E-01, 0.00000E+00, 8.78329E-01, 1.43322E+03,-1.01783E+00, 7.46975E+00,-7.74018E-02, 2.79663E-01, 1.01757E-03, 9.43191E-04, 1.43324E+03,-1.01867E+00, 7.46809E+00,-7.81303E-02, 3.33589E+00,-4.07780E+00, 2.98953E+01,-3.12761E-01, 1.33825E+02, 2.83410E+01, 1.62454E+02, 6.82554E+01, 5.54673E-01, 2.59907E+00, 9.69827E+01, 2.97670E+01, 5.21244E-03, 5.34708E-05, 0.00000E+00, 0.00000E+00, 0.00000E+00,
 849, 1.69597E+01,TRUE,0, 2.16009E+03, 3.64175E+00, 1.43320E+00, 2.95913E+00, 8.93579E-02, 6.37532E-02, 1.87442E-01, 1.34952E-02, 8.78318E-01, 1.43314E+03,-1.06162E+00, 7.47137E+00,-7.66738E-02,-6.99951E-01, 8.81672E-04, 9.28529E-04, 1.43322E+03,-1.01783E+00, 7.46975E+00,-7.74018E-02, 3.33583E+00,-4.07437E+00, 2.99014E+01,-3.09839E-01, 1.25407E+02, 2.65460E+01, 1.56428E+02, 6.69739E+01, 5.54666E-01, 2.59906E+00, 9.67100E+01, 2.97670E+01, 5.21357E-03, 5.29719E-05, 0.00000E+00, 0.00000E+00, 0.00000E+00,
 850, 1.69797E+01,TRUE,0, 0.00000E+00, 3.64090E+00, 1.43312E+00, 2.95829E+00, 0.00000E+00, 0.00000E+00, 1.87484E-01, 0.00000E+00, 8.78520E-01, 1.43312E+03,-1.06096E+00, 7.47292E+00,-7.59462E-02,-6.16089E-01, 5.15938E-04, 9.15334E-04, 1.43314E+03,-1.06162E+00, 7.47137E+00,-7.66738E-02, 3.33577E+00,-4.24956E+00, 2.99073E+01,-3.06919E-01, 1.29137E+02, 2.73665E+01, 1.59131E+02, 6.75712E+01, 5.54631E-01, 2.59891E+00, 9.68416E+01, 2.97663E+01, 5.21475E-03, 5.24748E-05, 0.00000E+00, 0.00000E+00, 0.00000E+00,
 851, 1.69997E+01,TRUE,0, 0.00000E+00, 3.64087E+00, 1.43309E+00, 2.95830E+00, 0.00000E+00, 0.00000E+00, 1.87474E-01, 0.00000E+00, 8.78484E-01, 1.43309E+03,-1.06031E+00, 7.47446E+00,-7.52203E-02,-5.94849E-01, 5.45502E-04, 8.96864E-04, 1.43312E+03,-1.06096E+00, 7.47292E+00,-7.59462E-02, 3.33482E+00,-4.24574E+00, 2.99050E+01,-3.03920E-01, 1.32938E+02, 2.81823E+01, 1.61857E+02, 6.81591E+01, 5.54605E-01, 2.59882E+00, 9.69680E+01, 2.97658E+01, 5.21591E-03, 5.19795E-05, 0.00000E+00, 0.00000E+00, 0.00000E+00,
 852, 1.70197E+01,TRUE,0, 1.95871E+03, 3.64086E+00, 1.43307E+00, 2.95832E+00, 9.78851E-02, 6.98468E-02, 1.87466E-01, 1.48023E-02, 8.78459E-01, 1.43302E+03,-1.09971E+00, 7.47598E+00,-7.44966E-02,-5.73608E-01, 5.69344E-04, 8.77820E-04, 1.43309E+03,-1.06031E+00, 7.47446E+00,-7.52203E-02, 3.33475E+00,-4.24303E+00, 2.99105E+01,-3.01009E-01, 1.23418E+02, 2.61554E+01, 1.55051E+02, 6.67126E+01, 5.54586E-01, 2.59877E+00, 9.66601E+01, 2.97656E+01, 5.21707E-03, 5.14861E-05, 0.00000E+00, 0.00000E+00, 0.00000E+00,
 853, 1.70397E+01,TRUE,0, 0.00000E+00, 3.63999E+00, 1.43300E+00, 2.95747E+00, 0.00000E+00, 0.00000E+00, 1.87505E-01, 0.00000E+00, 8.78654E-01, 1.43300E+03,-1.09922E+00, 7.47745E+00,-7.37749E-02,-4.95361E-01, 3.70979E-04, 8.61645E-04, 1.43302E+03,-1.09971E+00, 7.47598E+00,-7.44966E-02, 3.33468E+00,-4.40063E+00, 2.99160E+01,-2.98107E-01, 1.27112E+02, 2.69786E+01, 1.57743E+02, 6.73142E+01, 5.54542E-01, 2.59859E+00, 9.67936E+01, 2.97647E+01, 5.21827E-03, 5.09945E-05, 0.00000E+00, 0.00000E+00, 0.00000E+00,
 854, 1.70597E+01,TRUE,0, 0.00000E+00, 3.63994E+00, 1.43297E+00, 2.95748E+00, 0.00000E+00, 0.00000E+00, 1.87493E-01, 0.00000E+00, 8.78613E-01, 1.43297E+03,-1.09872E+00, 7.47893E+00,-7.30561E-02,-4.73267E-01, 5.04494E-04, 8.42199E-04, 1.43300E+03,-1.09922E+00, 7.47745E+00,-7.37749E-02, 3.33382E+00,-4.39751E+00, 2.99142E+01,-2.95143E-01, 1.30878E+02, 2.77971E+01, 1.60460E+02, 6.79064E+01, 5.54508E-01, 2.59848E+00, 9.69219E+01, 2.97643E+01, 5.21946E-03, 5.05047E-05, 0.00000E+00, 0.00000E+00, 0.00000E+00,
 855, 1.70797E+01,TRUE,0, 1.81404E+03, 3.63992E+00, 1.43295E+00, 2.95749E+00, 1.04005E-01, 7.42618E-02, 1.87484E-01, 1.57720E-02, 8.78586E-01, 1.43290E+03,-1.13172E+00, 7.48040E+00,-7.23405E-02,-4.51294E-01, 5.26905E-04, 8.23379E-04, 1.43297E+03,-1.09872E+00, 7.47893E+00,-7.30561E-02, 3.33375E+00,-4.39541E+00, 2.99195E+01,-2.92261E-01, 1.20703E+02, 2.56353E+01, 1.53195E+02, 6.63645E+01, 5.54483E-01, 2.59841E+00, 9.65938E+01, 2.97640E+01, 5.22057E-03, 5.00167E-05, 0.00000E+00, 0.00000E+00, 0.00000E+00,
 856, 1.70997E+01,TRUE,0, 0.00000E+00, 3.63906E+00, 1.43288E+00, 2.95667E+00, 0.00000E+00, 0.00000E+00, 1.87521E-01, 0.00000E+00, 8.78773E-01, 1.43288E+03,-1.13135E+00, 7.48179E+00,-7.16277E-02,-3.81592E-01, 2.04086E-04, 8.07814E-04, 1.43290E+03,-1.13172E+00, 7.48040E+00,-7.23405E-02, 3.33368E+00,-4.52736E+00, 2.99247E+01,-2.89392E-01, 1.24350E+02, 2.64620E+01, 1.55874E+02, 6.69718E+01, 5.54435E-01, 2.59824E+00, 9.67300E+01, 2.97632E+01, 5.22161E-03, 4.95305E-05, 0.00000E+00, 0.00000E+00, 0.00000E+00,
 857, 1.71197E+01,TRUE,0, 0.00000E+00, 3.63901E+00, 1.43286E+00, 2.95667E+00, 0.00000E+00, 0.00000E+00, 1.87508E-01, 0.00000E+00, 8.78735E-01, 1.43286E+03,-1.13097E+00, 7.48317E+00,-7.09183E-02,-3.58887E-01, 2.78473E-04, 7.90380E-04, 1.43288E+03,-1.13135E+00, 7.48179E+00,-7.16277E-02, 3.33294E+00,-4.52486E+00, 2.99236E+01,-2.86477E-01, 1.28067E+02, 2.72842E+01, 1.58577E+02, 6.75695E+01, 5.54399E-01, 2.59813E+00, 9.68608E+01, 2.97627E+01, 5.22271E-03, 4.90461E-05, 0.00000E+00, 0.00000E+00, 0.00000E+00,
 858, 1.71397E+01,TRUE,0, 0.00000E+00, 3.63898E+00, 1.43284E+00, 2.95667E+00, 0.00000E+00, 0.00000E+00, 1.87499E-01, 0.00000E+00, 8.78711E-01, 1.43284E+03,-1.13058E+00, 7.48455E+00,-7.02126E-02,-3.36182E-01, 3.40939E-04, 7.74108E-04, 1.43286E+03,-1.13097E+00, 7.48317E+00,-7.09183E-02, 3.33286E+00,-4.52323E+00, 2.99285E+01,-2.83633E-01, 1.31855E+02, 2.81016E+01, 1.61303E+02, 6.81579E+01, 5.54372E-01, 2.59806E+00, 9.69864E+01, 2.97624E+01, 5.22379E-03, 4.85636E-05, 0.00000E+00, 0.00000E+00, 0.00000E+00,
 859, 1.71597E+01,TRUE,0, 2.15638E+03, 3.63896E+00, 1.43281E+00, 2.95668E+00, 8.80391E-02, 6.29360E-02, 1.87492E-01, 1.34087E-02, 8.78696E-01, 1.43279E+03,-1.14991E+00, 7.48592E+00,-6.95104E-02,-3.13477E-01, 3.91960E-04, 7.59065E-04, 1.43284E+03,-1.13058E+00, 7.48455E+00,-7.02126E-02, 3.33279E+00,-4.52156E+00, 2.99333E+01,-2.80804E-01, 1.23766E+02, 2.63687E+01, 1.55511E+02, 6.69171E+01, 5.54353E-01, 2.59803E+00, 9.67192E+01, 2.97623E+01, 5.22485E-03, 4.80828E-05, 0.00000E+00, 0.00000E+00, 0.00000E+00,
 860, 1.71797E+01,TRUE,0, 0.00000E+00, 3.63831E+00, 1.43276E+00, 2.95606E+00, 0.00000E+00, 0.00000E+00, 1.87519E-01, 0.00000E+00, 8.78842E-01, 1.43276E+03,-1.14958E+00, 7.48727E+00,-6.87955E-02,-2.62695E-01, 3.70026E-04, 8.32543E-04, 1.43279E+03,-1.14991E+00, 7.48592E+00,-6.95104E-02, 3.33271E+00,-4.59876E+00, 2.99381E+01,-2.77990E-01, 1.27474E+02, 2.71917E+01, 1.58212E+02, 6.75158E+01, 5.54318E-01, 2.59791E+00, 9.68504E+01, 2.97617E+01, 5.22597E-03, 4.75439E-05, 0.00000E+00, 0.00000E+00, 0.00000E+00,
 861, 1.71997E+01,TRUE,0, 0.00000E+00, 3.63827E+00, 1.43274E+00, 2.95606E+00, 0.00000E+00, 0.00000E+00, 1.87510E-01, 0.00000E+00, 8.78816E-01, 1.43274E+03,-1.14925E+00, 7.48862E+00,-6.80701E-02,-2.39624E-01, 4.11510E-04, 8.87588E-04, 1.43276E+03,-1.14958E+00, 7.48727E+00,-6.87955E-02, 3.33224E+00,-4.59681E+00, 2.99393E+01,-2.75092E-01, 1.31253E+02, 2.80099E+01, 1.60936E+02, 6.81050E+01, 5.54291E-01, 2.59783E+00, 9.69764E+01, 2.97613E+01, 5.22701E-03, 4.70071E-05, 0.00000E+00, 0.00000E+00, 0.00000E+00,
 862, 1.72197E+01,TRUE,0, 1.95542E+03, 3.63825E+00, 1.43272E+00, 2.95607E+00, 9.65955E-02, 6.90914E-02, 1.87503E-01, 1.47402E-02, 8.78800E-01, 1.43270E+03,-1.16386E+00, 7.48995E+00,-6.73358E-02,-2.16553E-01, 4.43935E-04, 9.28067E-04, 1.43274E+03,-1.14925E+00, 7.48862E+00,-6.80701E-02, 3.33216E+00,-4.59536E+00, 2.99439E+01,-2.72184E-01, 1.22053E+02, 2.60392E+01, 1.54349E+02, 6.66934E+01, 5.54271E-01, 2.59779E+00, 9.66725E+01, 2.97610E+01, 5.22805E-03, 4.64724E-05, 0.00000E+00, 0.00000E+00, 0.00000E+00,
 863, 1.72397E+01,TRUE,0, 0.00000E+00, 3.63760E+00, 1.43267E+00, 2.95543E+00, 0.00000E+00, 0.00000E+00, 1.87531E-01, 0.00000E+00, 8.78945E-01, 1.43267E+03,-1.16357E+00, 7.49126E+00,-6.65942E-02,-1.72241E-01, 4.41551E-04, 9.57049E-04, 1.43270E+03,-1.16386E+00, 7.48995E+00,-6.73358E-02, 3.33208E+00,-4.65371E+00, 2.99485E+01,-2.69242E-01, 1.25731E+02, 2.68644E+01, 1.57041E+02, 6.72956E+01, 5.54235E-01, 2.59766E+00, 9.68056E+01, 2.97604E+01, 5.22913E-03, 4.59398E-05, 0.00000E+00, 0.00000E+00, 0.00000E+00,
 864, 1.72597E+01,TRUE,0, 0.00000E+00, 3.63755E+00, 1.43265E+00, 2.95543E+00, 0.00000E+00, 0.00000E+00, 1.87521E-01, 0.00000E+00, 8.78918E-01, 1.43265E+03,-1.16327E+00, 7.49259E+00,-6.58470E-02,-1.48926E-01, 5.45979E-04, 9.74223E-04, 1.43267E+03,-1.16357E+00, 7.49126E+00,-6.65942E-02, 3.33170E+00,-4.65202E+00, 2.99504E+01,-2.66246E-01, 1.29480E+02, 2.76848E+01, 1.59756E+02, 6.78884E+01, 5.54207E-01, 2.59758E+00, 9.69333E+01, 2.97600E+01, 5.23019E-03, 4.54092E-05, 0.00000E+00, 0.00000E+00, 0.00000E+00,
 865, 1.72797E+01,TRUE,0, 1.81118E+03, 3.63753E+00, 1.43263E+00, 2.95544E+00, 1.02795E-01, 7.35982E-02, 1.87514E-01, 1.57359E-02, 8.78900E-01, 1.43261E+03,-1.17221E+00, 7.49391E+00,-6.50957E-02,-1.25610E-01, 6.27041E-04, 9.82583E-04, 1.43265E+03,-1.16327E+00, 7.49259E+00,-6.58470E-02, 3.33162E+00,-4.65071E+00, 2.99550E+01,-2.63253E-01, 1.19597E+02, 2.55709E+01, 1.52684E+02, 6.63741E+01, 5.54187E-01, 2.59754E+00, 9.66075E+01, 2.97597E+01, 5.23125E-03, 4.48808E-05, 0.00000E+00, 0.00000E+00, 0.00000E+00,
 866, 1.72997E+01,TRUE,0, 0.00000E+00, 3.63689E+00, 1.43259E+00, 2.95483E+00, 0.00000E+00, 0.00000E+00, 1.87541E-01, 0.00000E+00, 8.79039E-01, 1.43259E+03,-1.17193E+00, 7.49521E+00,-6.43413E-02,-8.91113E-02, 5.30243E-04, 9.84266E-04, 1.43261E+03,-1.17221E+00, 7.49391E+00,-6.50957E-02, 3.33154E+00,-4.68631E+00, 2.99596E+01,-2.60243E-01, 1.23232E+02, 2.63991E+01, 1.55364E+02, 6.69815E+01, 5.54151E-01, 2.59741E+00, 9.67432E+01, 2.97591E+01, 5.23223E-03, 4.43544E-05, 0.00000E+00, 0.00000E+00, 0.00000E+00,
 867, 1.73197E+01,TRUE,0, 0.00000E+00, 3.63685E+00, 1.43257E+00, 2.95482E+00, 0.00000E+00, 0.00000E+00, 1.87532E-01, 0.00000E+00, 8.79013E-01, 1.43257E+03,-1.17163E+00, 7.49651E+00,-6.35852E-02,-6.56738E-02, 6.01768E-04, 9.79356E-04, 1.43259E+03,-1.17193E+00, 7.49521E+00,-6.43413E-02, 3.33128E+00,-4.68481E+00, 2.99624E+01,-2.57207E-01, 1.26938E+02, 2.72227E+01, 1.58067E+02, 6.75793E+01, 5.54123E-01, 2.59733E+00, 9.68735E+01, 2.97586E+01, 5.23327E-03, 4.38301E-05, 0.00000E+00, 0.00000E+00, 0.00000E+00,
 868, 1.73397E+01,TRUE,0, 0.00000E+00, 3.63682E+00, 1.43254E+00, 2.95482E+00, 0.00000E+00, 0.00000E+00, 1.87525E-01, 0.00000E+00, 8.78996E-01, 1.43254E+03,-1.17133E+00, 7.49779E+00,-6.28284E-02,-4.22363E-02, 5.67913E-04, 9.69853E-04, 1.43257E+03,-1.17163E+00, 7.49651E+00,-6.35852E-02, 3.33120E+00,-4.68353E+00, 2.99668E+01,-2.54178E-01, 1.30715E+02, 2.80416E+01, 1.60794E+02, 6.81677E+01, 5.54102E-01, 2.59728E+00, 9.69985E+01, 2.97584E+01, 5.23423E-03, 4.33079E-05, 0.00000E+00, 0.00000E+00, 0.00000E+00,
 869, 1.73597E+01,TRUE,0, 2.15379E+03, 3.63680E+00, 1.43252E+00, 2.95483E+00, 8.71299E-02, 6.24771E-02, 1.87519E-01, 1.33976E-02, 8.78985E-01, 1.43252E+03,-1.17219E+00, 7.49907E+00,-6.20716E-02,-1.87988E-02, 6.20842E-04, 9.56837E-04, 1.43254E+03,-1.17133E+00, 7.49779E+00,-6.28284E-02, 3.33112E+00,-4.68221E+00, 2.99712E+01,-2.51146E-01, 1.22838E+02, 2.63415E+01, 1.55136E+02, 6.69439E+01, 5.54087E-01, 2.59725E+00, 9.67320E+01, 2.97582E+01, 5.23524E-03, 4.27877E-05, 0.00000E+00, 0.00000E+00, 0.00000E+00,
 870, 1.73797E+01,TRUE,1, 0.00000E+00, 7.41851E+01, 1.43249E+00, 7.35031E+01, 0.00000E+00, 0.00000E+00, 9.19260E-03, 0.00000E+00, 4.30904E-02, 1.43249E+03,-1.17188E+00, 7.50023E+00,-6.14836E-02, 6.34766E-03, 6.48022E-04, 9.41318E-04, 1.43252E+03,-1.17219E+00, 7.49907E+00,-6.20716E-02, 3.33104E+00,-4.68554E+00, 2.99756E+01,-2.48115E-01, 1.26538E+02, 2.71655E+01, 1.57838E+02, 6.75423E+01, 6.75685E-01, 3.16728E+00, 9.68627E+01, 3.24301E+01, 5.23624E-03, 4.22696E-05, 0.00000E+00, 0.00000E+00, 0.00000E+00,
 871, 1.73997E+01,TRUE,1, 0.00000E+00, 7.43276E+01, 1.43247E+00, 7.34997E+01, 0.00000E+00, 0.00000E+00, 1.11392E-02, 0.00000E+00, 5.12137E-02, 1.43247E+03,-1.17155E+00, 7.50137E+00,-6.09056E-02, 2.97852E-02, 7.97749E-04, 1.10721E-03, 1.43249E+03,-1.17188E+00, 7.50023E+00,-6.14836E-02, 3.33093E+00,-4.68412E+00, 2.99793E+01,-2.45757E-01, 1.30309E+02, 2.79848E+01, 1.60563E+02, 6.81312E+01, 8.18726E-01, 3.76419E+00, 9.69882E+01, 3.49380E+01, 5.23722E-03, 4.17536E-05, 0.00000E+00, 0.00000E+00, 0.00000E+00,
 872, 1.74197E+01,TRUE,1, 1.95316E+03, 7.44925E+01, 1.43245E+00, 7.34962E+01, 9.57163E-02, 6.86845E-02, 1.33747E-02, 1.47450E-02, 5.95994E-02, 1.43245E+03,-1.16756E+00, 7.50250E+00,-6.03359E-02, 5.32227E-02, 9.46999E-04, 1.27953E-03, 1.43247E+03,-1.17155E+00, 7.50137E+00,-6.09056E-02, 3.33085E+00,-4.68270E+00, 2.99832E+01,-2.43441E-01, 1.21311E+02, 2.60428E+01, 1.54098E+02, 6.67327E+01, 9.82989E-01, 4.38033E+00, 9.66840E+01, 3.72758E+01, 5.23820E-03, 4.12396E-05, 0.00000E+00, 0.00000E+00, 0.00000E+00,
 873, 1.74397E+01,TRUE,1, 0.00000E+00, 7.46795E+01, 1.43243E+00, 7.34930E+01, 0.00000E+00, 0.00000E+00, 1.58882E-02, 0.00000E+00, 6.81367E-02, 1.43243E+03,-1.16719E+00, 7.50362E+00,-5.97726E-02, 7.16553E-02, 1.12104E-03, 1.45635E-03, 1.43245E+03,-1.16756E+00, 7.50250E+00,-6.03359E-02, 3.33077E+00,-4.66663E+00, 2.99869E+01,-2.41158E-01, 1.24984E+02, 2.68686E+01, 1.56791E+02, 6.73343E+01, 1.16767E+00, 5.00757E+00, 9.68167E+01, 3.94381E+01, 5.23916E-03, 4.07276E-05, 0.00000E+00, 0.00000E+00, 0.00000E+00,
 874, 1.74597E+01,TRUE,1, 0.00000E+00, 7.48870E+01, 1.43240E+00, 7.34895E+01, 0.00000E+00, 0.00000E+00, 1.86609E-02, 0.00000E+00, 7.67107E-02, 1.43240E+03,-1.16682E+00, 7.50472E+00,-5.92137E-02, 9.50928E-02, 1.26553E-03, 1.63614E-03, 1.43243E+03,-1.16719E+00, 7.50362E+00,-5.97726E-02, 3.33076E+00,-4.66517E+00, 2.99913E+01,-2.38906E-01, 1.28728E+02, 2.76897E+01, 1.59508E+02, 6.79265E+01, 1.37138E+00, 5.63743E+00, 9.69440E+01, 4.14199E+01, 5.24011E-03, 4.02178E-05, 0.00000E+00, 0.00000E+00, 0.00000E+00,
 875, 1.74797E+01,TRUE,1, 1.80923E+03, 7.51135E+01, 1.43238E+00, 7.34861E+01, 1.01980E-01, 7.32596E-02, 2.16656E-02, 1.57560E-02, 8.52037E-02, 1.43239E+03,-1.15776E+00, 7.50581E+00,-5.86570E-02, 1.18530E-01, 1.40476E-03, 1.81659E-03, 1.43240E+03,-1.16682E+00, 7.50472E+00,-5.92137E-02, 3.33068E+00,-4.66358E+00, 2.99950E+01,-2.36666E-01, 1.19027E+02, 2.55991E+01, 1.52538E+02, 6.64210E+01, 1.59212E+00, 6.26129E+00, 9.66171E+01, 4.32178E+01, 5.24105E-03, 3.97099E-05, 0.00000E+00, 0.00000E+00, 0.00000E+00,
 876, 1.74997E+01,TRUE,1, 0.00000E+00, 7.53579E+01, 1.43237E+00, 7.34840E+01, 0.00000E+00, 0.00000E+00, 2.48674E-02, 0.00000E+00, 9.34983E-02, 1.43237E+03,-1.15734E+00, 7.50689E+00,-5.81001E-02, 1.29639E-01, 1.51730E-03, 1.99498E-03, 1.43239E+03,-1.15776E+00, 7.50581E+00,-5.86570E-02, 3.33060E+00,-4.62725E+00, 2.99986E+01,-2.34435E-01, 1.22659E+02, 2.64277E+01, 1.55219E+02, 6.70276E+01, 1.82735E+00, 6.87063E+00, 9.67524E+01, 4.48303E+01, 5.24192E-03, 3.92041E-05, 0.00000E+00, 0.00000E+00, 0.00000E+00,
 877, 1.75197E+01,TRUE,1, 0.00000E+00, 7.56149E+01, 1.43235E+00, 7.34806E+01, 0.00000E+00, 0.00000E+00, 2.82261E-02, 0.00000E+00, 1.01487E-01, 1.43235E+03,-1.15691E+00, 7.50796E+00,-5.75410E-02, 1.52832E-01, 1.64366E-03, 2.17003E-03, 1.43237E+03,-1.15734E+00, 7.50689E+00,-5.81001E-02, 3.33069E+00,-4.62568E+00, 3.00038E+01,-2.32216E-01, 1.26363E+02, 2.72516E+01, 1.57924E+02, 6.76247E+01, 2.07407E+00, 7.45735E+00, 9.68823E+01, 4.62583E+01, 5.24283E-03, 3.87003E-05, 0.00000E+00, 0.00000E+00, 0.00000E+00,
 878, 1.75397E+01,TRUE,1, 0.00000E+00, 7.58823E+01, 1.43232E+00, 7.34771E+01, 0.00000E+00, 0.00000E+00, 3.16955E-02, 0.00000E+00, 1.09068E-01, 1.43232E+03,-1.15647E+00, 7.50903E+00,-5.69776E-02, 1.76025E-01, 1.76048E-03, 2.33904E-03, 1.43235E+03,-1.15691E+00, 7.50796E+00,-5.75410E-02, 3.33061E+00,-4.62385E+00, 3.00073E+01,-2.29976E-01, 1.30137E+02, 2.80708E+01, 1.60653E+02, 6.82123E+01, 2.32889E+00, 8.01404E+00, 9.70070E+01, 4.75052E+01, 5.24374E-03, 3.81986E-05, 0.00000E+00, 0.00000E+00, 0.00000E+00,
 879, 1.75597E+01,TRUE,1, 2.15205E+03, 7.61564E+01, 1.43230E+00, 7.34737E+01, 8.65292E-02, 6.22585E-02, 3.52265E-02, 1.34222E-02, 1.16154E-01, 1.43232E+03,-1.14362E+00, 7.51009E+00,-5.64079E-02, 1.99219E-01, 1.86586E-03, 2.49991E-03, 1.43232E+03,-1.15647E+00, 7.50903E+00,-5.69776E-02, 3.33054E+00,-4.62198E+00, 3.00109E+01,-2.27719E-01, 1.22390E+02, 2.63858E+01, 1.55063E+02, 6.69922E+01, 2.58822E+00, 8.53425E+00, 9.67390E+01, 4.85775E+01, 5.24464E-03, 3.76988E-05, 0.00000E+00, 0.00000E+00, 0.00000E+00,
 880, 1.75797E+01,TRUE,1, 0.00000E+00, 7.64358E+01, 1.43229E+00, 7.34725E+01, 0.00000E+00, 0.00000E+00, 3.87681E-02, 0.00000E+00, 1.22668E-01, 1.43230E+03,-1.14311E+00, 7.51116E+00,-5.58304E-02, 2.04956E-01, 2.05088E-03, 2.65010E-03, 1.43232E+03,-1.14362E+00, 7.51009E+00,-5.64079E-02, 3.33046E+00,-4.57052E+00, 3.00145E+01,-2.25437E-01, 1.26089E+02, 2.72099E+01, 1.57766E+02, 6.75898E+01, 2.84839E+00, 9.01275E+00, 9.68694E+01, 4.94843E+01, 5.24552E-03, 3.72011E-05, 0.00000E+00, 0.00000E+00, 0.00000E+00,
 881, 1.75997E+01,TRUE,1, 0.00000E+00, 7.67120E+01, 1.43227E+00, 7.34692E+01, 0.00000E+00, 0.00000E+00, 4.22736E-02, 0.00000E+00, 1.28566E-01, 1.43227E+03,-1.14260E+00, 7.51222E+00,-5.52436E-02, 2.27905E-01, 2.12812E-03, 2.78936E-03, 1.43230E+03,-1.14311E+00, 7.51116E+00,-5.58304E-02, 3.33063E+00,-4.56873E+00, 3.00202E+01,-2.23140E-01, 1.29860E+02, 2.80292E+01, 1.60494E+02, 6.81779E+01, 3.10581E+00, 9.44567E+00, 9.69947E+01, 5.02369E+01, 5.24639E-03, 3.67055E-05, 0.00000E+00, 0.00000E+00, 0.00000E+00,
 882, 1.76197E+01,TRUE,1, 1.95165E+03, 7.69836E+01, 1.43225E+00, 7.34658E+01, 9.51440E-02, 6.85069E-02, 4.56962E-02, 1.47792E-02, 1.33812E-01, 1.43227E+03,-1.12490E+00, 7.51328E+00,-5.46430E-02, 2.50854E-01, 2.27642E-03, 3.00167E-03, 1.43227E+03,-1.14260E+00, 7.51222E+00,-5.52436E-02, 3.33055E+00,-4.56657E+00, 3.00238E+01,-2.20790E-01, 1.20981E+02, 2.60995E+01, 1.54084E+02, 6.67806E+01, 3.35711E+00, 9.83057E+00, 9.66886E+01, 5.08490E+01, 5.24731E-03, 3.61519E-05, 0.00000E+00, 0.00000E+00, 0.00000E+00,
 883, 1.76397E+01,TRUE,0, 0.00000E+00, 6.73751E+00, 1.43225E+00, 2.95280E+00, 0.00000E+00, 0.00000E+00, 5.61738E-01, 0.00000E+00, 1.58668E+00, 1.43225E+03,-1.12430E+00, 7.51565E+00,-5.23891E-02, 2.49634E-01, 2.53344E-03, 3.19482E-03, 1.43227E+03,-1.12490E+00, 7.51328E+00,-5.46430E-02, 3.33047E+00,-4.49572E+00, 3.00273E+01,-2.18384E-01, 1.24655E+02, 2.69251E+01, 1.56780E+02, 6.73814E+01, 1.65870E+00, 4.68514E+00, 9.68210E+01, 3.58530E+01, 5.24822E-03, 3.56006E-05, 0.00000E+00, 0.00000E+00, 0.00000E+00,
 884, 1.76597E+01,TRUE,0, 0.00000E+00, 4.82589E+00, 1.43223E+00, 2.95280E+00, 0.00000E+00, 0.00000E+00, 3.88133E-01, 0.00000E+00, 1.11064E+00, 1.43223E+03,-1.12370E+00, 7.51715E+00,-5.12058E-02, 2.72217E-01, 1.26839E-03, 1.64074E-03, 1.43225E+03,-1.12430E+00, 7.51565E+00,-5.23891E-02, 3.33073E+00,-4.49368E+00, 3.00391E+01,-2.09393E-01, 1.28400E+02, 2.77461E+01, 1.59499E+02, 6.79728E+01, 1.14608E+00, 3.27949E+00, 9.69482E+01, 3.24661E+01, 5.24912E-03, 3.50516E-05, 0.00000E+00, 0.00000E+00, 0.00000E+00,
 885, 1.76797E+01,TRUE,0, 1.80795E+03, 4.25558E+00, 1.43221E+00, 2.95281E+00, 1.01458E-01, 7.31299E-02, 3.06132E-01, 1.57981E-02, 9.20497E-01, 1.43224E+03,-1.10153E+00, 7.51845E+00,-5.02642E-02, 2.94800E-01, 9.07421E-04, 1.21929E-03, 1.43223E+03,-1.12370E+00, 7.51715E+00,-5.12058E-02, 3.33066E+00,-4.49119E+00, 3.00445E+01,-2.04659E-01, 1.18801E+02, 2.56644E+01, 1.52572E+02, 6.64660E+01, 9.03951E-01, 2.71805E+00, 9.66190E+01, 3.15616E+01, 5.25000E-03, 3.45049E-05, 0.00000E+00, 0.00000E+00, 0.00000E+00,
 886, 1.76997E+01,TRUE,0, 0.00000E+00, 3.99042E+00, 1.43221E+00, 2.95248E+00, 0.00000E+00, 0.00000E+00, 2.60107E-01, 0.00000E+00, 8.39429E-01, 1.43221E+03,-1.10083E+00, 7.51968E+00,-4.94151E-02, 2.86987E-01, 8.23498E-04, 1.04929E-03, 1.43224E+03,-1.10153E+00, 7.51845E+00,-5.02642E-02, 3.33058E+00,-4.40250E+00, 3.00490E+01,-2.00891E-01, 1.22436E+02, 2.64925E+01, 1.55255E+02, 6.70717E+01, 7.67963E-01, 2.47840E+00, 9.67543E+01, 3.14874E+01, 5.25082E-03, 3.39606E-05, 0.00000E+00, 0.00000E+00, 0.00000E+00,
 887, 1.77197E+01,TRUE,0, 0.00000E+00, 3.84499E+00, 1.43219E+00, 2.95249E+00, 0.00000E+00, 0.00000E+00, 2.32120E-01, 0.00000E+00, 8.09727E-01, 1.43219E+03,-1.10013E+00, 7.52084E+00,-4.86100E-02, 3.09082E-01, 6.34193E-04, 9.74510E-04, 1.43221E+03,-1.10083E+00, 7.51968E+00,-4.94151E-02, 3.33094E+00,-4.40017E+00, 3.00571E+01,-1.97518E-01, 1.26142E+02, 2.73160E+01, 1.57961E+02, 6.76680E+01, 6.85331E-01, 2.39071E+00, 9.68841E+01, 3.17069E+01, 5.25162E-03, 3.34185E-05, 0.00000E+00, 0.00000E+00, 0.00000E+00,
 888, 1.77397E+01,TRUE,0, 0.00000E+00, 3.75909E+00, 1.43217E+00, 2.95250E+00, 0.00000E+00, 0.00000E+00, 2.14572E-01, 0.00000E+00, 8.06488E-01, 1.43217E+03,-1.09943E+00, 7.52195E+00,-4.78279E-02, 3.31177E-01, 5.04971E-04, 9.42159E-04, 1.43219E+03,-1.10013E+00, 7.52084E+00,-4.86100E-02, 3.33086E+00,-4.39727E+00, 3.00611E+01,-1.94296E-01, 1.29918E+02, 2.81348E+01, 1.60692E+02, 6.82548E+01, 6.33524E-01, 2.38115E+00, 9.70087E+01, 3.19936E+01, 5.25242E-03, 3.28787E-05, 0.00000E+00, 0.00000E+00, 0.00000E+00,
 889, 1.77597E+01,TRUE,0, 2.15093E+03, 3.70715E+00, 1.43215E+00, 2.95251E+00, 8.61540E-02, 6.21898E-02, 2.03563E-01, 1.34587E-02, 8.16749E-01, 1.43218E+03,-1.07675E+00, 7.52303E+00,-4.70582E-02, 3.53271E-01, 4.07696E-04, 9.30153E-04, 1.43217E+03,-1.09943E+00, 7.52195E+00,-4.78279E-02, 3.33079E+00,-4.39436E+00, 3.00649E+01,-1.91166E-01, 1.22242E+02, 2.64547E+01, 1.55126E+02, 6.70319E+01, 6.01021E-01, 2.41146E+00, 9.67387E+01, 3.22409E+01, 5.25320E-03, 3.23412E-05, 0.00000E+00, 0.00000E+00, 0.00000E+00,
 890, 1.77797E+01,TRUE,0, 0.00000E+00, 3.67578E+00, 1.43216E+00, 2.95226E+00, 0.00000E+00, 0.00000E+00, 1.96832E-01, 0.00000E+00, 8.33091E-01, 1.43216E+03,-1.07595E+00, 7.52412E+00,-4.62951E-02, 3.44482E-01, 5.82218E-04, 9.26282E-04, 1.43218E+03,-1.07675E+00, 7.52303E+00,-4.70582E-02, 3.33072E+00,-4.30364E+00, 3.00686E+01,-1.88085E-01, 1.25944E+02, 2.72782E+01, 1.57831E+02, 6.76287E+01, 5.81101E-01, 2.45950E+00, 9.68692E+01, 3.24001E+01, 5.25403E-03, 3.18060E-05, 0.00000E+00, 0.00000E+00, 0.00000E+00,
 891, 1.77997E+01,TRUE,0, 0.00000E+00, 3.65787E+00, 1.43213E+00, 2.95228E+00, 0.00000E+00, 0.00000E+00, 1.92898E-01, 0.00000E+00, 8.50876E-01, 1.43213E+03,-1.07515E+00, 7.52520E+00,-4.55350E-02, 3.66089E-01, 5.57423E-04, 9.26528E-04, 1.43216E+03,-1.07595E+00, 7.52412E+00,-4.62951E-02, 3.33109E+00,-4.30090E+00, 3.00762E+01,-1.85056E-01, 1.29717E+02, 2.80969E+01, 1.60560E+02, 6.82160E+01, 5.69488E-01, 2.51202E+00, 9.69944E+01, 3.24558E+01, 5.25485E-03, 3.12730E-05, 0.00000E+00, 0.00000E+00, 0.00000E+00,
 892, 1.78197E+01,TRUE,0, 1.95071E+03, 3.64838E+00, 1.43211E+00, 2.95229E+00, 9.47937E-02, 6.84681E-02, 1.90793E-01, 1.48207E-02, 8.67490E-01, 1.43205E+03,-1.11627E+00, 7.52625E+00,-4.47760E-02,-6.12305E-01, 4.45366E-04, 9.26159E-04, 1.43213E+03,-1.07515E+00, 7.52520E+00,-4.55350E-02, 3.33102E+00,-4.29761E+00, 3.00799E+01,-1.82014E-01, 1.20901E+02, 2.61703E+01, 1.54167E+02, 6.68145E+01, 5.63277E-01, 2.56108E+00, 9.66862E+01, 3.24120E+01, 5.25560E-03, 3.07424E-05, 0.00000E+00, 0.00000E+00, 0.00000E+00,
 893, 1.78397E+01,TRUE,0, 0.00000E+00, 3.64322E+00, 1.43203E+00, 2.95145E+00, 0.00000E+00, 0.00000E+00, 1.89877E-01, 0.00000E+00, 8.81686E-01, 1.43203E+03,-1.11565E+00, 7.52723E+00,-4.40168E-02,-5.31860E-01, 1.22547E-04, 9.25142E-04, 1.43205E+03,-1.11627E+00, 7.52625E+00,-4.47760E-02, 3.33095E+00,-4.46189E+00, 3.00835E+01,-1.78976E-01, 1.24578E+02, 2.69952E+01, 1.56863E+02, 6.74145E+01, 5.60414E-01, 2.60225E+00, 9.68187E+01, 3.22834E+01, 5.25640E-03, 3.02139E-05, 0.00000E+00, 0.00000E+00, 0.00000E+00,
 894, 1.78597E+01,TRUE,0, 0.00000E+00, 3.64187E+00, 1.43201E+00, 2.95146E+00, 0.00000E+00, 0.00000E+00, 1.89577E-01, 0.00000E+00, 8.92412E-01, 1.43201E+03,-1.11502E+00, 7.52821E+00,-4.32577E-02,-5.09521E-01, 1.66416E-04, 9.18690E-04, 1.43203E+03,-1.11565E+00, 7.52723E+00,-4.40168E-02, 3.33006E+00,-4.45820E+00, 3.00793E+01,-1.75894E-01, 1.28326E+02, 2.78154E+01, 1.59584E+02, 6.80052E+01, 5.59529E-01, 2.63392E+00, 9.69460E+01, 3.20917E+01, 5.25719E-03, 2.96878E-05, 0.00000E+00, 0.00000E+00, 0.00000E+00,
 895, 1.78797E+01,TRUE,0, 1.80706E+03, 3.64209E+00, 1.43199E+00, 2.95147E+00, 1.01152E-01, 7.31268E-02, 1.89623E-01, 1.58438E-02, 8.99867E-01, 1.43194E+03,-1.15001E+00, 7.52917E+00,-4.24990E-02,-4.87183E-01, 1.99318E-04, 9.09008E-04, 1.43201E+03,-1.11502E+00, 7.52821E+00,-4.32577E-02, 3.32999E+00,-4.45560E+00, 3.00826E+01,-1.72857E-01, 1.18778E+02, 2.57347E+01, 1.52664E+02, 6.64927E+01, 5.59666E-01, 2.65593E+00, 9.66145E+01, 3.18588E+01, 5.25796E-03, 2.91639E-05, 0.00000E+00, 0.00000E+00, 0.00000E+00,
 896, 1.78997E+01,TRUE,0, 0.00000E+00, 3.64209E+00, 1.43191E+00, 2.95065E+00, 0.00000E+00, 0.00000E+00, 1.89848E-01, 0.00000E+00, 9.04562E-01, 1.43191E+03,-1.14953E+00, 7.53010E+00,-4.17407E-02,-4.14795E-01, 4.14848E-05, 8.97914E-04, 1.43194E+03,-1.15001E+00, 7.52917E+00,-4.24990E-02, 3.32992E+00,-4.59534E+00, 3.00858E+01,-1.69821E-01, 1.22416E+02, 2.65620E+01, 1.55348E+02, 6.70979E+01, 5.60176E-01, 2.66904E+00, 9.67499E+01, 3.16044E+01, 5.25879E-03, 2.86422E-05, 0.00000E+00, 0.00000E+00, 0.00000E+00,
 897, 1.79197E+01,TRUE,0, 0.00000E+00, 3.64292E+00, 1.43189E+00, 2.95065E+00, 0.00000E+00, 0.00000E+00, 1.90033E-01, 0.00000E+00, 9.06543E-01, 1.43189E+03,-1.14904E+00, 7.53103E+00,-4.09839E-02,-3.91724E-01, 8.72612E-05, 8.82771E-04, 1.43191E+03,-1.14953E+00, 7.53010E+00,-4.17407E-02, 3.32914E+00,-4.59233E+00, 3.00825E+01,-1.66753E-01, 1.26125E+02, 2.73846E+01, 1.58055E+02, 6.76935E+01, 5.60720E-01, 2.67489E+00, 9.68799E+01, 3.13464E+01, 5.25954E-03, 2.81228E-05, 0.00000E+00, 0.00000E+00, 0.00000E+00,
 898, 1.79397E+01,TRUE,0, 0.00000E+00, 3.64350E+00, 1.43187E+00, 2.95065E+00, 0.00000E+00, 0.00000E+00, 1.90160E-01, 0.00000E+00, 9.06612E-01, 1.43187E+03,-1.14854E+00, 7.53194E+00,-4.02291E-02,-3.68652E-01, 1.23024E-04, 8.66089E-04, 1.43189E+03,-1.14904E+00, 7.53103E+00,-4.09839E-02, 3.32906E+00,-4.59027E+00, 3.00855E+01,-1.63726E-01, 1.29905E+02, 2.82025E+01, 1.60786E+02, 6.82797E+01, 5.61097E-01, 2.67510E+00, 9.70047E+01, 3.10978E+01, 5.26029E-03, 2.76057E-05, 0.00000E+00, 0.00000E+00, 0.00000E+00,
 899, 1.79597E+01,TRUE,0, 2.14999E+03, 3.64370E+00, 1.43185E+00, 2.95066E+00, 8.59475E-02, 6.22123E-02, 1.90203E-01, 1.34957E-02, 9.05308E-01, 1.43182E+03,-1.16954E+00, 7.53283E+00,-3.94769E-02,-3.45581E-01, 6.34193E-05, 8.48543E-04, 1.43187E+03,-1.14854E+00, 7.53194E+00,-4.02291E-02, 3.32899E+00,-4.58818E+00, 3.00885E+01,-1.60707E-01, 1.22260E+02, 2.65218E+01, 1.55219E+02, 6.70515E+01, 5.61225E-01, 2.67125E+00, 9.67329E+01, 3.08675E+01, 5.26096E-03, 2.70908E-05, 0.00000E+00, 0.00000E+00, 0.00000E+00,
 900, 1.79797E+01,TRUE,0, 0.00000E+00, 3.64288E+00, 1.43179E+00, 2.95003E+00, 0.00000E+00, 0.00000E+00, 1.90191E-01, 0.00000E+00, 9.03266E-01, 1.43179E+03,-1.16912E+00, 7.53369E+00,-3.87277E-02,-2.92358E-01,-6.05583E-05, 8.31533E-04, 1.43182E+03,-1.16954E+00, 7.53283E+00,-3.94769E-02, 3.32891E+00,-4.67195E+00, 3.00913E+01,-1.57698E-01, 1.25965E+02, 2.73443E+01, 1.57925E+02, 6.76477E+01, 5.61071E-01, 2.66466E+00, 9.68636E+01, 3.06607E+01, 5.26168E-03, 2.65781E-05, 0.00000E+00, 0.00000E+00, 0.00000E+00,
 901, 1.79996E+01,TRUE,0, 0.00000E+00, 3.64231E+00, 1.43177E+00, 2.95003E+00, 0.00000E+00, 0.00000E+00, 1.90064E-01, 0.00000E+00, 9.00543E-01, 1.43177E+03,-1.16870E+00, 7.53454E+00,-3.79819E-02,-2.68921E-01,-2.86102E-06, 8.13741E-04, 1.43179E+03,-1.16912E+00, 7.53369E+00,-3.87277E-02, 3.32841E+00,-4.66958E+00, 3.00902E+01,-1.54682E-01, 1.29742E+02, 2.81621E+01, 1.60655E+02, 6.82346E+01, 5.60696E-01, 2.65663E+00, 9.69891E+01, 3.04804E+01, 5.26240E-03, 2.60676E-05, 0.00000E+00, 0.00000E+00, 0.00000E+00,
 902, 1.80196E+01,TRUE,0, 1.94982E+03, 3.64148E+00, 1.43175E+00, 2.95004E+00, 9.46122E-02, 6.85138E-02, 1.89880E-01, 1.48604E-02, 8.97635E-01, 1.43172E+03,-1.18508E+00, 7.53538E+00,-3.72399E-02,-2.45483E-01, 4.29153E-05, 7.96579E-04, 1.43177E+03,-1.16870E+00, 7.53454E+00,-3.79819E-02, 3.32833E+00,-4.66778E+00, 3.00929E+01,-1.51700E-01, 1.20950E+02, 2.62337E+01, 1.54254E+02, 6.68268E+01, 5.60154E-01, 2.64806E+00, 9.66789E+01, 3.03271E+01, 5.26310E-03, 2.55594E-05, 0.00000E+00, 0.00000E+00, 0.00000E+00,
 903, 1.80396E+01,TRUE,0, 0.00000E+00, 3.63985E+00, 1.43170E+00, 2.94940E+00, 0.00000E+00, 0.00000E+00, 1.89691E-01, 0.00000E+00, 8.94919E-01, 1.43170E+03,-1.18472E+00, 7.53621E+00,-3.64855E-02,-1.98364E-01, 3.71933E-05, 8.66786E-04, 1.43172E+03,-1.18508E+00, 7.53538E+00,-3.72399E-02, 3.32825E+00,-4.73311E+00, 3.00956E+01,-1.48732E-01, 1.24630E+02, 2.70576E+01, 1.56952E+02, 6.74265E+01, 5.59476E-01, 2.63948E+00, 9.68117E+01, 3.01989E+01, 5.26385E-03, 2.49935E-05, 0.00000E+00, 0.00000E+00, 0.00000E+00,
 904, 1.80596E+01,TRUE,0, 0.00000E+00, 3.63874E+00, 1.43167E+00, 2.94940E+00, 0.00000E+00, 0.00000E+00, 1.89444E-01, 0.00000E+00, 8.92207E-01, 1.43167E+03,-1.18434E+00, 7.53704E+00,-3.57208E-02,-1.74561E-01, 6.77109E-05, 9.19089E-04, 1.43170E+03,-1.18472E+00, 7.53621E+00,-3.64855E-02, 3.32784E+00,-4.73105E+00, 3.00952E+01,-1.45701E-01, 1.28381E+02, 2.78767E+01, 1.59672E+02, 6.80168E+01, 5.58746E-01, 2.63148E+00, 9.69393E+01, 3.00944E+01, 5.26453E-03, 2.44300E-05, 0.00000E+00, 0.00000E+00, 0.00000E+00,
 905, 1.80796E+01,TRUE,0, 1.80633E+03, 3.63762E+00, 1.43165E+00, 2.94940E+00, 1.00996E-01, 7.31892E-02, 1.89193E-01, 1.58837E-02, 8.89775E-01, 1.43164E+03,-1.19500E+00, 7.53785E+00,-3.49479E-02,-1.50879E-01, 9.01222E-05, 9.56714E-04, 1.43167E+03,-1.18434E+00, 7.53704E+00,-3.57208E-02, 3.32775E+00,-4.72942E+00, 3.00977E+01,-1.42644E-01, 1.18852E+02, 2.57935E+01, 1.52740E+02, 6.64978E+01, 5.58007E-01, 2.62430E+00, 9.66060E+01, 3.00107E+01, 5.26520E-03, 2.38691E-05, 0.00000E+00, 0.00000E+00, 0.00000E+00,
 906, 1.80996E+01,TRUE,0, 0.00000E+00, 3.63592E+00, 1.43161E+00, 2.94879E+00, 0.00000E+00, 0.00000E+00, 1.88983E-01, 0.00000E+00, 8.87816E-01, 1.43161E+03,-1.19465E+00, 7.53866E+00,-3.41685E-02,-1.11694E-01, 1.08719E-04, 9.82244E-04, 1.43164E+03,-1.19500E+00, 7.53785E+00,-3.49479E-02, 3.32767E+00,-4.77186E+00, 3.01002E+01,-1.39554E-01, 1.22492E+02, 2.66197E+01, 1.55424E+02, 6.71027E+01, 5.57272E-01, 2.61798E+00, 9.67417E+01, 2.99444E+01, 5.26592E-03, 2.33107E-05, 0.00000E+00, 0.00000E+00, 0.00000E+00,
 907, 1.81196E+01,TRUE,0, 0.00000E+00, 3.63488E+00, 1.43159E+00, 2.94878E+00, 0.00000E+00, 0.00000E+00, 1.88753E-01, 0.00000E+00, 8.86014E-01, 1.43159E+03,-1.19429E+00, 7.53946E+00,-3.33842E-02,-8.77686E-02, 1.14441E-04, 9.96858E-04, 1.43161E+03,-1.19465E+00, 7.53866E+00,-3.41685E-02, 3.32737E+00,-4.77005E+00, 3.01007E+01,-1.36430E-01, 1.26204E+02, 2.74412E+01, 1.58132E+02, 6.76981E+01, 5.56592E-01, 2.61266E+00, 9.68721E+01, 2.98931E+01, 5.26657E-03, 2.27548E-05, 0.00000E+00, 0.00000E+00, 0.00000E+00,
 908, 1.81396E+01,TRUE,0, 0.00000E+00, 3.63395E+00, 1.43156E+00, 2.94878E+00, 0.00000E+00, 0.00000E+00, 1.88546E-01, 0.00000E+00, 8.84536E-01, 1.43156E+03,-1.19393E+00, 7.54025E+00,-3.25964E-02,-6.38428E-02, 1.14918E-04, 1.00286E-03, 1.43159E+03,-1.19429E+00, 7.53946E+00,-3.33842E-02, 3.32729E+00,-4.76851E+00, 3.01032E+01,-1.33295E-01, 1.29986E+02, 2.82581E+01, 1.60864E+02, 6.82840E+01, 5.55981E-01, 2.60830E+00, 9.69972E+01, 2.98542E+01, 5.26721E-03, 2.22014E-05, 0.00000E+00, 0.00000E+00, 0.00000E+00,
 909, 1.81596E+01,TRUE,0, 2.14930E+03, 3.63314E+00, 1.43154E+00, 2.94878E+00, 8.58455E-02, 6.22716E-02, 1.88364E-01, 1.35254E-02, 8.83351E-01, 1.43154E+03,-1.19604E+00, 7.54102E+00,-3.18065E-02,-3.99170E-02, 1.11580E-04, 1.00182E-03, 1.43156E+03,-1.19393E+00, 7.54025E+00,-3.25964E-02, 3.32721E+00,-4.76693E+00, 3.01056E+01,-1.30146E-01, 1.22350E+02, 2.65746E+01, 1.55284E+02, 6.70504E+01, 5.55446E-01, 2.60481E+00, 9.67241E+01, 2.98251E+01, 5.26783E-03, 2.16504E-05, 0.00000E+00, 0.00000E+00, 0.00000E+00,
 910, 1.81796E+01,TRUE,0, 0.00000E+00, 3.63198E+00, 1.43151E+00, 2.94832E+00, 0.00000E+00, 0.00000E+00, 1.88234E-01, 0.00000E+00, 8.82538E-01, 1.43151E+03,-1.19566E+00, 7.54180E+00,-3.10156E-02,-1.24512E-02, 1.70708E-04, 9.95230E-04, 1.43154E+03,-1.19604E+00, 7.54102E+00,-3.18065E-02, 3.32713E+00,-4.77524E+00, 3.01079E+01,-1.26989E-01, 1.26058E+02, 2.73960E+01, 1.57989E+02, 6.76465E+01, 5.54972E-01, 2.60200E+00, 9.68551E+01, 2.98032E+01, 5.26851E-03, 2.11019E-05, 0.00000E+00, 0.00000E+00, 0.00000E+00,
 911, 1.81996E+01,TRUE,0, 0.00000E+00, 3.63137E+00, 1.43149E+00, 2.94832E+00, 0.00000E+00, 0.00000E+00, 1.88099E-01, 0.00000E+00, 8.81810E-01, 1.43149E+03,-1.19528E+00, 7.54256E+00,-3.02246E-02, 1.14746E-02, 1.46866E-04, 9.84108E-04, 1.43151E+03,-1.19566E+00, 7.54180E+00,-3.10156E-02, 3.32700E+00,-4.77357E+00, 3.01099E+01,-1.23827E-01, 1.29837E+02, 2.82128E+01, 1.60719E+02, 6.82332E+01, 5.54577E-01, 2.59985E+00, 9.69809E+01, 2.97874E+01, 5.26912E-03, 2.05560E-05, 0.00000E+00, 0.00000E+00, 0.00000E+00,
 912, 1.82196E+01,TRUE,0, 1.94925E+03, 3.63088E+00, 1.43146E+00, 2.94832E+00, 9.45245E-02, 6.85838E-02, 1.87989E-01, 1.48902E-02, 8.81265E-01, 1.43147E+03,-1.19247E+00, 7.54331E+00,-2.94345E-02, 3.54004E-02, 1.22547E-04, 9.69652E-04, 1.43149E+03,-1.19528E+00, 7.54256E+00,-3.02246E-02, 3.32692E+00,-4.77193E+00, 3.01122E+01,-1.20666E-01, 1.21050E+02, 2.62812E+01, 1.54302E+02, 6.68199E+01, 5.54252E-01, 2.59825E+00, 9.66695E+01, 2.97760E+01, 5.26972E-03, 2.00124E-05, 0.00000E+00, 0.00000E+00, 0.00000E+00,
 913, 1.82396E+01,TRUE,0, 0.00000E+00, 3.63002E+00, 1.43144E+00, 2.94785E+00, 0.00000E+00, 0.00000E+00, 1.87925E-01, 0.00000E+00, 8.80983E-01, 1.43144E+03,-1.19206E+00, 7.54406E+00,-2.86459E-02, 5.60303E-02, 2.00748E-04, 9.52711E-04, 1.43147E+03,-1.19247E+00, 7.54331E+00,-2.94345E-02, 3.32683E+00,-4.76056E+00, 3.01144E+01,-1.17508E-01, 1.24732E+02, 2.71039E+01, 1.56999E+02, 6.74196E+01, 5.53974E-01, 2.59700E+00, 9.68027E+01, 2.97676E+01, 5.27036E-03, 1.94714E-05, 0.00000E+00, 0.00000E+00, 0.00000E+00,
 914, 1.82596E+01,TRUE,0, 0.00000E+00, 3.62968E+00, 1.43142E+00, 2.94784E+00, 0.00000E+00, 0.00000E+00, 1.87851E-01, 0.00000E+00, 8.80683E-01, 1.43142E+03,-1.19164E+00, 7.54482E+00,-2.78594E-02, 7.99561E-02, 2.40803E-04, 9.34163E-04, 1.43144E+03,-1.19206E+00, 7.54406E+00,-2.86459E-02, 3.32680E+00,-4.75888E+00, 3.01171E+01,-1.14359E-01, 1.28485E+02, 2.79221E+01, 1.59720E+02, 6.80098E+01, 5.53754E-01, 2.59612E+00, 9.69306E+01, 2.97617E+01, 5.27100E-03, 1.89328E-05, 0.00000E+00, 0.00000E+00, 0.00000E+00,
 915, 1.82796E+01,TRUE,0, 1.80586E+03, 3.62942E+00, 1.43140E+00, 2.94784E+00, 1.00925E-01, 7.32663E-02, 1.87793E-01, 1.59123E-02, 8.80475E-01, 1.43141E+03,-1.18361E+00, 7.54557E+00,-2.70757E-02, 1.03882E-01, 2.66075E-04, 9.14628E-04, 1.43142E+03,-1.19164E+00, 7.54482E+00,-2.78594E-02, 3.32672E+00,-4.75711E+00, 3.01194E+01,-1.11217E-01, 1.18956E+02, 2.58353E+01, 1.52769E+02, 6.64853E+01, 5.53584E-01, 2.59550E+00, 9.65961E+01, 2.97576E+01, 5.27163E-03, 1.83966E-05, 0.00000E+00, 0.00000E+00, 0.00000E+00,
 916, 1.82996E+01,TRUE,0, 0.00000E+00, 3.62877E+00, 1.43138E+00, 2.94739E+00, 0.00000E+00, 0.00000E+00, 1.87772E-01, 0.00000E+00, 8.80447E-01, 1.43138E+03,-1.18314E+00, 7.54631E+00,-2.62951E-02, 1.17188E-01, 2.49863E-04, 8.94429E-04, 1.43141E+03,-1.18361E+00, 7.54557E+00,-2.70757E-02, 3.32664E+00,-4.72491E+00, 3.01216E+01,-1.08085E-01, 1.22598E+02, 2.66604E+01, 1.55453E+02, 6.70903E+01, 5.53437E-01, 2.59502E+00, 9.67323E+01, 2.97543E+01, 5.27218E-03, 1.78629E-05, 0.00000E+00, 0.00000E+00, 0.00000E+00,
 917, 1.83196E+01,TRUE,0, 0.00000E+00, 3.62860E+00, 1.43136E+00, 2.94739E+00, 0.00000E+00, 0.00000E+00, 1.87734E-01, 0.00000E+00, 8.80340E-01, 1.43136E+03,-1.18267E+00, 7.54702E+00,-2.55181E-02, 1.40869E-01, 1.74999E-04, 8.74422E-04, 1.43138E+03,-1.18314E+00, 7.54631E+00,-2.62951E-02, 3.32671E+00,-4.72316E+00, 3.01252E+01,-1.04971E-01, 1.26311E+02, 2.74809E+01, 1.58160E+02, 6.76857E+01, 5.53326E-01, 2.59470E+00, 9.68630E+01, 2.97519E+01, 5.27273E-03, 1.73317E-05, 0.00000E+00, 0.00000E+00, 0.00000E+00,
 918, 1.83396E+01,TRUE,0, 0.00000E+00, 3.62847E+00, 1.43134E+00, 2.94739E+00, 0.00000E+00, 0.00000E+00, 1.87706E-01, 0.00000E+00, 8.80273E-01, 1.43134E+03,-1.18219E+00, 7.54772E+00,-2.47448E-02, 1.64551E-01, 1.08242E-04, 8.54757E-04, 1.43136E+03,-1.18267E+00, 7.54702E+00,-2.55181E-02, 3.32663E+00,-4.72116E+00, 3.01273E+01,-1.01867E-01, 1.30094E+02, 2.82967E+01, 1.60891E+02, 6.82718E+01, 5.53243E-01, 2.59450E+00, 9.69885E+01, 2.97502E+01, 5.27326E-03, 1.68028E-05, 0.00000E+00, 0.00000E+00, 0.00000E+00,
 919, 1.83596E+01,TRUE,0, 2.14886E+03, 3.62839E+00, 1.43131E+00, 2.94739E+00, 8.58039E-02, 6.23353E-02, 1.87686E-01, 1.35457E-02, 8.80231E-01, 1.43133E+03,-1.16998E+00, 7.54840E+00,-2.39755E-02, 1.88232E-01, 4.86374E-05, 8.35700E-04, 1.43134E+03,-1.18219E+00, 7.54772E+00,-2.47448E-02, 3.32655E+00,-4.71914E+00, 3.01294E+01,-9.87776E-02, 1.22456E+02, 2.66102E+01, 1.55295E+02, 6.70341E+01, 5.53183E-01, 2.59438E+00, 9.67146E+01, 2.97489E+01, 5.27379E-03, 1.62764E-05, 0.00000E+00, 0.00000E+00, 0.00000E+00,
 920, 1.83796E+01,TRUE,0, 0.00000E+00, 3.62798E+00, 1.43130E+00, 2.94705E+00, 0.00000E+00, 0.00000E+00, 1.87689E-01, 0.00000E+00, 8.80291E-01, 1.43130E+03,-1.16943E+00, 7.54909E+00,-2.32104E-02, 1.95557E-01, 1.69277E-04, 8.17206E-04, 1.43133E+03,-1.16998E+00, 7.54840E+00,-2.39755E-02, 3.32647E+00,-4.67026E+00, 3.01314E+01,-9.57043E-02, 1.26165E+02, 2.74306E+01, 1.58001E+02, 6.76303E+01, 5.53127E-01, 2.59426E+00, 9.68460E+01, 2.97476E+01, 5.27437E-03, 1.57524E-05, 0.00000E+00, 0.00000E+00, 0.00000E+00,
 921, 1.83996E+01,TRUE,0, 0.00000E+00, 3.62792E+00, 1.43128E+00, 2.94705E+00, 0.00000E+00, 0.00000E+00, 1.87675E-01, 0.00000E+00, 8.80265E-01, 1.43128E+03,-1.16889E+00, 7.54977E+00,-2.24495E-02, 2.18994E-01, 1.75953E-04, 7.99974E-04, 1.43130E+03,-1.16943E+00, 7.54909E+00,-2.32104E-02, 3.32662E+00,-4.66831E+00, 3.01355E+01,-9.26544E-02, 1.29944E+02, 2.82463E+01, 1.60729E+02, 6.82171E+01, 5.53086E-01, 2.59418E+00, 9.69722E+01, 2.97465E+01, 5.27493E-03, 1.52309E-05, 0.00000E+00, 0.00000E+00, 0.00000E+00,
 922, 1.84196E+01,TRUE,0, 1.94890E+03, 3.62788E+00, 1.43126E+00, 2.94705E+00, 9.44923E-02, 6.86517E-02, 1.87664E-01, 1.49096E-02, 8.80248E-01, 1.43128E+03,-1.15169E+00, 7.55044E+00,-2.16930E-02, 2.42432E-01, 1.74522E-04, 7.83810E-04, 1.43128E+03,-1.16889E+00, 7.54977E+00,-2.24495E-02, 3.32654E+00,-4.66603E+00, 3.01375E+01,-8.96150E-02, 1.21152E+02, 2.63116E+01, 1.54296E+02, 6.67998E+01, 5.53057E-01, 2.59414E+00, 9.66601E+01, 2.97457E+01, 5.27549E-03, 1.47117E-05, 0.00000E+00, 0.00000E+00, 0.00000E+00,
 923, 1.84396E+01,TRUE,0, 0.00000E+00, 3.62750E+00, 1.43126E+00, 2.94671E+00, 0.00000E+00, 0.00000E+00, 1.87675E-01, 0.00000E+00, 8.80323E-01, 1.43126E+03,-1.15107E+00, 7.55113E+00,-2.09409E-02, 2.42676E-01, 2.90394E-04, 7.68445E-04, 1.43128E+03,-1.15169E+00, 7.55044E+00,-2.16930E-02, 3.32646E+00,-4.59728E+00, 3.01395E+01,-8.65931E-02, 1.24835E+02, 2.71334E+01, 1.56992E+02, 6.73997E+01, 5.53024E-01, 2.59406E+00, 9.67937E+01, 2.97446E+01, 5.27604E-03, 1.41950E-05, 0.00000E+00, 0.00000E+00, 0.00000E+00,
 924, 1.84596E+01,TRUE,0, 0.00000E+00, 3.62747E+00, 1.43123E+00, 2.94671E+00, 0.00000E+00, 0.00000E+00, 1.87667E-01, 0.00000E+00, 8.80304E-01, 1.43123E+03,-1.15044E+00, 7.55180E+00,-2.01772E-02, 2.65747E-01, 2.54631E-04, 8.40453E-04, 1.43126E+03,-1.15107E+00, 7.55113E+00,-2.09409E-02, 3.32671E+00,-4.59512E+00, 3.01445E+01,-8.35972E-02, 1.28588E+02, 2.79505E+01, 1.59711E+02, 6.79901E+01, 5.53000E-01, 2.59400E+00, 9.69219E+01, 2.97438E+01, 5.27657E-03, 1.36207E-05, 0.00000E+00, 0.00000E+00, 0.00000E+00,
 925, 1.84796E+01,TRUE,0, 1.80558E+03, 3.62744E+00, 1.43121E+00, 2.94672E+00, 1.00902E-01, 7.33350E-02, 1.87660E-01, 1.59300E-02, 8.80289E-01, 1.43124E+03,-1.12862E+00, 7.55246E+00,-1.94036E-02, 2.88818E-01, 2.17915E-04, 8.95569E-04, 1.43123E+03,-1.15044E+00, 7.55180E+00,-2.01772E-02, 3.32664E+00,-4.59250E+00, 3.01465E+01,-8.05465E-02, 1.19052E+02, 2.58607E+01, 1.52744E+02, 6.64619E+01, 5.52982E-01, 2.59396E+00, 9.65868E+01, 2.97431E+01, 5.27710E-03, 1.30492E-05, 0.00000E+00, 0.00000E+00, 0.00000E+00,
 926, 1.84996E+01,TRUE,0, 0.00000E+00, 3.62709E+00, 1.43122E+00, 2.94638E+00, 0.00000E+00, 0.00000E+00, 1.87673E-01, 0.00000E+00, 8.80362E-01, 1.43122E+03,-1.12789E+00, 7.55312E+00,-1.86220E-02, 2.82349E-01, 2.52724E-04, 9.35638E-04, 1.43124E+03,-1.12862E+00, 7.55246E+00,-1.94036E-02, 3.32656E+00,-4.50531E+00, 3.01485E+01,-7.74566E-02, 1.22694E+02, 2.66848E+01, 1.55426E+02, 6.70671E+01, 5.52957E-01, 2.59388E+00, 9.67234E+01, 2.97423E+01, 5.27756E-03, 1.24803E-05, 0.00000E+00, 0.00000E+00, 0.00000E+00,
 927, 1.85196E+01,TRUE,0, 0.00000E+00, 3.62706E+00, 1.43120E+00, 2.94639E+00, 0.00000E+00, 0.00000E+00, 1.87667E-01, 0.00000E+00, 8.80342E-01, 1.43120E+03,-1.12716E+00, 7.55377E+00,-1.78341E-02, 3.04932E-01, 2.04563E-04, 9.63554E-04, 1.43122E+03,-1.12789E+00, 7.55312E+00,-1.86220E-02, 3.32690E+00,-4.50286E+00, 3.01542E+01,-7.43444E-02, 1.26407E+02, 2.75044E+01, 1.58133E+02, 6.76629E+01, 5.52939E-01, 2.59383E+00, 9.68544E+01, 2.97416E+01, 5.27806E-03, 1.19141E-05, 0.00000E+00, 0.00000E+00, 0.00000E+00,
 928, 1.85396E+01,TRUE,0, 0.00000E+00, 3.62705E+00, 1.43117E+00, 2.94639E+00, 0.00000E+00, 0.00000E+00, 1.87662E-01, 0.00000E+00, 8.80326E-01, 1.43117E+03,-1.12643E+00, 7.55440E+00,-1.70414E-02, 3.27515E-01, 1.57833E-04, 9.80791E-04, 1.43120E+03,-1.12716E+00, 7.55377E+00,-1.78341E-02, 3.32683E+00,-4.49985E+00, 3.01561E+01,-7.11972E-02, 1.30190E+02, 2.83193E+01, 1.60863E+02, 6.82492E+01, 5.52925E-01, 2.59379E+00, 9.69802E+01, 2.97410E+01, 5.27856E-03, 1.13506E-05, 0.00000E+00, 0.00000E+00, 0.00000E+00,
 929, 1.85596E+01,TRUE,0, 2.14859E+03, 3.62705E+00, 1.43115E+00, 2.94640E+00, 8.57949E-02, 6.23875E-02, 1.87657E-01, 1.35574E-02, 8.80314E-01, 1.43118E+03,-1.10386E+00, 7.55502E+00,-1.62452E-02, 3.50098E-01, 1.13010E-04, 9.89084E-04, 1.43117E+03,-1.12643E+00, 7.55440E+00,-1.70414E-02, 3.32675E+00,-4.49684E+00, 3.01580E+01,-6.80309E-02, 1.22545E+02, 2.66302E+01, 1.55253E+02, 6.70089E+01, 5.52915E-01, 2.59376E+00, 9.67061E+01, 2.97406E+01, 5.27905E-03, 1.07897E-05, 0.00000E+00, 0.00000E+00, 0.00000E+00,
 930, 1.85796E+01,TRUE,0, 0.00000E+00, 3.62678E+00, 1.43116E+00, 2.94615E+00, 0.00000E+00, 0.00000E+00, 1.87668E-01, 0.00000E+00, 8.80368E-01, 1.43116E+03,-1.10303E+00, 7.55564E+00,-1.54469E-02, 3.42163E-01, 2.33650E-04, 9.89703E-04, 1.43118E+03,-1.10386E+00, 7.55502E+00,-1.62452E-02, 3.32668E+00,-4.40662E+00, 3.01598E+01,-6.48512E-02, 1.26253E+02, 2.74497E+01, 1.57957E+02, 6.76055E+01, 5.52898E-01, 2.59370E+00, 9.68379E+01, 2.97401E+01, 5.27953E-03, 1.02316E-05, 0.00000E+00, 0.00000E+00, 0.00000E+00,
 931, 1.85996E+01,TRUE,0, 0.00000E+00, 3.62678E+00, 1.43114E+00, 2.94616E+00, 0.00000E+00, 0.00000E+00, 1.87663E-01, 0.00000E+00, 8.80351E-01, 1.43114E+03,-1.10220E+00, 7.55625E+00,-1.46477E-02, 3.64258E-01, 1.64986E-04, 9.84759E-04, 1.43116E+03,-1.10303E+00, 7.55564E+00,-1.54469E-02, 3.32704E+00,-4.40380E+00, 3.01655E+01,-6.16712E-02, 1.30032E+02, 2.82646E+01, 1.60685E+02, 6.81927E+01, 5.52886E-01, 2.59366E+00, 9.69643E+01, 2.97396E+01, 5.27999E-03, 9.67603E-06, 0.00000E+00, 0.00000E+00, 0.00000E+00,
 932, 1.86196E+01,TRUE,0, 1.94869E+03, 3.62678E+00, 1.43111E+00, 2.94618E+00, 9.44887E-02, 6.87036E-02, 1.87659E-01, 1.49201E-02, 8.80337E-01, 1.43106E+03,-1.14354E+00, 7.55684E+00,-1.38484E-02,-6.13647E-01, 1.02043E-04, 9.75107E-04, 1.43114E+03,-1.10220E+00, 7.55625E+00,-1.46477E-02, 3.32697E+00,-4.40040E+00, 3.01673E+01,-5.84789E-02, 1.21232E+02, 2.63275E+01, 1.54238E+02, 6.67730E+01, 5.52877E-01, 2.59363E+00, 9.66520E+01, 2.97393E+01, 5.28045E-03, 9.12316E-06, 0.00000E+00, 0.00000E+00, 0.00000E+00,
 933, 1.86396E+01,TRUE,0, 0.00000E+00, 3.62592E+00, 1.43103E+00, 2.94534E+00, 0.00000E+00, 0.00000E+00, 1.87700E-01, 0.00000E+00, 8.80535E-01, 1.43103E+03,-1.14289E+00, 7.55738E+00,-1.30499E-02,-5.32715E-01,-1.85490E-04, 9.62362E-04, 1.43106E+03,-1.14354E+00, 7.55684E+00,-1.38484E-02, 3.32690E+00,-4.56533E+00, 3.01691E+01,-5.52868E-02, 1.24913E+02, 2.71484E+01, 1.56933E+02, 6.73732E+01, 5.52841E-01, 2.59347E+00, 9.67859E+01, 2.97384E+01, 5.28096E-03, 8.57294E-06, 0.00000E+00, 0.00000E+00, 0.00000E+00,
 934, 1.86596E+01,TRUE,0, 0.00000E+00, 3.62588E+00, 1.43101E+00, 2.94534E+00, 0.00000E+00, 0.00000E+00, 1.87690E-01, 0.00000E+00, 8.80497E-01, 1.43101E+03,-1.14224E+00, 7.55791E+00,-1.22530E-02,-5.09766E-01,-1.13964E-04, 9.46278E-04, 1.43103E+03,-1.14289E+00, 7.55738E+00,-1.30499E-02, 3.32600E+00,-4.56151E+00, 3.01630E+01,-5.20847E-02, 1.28666E+02, 2.79647E+01, 1.59651E+02, 6.79641E+01, 5.52812E-01, 2.59336E+00, 9.69144E+01, 2.97378E+01, 5.28146E-03, 8.02535E-06, 0.00000E+00, 0.00000E+00, 0.00000E+00,
 935, 1.86796E+01,TRUE,0, 1.80532E+03, 3.62586E+00, 1.43099E+00, 2.94535E+00, 1.00910E-01, 7.33883E-02, 1.87683E-01, 1.59398E-02, 8.80471E-01, 1.43094E+03,-1.17731E+00, 7.55843E+00,-1.14585E-02,-4.86816E-01,-1.45912E-04, 9.28363E-04, 1.43101E+03,-1.14224E+00, 7.55791E+00,-1.22530E-02, 3.32593E+00,-4.55882E+00, 3.01645E+01,-4.89032E-02, 1.19120E+02, 2.58725E+01, 1.52670E+02, 6.64337E+01, 5.52790E-01, 2.59329E+00, 9.65792E+01, 2.97374E+01, 5.28189E-03, 7.48039E-06, 0.00000E+00, 0.00000E+00, 0.00000E+00,
 936, 1.86996E+01,TRUE,0, 0.00000E+00, 3.62501E+00, 1.43091E+00, 2.94453E+00, 0.00000E+00, 0.00000E+00, 1.87720E-01, 0.00000E+00, 8.80655E-01, 1.43091E+03,-1.17681E+00, 7.55891E+00,-1.06667E-02,-4.14063E-01,-3.54767E-04, 9.09656E-04, 1.43094E+03,-1.17731E+00, 7.55843E+00,-1.14585E-02, 3.32586E+00,-4.69870E+00, 3.01659E+01,-4.57311E-02, 1.22761E+02, 2.66958E+01, 1.55351E+02, 6.70393E+01, 5.52745E-01, 2.59311E+00, 9.67160E+01, 2.97365E+01, 5.28237E-03, 6.93806E-06, 0.00000E+00, 0.00000E+00, 0.00000E+00,
 937, 1.87196E+01,TRUE,0, 0.00000E+00, 3.62496E+00, 1.43089E+00, 2.94452E+00, 0.00000E+00, 0.00000E+00, 1.87708E-01, 0.00000E+00, 8.80615E-01, 1.43089E+03,-1.17630E+00, 7.55936E+00,-9.87819E-03,-3.90503E-01,-3.50475E-04, 8.89891E-04, 1.43091E+03,-1.17681E+00, 7.55891E+00,-1.06667E-02, 3.32508E+00,-4.69559E+00, 3.01607E+01,-4.25610E-02, 1.26472E+02, 2.75146E+01, 1.58057E+02, 6.76355E+01, 5.52710E-01, 2.59299E+00, 9.68474E+01, 2.97360E+01, 5.28278E-03, 6.39835E-06, 0.00000E+00, 0.00000E+00, 0.00000E+00,
 938, 1.87396E+01,TRUE,0, 0.00000E+00, 3.62492E+00, 1.43087E+00, 2.94452E+00, 0.00000E+00, 0.00000E+00, 1.87699E-01, 0.00000E+00, 8.80589E-01, 1.43087E+03,-1.17579E+00, 7.55981E+00,-9.09340E-03,-3.66943E-01,-3.46184E-04, 8.70028E-04, 1.43089E+03,-1.17630E+00, 7.55936E+00,-9.87819E-03, 3.32500E+00,-4.69344E+00, 3.01619E+01,-3.94140E-02, 1.30254E+02, 2.83288E+01, 1.60786E+02, 6.82222E+01, 5.52684E-01, 2.59292E+00, 9.69734E+01, 2.97357E+01, 5.28318E-03, 5.86126E-06, 0.00000E+00, 0.00000E+00, 0.00000E+00,
 939, 1.87596E+01,TRUE,0, 2.14817E+03, 3.62489E+00, 1.43084E+00, 2.94453E+00, 8.58102E-02, 6.24290E-02, 1.87692E-01, 1.35642E-02, 8.80573E-01, 1.43081E+03,-1.19670E+00, 7.56024E+00,-8.31259E-03,-3.43384E-01,-3.41892E-04, 8.50439E-04, 1.43087E+03,-1.17579E+00, 7.55981E+00,-9.09340E-03, 3.32492E+00,-4.69128E+00, 3.01629E+01,-3.62819E-02, 1.22600E+02, 2.66378E+01, 1.55166E+02, 6.69806E+01, 5.52664E-01, 2.59287E+00, 9.66993E+01, 2.97355E+01, 5.28357E-03, 5.32677E-06, 0.00000E+00, 0.00000E+00, 0.00000E+00,
 940, 1.87796E+01,TRUE,0, 0.00000E+00, 3.62424E+00, 1.43079E+00, 2.94390E+00, 0.00000E+00, 0.00000E+00, 1.87720E-01, 0.00000E+00, 8.80718E-01, 1.43079E+03,-1.19626E+00, 7.56065E+00,-7.53593E-03,-2.89917E-01,-4.12941E-04, 8.31564E-04, 1.43081E+03,-1.19670E+00, 7.56024E+00,-8.31259E-03, 3.32484E+00,-4.77461E+00, 3.01640E+01,-3.31657E-02, 1.26307E+02, 2.74566E+01, 1.57869E+02, 6.75776E+01, 5.52628E-01, 2.59275E+00, 9.68313E+01, 2.97348E+01, 5.28402E-03, 4.79488E-06, 0.00000E+00, 0.00000E+00, 0.00000E+00,
 941, 1.87996E+01,TRUE,0, 0.00000E+00, 3.62420E+00, 1.43077E+00, 2.94390E+00, 0.00000E+00, 0.00000E+00, 1.87710E-01, 0.00000E+00, 8.80691E-01, 1.43077E+03,-1.19582E+00, 7.56106E+00,-6.76366E-03,-2.65991E-01,-3.13282E-04, 8.13247E-04, 1.43079E+03,-1.19626E+00, 7.56065E+00,-7.53593E-03, 3.32434E+00,-4.77215E+00, 3.01610E+01,-3.00625E-02, 1.30084E+02, 2.82708E+01, 1.60595E+02, 6.81652E+01, 5.52601E-01, 2.59267E+00, 9.69580E+01, 2.97345E+01, 5.28445E-03, 4.26559E-06, 0.00000E+00, 0.00000E+00, 0.00000E+00,
 942, 1.88196E+01,TRUE,0, 1.94823E+03, 3.62417E+00, 1.43074E+00, 2.94390E+00, 9.45110E-02, 6.87455E-02, 1.87703E-01, 1.49265E-02, 8.80674E-01, 1.43072E+03,-1.21201E+00, 7.56146E+00,-5.99588E-03,-2.42065E-01,-3.20435E-04, 7.95880E-04, 1.43077E+03,-1.19582E+00, 7.56106E+00,-6.76366E-03, 3.32426E+00,-4.77027E+00, 3.01620E+01,-2.69810E-02, 1.21274E+02, 2.63319E+01, 1.54138E+02, 6.67444E+01, 5.52580E-01, 2.59262E+00, 9.66456E+01, 2.97342E+01, 5.28481E-03, 3.73889E-06, 0.00000E+00, 0.00000E+00, 0.00000E+00,
 943, 1.88396E+01,TRUE,0, 0.00000E+00, 3.62352E+00, 1.43069E+00, 2.94327E+00, 0.00000E+00, 0.00000E+00, 1.87731E-01, 0.00000E+00, 8.80820E-01, 1.43069E+03,-1.21162E+00, 7.56184E+00,-5.23265E-03,-1.94824E-01,-3.65734E-04, 7.79650E-04, 1.43072E+03,-1.21201E+00, 7.56146E+00,-5.99588E-03, 3.32418E+00,-4.83474E+00, 3.01628E+01,-2.39177E-02, 1.24954E+02, 2.71521E+01, 1.56831E+02, 6.73451E+01, 5.52543E-01, 2.59249E+00, 9.67798E+01, 2.97336E+01, 5.28523E-03, 3.21477E-06, 0.00000E+00, 0.00000E+00, 0.00000E+00,
 944, 1.88596E+01,TRUE,0, 0.00000E+00, 3.62347E+00, 1.43067E+00, 2.94326E+00, 0.00000E+00, 0.00000E+00, 1.87722E-01, 0.00000E+00, 8.80792E-01, 1.43067E+03,-1.21123E+00, 7.56222E+00,-4.47403E-03,-1.70532E-01,-2.82764E-04, 7.64399E-04, 1.43069E+03,-1.21162E+00, 7.56184E+00,-5.23265E-03, 3.32377E+00,-4.83260E+00, 3.01606E+01,-2.08706E-02, 1.28704E+02, 2.79678E+01, 1.59549E+02, 6.79363E+01, 5.52515E-01, 2.59240E+00, 9.69086E+01, 2.97332E+01, 5.28563E-03, 2.69323E-06, 0.00000E+00, 0.00000E+00, 0.00000E+00,
 945, 1.88796E+01,TRUE,0, 1.80493E+03, 3.62344E+00, 1.43065E+00, 2.94326E+00, 1.00932E-01, 7.34242E-02, 1.87715E-01, 1.59446E-02, 8.80775E-01, 1.43063E+03,-1.22156E+00, 7.56261E+00,-3.72006E-03,-1.46240E-01,-2.17438E-04, 7.50302E-04, 1.43067E+03,-1.21123E+00, 7.56222E+00,-4.47403E-03, 3.32369E+00,-4.83090E+00, 3.01614E+01,-1.78444E-02, 1.19150E+02, 2.58741E+01, 1.52559E+02, 6.64052E+01, 5.52494E-01, 2.59235E+00, 9.65734E+01, 2.97329E+01, 5.28603E-03, 2.17426E-06, 0.00000E+00, 0.00000E+00, 0.00000E+00,
 946, 1.88996E+01,TRUE,0, 0.00000E+00, 3.62279E+00, 1.43061E+00, 2.94265E+00, 0.00000E+00, 0.00000E+00, 1.87741E-01, 0.00000E+00, 8.80916E-01, 1.43061E+03,-1.22120E+00, 7.56296E+00,-2.97068E-03,-1.06934E-01,-3.33786E-04, 7.37381E-04, 1.43063E+03,-1.22156E+00, 7.56261E+00,-3.72006E-03, 3.32361E+00,-4.87200E+00, 3.01622E+01,-1.48368E-02, 1.22788E+02, 2.66969E+01, 1.55240E+02, 6.70113E+01, 5.52457E-01, 2.59222E+00, 9.67105E+01, 2.97322E+01, 5.28635E-03, 1.65785E-06, 0.00000E+00, 0.00000E+00, 0.00000E+00,
 947, 1.89196E+01,TRUE,0, 0.00000E+00, 3.62274E+00, 1.43058E+00, 2.94264E+00, 0.00000E+00, 0.00000E+00, 1.87732E-01, 0.00000E+00, 8.80890E-01, 1.43058E+03,-1.22082E+00, 7.56332E+00,-2.20987E-03,-8.23975E-02,-2.66552E-04, 8.11311E-04, 1.43061E+03,-1.22120E+00, 7.56296E+00,-2.97068E-03, 3.32332E+00,-4.87011E+00, 3.01609E+01,-1.18470E-02, 1.26497E+02, 2.75151E+01, 1.57944E+02, 6.76079E+01, 5.52428E-01, 2.59214E+00, 9.68420E+01, 2.97318E+01, 5.28673E-03, 1.08408E-06, 0.00000E+00, 0.00000E+00, 0.00000E+00,
 948, 1.89396E+01,TRUE,0, 0.00000E+00, 3.62271E+00, 1.43056E+00, 2.94263E+00, 0.00000E+00, 0.00000E+00, 1.87725E-01, 0.00000E+00, 8.80873E-01, 1.43056E+03,-1.22044E+00, 7.56366E+00,-1.43941E-03,-5.79834E-02,-3.00407E-04, 8.68302E-04, 1.43058E+03,-1.22082E+00, 7.56332E+00,-2.20987E-03, 3.32323E+00,-4.86849E+00, 3.01616E+01,-8.81271E-03, 1.30277E+02, 2.83287E+01, 1.60672E+02, 6.81951E+01, 5.52407E-01, 2.59209E+00, 9.69684E+01, 2.97315E+01, 5.28704E-03, 5.13166E-07, 0.00000E+00, 0.00000E+00, 0.00000E+00,
 949, 1.89596E+01,TRUE,0, 2.14774E+03, 3.62268E+00, 1.43053E+00, 2.94263E+00, 8.58274E-02, 6.24510E-02, 1.87720E-01, 1.35666E-02, 8.80864E-01, 1.43053E+03,-1.22214E+00, 7.56398E+00,-6.61061E-04,-3.35693E-02,-3.29971E-04, 9.10543E-04, 1.43056E+03,-1.22044E+00, 7.56366E+00,-1.43941E-03, 3.32314E+00,-4.86683E+00, 3.01621E+01,-5.74005E-03, 1.22617E+02, 2.66368E+01, 1.55046E+02, 6.69533E+01, 5.52391E-01, 2.59206E+00, 9.66943E+01, 2.97314E+01, 5.28734E-03,-5.49133E-08, 0.00000E+00, 0.00000E+00, 0.00000E+00,
 950, 1.89796E+01,TRUE,0, 0.00000E+00, 3.62220E+00, 1.43051E+00, 2.94217E+00, 0.00000E+00, 0.00000E+00, 1.87741E-01, 0.00000E+00, 8.80973E-01, 1.43051E+03,-1.22175E+00, 7.56430E+00, 1.23549E-04,-6.10352E-03,-2.86579E-04, 9.40071E-04, 1.43053E+03,-1.22214E+00, 7.56398E+00,-6.61061E-04, 3.32306E+00,-4.87351E+00, 3.01627E+01,-2.63609E-03, 1.26321E+02, 2.74550E+01, 1.57748E+02, 6.75508E+01, 5.52364E-01, 2.59197E+00, 9.68265E+01, 2.97309E+01, 5.28769E-03,-6.20152E-07, 0.00000E+00, 0.00000E+00, 0.00000E+00,
 951, 1.89996E+01,TRUE,0, 0.00000E+00, 3.62216E+00, 1.43048E+00, 2.94216E+00, 0.00000E+00, 0.00000E+00, 1.87734E-01, 0.00000E+00, 8.80955E-01, 1.43048E+03,-1.22135E+00, 7.56462E+00, 9.12854E-04, 1.84326E-02,-2.38895E-04, 9.58767E-04, 1.43051E+03,-1.22175E+00, 7.56430E+00, 1.23549E-04, 3.32294E+00,-4.87176E+00, 3.01628E+01, 4.92653E-04, 1.30096E+02, 2.82687E+01, 1.60474E+02, 6.81388E+01, 5.52343E-01, 2.59191E+00, 9.69535E+01, 2.97305E+01, 5.28803E-03,-1.18256E-06, 0.00000E+00, 0.00000E+00, 0.00000E+00,
 952, 1.90196E+01,TRUE,0, 1.94788E+03, 3.62214E+00, 1.43046E+00, 2.94216E+00, 9.45275E-02, 6.87627E-02, 1.87728E-01, 1.49279E-02, 8.80943E-01, 1.43046E+03,-1.21799E+00, 7.56494E+00, 1.70546E-03, 4.29688E-02,-2.04563E-04, 9.68402E-04, 1.43048E+03,-1.22135E+00, 7.56462E+00, 9.12854E-04, 3.32285E+00,-4.87005E+00, 3.01633E+01, 3.63993E-03, 1.21280E+02, 2.63291E+01, 1.54012E+02, 6.67181E+01, 5.52327E-01, 2.59188E+00, 9.66413E+01, 2.97303E+01, 5.28836E-03,-1.74214E-06, 0.00000E+00, 0.00000E+00, 0.00000E+00,
 953, 1.90396E+01,TRUE,0, 0.00000E+00, 3.62165E+00, 1.43044E+00, 2.94169E+00, 0.00000E+00, 0.00000E+00, 1.87749E-01, 0.00000E+00, 8.81051E-01, 1.43044E+03,-1.21756E+00, 7.56527E+00, 2.50011E-03, 6.33545E-02,-7.29561E-05, 9.70566E-04, 1.43046E+03,-1.21799E+00, 7.56494E+00, 1.70546E-03, 3.32277E+00,-4.85652E+00, 3.01638E+01, 6.80020E-03, 1.24958E+02, 2.71489E+01, 1.56705E+02, 6.73192E+01, 5.52299E-01, 2.59178E+00, 9.67756E+01, 2.97298E+01, 5.28874E-03,-2.29892E-06, 0.00000E+00, 0.00000E+00, 0.00000E+00,
 954, 1.90596E+01,TRUE,0, 0.00000E+00, 3.62161E+00, 1.43041E+00, 2.94168E+00, 0.00000E+00, 0.00000E+00, 1.87742E-01, 0.00000E+00, 8.81031E-01, 1.43041E+03,-1.21713E+00, 7.56560E+00, 3.29565E-03, 8.77686E-02,-8.10623E-05, 9.66610E-04, 1.43044E+03,-1.21756E+00, 7.56527E+00, 2.50011E-03, 3.32274E+00,-4.85477E+00, 3.01649E+01, 9.96867E-03, 1.28705E+02, 2.79641E+01, 1.59421E+02, 6.79109E+01, 5.52278E-01, 2.59172E+00, 9.69046E+01, 2.97294E+01, 5.28906E-03,-2.85288E-06, 0.00000E+00, 0.00000E+00, 0.00000E+00,
 955, 1.90796E+01,TRUE,0, 1.80463E+03, 3.62159E+00, 1.43039E+00, 2.94168E+00, 1.00946E-01, 7.34354E-02, 1.87737E-01, 1.59449E-02, 8.81018E-01, 1.43040E+03,-1.20845E+00, 7.56591E+00, 4.09107E-03, 1.12183E-01,-9.53674E-05, 9.57833E-04, 1.43041E+03,-1.21713E+00, 7.56560E+00, 3.29565E-03, 3.32266E+00,-4.85292E+00, 3.01655E+01, 1.31404E-02, 1.19146E+02, 2.58700E+01, 1.52429E+02, 6.63802E+01, 5.52262E-01, 2.59168E+00, 9.65696E+01, 2.97292E+01, 5.28936E-03,-3.40403E-06, 0.00000E+00, 0.00000E+00, 0.00000E+00,
 956, 1.90996E+01,TRUE,0, 0.00000E+00, 3.62111E+00, 1.43037E+00, 2.94123E+00, 0.00000E+00, 0.00000E+00, 1.87757E-01, 0.00000E+00, 8.81122E-01, 1.43037E+03,-1.20796E+00, 7.56622E+00, 4.88553E-03, 1.25122E-01,-1.37329E-04, 9.45377E-04, 1.43040E+03,-1.20845E+00, 7.56591E+00, 4.09107E-03, 3.32258E+00,-4.81818E+00, 3.01660E+01, 1.63115E-02, 1.22782E+02, 2.66923E+01, 1.55109E+02, 6.69867E+01, 5.52235E-01, 2.59158E+00, 9.67068E+01, 2.97287E+01, 5.28960E-03,-3.95239E-06, 0.00000E+00, 0.00000E+00, 0.00000E+00,
 957, 1.91196E+01,TRUE,0, 0.00000E+00, 3.62108E+00, 1.43035E+00, 2.94122E+00, 0.00000E+00, 0.00000E+00, 1.87750E-01, 0.00000E+00, 8.81102E-01, 1.43035E+03,-1.20747E+00, 7.56651E+00, 5.67822E-03, 1.49292E-01,-1.51157E-04, 9.30081E-04, 1.43037E+03,-1.20796E+00, 7.56622E+00, 4.88553E-03, 3.32265E+00,-4.81636E+00, 3.01679E+01, 1.94795E-02, 1.26489E+02, 2.75101E+01, 1.57812E+02, 6.75838E+01, 5.52213E-01, 2.59152E+00, 9.68385E+01, 2.97283E+01, 5.28988E-03,-4.49797E-06, 0.00000E+00, 0.00000E+00, 0.00000E+00,
 958, 1.91396E+01,TRUE,0, 0.00000E+00, 3.62105E+00, 1.43033E+00, 2.94122E+00, 0.00000E+00, 0.00000E+00, 1.87744E-01, 0.00000E+00, 8.81089E-01, 1.43033E+03,-1.20697E+00, 7.56680E+00, 6.46849E-03, 1.73462E-01,-1.68324E-04, 9.12840E-04, 1.43035E+03,-1.20747E+00, 7.56651E+00, 5.67822E-03, 3.32257E+00,-4.81428E+00, 3.01683E+01, 2.26396E-02, 1.30266E+02, 2.83234E+01, 1.60539E+02, 6.81714E+01, 5.52197E-01, 2.59148E+00, 9.69650E+01, 2.97281E+01, 5.29016E-03,-5.04077E-06, 0.00000E+00, 0.00000E+00, 0.00000E+00,
 959, 1.91596E+01,TRUE,0, 2.14742E+03, 3.62104E+00, 1.43030E+00, 2.94122E+00, 8.58367E-02, 6.24537E-02, 1.87740E-01, 1.35660E-02, 8.81081E-01, 1.43032E+03,-1.19412E+00, 7.56707E+00, 7.25580E-03, 1.97632E-01,-1.88828E-04, 8.94333E-04, 1.43033E+03,-1.20697E+00, 7.56680E+00, 6.46849E-03, 3.32249E+00,-4.81218E+00, 3.01687E+01, 2.57898E-02, 1.22602E+02, 2.66313E+01, 1.54913E+02, 6.69303E+01, 5.52186E-01, 2.59146E+00, 9.66912E+01, 2.97280E+01, 5.29043E-03,-5.58080E-06, 0.00000E+00, 0.00000E+00, 0.00000E+00,
 960, 1.91796E+01,TRUE,0, 0.00000E+00, 3.62068E+00, 1.43030E+00, 2.94088E+00, 0.00000E+00, 0.00000E+00, 1.87755E-01, 0.00000E+00, 8.81162E-01, 1.43030E+03,-1.19356E+00, 7.56735E+00, 8.03972E-03, 2.04712E-01,-1.18732E-04, 8.75247E-04, 1.43032E+03,-1.19412E+00, 7.56707E+00, 7.25580E-03, 3.32241E+00,-4.76084E+00, 3.01691E+01, 2.89281E-02, 1.26304E+02, 2.74492E+01, 1.57614E+02, 6.75282E+01, 5.52165E-01, 2.59139E+00, 9.68235E+01, 2.97276E+01, 5.29069E-03,-6.11806E-06, 0.00000E+00, 0.00000E+00, 0.00000E+00,
 961, 1.91996E+01,TRUE,0, 0.00000E+00, 3.62065E+00, 1.43027E+00, 2.94088E+00, 0.00000E+00, 0.00000E+00, 1.87750E-01, 0.00000E+00, 8.81147E-01, 1.43027E+03,-1.19299E+00, 7.56762E+00, 8.81984E-03, 2.28638E-01,-1.58310E-04, 8.55817E-04, 1.43030E+03,-1.19356E+00, 7.56735E+00, 8.03972E-03, 3.32257E+00,-4.75883E+00, 3.01717E+01, 3.20551E-02, 1.30076E+02, 2.82626E+01, 1.60339E+02, 6.81166E+01, 5.52150E-01, 2.59134E+00, 9.69506E+01, 2.97273E+01, 5.29095E-03,-6.65257E-06, 0.00000E+00, 0.00000E+00, 0.00000E+00,
 962, 1.92196E+01,TRUE,0, 1.94761E+03, 3.62064E+00, 1.43025E+00, 2.94088E+00, 9.45348E-02, 6.87605E-02, 1.87746E-01, 1.49266E-02, 8.81137E-01, 1.43027E+03,-1.17505E+00, 7.56787E+00, 9.59586E-03, 2.52563E-01,-1.96457E-04, 8.36565E-04, 1.43027E+03,-1.19299E+00, 7.56762E+00, 8.81984E-03, 3.32249E+00,-4.75645E+00, 3.01720E+01, 3.51646E-02, 1.21259E+02, 2.63230E+01, 1.53878E+02, 6.66968E+01, 5.52139E-01, 2.59132E+00, 9.66386E+01, 2.97272E+01, 5.29119E-03,-7.18432E-06, 0.00000E+00, 0.00000E+00, 0.00000E+00,
 963, 1.92396E+01,TRUE,0, 0.00000E+00, 3.62028E+00, 1.43025E+00, 2.94053E+00, 0.00000E+00, 0.00000E+00, 1.87761E-01, 0.00000E+00, 8.81217E-01, 1.43025E+03,-1.17440E+00, 7.56815E+00, 1.03676E-02, 2.52319E-01,-1.76430E-05, 8.17971E-04, 1.43027E+03,-1.17505E+00, 7.56787E+00, 9.59586E-03, 3.32241E+00,-4.68482E+00, 3.01723E+01, 3.82577E-02, 1.24933E+02, 2.71425E+01, 1.56570E+02, 6.72983E+01, 5.52118E-01, 2.59125E+00, 9.67730E+01, 2.97268E+01, 5.29148E-03,-7.71333E-06, 0.00000E+00, 0.00000E+00, 0.00000E+00,
 964, 1.92596E+01,TRUE,0, 0.00000E+00, 3.62026E+00, 1.43022E+00, 2.94053E+00, 0.00000E+00, 0.00000E+00, 1.87756E-01, 0.00000E+00, 8.81201E-01, 1.43022E+03,-1.17375E+00, 7.56842E+00, 1.11348E-02, 2.75879E-01,-8.10623E-06, 7.99853E-04, 1.43025E+03,-1.17440E+00, 7.56815E+00, 1.03676E-02, 3.32268E+00,-4.68260E+00, 3.01758E+01, 4.13378E-02, 1.28678E+02, 2.79575E+01, 1.59286E+02, 6.78904E+01, 5.52103E-01, 2.59120E+00, 9.69021E+01, 2.97265E+01, 5.29177E-03,-8.23960E-06, 0.00000E+00, 0.00000E+00, 0.00000E+00,
 965, 1.92796E+01,TRUE,0, 1.80441E+03, 3.62025E+00, 1.43020E+00, 2.94054E+00, 1.00951E-01, 7.34279E-02, 1.87752E-01, 1.59431E-02, 8.81190E-01, 1.43023E+03,-1.15111E+00, 7.56869E+00, 1.18974E-02, 2.99438E-01,-9.05991E-06, 7.82615E-04, 1.43022E+03,-1.17375E+00, 7.56842E+00, 1.11348E-02, 3.32260E+00,-4.67988E+00, 3.01762E+01, 4.43958E-02, 1.19118E+02, 2.58637E+01, 1.52296E+02, 6.63607E+01, 5.52091E-01, 2.59117E+00, 9.65674E+01, 2.97263E+01, 5.29205E-03,-8.76315E-06, 0.00000E+00, 0.00000E+00, 0.00000E+00,
 966, 1.92996E+01,TRUE,0, 0.00000E+00, 3.61990E+00, 1.43021E+00, 2.94021E+00, 0.00000E+00, 0.00000E+00, 1.87766E-01, 0.00000E+00, 8.81266E-01, 1.43021E+03,-1.15035E+00, 7.56897E+00, 1.26553E-02, 2.92358E-01, 5.91278E-05, 7.66659E-04, 1.43023E+03,-1.15111E+00, 7.56869E+00, 1.18974E-02, 3.32252E+00,-4.58949E+00, 3.01766E+01, 4.74352E-02, 1.22752E+02, 2.66857E+01, 1.54974E+02, 6.69676E+01, 5.52071E-01, 2.59110E+00, 9.67047E+01, 2.97260E+01, 5.29225E-03,-9.28397E-06, 0.00000E+00, 0.00000E+00, 0.00000E+00,
 967, 1.93196E+01,TRUE,0, 0.00000E+00, 3.61988E+00, 1.43018E+00, 2.94021E+00, 0.00000E+00, 0.00000E+00, 1.87761E-01, 0.00000E+00, 8.81251E-01, 1.43018E+03,-1.14960E+00, 7.56923E+00, 1.34245E-02, 3.15430E-01,-5.53131E-05, 8.37196E-04, 1.43021E+03,-1.15035E+00, 7.56897E+00, 1.26553E-02, 3.32288E+00,-4.58698E+00, 3.01809E+01, 5.04624E-02, 1.26455E+02, 2.75033E+01, 1.57677E+02, 6.75650E+01, 5.52056E-01, 2.59106E+00, 9.68365E+01, 2.97257E+01, 5.29245E-03,-9.86199E-06, 0.00000E+00, 0.00000E+00, 0.00000E+00,
 968, 1.93396E+01,TRUE,0, 0.00000E+00, 3.61987E+00, 1.43016E+00, 2.94021E+00, 0.00000E+00, 0.00000E+00, 1.87757E-01, 0.00000E+00, 8.81240E-01, 1.43016E+03,-1.14884E+00, 7.56946E+00, 1.42031E-02, 3.38501E-01,-1.56403E-04, 8.90816E-04, 1.43018E+03,-1.14960E+00, 7.56923E+00, 1.34245E-02, 3.32280E+00,-4.58386E+00, 3.01813E+01, 5.35282E-02, 1.30230E+02, 2.83163E+01, 1.60403E+02, 6.81529E+01, 5.52045E-01, 2.59103E+00, 9.69630E+01, 2.97255E+01, 5.29265E-03,-1.04370E-05, 0.00000E+00, 0.00000E+00, 0.00000E+00,
 969, 1.93596E+01,TRUE,0, 2.14717E+03, 3.61986E+00, 1.43014E+00, 2.94022E+00, 8.58373E-02, 6.24426E-02, 1.87754E-01, 1.35642E-02, 8.81233E-01, 1.43017E+03,-1.12551E+00, 7.56968E+00, 1.49892E-02, 3.61572E-01,-2.44617E-04, 9.29765E-04, 1.43016E+03,-1.14884E+00, 7.56946E+00, 1.42031E-02, 3.32273E+00,-4.58074E+00, 3.01815E+01, 5.66314E-02, 1.22566E+02, 2.66246E+01, 1.54780E+02, 6.69129E+01, 5.52037E-01, 2.59102E+00, 9.66894E+01, 2.97254E+01, 5.29283E-03,-1.10090E-05, 0.00000E+00, 0.00000E+00, 0.00000E+00,
 970, 1.93795E+01,TRUE,0, 0.00000E+00, 3.61960E+00, 1.43015E+00, 2.93997E+00, 0.00000E+00, 0.00000E+00, 1.87765E-01, 0.00000E+00, 8.81291E-01, 1.43015E+03,-1.12465E+00, 7.56991E+00, 1.57814E-02, 3.53149E-01,-6.67572E-05, 9.56520E-04, 1.43017E+03,-1.12551E+00, 7.56968E+00, 1.49892E-02, 3.32265E+00,-4.48761E+00, 3.01817E+01, 5.97648E-02, 1.26265E+02, 2.74424E+01, 1.57481E+02, 6.75111E+01, 5.52023E-01, 2.59097E+00, 9.68218E+01, 2.97252E+01, 5.29306E-03,-1.15781E-05, 0.00000E+00, 0.00000E+00, 0.00000E+00,
 971, 1.93995E+01,TRUE,0, 0.00000E+00, 3.61959E+00, 1.43012E+00, 2.93998E+00, 0.00000E+00, 0.00000E+00, 1.87761E-01, 0.00000E+00, 8.81279E-01, 1.43012E+03,-1.12380E+00, 7.57014E+00, 1.65779E-02, 3.75732E-01,-9.48906E-05, 9.72202E-04, 1.43015E+03,-1.12465E+00, 7.56991E+00, 1.57814E-02, 3.32302E+00,-4.48470E+00, 3.01860E+01, 6.29304E-02, 1.30034E+02, 2.82555E+01, 1.60205E+02, 6.80999E+01, 5.52012E-01, 2.59094E+00, 9.69490E+01, 2.97250E+01, 5.29329E-03,-1.21441E-05, 0.00000E+00, 0.00000E+00, 0.00000E+00,
 972, 1.94195E+01,TRUE,0, 1.94741E+03, 3.61960E+00, 1.43010E+00, 2.93999E+00, 9.45327E-02, 6.87449E-02, 1.87757E-01, 1.49244E-02, 8.81270E-01, 1.43014E+03,-1.09558E+00, 7.57035E+00, 1.73773E-02, 3.98193E-01,-1.24931E-04, 9.79014E-04, 1.43012E+03,-1.12380E+00, 7.57014E+00, 1.65779E-02, 3.32295E+00,-4.48121E+00, 3.01862E+01, 6.61051E-02, 1.21219E+02, 2.63165E+01, 1.53749E+02, 6.66813E+01, 5.52005E-01, 2.59092E+00, 9.66372E+01, 2.97249E+01, 5.29351E-03,-1.27072E-05, 0.00000E+00, 0.00000E+00, 0.00000E+00,
 973, 1.94395E+01,TRUE,0, 0.00000E+00, 3.61934E+00, 1.43012E+00, 2.93974E+00, 0.00000E+00, 0.00000E+00, 1.87769E-01, 0.00000E+00, 8.81328E-01, 1.43012E+03,-1.09461E+00, 7.57060E+00, 1.81785E-02, 3.82568E-01, 4.76837E-05, 9.79064E-04, 1.43014E+03,-1.09558E+00, 7.57035E+00, 1.73773E-02, 3.32288E+00,-4.36856E+00, 3.01865E+01, 6.92914E-02, 1.24890E+02, 2.71358E+01, 1.56440E+02, 6.72831E+01, 5.51991E-01, 2.59088E+00, 9.67717E+01, 2.97246E+01, 5.29372E-03,-1.32672E-05, 0.00000E+00, 0.00000E+00, 0.00000E+00,
 974, 1.94595E+01,TRUE,0, 0.00000E+00, 3.61933E+00, 1.43010E+00, 2.93975E+00, 0.00000E+00, 0.00000E+00, 1.87764E-01, 0.00000E+00, 8.81315E-01, 1.43010E+03,-1.09364E+00, 7.57082E+00, 1.89801E-02, 4.04541E-01,-2.14577E-05, 9.72664E-04, 1.43012E+03,-1.09461E+00, 7.57060E+00, 1.81785E-02, 3.32335E+00,-4.36532E+00, 3.01917E+01, 7.24962E-02, 1.28633E+02, 2.79506E+01, 1.59155E+02, 6.78754E+01, 5.51980E-01, 2.59084E+00, 9.69009E+01, 2.97244E+01, 5.29392E-03,-1.38244E-05, 0.00000E+00, 0.00000E+00, 0.00000E+00,
 975, 1.94795E+01,TRUE,0, 1.80424E+03, 3.61933E+00, 1.43007E+00, 2.93976E+00, 1.00946E-01, 7.34082E-02, 1.87761E-01, 1.59407E-02, 8.81305E-01, 1.43002E+03,-1.13478E+00, 7.57103E+00, 1.97813E-02,-5.73486E-01,-8.72612E-05, 9.61674E-04, 1.43010E+03,-1.09364E+00, 7.57082E+00, 1.89801E-02, 3.32328E+00,-4.36139E+00, 3.01920E+01, 7.56916E-02, 1.19076E+02, 2.58575E+01, 1.52171E+02, 6.63471E+01, 5.51973E-01, 2.59083E+00, 9.65664E+01, 2.97243E+01, 5.29411E-03,-1.43785E-05, 0.00000E+00, 0.00000E+00, 0.00000E+00,
 976, 1.94995E+01,TRUE,0, 0.00000E+00, 3.61845E+00, 1.42999E+00, 2.93889E+00, 0.00000E+00, 0.00000E+00, 1.87805E-01, 0.00000E+00, 8.81515E-01, 1.42999E+03,-1.13400E+00, 7.57119E+00, 2.05809E-02,-4.92798E-01,-3.78609E-04, 9.46300E-04, 1.43002E+03,-1.13478E+00, 7.57103E+00, 1.97813E-02, 3.32322E+00,-4.52535E+00, 3.01922E+01, 7.88849E-02, 1.22706E+02, 2.66794E+01, 1.54849E+02, 6.69543E+01, 5.51937E-01, 2.59067E+00, 9.67037E+01, 2.97235E+01, 5.29435E-03,-1.49298E-05, 0.00000E+00, 0.00000E+00, 0.00000E+00,
 977, 1.95195E+01,TRUE,0, 0.00000E+00, 3.61841E+00, 1.42997E+00, 2.93889E+00, 0.00000E+00, 0.00000E+00, 1.87795E-01, 0.00000E+00, 8.81479E-01, 1.42997E+03,-1.13323E+00, 7.57134E+00, 2.13784E-02,-4.70093E-01,-3.97205E-04, 9.29344E-04, 1.42999E+03,-1.13400E+00, 7.57119E+00, 2.05809E-02, 3.32232E+00,-4.52103E+00, 3.01847E+01, 8.20516E-02, 1.26407E+02, 2.74969E+01, 1.57551E+02, 6.75519E+01, 5.51909E-01, 2.59057E+00, 9.68356E+01, 2.97231E+01, 5.29453E-03,-1.54781E-05, 0.00000E+00, 0.00000E+00, 0.00000E+00,
 978, 1.95395E+01,TRUE,0, 0.00000E+00, 3.61839E+00, 1.42995E+00, 2.93890E+00, 0.00000E+00, 0.00000E+00, 1.87787E-01, 0.00000E+00, 8.81455E-01, 1.42995E+03,-1.13245E+00, 7.57147E+00, 2.21730E-02,-4.47388E-01,-4.15325E-04, 9.10632E-04, 1.42997E+03,-1.13323E+00, 7.57134E+00, 2.13784E-02, 3.32225E+00,-4.51783E+00, 3.01847E+01, 8.52292E-02, 1.30179E+02, 2.83097E+01, 1.60277E+02, 6.81401E+01, 5.51888E-01, 2.59051E+00, 9.69621E+01, 2.97228E+01, 5.29469E-03,-1.60234E-05, 0.00000E+00, 0.00000E+00, 0.00000E+00,
 979, 1.95595E+01,TRUE,0, 2.14685E+03, 3.61837E+00, 1.42992E+00, 2.93891E+00, 8.58361E-02, 6.24273E-02, 1.87781E-01, 1.35631E-02, 8.81439E-01, 1.42989E+03,-1.15818E+00, 7.57157E+00, 2.29644E-02,-4.24683E-01,-5.19276E-04, 8.90844E-04, 1.42995E+03,-1.13245E+00, 7.57147E+00, 2.21730E-02, 3.32218E+00,-4.51463E+00, 3.01846E+01, 8.83954E-02, 1.22518E+02, 2.66185E+01, 1.54659E+02, 6.69012E+01, 5.51872E-01, 2.59047E+00, 9.66887E+01, 2.97227E+01, 5.29479E-03,-1.65659E-05, 0.00000E+00, 0.00000E+00, 0.00000E+00,
 980, 1.95795E+01,TRUE,0, 0.00000E+00, 3.61769E+00, 1.42986E+00, 2.93824E+00, 0.00000E+00, 0.00000E+00, 1.87812E-01, 0.00000E+00, 8.81595E-01, 1.42986E+03,-1.15751E+00, 7.57163E+00, 2.37519E-02,-3.64990E-01,-7.16686E-04, 8.69898E-04, 1.42989E+03,-1.15818E+00, 7.57157E+00, 2.29644E-02, 3.32211E+00,-4.61711E+00, 3.01843E+01, 9.15482E-02, 1.26214E+02, 2.74362E+01, 1.57359E+02, 6.74996E+01, 5.51837E-01, 2.59034E+00, 9.68212E+01, 2.97220E+01, 5.29494E-03,-1.71054E-05, 0.00000E+00, 0.00000E+00, 0.00000E+00,
 981, 1.95995E+01,TRUE,0, 0.00000E+00, 3.61765E+00, 1.42984E+00, 2.93825E+00, 0.00000E+00, 0.00000E+00, 1.87803E-01, 0.00000E+00, 8.81565E-01, 1.42984E+03,-1.15684E+00, 7.57169E+00, 2.45352E-02,-3.41797E-01,-6.82354E-04, 8.49603E-04, 1.42986E+03,-1.15751E+00, 7.57163E+00, 2.37519E-02, 3.32152E+00,-4.61362E+00, 3.01792E+01, 9.46707E-02, 1.29980E+02, 2.82492E+01, 1.60082E+02, 6.80886E+01, 5.51811E-01, 2.59026E+00, 9.69483E+01, 2.97217E+01, 5.29508E-03,-1.76420E-05, 0.00000E+00, 0.00000E+00, 0.00000E+00,
 982, 1.96195E+01,TRUE,0, 1.94703E+03, 3.61763E+00, 1.42982E+00, 2.93826E+00, 9.45339E-02, 6.87295E-02, 1.87796E-01, 1.49241E-02, 8.81546E-01, 1.42979E+03,-1.17806E+00, 7.57173E+00, 2.53142E-02,-3.18604E-01,-6.52790E-04, 8.29620E-04, 1.42984E+03,-1.15684E+00, 7.57169E+00, 2.45352E-02, 3.32144E+00,-4.61085E+00, 3.01787E+01, 9.77908E-02, 1.21168E+02, 2.63107E+01, 1.53632E+02, 6.66711E+01, 5.51791E-01, 2.59021E+00, 9.66367E+01, 2.97215E+01, 5.29522E-03,-1.81757E-05, 0.00000E+00, 0.00000E+00, 0.00000E+00,
 983, 1.96395E+01,TRUE,0, 0.00000E+00, 3.61693E+00, 1.42976E+00, 2.93758E+00, 0.00000E+00, 0.00000E+00, 1.87826E-01, 0.00000E+00, 8.81701E-01, 1.42976E+03,-1.17748E+00, 7.57176E+00, 2.60884E-02,-2.64893E-01,-7.06673E-04, 8.09658E-04, 1.42979E+03,-1.17806E+00, 7.57173E+00, 2.53142E-02, 3.32137E+00,-4.69534E+00, 3.01782E+01, 1.00893E-01, 1.24837E+02, 2.71299E+01, 1.56323E+02, 6.72731E+01, 5.51753E-01, 2.59007E+00, 9.67712E+01, 2.97208E+01, 5.29540E-03,-1.87066E-05, 0.00000E+00, 0.00000E+00, 0.00000E+00,
 984, 1.96595E+01,TRUE,0, 0.00000E+00, 3.61689E+00, 1.42974E+00, 2.93758E+00, 0.00000E+00, 0.00000E+00, 1.87816E-01, 0.00000E+00, 8.81671E-01, 1.42974E+03,-1.17689E+00, 7.57179E+00, 2.68578E-02,-2.41333E-01,-5.89371E-04, 7.91132E-04, 1.42976E+03,-1.17748E+00, 7.57176E+00, 2.60884E-02, 3.32086E+00,-4.69230E+00, 3.01737E+01, 1.03963E-01, 1.28577E+02, 2.79446E+01, 1.59037E+02, 6.78656E+01, 5.51724E-01, 2.58998E+00, 9.69004E+01, 2.97204E+01, 5.29558E-03,-1.92345E-05, 0.00000E+00, 0.00000E+00, 0.00000E+00,
 985, 1.96795E+01,TRUE,0, 1.80379E+03, 3.61686E+00, 1.42972E+00, 2.93758E+00, 1.00949E-01, 7.33937E-02, 1.87808E-01, 1.59412E-02, 8.81652E-01, 1.42970E+03,-1.19229E+00, 7.57182E+00, 2.76223E-02,-2.17773E-01,-5.81741E-04, 7.73560E-04, 1.42974E+03,-1.17689E+00, 7.57179E+00, 2.68578E-02, 3.32078E+00,-4.68986E+00, 3.01731E+01, 1.07027E-01, 1.19023E+02, 2.58519E+01, 1.52059E+02, 6.63384E+01, 5.51703E-01, 2.58992E+00, 9.65660E+01, 2.97202E+01, 5.29569E-03,-1.97596E-05, 0.00000E+00, 0.00000E+00, 0.00000E+00,
 986, 1.96995E+01,TRUE,0, 0.00000E+00, 3.61617E+00, 1.42967E+00, 2.93692E+00, 0.00000E+00, 0.00000E+00, 1.87837E-01, 0.00000E+00, 8.81803E-01, 1.42967E+03,-1.19176E+00, 7.57179E+00, 2.83818E-02,-1.71753E-01,-7.82490E-04, 7.56584E-04, 1.42970E+03,-1.19229E+00, 7.57182E+00, 2.76223E-02, 3.32071E+00,-4.75108E+00, 3.01725E+01, 1.10071E-01, 1.22651E+02, 2.66738E+01, 1.54737E+02, 6.69457E+01, 5.51664E-01, 2.58979E+00, 9.67033E+01, 2.97195E+01, 5.29573E-03,-2.02818E-05, 0.00000E+00, 0.00000E+00, 0.00000E+00,
 987, 1.97195E+01,TRUE,0, 0.00000E+00, 3.61613E+00, 1.42965E+00, 2.93692E+00, 0.00000E+00, 0.00000E+00, 1.87827E-01, 0.00000E+00, 8.81774E-01, 1.42965E+03,-1.19123E+00, 7.57177E+00, 2.91363E-02,-1.47827E-01,-7.40051E-04, 7.41228E-04, 1.42967E+03,-1.19176E+00, 7.57179E+00, 2.83818E-02, 3.32031E+00,-4.74842E+00, 3.01689E+01, 1.13084E-01, 1.26350E+02, 2.74912E+01, 1.57438E+02, 6.75435E+01, 5.51634E-01, 2.58970E+00, 9.68352E+01, 2.97191E+01, 5.29583E-03,-2.08011E-05, 0.00000E+00, 0.00000E+00, 0.00000E+00,
 988, 1.97395E+01,TRUE,0, 0.00000E+00, 3.61609E+00, 1.42962E+00, 2.93692E+00, 0.00000E+00, 0.00000E+00, 1.87820E-01, 0.00000E+00, 8.81756E-01, 1.42962E+03,-1.19069E+00, 7.57173E+00, 2.98857E-02,-1.23901E-01,-7.04765E-04, 7.27016E-04, 1.42965E+03,-1.19123E+00, 7.57177E+00, 2.91363E-02, 3.32024E+00,-4.74618E+00, 3.01681E+01, 1.16087E-01, 1.30119E+02, 2.83040E+01, 1.60164E+02, 6.81318E+01, 5.51612E-01, 2.58964E+00, 9.69618E+01, 2.97188E+01, 5.29591E-03,-2.13176E-05, 0.00000E+00, 0.00000E+00, 0.00000E+00,
 989, 1.97595E+01,TRUE,0, 2.14636E+03, 3.61607E+00, 1.42960E+00, 2.93692E+00, 8.58351E-02, 6.24124E-02, 1.87814E-01, 1.35635E-02, 8.81745E-01, 1.42959E+03,-1.19639E+00, 7.57169E+00, 3.06461E-02,-1.00098E-01,-6.75201E-04, 7.99693E-04, 1.42962E+03,-1.19069E+00, 7.57173E+00, 2.98857E-02, 3.32016E+00,-4.74392E+00, 3.01672E+01, 1.19070E-01, 1.22461E+02, 2.66133E+01, 1.54551E+02, 6.68939E+01, 5.51596E-01, 2.58962E+00, 9.66884E+01, 2.97187E+01, 5.29599E-03,-2.18912E-05, 0.00000E+00, 0.00000E+00, 0.00000E+00,
 990, 1.97795E+01,TRUE,0, 0.00000E+00, 3.61555E+00, 1.42957E+00, 2.93642E+00, 0.00000E+00, 0.00000E+00, 1.87836E-01, 0.00000E+00, 8.81863E-01, 1.42957E+03,-1.19587E+00, 7.57166E+00, 3.14158E-02,-6.75049E-02,-6.13213E-04, 8.55252E-04, 1.42959E+03,-1.19639E+00, 7.57169E+00, 3.06461E-02, 3.32008E+00,-4.76653E+00, 3.01663E+01, 1.22097E-01, 1.26155E+02, 2.74309E+01, 1.57251E+02, 6.74924E+01, 5.51567E-01, 2.58952E+00, 9.68209E+01, 2.97182E+01, 5.29612E-03,-2.24616E-05, 0.00000E+00, 0.00000E+00, 0.00000E+00,
 991, 1.97995E+01,TRUE,0, 0.00000E+00, 3.61552E+00, 1.42954E+00, 2.93642E+00, 0.00000E+00, 0.00000E+00, 1.87829E-01, 0.00000E+00, 8.81843E-01, 1.42954E+03,-1.19534E+00, 7.57161E+00, 3.21929E-02,-4.35791E-02,-6.04630E-04, 8.96301E-04, 1.42957E+03,-1.19587E+00, 7.57166E+00, 3.14158E-02, 3.31987E+00,-4.76416E+00, 3.01643E+01, 1.25156E-01, 1.29919E+02, 2.82439E+01, 1.59974E+02, 6.80815E+01, 5.51545E-01, 2.58946E+00, 9.69481E+01, 2.97179E+01, 5.29618E-03,-2.30289E-05, 0.00000E+00, 0.00000E+00, 0.00000E+00,
 992, 1.98195E+01,TRUE,0, 1.94661E+03, 3.61550E+00, 1.42952E+00, 2.93642E+00, 9.45297E-02, 6.87114E-02, 1.87823E-01, 1.49245E-02, 8.81830E-01, 1.42952E+03,-1.19616E+00, 7.57156E+00, 3.29758E-02,-1.96533E-02,-5.99384E-04, 9.24703E-04, 1.42954E+03,-1.19534E+00, 7.57161E+00, 3.21929E-02, 3.31979E+00,-4.76194E+00, 3.01634E+01, 1.28248E-01, 1.21111E+02, 2.63059E+01, 1.53530E+02, 6.66651E+01, 5.51529E-01, 2.58942E+00, 9.66365E+01, 2.97176E+01, 5.29623E-03,-2.35931E-05, 0.00000E+00, 0.00000E+00, 0.00000E+00,
 993, 1.98395E+01,TRUE,0, 0.00000E+00, 3.61497E+00, 1.42949E+00, 2.93592E+00, 0.00000E+00, 0.00000E+00, 1.87846E-01, 0.00000E+00, 8.81947E-01, 1.42949E+03,-1.19563E+00, 7.57151E+00, 3.37630E-02, 6.22559E-03,-5.21660E-04, 9.42312E-04, 1.42952E+03,-1.19616E+00, 7.57156E+00, 3.29758E-02, 3.31971E+00,-4.76508E+00, 3.01625E+01, 1.31364E-01, 1.24778E+02, 2.71252E+01, 1.56221E+02, 6.72672E+01, 5.51499E-01, 2.58932E+00, 9.67711E+01, 2.97171E+01, 5.29634E-03,-2.41542E-05, 0.00000E+00, 0.00000E+00, 0.00000E+00,
 994, 1.98595E+01,TRUE,0, 0.00000E+00, 3.61494E+00, 1.42947E+00, 2.93591E+00, 0.00000E+00, 0.00000E+00, 1.87838E-01, 0.00000E+00, 8.81925E-01, 1.42947E+03,-1.19509E+00, 7.57147E+00, 3.45530E-02, 3.01514E-02,-4.52518E-04, 9.50947E-04, 1.42949E+03,-1.19563E+00, 7.57151E+00, 3.37630E-02, 3.31960E+00,-4.76281E+00, 3.01613E+01, 1.34496E-01, 1.28515E+02, 2.79399E+01, 1.58935E+02, 6.78598E+01, 5.51477E-01, 2.58926E+00, 9.69002E+01, 2.97167E+01, 5.29644E-03,-2.47122E-05, 0.00000E+00, 0.00000E+00, 0.00000E+00,
 995, 1.98795E+01,TRUE,0, 1.80344E+03, 3.61491E+00, 1.42945E+00, 2.93592E+00, 1.00942E-01, 7.33730E-02, 1.87832E-01, 1.59417E-02, 8.81911E-01, 1.42945E+03,-1.19058E+00, 7.57143E+00, 3.53445E-02, 5.40771E-02,-4.02451E-04, 9.52169E-04, 1.42947E+03,-1.19509E+00, 7.57147E+00, 3.45530E-02, 3.31952E+00,-4.76055E+00, 3.01604E+01, 1.37639E-01, 1.18966E+02, 2.58478E+01, 1.51964E+02, 6.63337E+01, 5.51460E-01, 2.58922E+00, 9.65659E+01, 2.97165E+01, 5.29653E-03,-2.52670E-05, 0.00000E+00, 0.00000E+00, 0.00000E+00,
 996, 1.98995E+01,TRUE,0, 0.00000E+00, 3.61440E+00, 1.42943E+00, 2.93543E+00, 0.00000E+00, 0.00000E+00, 1.87854E-01, 0.00000E+00, 8.82023E-01, 1.42943E+03,-1.19001E+00, 7.57138E+00, 3.61366E-02, 7.25098E-02,-4.23431E-04, 9.47528E-04, 1.42945E+03,-1.19058E+00, 7.57143E+00, 3.53445E-02, 3.31944E+00,-4.74246E+00, 3.01595E+01, 1.40789E-01, 1.22593E+02, 2.66697E+01, 1.54642E+02, 6.69410E+01, 5.51431E-01, 2.58911E+00, 9.67032E+01, 2.97160E+01, 5.29655E-03,-2.58188E-05, 0.00000E+00, 0.00000E+00, 0.00000E+00,
 997, 1.99195E+01,TRUE,0, 0.00000E+00, 3.61437E+00, 1.42940E+00, 2.93542E+00, 0.00000E+00, 0.00000E+00, 1.87846E-01, 0.00000E+00, 8.82001E-01, 1.42940E+03,-1.18944E+00, 7.57132E+00, 3.69281E-02, 9.63135E-02,-4.74930E-04, 9.37939E-04, 1.42943E+03,-1.19001E+00, 7.57138E+00, 3.61366E-02, 3.31944E+00,-4.74021E+00, 3.01593E+01, 1.43944E-01, 1.26289E+02, 2.74871E+01, 1.57343E+02, 6.75389E+01, 5.51408E-01, 2.58905E+00, 9.68351E+01, 2.97156E+01, 5.29657E-03,-2.63676E-05, 0.00000E+00, 0.00000E+00, 0.00000E+00,
 998, 1.99395E+01,TRUE,0, 0.00000E+00, 3.61434E+00, 1.42938E+00, 2.93542E+00, 0.00000E+00, 0.00000E+00, 1.87841E-01, 0.00000E+00, 8.81988E-01, 1.42938E+03,-1.18887E+00, 7.57124E+00, 3.77182E-02, 1.20117E-01,-5.20706E-04, 9.24699E-04, 1.42940E+03,-1.18944E+00, 7.57132E+00, 3.69281E-02, 3.31936E+00,-4.73782E+00, 3.01583E+01, 1.47094E-01, 1.30057E+02, 2.82999E+01, 1.60068E+02, 6.81274E+01, 5.51391E-01, 2.58900E+00, 9.69617E+01, 2.97154E+01, 5.29657E-03,-2.69132E-05, 0.00000E+00, 0.00000E+00, 0.00000E+00,
 999, 1.99595E+01,TRUE,0, 2.14597E+03, 3.61433E+00, 1.42936E+00, 2.93543E+00, 8.58259E-02, 6.23937E-02, 1.87836E-01, 1.35640E-02, 8.81979E-01, 1.42937E+03,-1.17931E+00, 7.57114E+00, 3.85061E-02, 1.43921E-01,-5.61714E-04, 9.08740E-04, 1.42938E+03,-1.18887E+00, 7.57124E+00, 3.77182E-02, 3.31928E+00,-4.73542E+00, 3.01573E+01, 1.50237E-01, 1.22403E+02, 2.66098E+01, 1.54462E+02, 6.68903E+01, 5.51379E-01, 2.58898E+00, 9.66884E+01, 2.97152E+01, 5.29657E-03,-2.74558E-05, 0.00000E+00, 0.00000E+00, 0.00000E+00,
 1000, 1.99795E+01,TRUE,0, 0.00000E+00, 3.61394E+00, 1.42934E+00, 2.93505E+00, 0.00000E+00, 0.00000E+00, 1.87853E-01, 0.00000E+00, 8.82066E-01, 1.42934E+03,-1.17868E+00, 7.57106E+00, 3.92912E-02, 1.55273E-01,-4.45843E-04, 8.91231E-04, 1.42937E+03,-1.17931E+00, 7.57114E+00, 3.85061E-02, 3.31921E+00,-4.69723E+00, 3.01562E+01, 1.53372E-01, 1.26095E+02, 2.74274E+01, 1.57162E+02, 6.74889E+01, 5.51358E-01, 2.58891E+00, 9.68209E+01, 2.97148E+01, 5.29662E-03,-2.79954E-05, 0.00000E+00, 0.00000E+00, 0.00000E+00,
 1001, 1.99995E+01,TRUE,0, 0.00000E+00, 3.61392E+00, 1.42932E+00, 2.93505E+00, 0.00000E+00, 0.00000E+00, 1.87847E-01, 0.00000E+00, 8.82050E-01, 1.42932E+03,-1.17806E+00, 7.57098E+00, 4.00729E-02, 1.78955E-01,-4.22955E-04, 8.72079E-04, 1.42934E+03,-1.17868E+00, 7.57106E+00, 3.92912E-02, 3.31930E+00,-4.69490E+00, 3.01568E+01, 1.56503E-01, 1.29858E+02, 2.82404E+01, 1.59885E+02, 6.80781E+01, 5.51341E-01, 2.58886E+00, 9.69480E+01, 2.97146E+01, 5.29667E-03,-2.85319E-05, 0.00000E+00, 0.00000E+00, 0.00000E+00,
 1002, 2.00195E+01,TRUE,0, 1.94628E+03, 3.61391E+00, 1.42930E+00, 2.93506E+00, 9.45178E-02, 6.86906E-02, 1.87843E-01, 1.49253E-02, 8.82039E-01, 1.42932E+03,-1.16352E+00, 7.57090E+00, 4.08508E-02, 2.02515E-01,-4.09603E-04, 8.52305E-04, 1.42932E+03,-1.17806E+00, 7.57098E+00, 4.00729E-02, 3.31923E+00,-4.69229E+00, 3.01558E+01, 1.59613E-01, 1.21055E+02, 2.63031E+01, 1.53448E+02, 6.66626E+01, 5.51329E-01, 2.58884E+00, 9.66365E+01, 2.97144E+01, 5.29671E-03,-2.90653E-05, 0.00000E+00, 0.00000E+00, 0.00000E+00,
 1003, 2.00395E+01,TRUE,0, 0.00000E+00, 3.61352E+00, 1.42929E+00, 2.93469E+00, 0.00000E+00, 0.00000E+00, 1.87859E-01, 0.00000E+00, 8.82126E-01, 1.42929E+03,-1.16283E+00, 7.57083E+00, 4.16245E-02, 2.06787E-01,-3.01838E-04, 8.32949E-04, 1.42932E+03,-1.16352E+00, 7.57090E+00, 4.08508E-02, 3.31915E+00,-4.63427E+00, 3.01547E+01, 1.62708E-01, 1.24720E+02, 2.71224E+01, 1.56139E+02, 6.72647E+01, 5.51307E-01, 2.58876E+00, 9.67711E+01, 2.97140E+01, 5.29673E-03,-2.95958E-05, 0.00000E+00, 0.00000E+00, 0.00000E+00,
 1004, 2.00595E+01,TRUE,0, 0.00000E+00, 3.61349E+00, 1.42927E+00, 2.93469E+00, 0.00000E+00, 0.00000E+00, 1.87853E-01, 0.00000E+00, 8.82108E-01, 1.42927E+03,-1.16213E+00, 7.57076E+00, 4.23938E-02, 2.30103E-01,-3.23296E-04, 8.13119E-04, 1.42929E+03,-1.16283E+00, 7.57083E+00, 4.16245E-02, 3.31934E+00,-4.63179E+00, 3.01562E+01, 1.65799E-01, 1.28456E+02, 2.79371E+01, 1.58853E+02, 6.78574E+01, 5.51291E-01, 2.58871E+00, 9.69002E+01, 2.97137E+01, 5.29676E-03,-3.01232E-05, 0.00000E+00, 0.00000E+00, 0.00000E+00,
 1005, 2.00795E+01,TRUE,0, 1.80316E+03, 3.61348E+00, 1.42925E+00, 2.93469E+00, 1.00928E-01, 7.33508E-02, 1.87849E-01, 1.59427E-02, 8.82097E-01, 1.42927E+03,-1.14285E+00, 7.57067E+00, 4.31582E-02, 2.53418E-01,-3.49522E-04, 7.93818E-04, 1.42927E+03,-1.16213E+00, 7.57076E+00, 4.23938E-02, 3.31927E+00,-4.62892E+00, 3.01552E+01, 1.68860E-01, 1.18914E+02, 2.58457E+01, 1.51889E+02, 6.63321E+01, 5.51279E-01, 2.58868E+00, 9.65659E+01, 2.97135E+01, 5.29677E-03,-3.06476E-05, 0.00000E+00, 0.00000E+00, 0.00000E+00,
 1006, 2.00995E+01,TRUE,0, 0.00000E+00, 3.61311E+00, 1.42925E+00, 2.93433E+00, 0.00000E+00, 0.00000E+00, 1.87865E-01, 0.00000E+00, 8.82180E-01, 1.42925E+03,-1.14207E+00, 7.57062E+00, 4.39180E-02, 2.50854E-01,-1.53065E-04, 7.76093E-04, 1.42927E+03,-1.14285E+00, 7.57067E+00, 4.31582E-02, 3.31919E+00,-4.55200E+00, 3.01542E+01, 1.71901E-01, 1.22539E+02, 2.66676E+01, 1.54567E+02, 6.69396E+01, 5.51257E-01, 2.58861E+00, 9.67033E+01, 2.97131E+01, 5.29684E-03,-3.11690E-05, 0.00000E+00, 0.00000E+00, 0.00000E+00,
 1007, 2.01195E+01,TRUE,0, 0.00000E+00, 3.61308E+00, 1.42923E+00, 2.93433E+00, 0.00000E+00, 0.00000E+00, 1.87859E-01, 0.00000E+00, 8.82162E-01, 1.42923E+03,-1.14129E+00, 7.57056E+00, 4.46726E-02, 2.73682E-01,-2.25067E-04, 7.58316E-04, 1.42925E+03,-1.14207E+00, 7.57062E+00, 4.39180E-02, 3.31948E+00,-4.54930E+00, 3.01567E+01, 1.74942E-01, 1.26234E+02, 2.74850E+01, 1.57268E+02, 6.75375E+01, 5.51241E-01, 2.58856E+00, 9.68351E+01, 2.97128E+01, 5.29683E-03,-3.16874E-05, 0.00000E+00, 0.00000E+00, 0.00000E+00,
 1008, 2.01395E+01,TRUE,0, 0.00000E+00, 3.61307E+00, 1.42920E+00, 2.93434E+00, 0.00000E+00, 0.00000E+00, 1.87855E-01, 0.00000E+00, 8.82151E-01, 1.42920E+03,-1.14051E+00, 7.57048E+00, 4.54221E-02, 2.96509E-01,-2.93732E-04, 7.41590E-04, 1.42923E+03,-1.14129E+00, 7.57056E+00, 4.46726E-02, 3.31941E+00,-4.54610E+00, 3.01557E+01, 1.77944E-01, 1.29999E+02, 2.82978E+01, 1.59993E+02, 6.81260E+01, 5.51229E-01, 2.58853E+00, 9.69617E+01, 2.97126E+01, 5.29682E-03,-3.22028E-05, 0.00000E+00, 0.00000E+00, 0.00000E+00,
 1009, 2.01595E+01,TRUE,0, 2.14568E+03, 3.61307E+00, 1.42918E+00, 2.93435E+00, 8.58122E-02, 6.23749E-02, 1.87851E-01, 1.35649E-02, 8.82143E-01, 1.42921E+03,-1.11982E+00, 7.57038E+00, 4.61665E-02, 3.19336E-01,-3.57628E-04, 7.25966E-04, 1.42920E+03,-1.14051E+00, 7.57048E+00, 4.54221E-02, 3.31934E+00,-4.54290E+00, 3.01548E+01, 1.80926E-01, 1.22352E+02, 2.66083E+01, 1.54393E+02, 6.68896E+01, 5.51221E-01, 2.58851E+00, 9.66884E+01, 2.97125E+01, 5.29681E-03,-3.27153E-05, 0.00000E+00, 0.00000E+00, 0.00000E+00,
 1010, 2.01795E+01,TRUE,0, 0.00000E+00, 3.61279E+00, 1.42919E+00, 2.93408E+00, 0.00000E+00, 0.00000E+00, 1.87863E-01, 0.00000E+00, 8.82207E-01, 1.42919E+03,-1.11895E+00, 7.57030E+00, 4.69219E-02, 3.14453E-01,-2.67506E-04, 7.98121E-04, 1.42921E+03,-1.11982E+00, 7.57038E+00, 4.61665E-02, 3.31927E+00,-4.46036E+00, 3.01537E+01, 1.83887E-01, 1.26042E+02, 2.74259E+01, 1.57093E+02, 6.74882E+01, 5.51205E-01, 2.58846E+00, 9.68209E+01, 2.97122E+01, 5.29678E-03,-3.32847E-05, 0.00000E+00, 0.00000E+00, 0.00000E+00,
 1011, 2.01995E+01,TRUE,0, 0.00000E+00, 3.61278E+00, 1.42916E+00, 2.93409E+00, 0.00000E+00, 0.00000E+00, 1.87859E-01, 0.00000E+00, 8.82193E-01, 1.42916E+03,-1.11809E+00, 7.57020E+00, 4.76863E-02, 3.36914E-01,-3.47614E-04, 8.52294E-04, 1.42919E+03,-1.11895E+00, 7.57030E+00, 4.69219E-02, 3.31958E+00,-4.45735E+00, 3.01563E+01, 1.86913E-01, 1.29803E+02, 2.82390E+01, 1.59816E+02, 6.80774E+01, 5.51193E-01, 2.58843E+00, 9.69480E+01, 2.97121E+01, 5.29675E-03,-3.38509E-05, 0.00000E+00, 0.00000E+00, 0.00000E+00,
 1012, 2.02195E+01,TRUE,0, 1.94603E+03, 3.61278E+00, 1.42914E+00, 2.93410E+00, 9.45020E-02, 6.86705E-02, 1.87855E-01, 1.49264E-02, 8.82184E-01, 1.42917E+03,-1.09255E+00, 7.57009E+00, 4.84579E-02, 3.59375E-01,-4.20570E-04, 8.91820E-04, 1.42916E+03,-1.11809E+00, 7.57020E+00, 4.76863E-02, 3.31951E+00,-4.45381E+00, 3.01552E+01, 1.89954E-01, 1.21006E+02, 2.63023E+01, 1.53385E+02, 6.66626E+01, 5.51185E-01, 2.58841E+00, 9.66365E+01, 2.97119E+01, 5.29671E-03,-3.44138E-05, 0.00000E+00, 0.00000E+00, 0.00000E+00,
 1013, 2.02395E+01,TRUE,0, 0.00000E+00, 3.61249E+00, 1.42915E+00, 2.93382E+00, 0.00000E+00, 0.00000E+00, 1.87867E-01, 0.00000E+00, 8.82248E-01, 1.42915E+03,-1.09158E+00, 7.57001E+00, 4.92352E-02, 3.47290E-01,-2.14577E-04, 9.20009E-04, 1.42917E+03,-1.09255E+00, 7.57009E+00, 4.84579E-02, 3.31944E+00,-4.35198E+00, 3.01542E+01, 1.93024E-01, 1.24670E+02, 2.71215E+01, 1.56076E+02, 6.72647E+01, 5.51170E-01, 2.58836E+00, 9.67711E+01, 2.97116E+01, 5.29673E-03,-3.49735E-05, 0.00000E+00, 0.00000E+00, 0.00000E+00,
 1014, 2.02595E+01,TRUE,0, 0.00000E+00, 3.61249E+00, 1.42913E+00, 2.93383E+00, 0.00000E+00, 0.00000E+00, 1.87863E-01, 0.00000E+00, 8.82233E-01, 1.42913E+03,-1.09062E+00, 7.56992E+00, 5.00166E-02, 3.69141E-01,-2.36988E-04, 9.36110E-04, 1.42915E+03,-1.09158E+00, 7.57001E+00, 4.92352E-02, 3.31986E+00,-4.34868E+00, 3.01576E+01, 1.96145E-01, 1.28405E+02, 2.79363E+01, 1.58790E+02, 6.78574E+01, 5.51159E-01, 2.58833E+00, 9.69002E+01, 2.97114E+01, 5.29673E-03,-3.55299E-05, 0.00000E+00, 0.00000E+00, 0.00000E+00,
 1015, 2.02795E+01,TRUE,0, 1.80295E+03, 3.61249E+00, 1.42911E+00, 2.93385E+00, 1.00910E-01, 7.33301E-02, 1.87859E-01, 1.59441E-02, 8.82223E-01, 1.42905E+03,-1.13432E+00, 7.56982E+00, 5.08006E-02,-6.09009E-01,-2.64645E-04, 9.43333E-04, 1.42913E+03,-1.09062E+00, 7.56992E+00, 5.00166E-02, 3.31979E+00,-4.34476E+00, 3.01566E+01, 1.99254E-01, 1.18869E+02, 2.58455E+01, 1.51833E+02, 6.63328E+01, 5.51151E-01, 2.58831E+00, 9.65659E+01, 2.97113E+01, 5.29673E-03,-3.60831E-05, 0.00000E+00, 0.00000E+00, 0.00000E+00,
 1016, 2.02995E+01,TRUE,0, 0.00000E+00, 3.61159E+00, 1.42902E+00, 2.93295E+00, 0.00000E+00, 0.00000E+00, 1.87904E-01, 0.00000E+00, 8.82438E-01, 1.42902E+03,-1.13356E+00, 7.56965E+00, 5.15855E-02,-5.24780E-01,-7.17640E-04, 9.40945E-04, 1.42905E+03,-1.13432E+00, 7.56982E+00, 5.08006E-02, 3.31972E+00,-4.51876E+00, 3.01557E+01, 2.02373E-01, 1.22493E+02, 2.66674E+01, 1.54510E+02, 6.69402E+01, 5.51113E-01, 2.58815E+00, 9.67032E+01, 2.97105E+01, 5.29666E-03,-3.66331E-05, 0.00000E+00, 0.00000E+00, 0.00000E+00,
 1017, 2.03195E+01,TRUE,0, 0.00000E+00, 3.61154E+00, 1.42900E+00, 2.93296E+00, 0.00000E+00, 0.00000E+00, 1.87894E-01, 0.00000E+00, 8.82401E-01, 1.42900E+03,-1.13279E+00, 7.56945E+00, 5.23706E-02,-5.02075E-01,-7.61032E-04, 9.35309E-04, 1.42902E+03,-1.13356E+00, 7.56965E+00, 5.15855E-02, 3.31878E+00,-4.51442E+00, 3.01464E+01, 2.05441E-01, 1.26186E+02, 2.74848E+01, 1.57212E+02, 6.75381E+01, 5.51084E-01, 2.58804E+00, 9.68351E+01, 2.97101E+01, 5.29659E-03,-3.71799E-05, 0.00000E+00, 0.00000E+00, 0.00000E+00,
 1018, 2.03395E+01,TRUE,0, 0.00000E+00, 3.61152E+00, 1.42898E+00, 2.93296E+00, 0.00000E+00, 0.00000E+00, 1.87886E-01, 0.00000E+00, 8.82376E-01, 1.42898E+03,-1.13202E+00, 7.56924E+00, 5.31549E-02,-4.79370E-01,-7.96318E-04, 9.25012E-04, 1.42900E+03,-1.13279E+00, 7.56945E+00, 5.23706E-02, 3.31871E+00,-4.51128E+00, 3.01450E+01, 2.08563E-01, 1.29951E+02, 2.82977E+01, 1.59937E+02, 6.81266E+01, 5.51062E-01, 2.58798E+00, 9.69617E+01, 2.97098E+01, 5.29651E-03,-3.77235E-05, 0.00000E+00, 0.00000E+00, 0.00000E+00,
 1019, 2.03595E+01,TRUE,0, 2.14532E+03, 3.61150E+00, 1.42896E+00, 2.93297E+00, 8.58025E-02, 6.23623E-02, 1.87880E-01, 1.35672E-02, 8.82360E-01, 1.42892E+03,-1.15973E+00, 7.56902E+00, 5.39375E-02,-4.56665E-01,-8.25405E-04, 9.11139E-04, 1.42898E+03,-1.13202E+00, 7.56924E+00, 5.31549E-02, 3.31864E+00,-4.50812E+00, 3.01435E+01, 2.11682E-01, 1.22308E+02, 2.66085E+01, 1.54342E+02, 6.68906E+01, 5.51046E-01, 2.58794E+00, 9.66883E+01, 2.97096E+01, 5.29642E-03,-3.82639E-05, 0.00000E+00, 0.00000E+00, 0.00000E+00,
 1020, 2.03795E+01,TRUE,0, 0.00000E+00, 3.61080E+00, 1.42889E+00, 2.93229E+00, 0.00000E+00, 0.00000E+00, 1.87911E-01, 0.00000E+00, 8.82520E-01, 1.42889E+03,-1.15909E+00, 7.56876E+00, 5.47175E-02,-3.94287E-01,-9.75132E-04, 8.93071E-04, 1.42892E+03,-1.15973E+00, 7.56902E+00, 5.39375E-02, 3.31856E+00,-4.61838E+00, 3.01419E+01, 2.14794E-01, 1.25997E+02, 2.74261E+01, 1.57041E+02, 6.74892E+01, 5.51011E-01, 2.58781E+00, 9.68208E+01, 2.97090E+01, 5.29638E-03,-3.88012E-05, 0.00000E+00, 0.00000E+00, 0.00000E+00,
 1021, 2.03995E+01,TRUE,0, 0.00000E+00, 3.61076E+00, 1.42887E+00, 2.93229E+00, 0.00000E+00, 0.00000E+00, 1.87902E-01, 0.00000E+00, 8.82490E-01, 1.42887E+03,-1.15844E+00, 7.56850E+00, 5.54944E-02,-3.71094E-01,-8.86917E-04, 8.74955E-04, 1.42889E+03,-1.15909E+00, 7.56876E+00, 5.47175E-02, 3.31793E+00,-4.61492E+00, 3.01352E+01, 2.17859E-01, 1.29757E+02, 2.82391E+01, 1.59765E+02, 6.80784E+01, 5.50983E-01, 2.58772E+00, 9.69480E+01, 2.97086E+01, 5.29634E-03,-3.93352E-05, 0.00000E+00, 0.00000E+00, 0.00000E+00,
 1022, 2.04195E+01,TRUE,0, 1.94562E+03, 3.61074E+00, 1.42885E+00, 2.93230E+00, 9.44959E-02, 6.86609E-02, 1.87894E-01, 1.49297E-02, 8.82470E-01, 1.42881E+03,-1.18167E+00, 7.56825E+00, 5.62678E-02,-3.47900E-01,-8.14438E-04, 8.55666E-04, 1.42887E+03,-1.15844E+00, 7.56850E+00, 5.54944E-02, 3.31786E+00,-4.61223E+00, 3.01335E+01, 2.20947E-01, 1.20965E+02, 2.63026E+01, 1.53339E+02, 6.66638E+01, 5.50963E-01, 2.58767E+00, 9.66364E+01, 2.97084E+01, 5.29628E-03,-3.98662E-05, 0.00000E+00, 0.00000E+00, 0.00000E+00,
 1023, 2.04395E+01,TRUE,0, 0.00000E+00, 3.61002E+00, 1.42879E+00, 2.93161E+00, 0.00000E+00, 0.00000E+00, 1.87926E-01, 0.00000E+00, 8.82630E-01, 1.42879E+03,-1.18112E+00, 7.56796E+00, 5.70369E-02,-2.91260E-01,-9.36508E-04, 8.34417E-04, 1.42881E+03,-1.18167E+00, 7.56825E+00, 5.62678E-02, 3.31778E+00,-4.70463E+00, 3.01318E+01, 2.24021E-01, 1.24628E+02, 2.71219E+01, 1.56029E+02, 6.72659E+01, 5.50924E-01, 2.58753E+00, 9.67709E+01, 2.97077E+01, 5.29623E-03,-4.03939E-05, 0.00000E+00, 0.00000E+00, 0.00000E+00,
 1024, 2.04595E+01,TRUE,0, 0.00000E+00, 3.60998E+00, 1.42877E+00, 2.93161E+00, 0.00000E+00, 0.00000E+00, 1.87916E-01, 0.00000E+00, 8.82599E-01, 1.42877E+03,-1.18056E+00, 7.56768E+00, 5.78016E-02,-2.67578E-01,-8.59261E-04, 8.14583E-04, 1.42879E+03,-1.18112E+00, 7.56796E+00, 5.70369E-02, 3.31724E+00,-4.70166E+00, 3.01257E+01, 2.27046E-01, 1.28361E+02, 2.79366E+01, 1.58744E+02, 6.78586E+01, 5.50894E-01, 2.58743E+00, 9.69001E+01, 2.97073E+01, 5.29616E-03,-4.09186E-05, 0.00000E+00, 0.00000E+00, 0.00000E+00,
 1025, 2.04795E+01,TRUE,0, 1.80248E+03, 3.60995E+00, 1.42874E+00, 2.93161E+00, 1.00909E-01, 7.33243E-02, 1.87908E-01, 1.59484E-02, 8.82579E-01, 1.42872E+03,-1.19788E+00, 7.56740E+00, 5.85616E-02,-2.43896E-01,-7.97272E-04, 7.94969E-04, 1.42877E+03,-1.18056E+00, 7.56768E+00, 5.78016E-02, 3.31716E+00,-4.69932E+00, 3.01239E+01, 2.30085E-01, 1.18829E+02, 2.58459E+01, 1.51790E+02, 6.63340E+01, 5.50872E-01, 2.58738E+00, 9.65656E+01, 2.97070E+01, 5.29609E-03,-4.14401E-05, 0.00000E+00, 0.00000E+00, 0.00000E+00,
 1026, 2.04995E+01,TRUE,0, 0.00000E+00, 3.60925E+00, 1.42870E+00, 2.93093E+00, 0.00000E+00, 0.00000E+00, 1.87937E-01, 0.00000E+00, 8.82734E-01, 1.42870E+03,-1.19739E+00, 7.56708E+00, 5.93166E-02,-1.95190E-01,-9.68456E-04, 7.74797E-04, 1.42872E+03,-1.19788E+00, 7.56740E+00, 5.85616E-02, 3.31708E+00,-4.76815E+00, 3.01220E+01, 2.33105E-01, 1.22452E+02, 2.66679E+01, 1.54468E+02, 6.69414E+01, 5.50832E-01, 2.58724E+00, 9.67030E+01, 2.97064E+01, 5.29595E-03,-4.19584E-05, 0.00000E+00, 0.00000E+00, 0.00000E+00,
 1027, 2.05195E+01,TRUE,0, 0.00000E+00, 3.60919E+00, 1.42867E+00, 2.93093E+00, 0.00000E+00, 0.00000E+00, 1.87927E-01, 0.00000E+00, 8.82705E-01, 1.42867E+03,-1.19689E+00, 7.56676E+00, 6.00666E-02,-1.71143E-01,-8.89778E-04, 7.56565E-04, 1.42870E+03,-1.19739E+00, 7.56708E+00, 5.93166E-02, 3.31665E+00,-4.76557E+00, 3.01168E+01, 2.36079E-01, 1.26145E+02, 2.74853E+01, 1.57170E+02, 6.75393E+01, 5.50801E-01, 2.58714E+00, 9.68349E+01, 2.97059E+01, 5.29586E-03,-4.24737E-05, 0.00000E+00, 0.00000E+00, 0.00000E+00,
 1028, 2.05395E+01,TRUE,0, 0.00000E+00, 3.60916E+00, 1.42865E+00, 2.93093E+00, 0.00000E+00, 0.00000E+00, 1.87920E-01, 0.00000E+00, 8.82687E-01, 1.42865E+03,-1.19638E+00, 7.56645E+00, 6.08113E-02,-1.47095E-01,-8.25882E-04, 7.39217E-04, 1.42867E+03,-1.19689E+00, 7.56676E+00, 6.00666E-02, 3.31657E+00,-4.76348E+00, 3.01149E+01, 2.39058E-01, 1.29909E+02, 2.82981E+01, 1.59895E+02, 6.81277E+01, 5.50778E-01, 2.58709E+00, 9.69615E+01, 2.97057E+01, 5.29577E-03,-4.29859E-05, 0.00000E+00, 0.00000E+00, 0.00000E+00,
 1029, 2.05595E+01,TRUE,0, 2.14481E+03, 3.60914E+00, 1.42862E+00, 2.93093E+00, 8.57989E-02, 6.23570E-02, 1.87914E-01, 1.35706E-02, 8.82676E-01, 1.42861E+03,-1.20355E+00, 7.56614E+00, 6.15509E-02,-1.23169E-01,-7.74384E-04, 7.22852E-04, 1.42865E+03,-1.19638E+00, 7.56645E+00, 6.08113E-02, 3.31649E+00,-4.76136E+00, 3.01129E+01, 2.42016E-01, 1.22269E+02, 2.66090E+01, 1.54303E+02, 6.68918E+01, 5.50762E-01, 2.58706E+00, 9.66880E+01, 2.97055E+01, 5.29566E-03,-4.34950E-05, 0.00000E+00, 0.00000E+00, 0.00000E+00,
 1030, 2.05795E+01,TRUE,0, 0.00000E+00, 3.60860E+00, 1.42859E+00, 2.93041E+00, 0.00000E+00, 0.00000E+00, 1.87937E-01, 0.00000E+00, 8.82797E-01, 1.42859E+03,-1.20307E+00, 7.56581E+00, 6.22851E-02,-8.83789E-02,-7.93457E-04, 7.07056E-04, 1.42861E+03,-1.20355E+00, 7.56614E+00, 6.15509E-02, 3.31641E+00,-4.78978E+00, 3.01109E+01, 2.44954E-01, 1.25957E+02, 2.74266E+01, 1.57003E+02, 6.74904E+01, 5.50732E-01, 2.58696E+00, 9.68205E+01, 2.97050E+01, 5.29556E-03,-4.40010E-05, 0.00000E+00, 0.00000E+00, 0.00000E+00,
 1031, 2.05995E+01,TRUE,0, 0.00000E+00, 3.60857E+00, 1.42856E+00, 2.93041E+00, 0.00000E+00, 0.00000E+00, 1.87929E-01, 0.00000E+00, 8.82776E-01, 1.42856E+03,-1.20258E+00, 7.56549E+00, 6.30300E-02,-6.42090E-02,-7.55310E-04, 7.78563E-04, 1.42859E+03,-1.20307E+00, 7.56581E+00, 6.22851E-02, 3.31618E+00,-4.78752E+00, 3.01075E+01, 2.47858E-01, 1.29717E+02, 2.82397E+01, 1.59726E+02, 6.80796E+01, 5.50709E-01, 2.58690E+00, 9.69476E+01, 2.97047E+01, 5.29544E-03,-4.45638E-05, 0.00000E+00, 0.00000E+00, 0.00000E+00,
 1032, 2.06195E+01,TRUE,0, 1.94519E+03, 3.60854E+00, 1.42854E+00, 2.93041E+00, 9.44904E-02, 6.86549E-02, 1.87923E-01, 1.49333E-02, 8.82763E-01, 1.42854E+03,-1.20484E+00, 7.56518E+00, 6.37838E-02,-4.01611E-02,-6.41346E-04, 8.33154E-04, 1.42856E+03,-1.20258E+00, 7.56549E+00, 6.30300E-02, 3.31610E+00,-4.78545E+00, 3.01055E+01, 2.50816E-01, 1.20928E+02, 2.63033E+01, 1.53303E+02, 6.66651E+01, 5.50693E-01, 2.58686E+00, 9.66360E+01, 2.97044E+01, 5.29538E-03,-4.51233E-05, 0.00000E+00, 0.00000E+00, 0.00000E+00,
 1033, 2.06395E+01,TRUE,0, 0.00000E+00, 3.60801E+00, 1.42851E+00, 2.92990E+00, 0.00000E+00, 0.00000E+00, 1.87946E-01, 0.00000E+00, 8.82884E-01, 1.42851E+03,-1.20435E+00, 7.56488E+00, 6.45448E-02,-1.20850E-02,-5.75066E-04, 8.72850E-04, 1.42854E+03,-1.20484E+00, 7.56518E+00, 6.37838E-02, 3.31601E+00,-4.79433E+00, 3.01035E+01, 2.53810E-01, 1.24590E+02, 2.71226E+01, 1.55994E+02, 6.72672E+01, 5.50663E-01, 2.58676E+00, 9.67705E+01, 2.97039E+01, 5.29531E-03,-4.56794E-05, 0.00000E+00, 0.00000E+00, 0.00000E+00,
 1034, 2.06595E+01,TRUE,0, 0.00000E+00, 3.60797E+00, 1.42849E+00, 2.92989E+00, 0.00000E+00, 0.00000E+00, 1.87938E-01, 0.00000E+00, 8.82862E-01, 1.42849E+03,-1.20386E+00, 7.56457E+00, 6.53112E-02, 1.20850E-02,-5.93185E-04, 9.00105E-04, 1.42851E+03,-1.20435E+00, 7.56488E+00, 6.45448E-02, 3.31588E+00,-4.79219E+00, 3.01011E+01, 2.56827E-01, 1.28323E+02, 2.79373E+01, 1.58709E+02, 6.78598E+01, 5.50639E-01, 2.58669E+00, 9.68997E+01, 2.97035E+01, 5.29517E-03,-4.62322E-05, 0.00000E+00, 0.00000E+00, 0.00000E+00,
 1035, 2.06795E+01,TRUE,0, 0.00000E+00, 3.60794E+00, 1.42846E+00, 2.92989E+00, 0.00000E+00, 0.00000E+00, 1.87933E-01, 0.00000E+00, 8.82848E-01, 1.42846E+03,-1.20336E+00, 7.56424E+00, 6.60815E-02, 3.62549E-02,-6.99043E-04, 9.16660E-04, 1.42849E+03,-1.20386E+00, 7.56457E+00, 6.53112E-02, 3.31580E+00,-4.79010E+00, 3.00991E+01, 2.59870E-01, 1.32127E+02, 2.87475E+01, 1.61446E+02, 6.84431E+01, 5.50622E-01, 2.58665E+00, 9.70237E+01, 2.97033E+01, 5.29497E-03,-4.67816E-05, 0.00000E+00, 0.00000E+00, 0.00000E+00,
 1036, 2.06995E+01,TRUE,0, 2.14781E+03, 3.60793E+00, 1.42844E+00, 2.92990E+00, 8.71941E-02, 6.33214E-02, 1.87928E-01, 1.37595E-02, 8.82839E-01, 1.42844E+03,-1.19902E+00, 7.56390E+00, 6.68543E-02, 6.04248E-02,-7.02858E-04, 9.24252E-04, 1.42846E+03,-1.20336E+00, 7.56424E+00, 6.60815E-02, 3.31572E+00,-4.78798E+00, 3.00971E+01, 2.62929E-01, 1.24144E+02, 2.69760E+01, 1.55595E+02, 6.71457E+01, 5.50610E-01, 2.58662E+00, 9.67361E+01, 2.97031E+01, 5.29482E-03,-4.73278E-05, 0.00000E+00, 0.00000E+00, 0.00000E+00,
 1037, 2.07195E+01,TRUE,0, 0.00000E+00, 3.60748E+00, 1.42842E+00, 2.92947E+00, 0.00000E+00, 0.00000E+00, 1.87947E-01, 0.00000E+00, 8.82940E-01, 1.42842E+03,-1.19849E+00, 7.56357E+00, 6.76284E-02, 7.92236E-02,-6.81400E-04, 9.24744E-04, 1.42844E+03,-1.19902E+00, 7.56390E+00, 6.68543E-02, 3.31564E+00,-4.77062E+00, 3.00950E+01, 2.65997E-01, 1.27866E+02, 2.77913E+01, 1.58305E+02, 6.77402E+01, 5.50586E-01, 2.58654E+00, 9.68667E+01, 2.97026E+01, 5.29467E-03,-4.78706E-05, 0.00000E+00, 0.00000E+00, 0.00000E+00,
 1038, 2.07395E+01,TRUE,0, 0.00000E+00, 3.60746E+00, 1.42840E+00, 2.92947E+00, 0.00000E+00, 0.00000E+00, 1.87941E-01, 0.00000E+00, 8.82922E-01, 1.42840E+03,-1.19796E+00, 7.56322E+00, 6.84025E-02, 1.03271E-01,-6.96182E-04, 9.18962E-04, 1.42842E+03,-1.19849E+00, 7.56357E+00, 6.76284E-02, 3.31563E+00,-4.76850E+00, 3.00936E+01, 2.69077E-01, 1.31658E+02, 2.86020E+01, 1.61038E+02, 6.83252E+01, 5.50567E-01, 2.58649E+00, 9.69920E+01, 2.97023E+01, 5.29450E-03,-4.84101E-05, 0.00000E+00, 0.00000E+00, 0.00000E+00,
 1039, 2.07594E+01,TRUE,0, 1.94793E+03, 3.60744E+00, 1.42837E+00, 2.92947E+00, 9.58702E-02, 6.95725E-02, 1.87936E-01, 1.50970E-02, 8.82910E-01, 1.42838E+03,-1.18856E+00, 7.56288E+00, 6.91758E-02, 1.27319E-01,-6.27041E-04, 9.08487E-04, 1.42840E+03,-1.19796E+00, 7.56322E+00, 6.84025E-02, 3.31555E+00,-4.76626E+00, 3.00915E+01, 2.72150E-01, 1.22530E+02, 2.65886E+01, 1.54365E+02, 6.68549E+01, 5.50554E-01, 2.58646E+00, 9.66683E+01, 2.97021E+01, 5.29440E-03,-4.89463E-05, 0.00000E+00, 0.00000E+00, 0.00000E+00,
 1040, 2.07794E+01,TRUE,0, 0.00000E+00, 3.60699E+00, 1.42836E+00, 2.92904E+00, 0.00000E+00, 0.00000E+00, 1.87956E-01, 0.00000E+00, 8.83010E-01, 1.42836E+03,-1.18797E+00, 7.56254E+00, 6.99474E-02, 1.39038E-01,-5.96523E-04, 8.95031E-04, 1.42838E+03,-1.18856E+00, 7.56288E+00, 6.91758E-02, 3.31547E+00,-4.72875E+00, 3.00894E+01, 2.75220E-01, 1.26219E+02, 2.74059E+01, 1.57063E+02, 6.74539E+01, 5.50529E-01, 2.58637E+00, 9.68016E+01, 2.97016E+01, 5.29422E-03,-4.94792E-05, 0.00000E+00, 0.00000E+00, 0.00000E+00,
 1041, 2.07994E+01,TRUE,0, 0.00000E+00, 3.60696E+00, 1.42834E+00, 2.92904E+00, 0.00000E+00, 0.00000E+00, 1.87949E-01, 0.00000E+00, 8.82990E-01, 1.42834E+03,-1.18739E+00, 7.56219E+00, 7.07164E-02, 1.62842E-01,-6.41346E-04, 8.78200E-04, 1.42836E+03,-1.18797E+00, 7.56254E+00, 6.99474E-02, 3.31556E+00,-4.72657E+00, 3.00889E+01, 2.78298E-01, 1.29979E+02, 2.82187E+01, 1.59785E+02, 6.80434E+01, 5.50510E-01, 2.58631E+00, 9.69295E+01, 2.97013E+01, 5.29404E-03,-5.00088E-05, 0.00000E+00, 0.00000E+00, 0.00000E+00,
 1042, 2.08194E+01,TRUE,1, 1.80455E+03, 7.35399E+01, 1.42831E+00, 7.28620E+01, 1.02211E-01, 7.41516E-02, 9.21818E-03, 1.60853E-02, 4.33078E-02, 1.42833E+03,-1.17296E+00, 7.56195E+00, 7.13285E-02, 1.86646E-01,-5.97954E-04, 8.59544E-04, 1.42834E+03,-1.18739E+00, 7.56219E+00, 7.07164E-02, 3.31548E+00,-4.72411E+00, 3.00868E+01, 2.81351E-01, 1.20134E+02, 2.60599E+01, 1.52608E+02, 6.64712E+01, 6.71655E-01, 3.15549E+00, 9.65854E+01, 3.23753E+01, 5.29391E-03,-5.05352E-05, 0.00000E+00, 0.00000E+00, 0.00000E+00,
 1043, 2.08394E+01,TRUE,1, 0.00000E+00, 7.36843E+01, 1.42831E+00, 7.28609E+01, 0.00000E+00, 0.00000E+00, 1.11749E-02, 0.00000E+00, 5.14898E-02, 1.42831E+03,-1.17230E+00, 7.56172E+00, 7.19298E-02, 1.91162E-01,-5.81741E-04, 1.00853E-03, 1.42833E+03,-1.17296E+00, 7.56195E+00, 7.13285E-02, 3.31540E+00,-4.66659E+00, 3.00851E+01, 2.83779E-01, 1.23777E+02, 2.68802E+01, 1.55291E+02, 6.70762E+01, 8.14213E-01, 3.75159E+00, 9.67220E+01, 3.48850E+01, 5.29377E-03,-5.10583E-05, 0.00000E+00, 0.00000E+00, 0.00000E+00,
 1044, 2.08594E+01,TRUE,1, 0.00000E+00, 7.38487E+01, 1.42829E+00, 7.28574E+01, 0.00000E+00, 0.00000E+00, 1.34229E-02, 0.00000E+00, 5.99381E-02, 1.42829E+03,-1.17164E+00, 7.56148E+00, 7.25218E-02, 2.14600E-01,-6.81877E-04, 1.16216E-03, 1.42831E+03,-1.17230E+00, 7.56172E+00, 7.19298E-02, 3.31560E+00,-4.66425E+00, 3.00859E+01, 2.86188E-01, 1.27491E+02, 2.76960E+01, 1.57997E+02, 6.76717E+01, 9.77961E-01, 4.36693E+00, 9.68531E+01, 3.72243E+01, 5.29363E-03,-5.15782E-05, 0.00000E+00, 0.00000E+00, 0.00000E+00,
 1045, 2.08794E+01,TRUE,1, 1.69994E+03, 7.40349E+01, 1.42826E+00, 7.28540E+01, 1.06412E-01, 7.72235E-02, 1.59510E-02, 1.67695E-02, 6.85393E-02, 1.42829E+03,-1.15260E+00, 7.56125E+00, 7.31063E-02, 2.38037E-01,-8.80241E-04, 1.31979E-03, 1.42829E+03,-1.17164E+00, 7.56148E+00, 7.25218E-02, 3.31552E+00,-4.66153E+00, 3.00843E+01, 2.88537E-01, 1.17306E+02, 2.54738E+01, 1.50590E+02, 6.60564E+01, 1.16210E+00, 4.99336E+00, 9.65009E+01, 3.93875E+01, 5.29342E-03,-5.20948E-05, 0.00000E+00, 0.00000E+00, 0.00000E+00,
 1046, 2.08994E+01,TRUE,1, 0.00000E+00, 7.42452E+01, 1.42826E+00, 7.28539E+01, 0.00000E+00, 0.00000E+00, 1.87391E-02, 0.00000E+00, 7.71731E-02, 1.42826E+03,-1.15186E+00, 7.56103E+00, 7.36851E-02, 2.35840E-01,-8.64506E-04, 1.48102E-03, 1.42829E+03,-1.15260E+00, 7.56125E+00, 7.31063E-02, 3.31544E+00,-4.58566E+00, 3.00827E+01, 2.90856E-01, 1.20897E+02, 2.62976E+01, 1.53257E+02, 6.66681E+01, 1.36521E+00, 5.62236E+00, 9.66409E+01, 4.13698E+01, 5.29326E-03,-5.26082E-05, 0.00000E+00, 0.00000E+00, 0.00000E+00,
 1047, 2.09194E+01,TRUE,0, 0.00000E+00, 4.54882E+00, 1.42824E+00, 2.92823E+00, 0.00000E+00, 0.00000E+00, 3.56265E-01, 0.00000E+00, 1.40349E+00, 1.42824E+03,-1.15112E+00, 7.56043E+00, 7.48093E-02, 2.58911E-01,-1.08147E-03, 1.64122E-03, 1.42826E+03,-1.15186E+00, 7.56103E+00, 7.36851E-02, 3.31573E+00,-4.58311E+00, 3.00844E+01, 2.93184E-01, 1.24559E+02, 2.71171E+01, 1.55948E+02, 6.72702E+01, 1.04323E+00, 4.10975E+00, 9.67753E+01, 3.47548E+01, 5.29304E-03,-5.31184E-05, 0.00000E+00, 0.00000E+00, 0.00000E+00,
 1048, 2.09394E+01,TRUE,0, 0.00000E+00, 4.16246E+00, 1.42822E+00, 2.92824E+00, 0.00000E+00, 0.00000E+00, 2.96512E-01, 0.00000E+00, 1.14712E+00, 1.42822E+03,-1.15037E+00, 7.55996E+00, 7.57386E-02, 2.81982E-01,-8.29697E-04, 1.20831E-03, 1.42824E+03,-1.15112E+00, 7.56043E+00, 7.48093E-02, 3.31565E+00,-4.58005E+00, 3.00813E+01, 2.97650E-01, 1.28290E+02, 2.79320E+01, 1.58662E+02, 6.78629E+01, 8.68258E-01, 3.35904E+00, 9.69043E+01, 3.18873E+01, 5.29287E-03,-5.36253E-05, 0.00000E+00, 0.00000E+00, 0.00000E+00,
 1049, 2.09594E+01,TRUE,0, 0.00000E+00, 3.95586E+00, 1.42819E+00, 2.92824E+00, 0.00000E+00, 0.00000E+00, 2.59772E-01, 0.00000E+00, 1.00714E+00, 1.42819E+03,-1.14963E+00, 7.55953E+00, 7.65783E-02, 3.05054E-01,-7.14779E-04, 9.84319E-04, 1.42822E+03,-1.15037E+00, 7.55996E+00, 7.57386E-02, 3.31558E+00,-4.57699E+00, 3.00788E+01, 3.01341E-01, 1.32093E+02, 2.87423E+01, 1.61400E+02, 6.84462E+01, 7.60675E-01, 2.94914E+00, 9.70281E+01, 3.05993E+01, 5.29270E-03,-5.41291E-05, 0.00000E+00, 0.00000E+00, 0.00000E+00,
 1050, 2.09794E+01,TRUE,0, 3.07294E+03, 3.83124E+00, 1.42817E+00, 2.92825E+00, 6.09571E-02, 4.42467E-02, 2.35689E-01, 9.61550E-03, 9.28595E-01, 1.42819E+03,-1.13437E+00, 7.55912E+00, 7.73683E-02, 3.28125E-01,-6.62327E-04, 8.53382E-04, 1.42819E+03,-1.14963E+00, 7.55953E+00, 7.65783E-02, 3.31551E+00,-4.57393E+00, 3.00764E+01, 3.04675E-01, 1.27679E+02, 2.77467E+01, 1.58145E+02, 6.77128E+01, 6.90158E-01, 2.71916E+00, 9.68628E+01, 3.00717E+01, 5.29251E-03,-5.46296E-05, 0.00000E+00, 0.00000E+00, 0.00000E+00,
 1051, 2.09994E+01,TRUE,0, 0.00000E+00, 3.75111E+00, 1.42817E+00, 2.92806E+00, 0.00000E+00, 0.00000E+00, 2.19414E-01, 0.00000E+00, 8.85646E-01, 1.42817E+03,-1.13356E+00, 7.55875E+00, 7.81276E-02, 3.30933E-01,-5.35488E-04, 7.72640E-04, 1.42819E+03,-1.13437E+00, 7.55912E+00, 7.73683E-02, 3.31543E+00,-4.51310E+00, 3.00741E+01, 3.07811E-01, 1.31468E+02, 2.85577E+01, 1.60877E+02, 6.82983E+01, 6.42457E-01, 2.59323E+00, 9.69883E+01, 2.99266E+01, 5.29232E-03,-5.51270E-05, 0.00000E+00, 0.00000E+00, 0.00000E+00,
 1052, 2.10194E+01,TRUE,0, 2.35878E+03, 3.69837E+00, 1.42815E+00, 2.92808E+00, 7.90964E-02, 5.73719E-02, 2.08280E-01, 1.24488E-02, 8.64151E-01, 1.42817E+03,-1.11246E+00, 7.55838E+00, 7.88837E-02, 3.53638E-01,-5.59807E-04, 8.04715E-04, 1.42817E+03,-1.13356E+00, 7.55875E+00, 7.81276E-02, 3.31564E+00,-4.51017E+00, 3.00746E+01, 3.10852E-01, 1.24624E+02, 2.70415E+01, 1.55868E+02, 6.71899E+01, 6.09858E-01, 2.53030E+00, 9.67432E+01, 2.99677E+01, 5.29213E-03,-5.56811E-05, 0.00000E+00, 0.00000E+00, 0.00000E+00,
 1053, 2.10394E+01,TRUE,0, 0.00000E+00, 3.66310E+00, 1.42815E+00, 2.92784E+00, 0.00000E+00, 0.00000E+00, 2.00721E-01, 0.00000E+00, 8.55852E-01, 1.42815E+03,-1.11157E+00, 7.55803E+00, 7.96391E-02, 3.48022E-01,-4.40598E-04, 8.36328E-04, 1.42817E+03,-1.11246E+00, 7.55838E+00, 7.88837E-02, 3.31557E+00,-4.42613E+00, 3.00724E+01, 3.13853E-01, 1.28353E+02, 2.78563E+01, 1.58579E+02, 6.77835E+01, 5.87679E-01, 2.50580E+00, 9.68735E+01, 3.00858E+01, 5.29193E-03,-5.62318E-05, 0.00000E+00, 0.00000E+00, 0.00000E+00,
 1054, 2.10594E+01,TRUE,0, 0.00000E+00, 3.64006E+00, 1.42813E+00, 2.92785E+00, 0.00000E+00, 0.00000E+00, 1.95659E-01, 0.00000E+00, 8.55296E-01, 1.42813E+03,-1.11068E+00, 7.55765E+00, 8.03946E-02, 3.70239E-01,-5.91278E-04, 8.61712E-04, 1.42815E+03,-1.11157E+00, 7.55803E+00, 7.96391E-02, 3.31590E+00,-4.42301E+00, 3.00740E+01, 3.16890E-01, 1.32152E+02, 2.86665E+01, 1.61314E+02, 6.83678E+01, 5.72861E-01, 2.50418E+00, 9.69985E+01, 3.02196E+01, 5.29166E-03,-5.67790E-05, 0.00000E+00, 0.00000E+00, 0.00000E+00,
 1055, 2.10794E+01,TRUE,0, 0.00000E+00, 3.62530E+00, 1.42811E+00, 2.92787E+00, 0.00000E+00, 0.00000E+00, 1.92379E-01, 0.00000E+00, 8.59049E-01, 1.42811E+03,-1.10979E+00, 7.55725E+00, 8.11511E-02, 3.92456E-01,-7.21455E-04, 8.81538E-04, 1.42813E+03,-1.11068E+00, 7.55765E+00, 8.03946E-02, 3.31582E+00,-4.41937E+00, 3.00718E+01, 3.19889E-01, 1.36023E+02, 2.94721E+01, 1.64071E+02, 6.89428E+01, 5.63262E-01, 2.51518E+00, 9.71186E+01, 3.03354E+01, 5.29139E-03,-5.73227E-05, 0.00000E+00, 0.00000E+00, 0.00000E+00,
 1056, 2.10994E+01,TRUE,0, 2.31117E+03, 3.61624E+00, 1.42809E+00, 2.92789E+00, 8.36259E-02, 6.05605E-02, 1.90351E-01, 1.30985E-02, 8.64798E-01, 1.42804E+03,-1.14434E+00, 7.55684E+00, 8.19086E-02,-5.85327E-01,-7.46727E-04, 8.95180E-04, 1.42811E+03,-1.10979E+00, 7.55725E+00, 8.11511E-02, 3.31576E+00,-4.41573E+00, 3.00696E+01, 3.22893E-01, 1.28261E+02, 2.77412E+01, 1.58375E+02, 6.76753E+01, 5.57326E-01, 2.53203E+00, 9.68373E+01, 3.04175E+01, 5.29117E-03,-5.78631E-05, 0.00000E+00, 0.00000E+00, 0.00000E+00,
 1057, 2.11194E+01,TRUE,0, 0.00000E+00, 3.61028E+00, 1.42801E+00, 2.92714E+00, 0.00000E+00, 0.00000E+00, 1.89221E-01, 0.00000E+00, 8.71235E-01, 1.42801E+03,-1.14361E+00, 7.55638E+00, 8.26666E-02,-5.13428E-01,-1.03903E-03, 8.99553E-04, 1.42804E+03,-1.14434E+00, 7.55684E+00, 8.19086E-02, 3.31569E+00,-4.55315E+00, 3.00674E+01, 3.25900E-01, 1.32054E+02, 2.85516E+01, 1.61106E+02, 6.82611E+01, 5.53877E-01, 2.55023E+00, 9.69638E+01, 3.04604E+01, 5.29094E-03,-5.84000E-05, 0.00000E+00, 0.00000E+00, 0.00000E+00,
 1058, 2.11394E+01,TRUE,0, 0.00000E+00, 3.60759E+00, 1.42799E+00, 2.92715E+00, 0.00000E+00, 0.00000E+00, 1.88613E-01, 0.00000E+00, 8.77057E-01, 1.42799E+03,-1.14287E+00, 7.55590E+00, 8.34252E-02,-4.90479E-01,-1.01709E-03, 9.01259E-04, 1.42801E+03,-1.14361E+00, 7.55638E+00, 8.26666E-02, 3.31492E+00,-4.54917E+00, 3.00586E+01, 3.28840E-01, 1.35918E+02, 2.93573E+01, 1.63859E+02, 6.88376E+01, 5.52100E-01, 2.56728E+00, 9.70853E+01, 3.04669E+01, 5.29071E-03,-5.89335E-05, 0.00000E+00, 0.00000E+00, 0.00000E+00,
 1059, 2.11594E+01,TRUE,0, 2.06458E+03, 3.60651E+00, 1.42797E+00, 2.92717E+00, 9.36870E-02, 6.77398E-02, 1.88364E-01, 1.46075E-02, 8.81989E-01, 1.42792E+03,-1.17380E+00, 7.55543E+00, 8.41837E-02,-4.67529E-01,-9.99451E-04, 8.97415E-04, 1.42799E+03,-1.14287E+00, 7.55590E+00, 8.34252E-02, 3.31485E+00,-4.54614E+00, 3.00560E+01, 3.31851E-01, 1.26752E+02, 2.73328E+01, 1.57162E+02, 6.73619E+01, 5.51373E-01, 2.58173E+00, 9.67613E+01, 3.04427E+01, 5.29047E-03,-5.94636E-05, 0.00000E+00, 0.00000E+00, 0.00000E+00,
 1060, 2.11794E+01,TRUE,0, 0.00000E+00, 3.60555E+00, 1.42790E+00, 2.92640E+00, 0.00000E+00, 0.00000E+00, 1.88364E-01, 0.00000E+00, 8.86022E-01, 1.42790E+03,-1.17320E+00, 7.55490E+00, 8.49410E-02,-4.00146E-01,-1.22356E-03, 8.86030E-04, 1.42792E+03,-1.17380E+00, 7.55543E+00, 8.41837E-02, 3.31478E+00,-4.66908E+00, 3.00535E+01, 3.34860E-01, 1.30512E+02, 2.81452E+01, 1.59880E+02, 6.79525E+01, 5.51228E-01, 2.59285E+00, 9.68909E+01, 3.03946E+01, 5.29022E-03,-5.99903E-05, 0.00000E+00, 0.00000E+00, 0.00000E+00,
 1061, 2.11994E+01,TRUE,0, 0.00000E+00, 3.60581E+00, 1.42788E+00, 2.92640E+00, 0.00000E+00, 0.00000E+00, 1.88421E-01, 0.00000E+00, 8.88723E-01, 1.42788E+03,-1.17259E+00, 7.55437E+00, 8.56969E-02,-3.76587E-01,-1.16968E-03, 8.73782E-04, 1.42790E+03,-1.17320E+00, 7.55490E+00, 8.49410E-02, 3.31408E+00,-4.66569E+00, 3.00451E+01, 3.37802E-01, 1.34344E+02, 2.89530E+01, 1.62621E+02, 6.85337E+01, 5.51396E-01, 2.60076E+00, 9.70152E+01, 3.03308E+01, 5.28997E-03,-6.05137E-05, 0.00000E+00, 0.00000E+00, 0.00000E+00,
 1062, 2.12194E+01,TRUE,0, 1.88941E+03, 3.60625E+00, 1.42785E+00, 2.92641E+00, 1.01316E-01, 7.31690E-02, 1.88517E-01, 1.57488E-02, 8.90425E-01, 1.42782E+03,-1.19781E+00, 7.55386E+00, 8.64505E-02,-3.53027E-01,-1.03664E-03, 8.58374E-04, 1.42788E+03,-1.17259E+00, 7.55437E+00, 8.56969E-02, 3.31401E+00,-4.66316E+00, 3.00423E+01, 3.40800E-01, 1.24240E+02, 2.67413E+01, 1.55270E+02, 6.69285E+01, 5.51678E-01, 2.60575E+00, 9.66660E+01, 3.02583E+01, 5.28977E-03,-6.10336E-05, 0.00000E+00, 0.00000E+00, 0.00000E+00,
 1063, 2.12394E+01,TRUE,0, 0.00000E+00, 3.60591E+00, 1.42779E+00, 2.92565E+00, 0.00000E+00, 0.00000E+00, 1.88652E-01, 0.00000E+00, 8.91480E-01, 1.42779E+03,-1.19730E+00, 7.55331E+00, 8.72008E-02,-2.93091E-01,-1.21021E-03, 8.38354E-04, 1.42782E+03,-1.19781E+00, 7.55386E+00, 8.64505E-02, 3.31393E+00,-4.76334E+00, 3.00396E+01, 3.43789E-01, 1.27950E+02, 2.75570E+01, 1.57971E+02, 6.75259E+01, 5.51929E-01, 2.60815E+00, 9.67993E+01, 3.01822E+01, 5.28951E-03,-6.15502E-05, 0.00000E+00, 0.00000E+00, 0.00000E+00,
 1064, 2.12594E+01,TRUE,0, 0.00000E+00, 3.60619E+00, 1.42777E+00, 2.92565E+00, 0.00000E+00, 0.00000E+00, 1.88717E-01, 0.00000E+00, 8.91657E-01, 1.42777E+03,-1.19679E+00, 7.55275E+00, 8.79476E-02,-2.69043E-01,-1.15728E-03, 8.19393E-04, 1.42779E+03,-1.19730E+00, 7.55331E+00, 8.72008E-02, 3.31334E+00,-4.76048E+00, 3.00320E+01, 3.46711E-01, 1.31732E+02, 2.83681E+01, 1.60696E+02, 6.81140E+01, 5.52118E-01, 2.60867E+00, 9.69273E+01, 3.01078E+01, 5.28924E-03,-6.20635E-05, 0.00000E+00, 0.00000E+00, 0.00000E+00,
 1065, 2.12794E+01,TRUE,0, 0.00000E+00, 3.60635E+00, 1.42775E+00, 2.92565E+00, 0.00000E+00, 0.00000E+00, 1.88751E-01, 0.00000E+00, 8.91364E-01, 1.42775E+03,-1.19627E+00, 7.55219E+00, 8.86903E-02,-2.45117E-01,-1.11103E-03, 7.99492E-04, 1.42777E+03,-1.19679E+00, 7.55275E+00, 8.79476E-02, 3.31327E+00,-4.75832E+00, 3.00291E+01, 3.49672E-01, 1.35584E+02, 2.91746E+01, 1.63443E+02, 6.86927E+01, 5.52218E-01, 2.60782E+00, 9.70502E+01, 3.00382E+01, 5.28896E-03,-6.25734E-05, 0.00000E+00, 0.00000E+00, 0.00000E+00,
 1066, 2.12994E+01,TRUE,0, 0.00000E+00, 3.60637E+00, 1.42772E+00, 2.92566E+00, 0.00000E+00, 0.00000E+00, 1.88753E-01, 0.00000E+00, 8.90755E-01, 1.42772E+03,-1.19574E+00, 7.55163E+00, 8.94285E-02,-2.21191E-01,-1.07288E-03, 7.79219E-04, 1.42775E+03,-1.19627E+00, 7.55219E+00, 8.86903E-02, 3.31318E+00,-4.75615E+00, 3.00262E+01, 3.52617E-01, 1.39508E+02, 2.99764E+01, 1.66214E+02, 6.92622E+01, 5.52227E-01, 2.60605E+00, 9.71682E+01, 2.99752E+01, 5.28868E-03,-6.30800E-05, 0.00000E+00, 0.00000E+00, 0.00000E+00,
 1067, 2.13194E+01,TRUE,0, 3.08383E+03, 3.60628E+00, 1.42770E+00, 2.92567E+00, 6.45832E-02, 4.65342E-02, 1.88728E-01, 9.97893E-03, 8.89961E-01, 1.42768E+03,-1.20439E+00, 7.55107E+00, 9.01619E-02,-1.97266E-01,-1.04046E-03, 7.59058E-04, 1.42772E+03,-1.19574E+00, 7.55163E+00, 8.94285E-02, 3.31310E+00,-4.75395E+00, 3.00232E+01, 3.55543E-01, 1.34236E+02, 2.87859E+01, 1.62329E+02, 6.83906E+01, 5.52156E-01, 2.60374E+00, 9.69744E+01, 2.99199E+01, 5.28839E-03,-6.35833E-05, 0.00000E+00, 0.00000E+00, 0.00000E+00,
 1068, 2.13394E+01,TRUE,0, 0.00000E+00, 3.60564E+00, 1.42766E+00, 2.92524E+00, 0.00000E+00, 0.00000E+00, 1.88704E-01, 0.00000E+00, 8.89196E-01, 1.42766E+03,-1.20390E+00, 7.55051E+00, 9.08900E-02,-1.60278E-01,-9.99451E-04, 7.38479E-04, 1.42768E+03,-1.20439E+00, 7.55107E+00, 9.01619E-02, 3.31302E+00,-4.78822E+00, 3.00202E+01, 3.58450E-01, 1.38129E+02, 2.95894E+01, 1.65087E+02, 6.89647E+01, 5.52006E-01, 2.60111E+00, 9.70954E+01, 2.98722E+01, 5.28816E-03,-6.40833E-05, 0.00000E+00, 0.00000E+00, 0.00000E+00,
 1069, 2.13594E+01,TRUE,0, 0.00000E+00, 3.60536E+00, 1.42764E+00, 2.92525E+00, 0.00000E+00, 0.00000E+00, 1.88639E-01, 0.00000E+00, 8.88298E-01, 1.42764E+03,-1.20340E+00, 7.54995E+00, 9.16128E-02,-1.36108E-01,-8.99792E-04, 7.19592E-04, 1.42766E+03,-1.20390E+00, 7.55051E+00, 9.08900E-02, 3.31276E+00,-4.78587E+00, 3.00156E+01, 3.61316E-01, 1.42094E+02, 3.03882E+01, 1.67869E+02, 6.95296E+01, 5.51816E-01, 2.59850E+00, 9.72116E+01, 2.98324E+01, 5.28792E-03,-6.45799E-05, 0.00000E+00, 0.00000E+00, 0.00000E+00,
 1070, 2.13794E+01,TRUE,0, 2.59960E+03, 3.60506E+00, 1.42761E+00, 2.92527E+00, 7.82254E-02, 5.62130E-02, 1.88565E-01, 1.19950E-02, 8.87450E-01, 1.42760E+03,-1.20918E+00, 7.54941E+00, 9.23301E-02,-1.11938E-01,-8.22544E-04, 7.01621E-04, 1.42764E+03,-1.20340E+00, 7.54995E+00, 9.16128E-02, 3.31268E+00,-4.78376E+00, 3.00127E+01, 3.64181E-01, 1.34700E+02, 2.87429E+01, 1.62458E+02, 6.83326E+01, 5.51604E-01, 2.59603E+00, 9.69491E+01, 2.97999E+01, 5.28767E-03,-6.50733E-05, 0.00000E+00, 0.00000E+00, 0.00000E+00,
 1071, 2.13994E+01,TRUE,0, 0.00000E+00, 3.60423E+00, 1.42758E+00, 2.92478E+00, 0.00000E+00, 0.00000E+00, 1.88516E-01, 0.00000E+00, 8.86810E-01, 1.42758E+03,-1.20869E+00, 7.54887E+00, 9.30418E-02,-7.88574E-02,-8.11577E-04, 6.84097E-04, 1.42760E+03,-1.20918E+00, 7.54941E+00, 9.23301E-02, 3.31260E+00,-4.80664E+00, 3.00098E+01, 3.67024E-01, 1.38595E+02, 2.95462E+01, 1.65214E+02, 6.89074E+01, 5.51367E-01, 2.59372E+00, 9.70711E+01, 2.97734E+01, 5.28742E-03,-6.55634E-05, 0.00000E+00, 0.00000E+00, 0.00000E+00,
 1072, 2.14194E+01,TRUE,0, 0.00000E+00, 3.60389E+00, 1.42755E+00, 2.92479E+00, 0.00000E+00, 0.00000E+00, 1.88437E-01, 0.00000E+00, 8.86124E-01, 1.42755E+03,-1.20820E+00, 7.54831E+00, 9.37480E-02,-5.46875E-02,-8.46863E-04, 6.68362E-04, 1.42758E+03,-1.20869E+00, 7.54887E+00, 9.30418E-02, 3.31240E+00,-4.80440E+00, 3.00058E+01, 3.69830E-01, 1.42562E+02, 3.03448E+01, 1.67993E+02, 6.94730E+01, 5.51138E-01, 2.59172E+00, 9.71883E+01, 2.97526E+01, 5.28710E-03,-6.60503E-05, 0.00000E+00, 0.00000E+00, 0.00000E+00,
 1073, 2.14394E+01,TRUE,0, 0.00000E+00, 3.60358E+00, 1.42753E+00, 2.92480E+00, 0.00000E+00, 0.00000E+00, 1.88363E-01, 0.00000E+00, 8.85546E-01, 1.42753E+03,-1.20770E+00, 7.54775E+00, 9.44485E-02,-3.05176E-02,-8.79288E-04, 6.53766E-04, 1.42755E+03,-1.20820E+00, 7.54831E+00, 9.37480E-02, 3.31232E+00,-4.80232E+00, 3.00029E+01, 3.72627E-01, 1.46601E+02, 3.11385E+01, 1.70794E+02, 7.00295E+01, 5.50925E-01, 2.59005E+00, 9.73008E+01, 2.97366E+01, 5.28678E-03,-6.65339E-05, 0.00000E+00, 0.00000E+00, 0.00000E+00,
 1074, 2.14594E+01,TRUE,0, 2.49263E+03, 3.60331E+00, 1.42751E+00, 2.92482E+00, 8.44834E-02, 6.04628E-02, 1.88297E-01, 1.28086E-02, 8.85071E-01, 1.42751E+03,-1.20758E+00, 7.54718E+00, 9.51595E-02,-6.34766E-03,-9.09805E-04, 7.25940E-04, 1.42753E+03,-1.20770E+00, 7.54775E+00, 9.44485E-02, 3.31223E+00,-4.80022E+00, 2.99999E+01, 3.75403E-01, 1.37979E+02, 2.92299E+01, 1.64505E+02, 6.86467E+01, 5.50735E-01, 2.58867E+00, 9.69998E+01, 2.97245E+01, 5.28645E-03,-6.70741E-05, 0.00000E+00, 0.00000E+00, 0.00000E+00,
 1075, 2.14794E+01,TRUE,0, 0.00000E+00, 3.60257E+00, 1.42748E+00, 2.92433E+00, 0.00000E+00, 0.00000E+00, 1.88265E-01, 0.00000E+00, 8.84816E-01, 1.42748E+03,-1.20707E+00, 7.54661E+00, 9.58792E-02, 1.84326E-02,-8.54492E-04, 7.81134E-04, 1.42751E+03,-1.20758E+00, 7.54718E+00, 9.51595E-02, 3.31215E+00,-4.79962E+00, 2.99969E+01, 3.78219E-01, 1.41925E+02, 3.00296E+01, 1.67273E+02, 6.92162E+01, 5.50550E-01, 2.58749E+00, 9.71198E+01, 2.97151E+01, 5.28617E-03,-6.76109E-05, 0.00000E+00, 0.00000E+00, 0.00000E+00,
 1076, 2.14994E+01,TRUE,0, 0.00000E+00, 3.60235E+00, 1.42746E+00, 2.92435E+00, 0.00000E+00, 0.00000E+00, 1.88211E-01, 0.00000E+00, 8.84499E-01, 1.42746E+03,-1.20655E+00, 7.54604E+00, 9.66057E-02, 4.26025E-02,-8.10623E-04, 8.21650E-04, 1.42748E+03,-1.20707E+00, 7.54661E+00, 9.58792E-02, 3.31206E+00,-4.79746E+00, 2.99938E+01, 3.81069E-01, 1.45943E+02, 3.08246E+01, 1.70064E+02, 6.97765E+01, 5.50394E-01, 2.58658E+00, 9.72350E+01, 2.97082E+01, 5.28589E-03,-6.81441E-05, 0.00000E+00, 0.00000E+00, 0.00000E+00,
 1077, 2.15194E+01,TRUE,0, 2.19526E+03, 3.60217E+00, 1.42743E+00, 2.92437E+00, 9.58025E-02, 6.83440E-02, 1.88165E-01, 1.44013E-02, 8.84258E-01, 1.42744E+03,-1.20147E+00, 7.54548E+00, 9.73375E-02, 6.67725E-02,-7.81059E-04, 8.49552E-04, 1.42746E+03,-1.20655E+00, 7.54604E+00, 9.66057E-02, 3.31198E+00,-4.79530E+00, 2.99908E+01, 3.83947E-01, 1.35659E+02, 2.85859E+01, 1.62623E+02, 6.81672E+01, 5.50264E-01, 2.58589E+00, 9.68903E+01, 2.97033E+01, 5.28560E-03,-6.86738E-05, 0.00000E+00, 0.00000E+00, 0.00000E+00,
 1078, 2.15394E+01,TRUE,0, 0.00000E+00, 3.60149E+00, 1.42742E+00, 2.92385E+00, 0.00000E+00, 0.00000E+00, 1.88156E-01, 0.00000E+00, 8.84211E-01, 1.42742E+03,-1.20093E+00, 7.54492E+00, 9.80731E-02, 8.44727E-02,-7.28130E-04, 8.67173E-04, 1.42744E+03,-1.20147E+00, 7.54548E+00, 9.73375E-02, 3.31190E+00,-4.77498E+00, 2.99878E+01, 3.86846E-01, 1.39554E+02, 2.93890E+01, 1.65373E+02, 6.87442E+01, 5.50141E-01, 2.58530E+00, 9.70147E+01, 2.96994E+01, 5.28531E-03,-6.92000E-05, 0.00000E+00, 0.00000E+00, 0.00000E+00,
 1079, 2.15594E+01,TRUE,0, 0.00000E+00, 3.60136E+00, 1.42739E+00, 2.92386E+00, 0.00000E+00, 0.00000E+00, 1.88122E-01, 0.00000E+00, 8.84062E-01, 1.42739E+03,-1.20038E+00, 7.54437E+00, 9.88109E-02, 1.08521E-01,-7.25269E-04, 8.75250E-04, 1.42742E+03,-1.20093E+00, 7.54492E+00, 9.80731E-02, 3.31191E+00,-4.77283E+00, 2.99857E+01, 3.89771E-01, 1.43521E+02, 3.01875E+01, 1.68146E+02, 6.93120E+01, 5.50042E-01, 2.58488E+00, 9.71341E+01, 2.96967E+01, 5.28501E-03,-6.97226E-05, 0.00000E+00, 0.00000E+00, 0.00000E+00,
 1080, 2.15794E+01,TRUE,0, 1.98545E+03, 3.60126E+00, 1.42737E+00, 2.92388E+00, 1.04454E-01, 7.43202E-02, 1.88095E-01, 1.56041E-02, 8.83957E-01, 1.42738E+03,-1.18997E+00, 7.54381E+00, 9.95498E-02, 1.32568E-01,-7.29561E-04, 8.75950E-04, 1.42739E+03,-1.20038E+00, 7.54437E+00, 9.88109E-02, 3.31183E+00,-4.77053E+00, 2.99827E+01, 3.92693E-01, 1.32146E+02, 2.77451E+01, 1.59974E+02, 6.75682E+01, 5.49966E-01, 2.58458E+00, 9.67653E+01, 2.96949E+01, 5.28470E-03,-7.02419E-05, 0.00000E+00, 0.00000E+00, 0.00000E+00,
 1081, 2.15994E+01,TRUE,0, 0.00000E+00, 3.60065E+00, 1.42736E+00, 2.92336E+00, 0.00000E+00, 0.00000E+00, 1.88101E-01, 0.00000E+00, 8.84016E-01, 1.42736E+03,-1.18937E+00, 7.54324E+00, 1.00289E-01, 1.42578E-01,-7.50542E-04, 8.71666E-04, 1.42738E+03,-1.18997E+00, 7.54381E+00, 9.95498E-02, 3.31175E+00,-4.72905E+00, 2.99798E+01, 3.95620E-01, 1.35971E+02, 2.85532E+01, 1.62700E+02, 6.81547E+01, 5.49888E-01, 2.58430E+00, 9.68946E+01, 2.96933E+01, 5.28433E-03,-7.07576E-05, 0.00000E+00, 0.00000E+00, 0.00000E+00,
 1082, 2.16194E+01,TRUE,0, 0.00000E+00, 3.60057E+00, 1.42733E+00, 2.92337E+00, 0.00000E+00, 0.00000E+00, 1.88081E-01, 0.00000E+00, 8.83950E-01, 1.42733E+03,-1.18877E+00, 7.54267E+00, 1.01026E-01, 1.66382E-01,-7.59602E-04, 8.61436E-04, 1.42736E+03,-1.18937E+00, 7.54324E+00, 1.00289E-01, 3.31186E+00,-4.72683E+00, 2.99786E+01, 3.98571E-01, 1.39867E+02, 2.93568E+01, 1.65449E+02, 6.87320E+01, 5.49830E-01, 2.58412E+00, 9.70189E+01, 2.96922E+01, 5.28402E-03,-7.12699E-05, 0.00000E+00, 0.00000E+00, 0.00000E+00,
 1083, 2.16394E+01,TRUE,0, 0.00000E+00, 3.60052E+00, 1.42731E+00, 2.92339E+00, 0.00000E+00, 0.00000E+00, 1.88065E-01, 0.00000E+00, 8.83907E-01, 1.42731E+03,-1.18816E+00, 7.54210E+00, 1.01762E-01, 1.90186E-01,-7.73907E-04, 8.47608E-04, 1.42733E+03,-1.18877E+00, 7.54267E+00, 1.01026E-01, 3.31178E+00,-4.72432E+00, 2.99756E+01, 4.01493E-01, 1.43835E+02, 3.01557E+01, 1.68221E+02, 6.93001E+01, 5.49786E-01, 2.58400E+00, 9.71381E+01, 2.96914E+01, 5.28369E-03,-7.17787E-05, 0.00000E+00, 0.00000E+00, 0.00000E+00,
 1084, 2.16594E+01,TRUE,0, 2.16738E+03, 3.60049E+00, 1.42729E+00, 2.92341E+00, 9.61658E-02, 6.82273E-02, 1.88053E-01, 1.42798E-02, 8.83879E-01, 1.42731E+03,-1.17295E+00, 7.54150E+00, 1.02495E-01, 2.13989E-01,-8.76427E-04, 8.31105E-04, 1.42731E+03,-1.18816E+00, 7.54210E+00, 1.01762E-01, 3.31170E+00,-4.72180E+00, 2.99726E+01, 4.04408E-01, 1.33654E+02, 2.79734E+01, 1.60927E+02, 6.77475E+01, 5.49755E-01, 2.58394E+00, 9.68106E+01, 2.96909E+01, 5.28331E-03,-7.22842E-05, 0.00000E+00, 0.00000E+00, 0.00000E+00,
 1085, 2.16794E+01,TRUE,0, 0.00000E+00, 3.60003E+00, 1.42728E+00, 2.92298E+00, 0.00000E+00, 0.00000E+00, 1.88067E-01, 0.00000E+00, 8.83972E-01, 1.42728E+03,-1.17228E+00, 7.54092E+00, 1.03225E-01, 2.17041E-01,-7.66277E-04, 8.14237E-04, 1.42731E+03,-1.17295E+00, 7.54150E+00, 1.02495E-01, 3.31162E+00,-4.66124E+00, 2.99695E+01, 4.07311E-01, 1.37503E+02, 2.87806E+01, 1.63660E+02, 6.83313E+01, 5.49717E-01, 2.58383E+00, 9.69382E+01, 2.96902E+01, 5.28297E-03,-7.27861E-05, 0.00000E+00, 0.00000E+00, 0.00000E+00,
 1086, 2.16994E+01,TRUE,0, 0.00000E+00, 3.60000E+00, 1.42726E+00, 2.92300E+00, 0.00000E+00, 0.00000E+00, 1.88057E-01, 0.00000E+00, 8.83946E-01, 1.42726E+03,-1.17160E+00, 7.54033E+00, 1.03951E-01, 2.40479E-01,-7.91073E-04, 7.94388E-04, 1.42728E+03,-1.17228E+00, 7.54092E+00, 1.03225E-01, 3.31183E+00,-4.65886E+00, 2.99691E+01, 4.10238E-01, 1.41423E+02, 2.95831E+01, 1.66416E+02, 6.89059E+01, 5.49690E-01, 2.58377E+00, 9.70606E+01, 2.96897E+01, 5.28263E-03,-7.32847E-05, 0.00000E+00, 0.00000E+00, 0.00000E+00,
 1087, 2.17194E+01,TRUE,0, 1.96514E+03, 3.59999E+00, 1.42724E+00, 2.92301E+00, 1.04500E-01, 7.39968E-02, 1.88049E-01, 1.54599E-02, 8.83929E-01, 1.42726E+03,-1.15139E+00, 7.53974E+00, 1.04673E-01, 2.63916E-01,-8.16822E-04, 7.73951E-04, 1.42726E+03,-1.17160E+00, 7.54033E+00, 1.03951E-01, 3.31176E+00,-4.65606E+00, 2.99661E+01, 4.13114E-01, 1.30218E+02, 2.72061E+01, 1.58435E+02, 6.72233E+01, 5.49671E-01, 2.58374E+00, 9.67085E+01, 2.96893E+01, 5.28229E-03,-7.37798E-05, 0.00000E+00, 0.00000E+00, 0.00000E+00,
 1088, 2.17394E+01,TRUE,0, 0.00000E+00, 3.59955E+00, 1.42724E+00, 2.92259E+00, 0.00000E+00, 0.00000E+00, 1.88067E-01, 0.00000E+00, 8.84028E-01, 1.42724E+03,-1.15063E+00, 7.53918E+00, 1.05390E-01, 2.59521E-01,-6.08444E-04, 7.55504E-04, 1.42726E+03,-1.15139E+00, 7.53974E+00, 1.04673E-01, 3.31168E+00,-4.57565E+00, 2.99630E+01, 4.15972E-01, 1.34002E+02, 2.80183E+01, 1.61147E+02, 6.78156E+01, 5.49642E-01, 2.58365E+00, 9.68402E+01, 2.96886E+01, 5.28200E-03,-7.42716E-05, 0.00000E+00, 0.00000E+00, 0.00000E+00,
 1089, 2.17594E+01,TRUE,0, 0.00000E+00, 3.59953E+00, 1.42722E+00, 2.92260E+00, 0.00000E+00, 0.00000E+00, 1.88059E-01, 0.00000E+00, 8.84005E-01, 1.42722E+03,-1.14987E+00, 7.53862E+00, 1.06102E-01, 2.82593E-01,-5.93185E-04, 7.34843E-04, 1.42724E+03,-1.15063E+00, 7.53918E+00, 1.05390E-01, 3.31199E+00,-4.57305E+00, 2.99636E+01, 4.18861E-01, 1.37856E+02, 2.88259E+01, 1.63883E+02, 6.83986E+01, 5.49621E-01, 2.58360E+00, 9.69666E+01, 2.96882E+01, 5.28170E-03,-7.47600E-05, 0.00000E+00, 0.00000E+00, 0.00000E+00,
 1090, 2.17794E+01,TRUE,0, 1.81928E+03, 3.59952E+00, 1.42719E+00, 2.92262E+00, 1.10177E-01, 7.79325E-02, 1.88052E-01, 1.62860E-02, 8.83990E-01, 1.42712E+03,-1.20322E+00, 7.53805E+00, 1.06809E-01,-6.94336E-01,-6.75201E-04, 7.14779E-04, 1.42722E+03,-1.14987E+00, 7.53862E+00, 1.06102E-01, 3.31192E+00,-4.56992E+00, 2.99607E+01, 4.21681E-01, 1.26160E+02, 2.63644E+01, 1.55593E+02, 6.66633E+01, 5.49606E-01, 2.58357E+00, 9.66054E+01, 2.96879E+01, 5.28134E-03,-7.52450E-05, 0.00000E+00, 0.00000E+00, 0.00000E+00,
 1091, 2.17994E+01,TRUE,0, 0.00000E+00, 3.59842E+00, 1.42709E+00, 2.92153E+00, 0.00000E+00, 0.00000E+00, 1.88106E-01, 0.00000E+00, 8.84251E-01, 1.42709E+03,-1.20268E+00, 7.53737E+00, 1.07509E-01,-5.93628E-01,-1.25122E-03, 6.89559E-04, 1.42712E+03,-1.20322E+00, 7.53805E+00, 1.06809E-01, 3.31184E+00,-4.78184E+00, 2.99578E+01, 4.24481E-01, 1.29869E+02, 2.71824E+01, 1.58283E+02, 6.72649E+01, 5.49557E-01, 2.58337E+00, 9.67411E+01, 2.96867E+01, 5.28091E-03,-7.57266E-05, 0.00000E+00, 0.00000E+00, 0.00000E+00,
 1092, 2.18194E+01,TRUE,0, 0.00000E+00, 3.59836E+00, 1.42707E+00, 2.92153E+00, 0.00000E+00, 0.00000E+00, 1.88092E-01, 0.00000E+00, 8.84205E-01, 1.42707E+03,-1.20213E+00, 7.53669E+00, 1.08204E-01,-5.69580E-01,-1.22499E-03, 6.72244E-04, 1.42709E+03,-1.20268E+00, 7.53737E+00, 1.07509E-01, 3.31070E+00,-4.77805E+00, 2.99448E+01, 4.27117E-01, 1.33649E+02, 2.79959E+01, 1.60998E+02, 6.78570E+01, 5.49519E-01, 2.58324E+00, 9.68715E+01, 2.96860E+01, 5.28054E-03,-7.62049E-05, 0.00000E+00, 0.00000E+00, 0.00000E+00,
 1093, 2.18394E+01,TRUE,0, 0.00000E+00, 3.59832E+00, 1.42705E+00, 2.92154E+00, 0.00000E+00, 0.00000E+00, 1.88082E-01, 0.00000E+00, 8.84174E-01, 1.42705E+03,-1.20158E+00, 7.53601E+00, 1.08893E-01,-5.45532E-01,-1.20211E-03, 6.55912E-04, 1.42707E+03,-1.20213E+00, 7.53669E+00, 1.08204E-01, 3.31062E+00,-4.77577E+00, 2.99414E+01, 4.29867E-01, 1.37500E+02, 2.88048E+01, 1.63735E+02, 6.84398E+01, 5.49490E-01, 2.58315E+00, 9.69966E+01, 2.96855E+01, 5.28016E-03,-7.66799E-05, 0.00000E+00, 0.00000E+00, 0.00000E+00,
 1094, 2.18594E+01,TRUE,0, 2.15864E+03, 3.59830E+00, 1.42702E+00, 2.92155E+00, 9.26769E-02, 6.55144E-02, 1.88074E-01, 1.37165E-02, 8.84154E-01, 1.42697E+03,-1.23519E+00, 7.53532E+00, 1.09577E-01,-5.21484E-01,-1.18208E-03, 6.40631E-04, 1.42705E+03,-1.20158E+00, 7.53601E+00, 1.08893E-01, 3.31054E+00,-4.77346E+00, 2.99379E+01, 4.32594E-01, 1.28316E+02, 2.68649E+01, 1.57231E+02, 6.70735E+01, 5.49469E-01, 2.58310E+00, 9.67106E+01, 2.96852E+01, 5.27978E-03,-7.71515E-05, 0.00000E+00, 0.00000E+00, 0.00000E+00,
 1095, 2.18794E+01,TRUE,0, 0.00000E+00, 3.59746E+00, 1.42695E+00, 2.92073E+00, 0.00000E+00, 0.00000E+00, 1.88112E-01, 0.00000E+00, 8.84345E-01, 1.42695E+03,-1.23477E+00, 7.53459E+00, 1.10270E-01,-4.48364E-01,-1.34134E-03, 7.08133E-04, 1.42697E+03,-1.23519E+00, 7.53532E+00, 1.09577E-01, 3.31046E+00,-4.90686E+00, 2.99345E+01, 4.35299E-01, 1.32068E+02, 2.76809E+01, 1.59937E+02, 6.76689E+01, 5.49425E-01, 2.58294E+00, 9.68422E+01, 2.96843E+01, 5.27945E-03,-7.76797E-05, 0.00000E+00, 0.00000E+00, 0.00000E+00,
 1096, 2.18994E+01,TRUE,0, 0.00000E+00, 3.59741E+00, 1.42692E+00, 2.92073E+00, 0.00000E+00, 0.00000E+00, 1.88100E-01, 0.00000E+00, 8.84308E-01, 1.42692E+03,-1.23434E+00, 7.53386E+00, 1.10972E-01,-4.23584E-01,-1.29843E-03, 7.63178E-04, 1.42695E+03,-1.23477E+00, 7.53459E+00, 1.10270E-01, 3.30971E+00,-4.90408E+00, 2.99247E+01, 4.37954E-01, 1.35891E+02, 2.84924E+01, 1.62668E+02, 6.82549E+01, 5.49391E-01, 2.58283E+00, 9.69685E+01, 2.96838E+01, 5.27906E-03,-7.82044E-05, 0.00000E+00, 0.00000E+00, 0.00000E+00,
 1097, 2.19194E+01,TRUE,0, 1.95719E+03, 3.59737E+00, 1.42690E+00, 2.92074E+00, 1.01076E-01, 7.14215E-02, 1.88091E-01, 1.49700E-02, 8.84285E-01, 1.42686E+03,-1.26239E+00, 7.53313E+00, 1.11681E-01,-3.98804E-01,-1.26028E-03, 8.03441E-04, 1.42692E+03,-1.23434E+00, 7.53386E+00, 1.10972E-01, 3.30962E+00,-4.90225E+00, 2.99211E+01, 4.40730E-01, 1.25657E+02, 2.63377E+01, 1.55437E+02, 6.67390E+01, 5.49366E-01, 2.58276E+00, 9.66511E+01, 2.96834E+01, 5.27866E-03,-7.87254E-05, 0.00000E+00, 0.00000E+00, 0.00000E+00,
 1098, 2.19394E+01,TRUE,0, 0.00000E+00, 3.59653E+00, 1.42683E+00, 2.91992E+00, 0.00000E+00, 0.00000E+00, 1.88128E-01, 0.00000E+00, 8.84472E-01, 1.42683E+03,-1.26207E+00, 7.53237E+00, 1.12394E-01,-3.33130E-01,-1.36089E-03, 8.27715E-04, 1.42686E+03,-1.26239E+00, 7.53313E+00, 1.11681E-01, 3.30954E+00,-5.01352E+00, 2.99174E+01, 4.43534E-01, 1.29362E+02, 2.71578E+01, 1.58131E+02, 6.73399E+01, 5.49318E-01, 2.58259E+00, 9.67851E+01, 2.96826E+01, 5.27831E-03,-7.92429E-05, 0.00000E+00, 0.00000E+00, 0.00000E+00,
 1099, 2.19594E+01,TRUE,0, 0.00000E+00, 3.59647E+00, 1.42681E+00, 2.91991E+00, 0.00000E+00, 0.00000E+00, 1.88116E-01, 0.00000E+00, 8.84435E-01, 1.42681E+03,-1.26174E+00, 7.53163E+00, 1.13111E-01,-3.07861E-01,-1.22738E-03, 8.45037E-04, 1.42683E+03,-1.26207E+00, 7.53237E+00, 1.12394E-01, 3.30889E+00,-5.01126E+00, 2.99085E+01, 4.46280E-01, 1.33139E+02, 2.79733E+01, 1.60848E+02, 6.79314E+01, 5.49282E-01, 2.58248E+00, 9.69137E+01, 2.96820E+01, 5.27796E-03,-7.97567E-05, 0.00000E+00, 0.00000E+00, 0.00000E+00,
 1100, 2.19794E+01,TRUE,0, 1.81218E+03, 3.59642E+00, 1.42678E+00, 2.91991E+00, 1.06948E-01, 7.55918E-02, 1.88106E-01, 1.58836E-02, 8.84412E-01, 1.42675E+03,-1.28276E+00, 7.53090E+00, 1.13831E-01,-2.82593E-01,-1.11818E-03, 8.53293E-04, 1.42681E+03,-1.26174E+00, 7.53163E+00, 1.13111E-01, 3.30880E+00,-5.00980E+00, 2.99048E+01, 4.49116E-01, 1.22336E+02, 2.57057E+01, 1.53233E+02, 6.63376E+01, 5.49255E-01, 2.58241E+00, 9.65799E+01, 2.96817E+01, 5.27760E-03,-8.02670E-05, 0.00000E+00, 0.00000E+00, 0.00000E+00,
 1101, 2.19994E+01,TRUE,0, 0.00000E+00, 3.59561E+00, 1.42673E+00, 2.91913E+00, 0.00000E+00, 0.00000E+00, 1.88140E-01, 0.00000E+00, 8.84591E-01, 1.42673E+03,-1.28249E+00, 7.53014E+00, 1.14551E-01,-2.26563E-01,-1.28078E-03, 8.51542E-04, 1.42675E+03,-1.28276E+00, 7.53090E+00, 1.13831E-01, 3.30872E+00,-5.09313E+00, 2.99011E+01, 4.51961E-01, 1.25985E+02, 2.65305E+01, 1.55911E+02, 6.69452E+01, 5.49207E-01, 2.58224E+00, 9.67167E+01, 2.96808E+01, 5.27718E-03,-8.07738E-05, 0.00000E+00, 0.00000E+00, 0.00000E+00,
 1102, 2.20194E+01,TRUE,0, 0.00000E+00, 3.59554E+00, 1.42670E+00, 2.91912E+00, 0.00000E+00, 0.00000E+00, 1.88129E-01, 0.00000E+00, 8.84557E-01, 1.42670E+03,-1.28222E+00, 7.52938E+00, 1.15271E-01,-2.00806E-01,-1.16539E-03, 8.46662E-04, 1.42673E+03,-1.28249E+00, 7.53014E+00, 1.14551E-01, 3.30821E+00,-5.09130E+00, 2.98935E+01, 4.54749E-01, 1.29704E+02, 2.73507E+01, 1.58613E+02, 6.75433E+01, 5.49170E-01, 2.58213E+00, 9.68481E+01, 2.96803E+01, 5.27682E-03,-8.12770E-05, 0.00000E+00, 0.00000E+00, 0.00000E+00,
 1103, 2.20394E+01,TRUE,0, 0.00000E+00, 3.59549E+00, 1.42667E+00, 2.91911E+00, 0.00000E+00, 0.00000E+00, 1.88120E-01, 0.00000E+00, 8.84537E-01, 1.42668E+03,-1.28193E+00, 7.52863E+00, 1.15989E-01,-1.75049E-01,-1.15919E-03, 8.36954E-04, 1.42670E+03,-1.28222E+00, 7.52938E+00, 1.15271E-01, 3.30812E+00,-5.09007E+00, 2.98897E+01, 4.57594E-01, 1.33494E+02, 2.81663E+01, 1.61338E+02, 6.81319E+01, 5.49143E-01, 2.58206E+00, 9.69741E+01, 2.96799E+01, 5.27638E-03,-8.17767E-05, 0.00000E+00, 0.00000E+00, 0.00000E+00,
 1104, 2.20594E+01,TRUE,0, 2.15222E+03, 3.59546E+00, 1.42665E+00, 2.91911E+00, 9.02062E-02, 6.38203E-02, 1.88113E-01, 1.34639E-02, 8.84525E-01, 1.42664E+03,-1.29118E+00, 7.52786E+00, 1.16706E-01,-1.49414E-01,-1.15347E-03, 8.23520E-04, 1.42668E+03,-1.28193E+00, 7.52863E+00, 1.15989E-01, 3.30803E+00,-5.08881E+00, 2.98859E+01, 4.60435E-01, 1.24965E+02, 2.63633E+01, 1.55321E+02, 6.68618E+01, 5.49123E-01, 2.58202E+00, 9.67050E+01, 2.96797E+01, 5.27595E-03,-8.22729E-05, 0.00000E+00, 0.00000E+00, 0.00000E+00,
 1105, 2.20794E+01,TRUE,0, 0.00000E+00, 3.59485E+00, 1.42661E+00, 2.91852E+00, 0.00000E+00, 0.00000E+00, 1.88139E-01, 0.00000E+00, 8.84663E-01, 1.42661E+03,-1.29091E+00, 7.52710E+00, 1.17420E-01,-1.09985E-01,-1.13821E-03, 8.06160E-04, 1.42664E+03,-1.29118E+00, 7.52786E+00, 1.16706E-01, 3.30794E+00,-5.12535E+00, 2.98820E+01, 4.63267E-01, 1.28669E+02, 2.71853E+01, 1.58019E+02, 6.74613E+01, 5.49087E-01, 2.58191E+00, 9.68368E+01, 2.96791E+01, 5.27557E-03,-8.27656E-05, 0.00000E+00, 0.00000E+00, 0.00000E+00,
 1106, 2.20994E+01,TRUE,0, 0.00000E+00, 3.59480E+00, 1.42658E+00, 2.91851E+00, 0.00000E+00, 0.00000E+00, 1.88131E-01, 0.00000E+00, 8.84640E-01, 1.42658E+03,-1.29064E+00, 7.52634E+00, 1.18130E-01,-8.41064E-02,-1.05572E-03, 7.88189E-04, 1.42661E+03,-1.29091E+00, 7.52710E+00, 1.17420E-01, 3.30766E+00,-5.12387E+00, 2.98765E+01, 4.66061E-01, 1.32444E+02, 2.80026E+01, 1.60741E+02, 6.80513E+01, 5.49060E-01, 2.58183E+00, 9.69633E+01, 2.96787E+01, 5.27518E-03,-8.32548E-05, 0.00000E+00, 0.00000E+00, 0.00000E+00,
 1107, 2.21194E+01,TRUE,0, 1.95147E+03, 3.59476E+00, 1.42656E+00, 2.91850E+00, 9.86571E-02, 6.98395E-02, 1.88124E-01, 1.47659E-02, 8.84627E-01, 1.42655E+03,-1.29442E+00, 7.52559E+00, 1.18836E-01,-5.82275E-02,-9.92298E-04, 7.68952E-04, 1.42658E+03,-1.29064E+00, 7.52634E+00, 1.18130E-01, 3.30757E+00,-5.12264E+00, 2.98727E+01, 4.68868E-01, 1.22844E+02, 2.59723E+01, 1.53968E+02, 6.66196E+01, 5.49040E-01, 2.58178E+00, 9.66593E+01, 2.96784E+01, 5.27479E-03,-8.37405E-05, 0.00000E+00, 0.00000E+00, 0.00000E+00,
 1108, 2.21393E+01,TRUE,0, 0.00000E+00, 3.59416E+00, 1.42653E+00, 2.91792E+00, 0.00000E+00, 0.00000E+00, 1.88150E-01, 0.00000E+00, 8.84762E-01, 1.42653E+03,-1.29414E+00, 7.52485E+00, 1.19538E-01,-2.63672E-02,-9.77039E-04, 7.48515E-04, 1.42655E+03,-1.29442E+00, 7.52559E+00, 1.18836E-01, 3.30748E+00,-5.13751E+00, 2.98689E+01, 4.71658E-01, 1.26513E+02, 2.67974E+01, 1.56657E+02, 6.72230E+01, 5.49005E-01, 2.58166E+00, 9.67929E+01, 2.96777E+01, 5.27439E-03,-8.42227E-05, 0.00000E+00, 0.00000E+00, 0.00000E+00,
 1109, 2.21593E+01,TRUE,0, 0.00000E+00, 3.59410E+00, 1.42650E+00, 2.91790E+00, 0.00000E+00, 0.00000E+00, 1.88141E-01, 0.00000E+00, 8.84739E-01, 1.42650E+03,-1.29385E+00, 7.52410E+00, 1.20235E-01,-4.88281E-04,-9.37939E-04, 7.28466E-04, 1.42653E+03,-1.29414E+00, 7.52485E+00, 1.19538E-01, 3.30731E+00,-5.13614E+00, 2.98644E+01, 4.74419E-01, 1.30253E+02, 2.76177E+01, 1.59369E+02, 6.78170E+01, 5.48978E-01, 2.58158E+00, 9.69212E+01, 2.96773E+01, 5.27398E-03,-8.47015E-05, 0.00000E+00, 0.00000E+00, 0.00000E+00,
 1110, 2.21793E+01,TRUE,0, 1.80719E+03, 3.59406E+00, 1.42647E+00, 2.91790E+00, 1.04674E-01, 7.41834E-02, 1.88135E-01, 1.57335E-02, 8.84724E-01, 1.42648E+03,-1.29167E+00, 7.52336E+00, 1.20927E-01, 2.53906E-02,-9.10759E-04, 7.08573E-04, 1.42650E+03,-1.29385E+00, 7.52410E+00, 1.20235E-01, 3.30721E+00,-5.13486E+00, 2.98606E+01, 4.77173E-01, 1.20031E+02, 2.54572E+01, 1.52160E+02, 6.62922E+01, 5.48957E-01, 2.58153E+00, 9.65970E+01, 2.96770E+01, 5.27358E-03,-8.51768E-05, 0.00000E+00, 0.00000E+00, 0.00000E+00,
 1111, 2.21993E+01,TRUE,0, 0.00000E+00, 3.59348E+00, 1.42645E+00, 2.91734E+00, 0.00000E+00, 0.00000E+00, 1.88159E-01, 0.00000E+00, 8.84851E-01, 1.42645E+03,-1.29136E+00, 7.52264E+00, 1.21614E-01, 4.87061E-02,-7.95364E-04, 6.89380E-04, 1.42648E+03,-1.29167E+00, 7.52336E+00, 1.20927E-01, 3.30712E+00,-5.12606E+00, 2.98568E+01, 4.79906E-01, 1.23653E+02, 2.62861E+01, 1.54836E+02, 6.69010E+01, 5.48923E-01, 2.58141E+00, 9.67331E+01, 2.96763E+01, 5.27322E-03,-8.56487E-05, 0.00000E+00, 0.00000E+00, 0.00000E+00,
 1112, 2.22193E+01,TRUE,0, 0.00000E+00, 3.59343E+00, 1.42643E+00, 2.91732E+00, 0.00000E+00, 0.00000E+00, 1.88151E-01, 0.00000E+00, 8.84829E-01, 1.42643E+03,-1.29103E+00, 7.52192E+00, 1.22295E-01, 7.45850E-02,-8.09193E-04, 6.70597E-04, 1.42645E+03,-1.29136E+00, 7.52264E+00, 1.21614E-01, 3.30707E+00,-5.12472E+00, 2.98535E+01, 4.82623E-01, 1.27346E+02, 2.71103E+01, 1.57536E+02, 6.75003E+01, 5.48896E-01, 2.58133E+00, 9.68638E+01, 2.96759E+01, 5.27280E-03,-8.61171E-05, 0.00000E+00, 0.00000E+00, 0.00000E+00,
 1113, 2.22393E+01,TRUE,0, 0.00000E+00, 3.59338E+00, 1.42640E+00, 2.91731E+00, 0.00000E+00, 0.00000E+00, 1.88144E-01, 0.00000E+00, 8.84815E-01, 1.42640E+03,-1.29070E+00, 7.52119E+00, 1.22971E-01, 1.00464E-01,-8.27312E-04, 6.52693E-04, 1.42643E+03,-1.29103E+00, 7.52192E+00, 1.22295E-01, 3.30698E+00,-5.12329E+00, 2.98498E+01, 4.85314E-01, 1.31110E+02, 2.79299E+01, 1.60260E+02, 6.80901E+01, 5.48875E-01, 2.58128E+00, 9.69892E+01, 2.96756E+01, 5.27238E-03,-8.65822E-05, 0.00000E+00, 0.00000E+00, 0.00000E+00,
 1114, 2.22593E+01,TRUE,0, 2.14774E+03, 3.59335E+00, 1.42637E+00, 2.91730E+00, 8.84868E-02, 6.28309E-02, 1.88140E-01, 1.33837E-02, 8.84808E-01, 1.42638E+03,-1.28241E+00, 7.52046E+00, 1.23641E-01, 1.26343E-01,-8.49247E-04, 6.35780E-04, 1.42640E+03,-1.29070E+00, 7.52119E+00, 1.22971E-01, 3.30689E+00,-5.12183E+00, 2.98461E+01, 4.87982E-01, 1.23004E+02, 2.62012E+01, 1.54528E+02, 6.68644E+01, 5.48860E-01, 2.58125E+00, 9.67249E+01, 2.96754E+01, 5.27195E-03,-8.70438E-05, 0.00000E+00, 0.00000E+00, 0.00000E+00,
 1115, 2.22793E+01,TRUE,0, 0.00000E+00, 3.59292E+00, 1.42636E+00, 2.91688E+00, 0.00000E+00, 0.00000E+00, 1.88158E-01, 0.00000E+00, 8.84905E-01, 1.42636E+03,-1.28203E+00, 7.51973E+00, 1.24305E-01, 1.40991E-01,-8.13484E-04, 6.20931E-04, 1.42638E+03,-1.28241E+00, 7.52046E+00, 1.23641E-01, 3.30680E+00,-5.08883E+00, 2.98424E+01, 4.90627E-01, 1.26689E+02, 2.70265E+01, 1.57227E+02, 6.74642E+01, 5.48834E-01, 2.58116E+00, 9.68559E+01, 2.96749E+01, 5.27152E-03,-8.75021E-05, 0.00000E+00, 0.00000E+00, 0.00000E+00,
 1116, 2.22993E+01,TRUE,0, 0.00000E+00, 3.59288E+00, 1.42633E+00, 2.91687E+00, 0.00000E+00, 0.00000E+00, 1.88152E-01, 0.00000E+00, 8.84890E-01, 1.42633E+03,-1.28164E+00, 7.51900E+00, 1.24980E-01, 1.66626E-01,-8.50201E-04, 6.91548E-04, 1.42636E+03,-1.28203E+00, 7.51973E+00, 1.24305E-01, 3.30687E+00,-5.08740E+00, 2.98401E+01, 4.93273E-01, 1.30445E+02, 2.78470E+01, 1.59949E+02, 6.80546E+01, 5.48814E-01, 2.58111E+00, 9.69817E+01, 2.96746E+01, 5.27108E-03,-8.80169E-05, 0.00000E+00, 0.00000E+00, 0.00000E+00,
 1117, 2.23193E+01,TRUE,0, 1.94752E+03, 3.59285E+00, 1.42631E+00, 2.91686E+00, 9.69881E-02, 6.89450E-02, 1.88147E-01, 1.47176E-02, 8.84880E-01, 1.42633E+03,-1.26798E+00, 7.51826E+00, 1.25663E-01, 1.92261E-01,-8.86440E-04, 7.45282E-04, 1.42633E+03,-1.28164E+00, 7.51900E+00, 1.24980E-01, 3.30678E+00,-5.08571E+00, 2.98364E+01, 4.95937E-01, 1.21249E+02, 2.58829E+01, 1.53437E+02, 6.66594E+01, 5.48799E-01, 2.58107E+00, 9.66806E+01, 2.96744E+01, 5.27063E-03,-8.85280E-05, 0.00000E+00, 0.00000E+00, 0.00000E+00,
 1118, 2.23393E+01,TRUE,0, 0.00000E+00, 3.59242E+00, 1.42630E+00, 2.91645E+00, 0.00000E+00, 0.00000E+00, 1.88165E-01, 0.00000E+00, 8.84975E-01, 1.42630E+03,-1.26752E+00, 7.51755E+00, 1.26353E-01, 1.99097E-01,-7.35283E-04, 7.86066E-04, 1.42633E+03,-1.26798E+00, 7.51826E+00, 1.25663E-01, 3.30669E+00,-5.03138E+00, 2.98326E+01, 4.98634E-01, 1.24906E+02, 2.67104E+01, 1.56127E+02, 6.72624E+01, 5.48774E-01, 2.58099E+00, 9.68133E+01, 2.96739E+01, 5.27024E-03,-8.90355E-05, 0.00000E+00, 0.00000E+00, 0.00000E+00,
 1119, 2.23593E+01,TRUE,0, 0.00000E+00, 3.59238E+00, 1.42628E+00, 2.91644E+00, 0.00000E+00, 0.00000E+00, 1.88159E-01, 0.00000E+00, 8.84959E-01, 1.42628E+03,-1.26705E+00, 7.51684E+00, 1.27048E-01, 2.24487E-01,-7.19070E-04, 8.12262E-04, 1.42630E+03,-1.26752E+00, 7.51755E+00, 1.26353E-01, 3.30686E+00,-5.02980E+00, 2.98314E+01, 5.01399E-01, 1.28633E+02, 2.75334E+01, 1.58841E+02, 6.78560E+01, 5.48754E-01, 2.58093E+00, 9.69408E+01, 2.96735E+01, 5.26985E-03,-8.95393E-05, 0.00000E+00, 0.00000E+00, 0.00000E+00,
 1120, 2.23793E+01,TRUE,0, 1.80377E+03, 3.59234E+00, 1.42625E+00, 2.91643E+00, 1.03120E-01, 7.34194E-02, 1.88154E-01, 1.57179E-02, 8.84948E-01, 1.42628E+03,-1.24822E+00, 7.51613E+00, 1.27747E-01, 2.49878E-01,-7.15733E-04, 8.27849E-04, 1.42628E+03,-1.26705E+00, 7.51684E+00, 1.27048E-01, 3.30677E+00,-5.02780E+00, 2.98278E+01, 5.04144E-01, 1.18776E+02, 2.54279E+01, 1.51856E+02, 6.63586E+01, 5.48739E-01, 2.58089E+00, 9.66175E+01, 2.96733E+01, 5.26945E-03,-9.00395E-05, 0.00000E+00, 0.00000E+00, 0.00000E+00,
 1121, 2.23993E+01,TRUE,0, 0.00000E+00, 3.59194E+00, 1.42625E+00, 2.91604E+00, 0.00000E+00, 0.00000E+00, 1.88171E-01, 0.00000E+00, 8.85038E-01, 1.42625E+03,-1.24766E+00, 7.51545E+00, 1.28448E-01, 2.49146E-01,-5.82218E-04, 8.36968E-04, 1.42628E+03,-1.24822E+00, 7.51613E+00, 1.27747E-01, 3.30669E+00,-4.95298E+00, 2.98242E+01, 5.06902E-01, 1.22391E+02, 2.62586E+01, 1.54535E+02, 6.69665E+01, 5.48714E-01, 2.58080E+00, 9.67528E+01, 2.96728E+01, 5.26905E-03,-9.05361E-05, 0.00000E+00, 0.00000E+00, 0.00000E+00,
 1122, 2.24193E+01,TRUE,0, 0.00000E+00, 3.59189E+00, 1.42623E+00, 2.91602E+00, 0.00000E+00, 0.00000E+00, 1.88166E-01, 0.00000E+00, 8.85022E-01, 1.42623E+03,-1.24710E+00, 7.51475E+00, 1.29149E-01, 2.74170E-01,-7.05719E-04, 8.35955E-04, 1.42625E+03,-1.24766E+00, 7.51545E+00, 1.28448E-01, 3.30696E+00,-4.95117E+00, 2.98240E+01, 5.09726E-01, 1.26078E+02, 2.70848E+01, 1.57237E+02, 6.75648E+01, 5.48695E-01, 2.58074E+00, 9.68827E+01, 2.96725E+01, 5.26858E-03,-9.10290E-05, 0.00000E+00, 0.00000E+00, 0.00000E+00,
 1123, 2.24393E+01,TRUE,0, 0.00000E+00, 3.59186E+00, 1.42620E+00, 2.91601E+00, 0.00000E+00, 0.00000E+00, 1.88161E-01, 0.00000E+00, 8.85012E-01, 1.42620E+03,-1.24653E+00, 7.51403E+00, 1.29850E-01, 2.99194E-01,-8.15392E-04, 8.29145E-04, 1.42623E+03,-1.24710E+00, 7.51475E+00, 1.29149E-01, 3.30688E+00,-4.94881E+00, 2.98204E+01, 5.12497E-01, 1.29835E+02, 2.79061E+01, 1.59963E+02, 6.81536E+01, 5.48680E-01, 2.58071E+00, 9.70074E+01, 2.96723E+01, 5.26810E-03,-9.15184E-05, 0.00000E+00, 0.00000E+00, 0.00000E+00,
 1124, 2.24593E+01,TRUE,0, 2.14473E+03, 3.59184E+00, 1.42618E+00, 2.91601E+00, 8.73320E-02, 6.23221E-02, 1.88158E-01, 1.33922E-02, 8.85006E-01, 1.42620E+03,-1.22575E+00, 7.51329E+00, 1.30550E-01, 3.24219E-01,-9.10759E-04, 8.17761E-04, 1.42620E+03,-1.24653E+00, 7.51403E+00, 1.29850E-01, 3.30679E+00,-4.94643E+00, 2.98168E+01, 5.15266E-01, 1.21991E+02, 2.62143E+01, 1.54382E+02, 6.69431E+01, 5.48669E-01, 2.58069E+00, 9.67424E+01, 2.96721E+01, 5.26762E-03,-9.20041E-05, 0.00000E+00, 0.00000E+00, 0.00000E+00,
 1125, 2.24793E+01,TRUE,0, 0.00000E+00, 3.59154E+00, 1.42618E+00, 2.91571E+00, 0.00000E+00, 0.00000E+00, 1.88170E-01, 0.00000E+00, 8.85075E-01, 1.42618E+03,-1.22509E+00, 7.51258E+00, 1.31248E-01, 3.20557E-01,-7.53880E-04, 8.05572E-04, 1.42620E+03,-1.22575E+00, 7.51329E+00, 1.30550E-01, 3.30671E+00,-4.86385E+00, 2.98131E+01, 5.18030E-01, 1.25673E+02, 2.70408E+01, 1.57084E+02, 6.75416E+01, 5.48651E-01, 2.58063E+00, 9.68727E+01, 2.96718E+01, 5.26720E-03,-9.24863E-05, 0.00000E+00, 0.00000E+00, 0.00000E+00,
 1126, 2.24993E+01,TRUE,0, 0.00000E+00, 3.59151E+00, 1.42615E+00, 2.91571E+00, 0.00000E+00, 0.00000E+00, 1.88166E-01, 0.00000E+00, 8.85063E-01, 1.42615E+03,-1.22443E+00, 7.51187E+00, 1.31943E-01, 3.45093E-01,-7.82967E-04, 7.87690E-04, 1.42618E+03,-1.22509E+00, 7.51258E+00, 1.31248E-01, 3.30702E+00,-4.86169E+00, 2.98131E+01, 5.20849E-01, 1.29427E+02, 2.78626E+01, 1.59809E+02, 6.81308E+01, 5.48637E-01, 2.58059E+00, 9.69978E+01, 2.96716E+01, 5.26677E-03,-9.29650E-05, 0.00000E+00, 0.00000E+00, 0.00000E+00,
 1127, 2.25193E+01,TRUE,0, 1.94490E+03, 3.59149E+00, 1.42613E+00, 2.91571E+00, 9.58816E-02, 6.85133E-02, 1.88163E-01, 1.47461E-02, 8.85056E-01, 1.42617E+03,-1.19844E+00, 7.51113E+00, 1.32634E-01, 3.69629E-01,-9.00269E-04, 7.68110E-04, 1.42615E+03,-1.22443E+00, 7.51187E+00, 1.31943E-01, 3.30694E+00,-4.85893E+00, 2.98096E+01, 5.23593E-01, 1.20475E+02, 2.59297E+01, 1.53428E+02, 6.67456E+01, 5.48626E-01, 2.58056E+00, 9.66950E+01, 2.96714E+01, 5.26628E-03,-9.34401E-05, 0.00000E+00, 0.00000E+00, 0.00000E+00,
 1128, 2.25393E+01,TRUE,0, 0.00000E+00, 3.59119E+00, 1.42614E+00, 2.91542E+00, 0.00000E+00, 0.00000E+00, 1.88175E-01, 0.00000E+00, 8.85123E-01, 1.42614E+03,-1.19766E+00, 7.51042E+00, 1.33322E-01, 3.58276E-01,-7.22885E-04, 7.50914E-04, 1.42617E+03,-1.19844E+00, 7.51113E+00, 1.32634E-01, 3.30686E+00,-4.75568E+00, 2.98059E+01, 5.26323E-01, 1.24133E+02, 2.67581E+01, 1.56122E+02, 6.73472E+01, 5.48609E-01, 2.58050E+00, 9.68272E+01, 2.96711E+01, 5.26584E-03,-9.39116E-05, 0.00000E+00, 0.00000E+00, 0.00000E+00,
 1129, 2.25593E+01,TRUE,0, 0.00000E+00, 3.59116E+00, 1.42612E+00, 2.91541E+00, 0.00000E+00, 0.00000E+00, 1.88171E-01, 0.00000E+00, 8.85110E-01, 1.42612E+03,-1.19688E+00, 7.50970E+00, 1.34004E-01, 3.82324E-01,-7.73907E-04, 7.29233E-04, 1.42614E+03,-1.19766E+00, 7.51042E+00, 1.33322E-01, 3.30728E+00,-4.75320E+00, 2.98069E+01, 5.29118E-01, 1.27861E+02, 2.75817E+01, 1.58840E+02, 6.79393E+01, 5.48595E-01, 2.58046E+00, 9.69541E+01, 2.96708E+01, 5.26539E-03,-9.43796E-05, 0.00000E+00, 0.00000E+00, 0.00000E+00,
 1130, 2.25793E+01,TRUE,0, 1.80154E+03, 3.59115E+00, 1.42609E+00, 2.91541E+00, 1.02105E-01, 7.30825E-02, 1.88167E-01, 1.57646E-02, 8.85102E-01, 1.42603E+03,-1.23950E+00, 7.50897E+00, 1.34682E-01,-5.93750E-01,-8.22067E-04, 7.07656E-04, 1.42612E+03,-1.19688E+00, 7.50970E+00, 1.34004E-01, 3.30720E+00,-4.75001E+00, 2.98033E+01, 5.31816E-01, 1.18218E+02, 2.55007E+01, 1.51958E+02, 6.64465E+01, 5.48585E-01, 2.58043E+00, 9.66282E+01, 2.96707E+01, 5.26495E-03,-9.48441E-05, 0.00000E+00, 0.00000E+00, 0.00000E+00,
 1131, 2.25993E+01,TRUE,0, 0.00000E+00, 3.59023E+00, 1.42601E+00, 2.91450E+00, 0.00000E+00, 0.00000E+00, 1.88212E-01, 0.00000E+00, 8.85321E-01, 1.42601E+03,-1.23891E+00, 7.50816E+00, 1.35353E-01,-5.08301E-01,-1.28174E-03, 6.80521E-04, 1.42603E+03,-1.23950E+00, 7.50897E+00, 1.34682E-01, 3.30713E+00,-4.91902E+00, 2.97997E+01, 5.34493E-01, 1.21837E+02, 2.63317E+01, 1.54641E+02, 6.70528E+01, 5.48545E-01, 2.58027E+00, 9.67631E+01, 2.96698E+01, 5.26443E-03,-9.53051E-05, 0.00000E+00, 0.00000E+00, 0.00000E+00,
 1132, 2.26193E+01,TRUE,0, 0.00000E+00, 3.59017E+00, 1.42598E+00, 2.91449E+00, 0.00000E+00, 0.00000E+00, 1.88202E-01, 0.00000E+00, 8.85286E-01, 1.42598E+03,-1.23831E+00, 7.50735E+00, 1.36019E-01,-4.83521E-01,-1.24836E-03, 6.61030E-04, 1.42601E+03,-1.23891E+00, 7.50816E+00, 1.35353E-01, 3.30619E+00,-4.91529E+00, 2.97881E+01, 5.37006E-01, 1.25527E+02, 2.71581E+01, 1.57346E+02, 6.76496E+01, 5.48514E-01, 2.58016E+00, 9.68925E+01, 2.96693E+01, 5.26397E-03,-9.57626E-05, 0.00000E+00, 0.00000E+00, 0.00000E+00,
 1133, 2.26393E+01,TRUE,0, 0.00000E+00, 3.59012E+00, 1.42596E+00, 2.91448E+00, 0.00000E+00, 0.00000E+00, 1.88195E-01, 0.00000E+00, 8.85264E-01, 1.42596E+03,-1.23771E+00, 7.50654E+00, 1.36679E-01,-4.58740E-01,-1.22023E-03, 6.42359E-04, 1.42598E+03,-1.23831E+00, 7.50735E+00, 1.36019E-01, 3.30612E+00,-4.91281E+00, 2.97842E+01, 5.39635E-01, 1.29288E+02, 2.79796E+01, 1.60076E+02, 6.82369E+01, 5.48490E-01, 2.58008E+00, 9.70168E+01, 2.96690E+01, 5.26351E-03,-9.62166E-05, 0.00000E+00, 0.00000E+00, 0.00000E+00,
 1134, 2.26593E+01,TRUE,0, 2.14265E+03, 3.59009E+00, 1.42593E+00, 2.91448E+00, 8.66008E-02, 6.21290E-02, 1.88189E-01, 1.34396E-02, 8.85250E-01, 1.42590E+03,-1.26407E+00, 7.50571E+00, 1.37334E-01,-4.33960E-01,-1.28269E-03, 6.24612E-04, 1.42596E+03,-1.23771E+00, 7.50654E+00, 1.36679E-01, 3.30603E+00,-4.91030E+00, 2.97803E+01, 5.42240E-01, 1.21592E+02, 2.63026E+01, 1.54558E+02, 6.70258E+01, 5.48471E-01, 2.58004E+00, 9.67491E+01, 2.96688E+01, 5.26299E-03,-9.66672E-05, 0.00000E+00, 0.00000E+00, 0.00000E+00,
 1135, 2.26793E+01,TRUE,0, 0.00000E+00, 3.58938E+00, 1.42587E+00, 2.91378E+00, 0.00000E+00, 0.00000E+00, 1.88221E-01, 0.00000E+00, 8.85412E-01, 1.42587E+03,-1.26358E+00, 7.50484E+00, 1.37982E-01,-3.70972E-01,-1.45054E-03, 6.04153E-04, 1.42590E+03,-1.26407E+00, 7.50571E+00, 1.37334E-01, 3.30595E+00,-5.01475E+00, 2.97762E+01, 5.44823E-01, 1.25280E+02, 2.71290E+01, 1.57263E+02, 6.76229E+01, 5.48434E-01, 2.57990E+00, 9.68792E+01, 2.96681E+01, 5.26251E-03,-9.71143E-05, 0.00000E+00, 0.00000E+00, 0.00000E+00,
 1136, 2.26993E+01,TRUE,0, 0.00000E+00, 3.58932E+00, 1.42585E+00, 2.91377E+00, 0.00000E+00, 0.00000E+00, 1.88211E-01, 0.00000E+00, 8.85384E-01, 1.42585E+03,-1.26308E+00, 7.50398E+00, 1.38624E-01,-3.45703E-01,-1.38378E-03, 5.89177E-04, 1.42587E+03,-1.26358E+00, 7.50484E+00, 1.37982E-01, 3.30534E+00,-5.01187E+00, 2.97673E+01, 5.47293E-01, 1.29039E+02, 2.79506E+01, 1.59991E+02, 6.82105E+01, 5.48405E-01, 2.57981E+00, 9.70040E+01, 2.96677E+01, 5.26204E-03,-9.75580E-05, 0.00000E+00, 0.00000E+00, 0.00000E+00,
 1137, 2.27193E+01,TRUE,0, 1.94301E+03, 3.58928E+00, 1.42582E+00, 2.91376E+00, 9.51994E-02, 6.83832E-02, 1.88204E-01, 1.48056E-02, 8.85367E-01, 1.42579E+03,-1.28449E+00, 7.50313E+00, 1.39277E-01,-3.20435E-01,-1.24121E-03, 6.60747E-04, 1.42585E+03,-1.26308E+00, 7.50398E+00, 1.38624E-01, 3.30526E+00,-5.00976E+00, 2.97631E+01, 5.49827E-01, 1.20220E+02, 2.60287E+01, 1.53657E+02, 6.68216E+01, 5.48382E-01, 2.57975E+00, 9.66979E+01, 2.96675E+01, 5.26162E-03,-9.80581E-05, 0.00000E+00, 0.00000E+00, 0.00000E+00,
 1138, 2.27393E+01,TRUE,0, 0.00000E+00, 3.58856E+00, 1.42576E+00, 2.91307E+00, 0.00000E+00, 0.00000E+00, 1.88235E-01, 0.00000E+00, 8.85527E-01, 1.42576E+03,-1.28407E+00, 7.50226E+00, 1.39937E-01,-2.64160E-01,-1.29223E-03, 7.12276E-04, 1.42579E+03,-1.28449E+00, 7.50313E+00, 1.39277E-01, 3.30517E+00,-5.09454E+00, 2.97589E+01, 5.52401E-01, 1.23884E+02, 2.68566E+01, 1.56354E+02, 6.74217E+01, 5.48342E-01, 2.57960E+00, 9.68300E+01, 2.96668E+01, 5.26119E-03,-9.85545E-05, 0.00000E+00, 0.00000E+00, 0.00000E+00,
 1139, 2.27593E+01,TRUE,0, 0.00000E+00, 3.58850E+00, 1.42574E+00, 2.91305E+00, 0.00000E+00, 0.00000E+00, 1.88225E-01, 0.00000E+00, 8.85499E-01, 1.42574E+03,-1.28365E+00, 7.50140E+00, 1.40604E-01,-2.38403E-01,-1.25790E-03, 7.52673E-04, 1.42576E+03,-1.28407E+00, 7.50226E+00, 1.39937E-01, 3.30465E+00,-5.09209E+00, 2.97508E+01, 5.54933E-01, 1.27619E+02, 2.76797E+01, 1.59074E+02, 6.80124E+01, 5.48310E-01, 2.57950E+00, 9.69568E+01, 2.96663E+01, 5.26070E-03,-9.90472E-05, 0.00000E+00, 0.00000E+00, 0.00000E+00,
 1140, 2.27793E+01,TRUE,0, 1.79984E+03, 3.58845E+00, 1.42571E+00, 2.91304E+00, 1.01499E-01, 7.30207E-02, 1.88218E-01, 1.58336E-02, 8.85482E-01, 1.42569E+03,-1.29874E+00, 7.50054E+00, 1.41277E-01,-2.12646E-01,-1.23024E-03, 7.80359E-04, 1.42574E+03,-1.28365E+00, 7.50140E+00, 1.40604E-01, 3.30456E+00,-5.09028E+00, 2.97466E+01, 5.57564E-01, 1.18086E+02, 2.56055E+01, 1.52221E+02, 6.65128E+01, 5.48286E-01, 2.57944E+00, 9.66273E+01, 2.96660E+01, 5.26020E-03,-9.95363E-05, 0.00000E+00, 0.00000E+00, 0.00000E+00,
 1141, 2.27993E+01,TRUE,0, 0.00000E+00, 3.58775E+00, 1.42567E+00, 2.91237E+00, 0.00000E+00, 0.00000E+00, 1.88247E-01, 0.00000E+00, 8.85636E-01, 1.42567E+03,-1.29837E+00, 7.49963E+00, 1.41952E-01,-1.65039E-01,-1.40953E-03, 7.95051E-04, 1.42569E+03,-1.29874E+00, 7.50054E+00, 1.41277E-01, 3.30448E+00,-5.15000E+00, 2.97424E+01, 5.60214E-01, 1.21713E+02, 2.64357E+01, 1.54906E+02, 6.71178E+01, 5.48245E-01, 2.57930E+00, 9.67622E+01, 2.96653E+01, 5.25964E-03,-1.00022E-04, 0.00000E+00, 0.00000E+00, 0.00000E+00,
 1142, 2.28193E+01,TRUE,0, 0.00000E+00, 3.58769E+00, 1.42564E+00, 2.91235E+00, 0.00000E+00, 0.00000E+00, 1.88237E-01, 0.00000E+00, 8.85609E-01, 1.42564E+03,-1.29799E+00, 7.49873E+00, 1.42629E-01,-1.39038E-01,-1.35374E-03, 8.03292E-04, 1.42567E+03,-1.29837E+00, 7.49963E+00, 1.41952E-01, 3.30408E+00,-5.14792E+00, 2.97353E+01, 5.62825E-01, 1.25410E+02, 2.72613E+01, 1.57614E+02, 6.77132E+01, 5.48213E-01, 2.57920E+00, 9.68917E+01, 2.96649E+01, 5.25914E-03,-1.00503E-04, 0.00000E+00, 0.00000E+00, 0.00000E+00,
 1143, 2.28393E+01,TRUE,0, 0.00000E+00, 3.58763E+00, 1.42561E+00, 2.91233E+00, 0.00000E+00, 0.00000E+00, 1.88230E-01, 0.00000E+00, 8.85593E-01, 1.42561E+03,-1.29761E+00, 7.49783E+00, 1.43307E-01,-1.13037E-01,-1.30653E-03, 8.04052E-04, 1.42564E+03,-1.29799E+00, 7.49873E+00, 1.42629E-01, 3.30400E+00,-5.14627E+00, 2.97309E+01, 5.65496E-01, 1.29179E+02, 2.80820E+01, 1.60346E+02, 6.82993E+01, 5.48188E-01, 2.57914E+00, 9.70160E+01, 2.96646E+01, 5.25863E-03,-1.00981E-04, 0.00000E+00, 0.00000E+00, 0.00000E+00,
 1144, 2.28593E+01,TRUE,0, 2.14113E+03, 3.58759E+00, 1.42559E+00, 2.91232E+00, 8.61751E-02, 6.21256E-02, 1.88224E-01, 1.34966E-02, 8.85585E-01, 1.42558E+03,-1.30262E+00, 7.49695E+00, 1.43985E-01,-8.70361E-02,-1.18256E-03, 7.98777E-04, 1.42561E+03,-1.29761E+00, 7.49783E+00, 1.43307E-01, 3.30391E+00,-5.14460E+00, 2.97266E+01, 5.68169E-01, 1.21556E+02, 2.64076E+01, 1.54837E+02, 6.70807E+01, 5.48170E-01, 2.57911E+00, 9.67454E+01, 2.96644E+01, 5.25818E-03,-1.01456E-04, 0.00000E+00, 0.00000E+00, 0.00000E+00,
 1145, 2.28793E+01,TRUE,0, 0.00000E+00, 3.58707E+00, 1.42555E+00, 2.91181E+00, 0.00000E+00, 0.00000E+00, 1.88247E-01, 0.00000E+00, 8.85705E-01, 1.42555E+03,-1.30224E+00, 7.49606E+00, 1.44662E-01,-5.33447E-02,-1.21117E-03, 7.87914E-04, 1.42558E+03,-1.30262E+00, 7.49695E+00, 1.43985E-01, 3.30382E+00,-5.16433E+00, 2.97223E+01, 5.70841E-01, 1.25252E+02, 2.72330E+01, 1.57544E+02, 6.76766E+01, 5.48139E-01, 2.57901E+00, 9.68755E+01, 2.96639E+01, 5.25766E-03,-1.01926E-04, 0.00000E+00, 0.00000E+00, 0.00000E+00,
 1146, 2.28993E+01,TRUE,0, 0.00000E+00, 3.58701E+00, 1.42553E+00, 2.91180E+00, 0.00000E+00, 0.00000E+00, 1.88240E-01, 0.00000E+00, 8.85687E-01, 1.42553E+03,-1.30185E+00, 7.49516E+00, 1.45336E-01,-2.72217E-02,-1.19448E-03, 7.74264E-04, 1.42555E+03,-1.30224E+00, 7.49606E+00, 1.44662E-01, 3.30362E+00,-5.16251E+00, 2.97170E+01, 5.73489E-01, 1.29018E+02, 2.80536E+01, 1.60275E+02, 6.82631E+01, 5.48115E-01, 2.57894E+00, 9.70005E+01, 2.96635E+01, 5.25714E-03,-1.02393E-04, 0.00000E+00, 0.00000E+00, 0.00000E+00,
 1147, 2.29193E+01,TRUE,0, 1.94174E+03, 3.58697E+00, 1.42550E+00, 2.91178E+00, 9.48102E-02, 6.84212E-02, 1.88234E-01, 1.48678E-02, 8.85677E-01, 1.42550E+03,-1.30153E+00, 7.49428E+00, 1.46007E-01,-1.09863E-03,-1.09816E-03, 7.57873E-04, 1.42553E+03,-1.30185E+00, 7.49516E+00, 1.45336E-01, 3.30353E+00,-5.16083E+00, 2.97126E+01, 5.76146E-01, 1.20260E+02, 2.61322E+01, 1.53938E+02, 6.68649E+01, 5.48097E-01, 2.57890E+00, 9.66913E+01, 2.96632E+01, 5.25667E-03,-1.02857E-04, 0.00000E+00, 0.00000E+00, 0.00000E+00,
 1148, 2.29393E+01,TRUE,0, 0.00000E+00, 3.58645E+00, 1.42547E+00, 2.91128E+00, 0.00000E+00, 0.00000E+00, 1.88256E-01, 0.00000E+00, 8.85794E-01, 1.42547E+03,-1.30112E+00, 7.49341E+00, 1.46675E-01, 2.51465E-02,-1.02425E-03, 7.39574E-04, 1.42550E+03,-1.30153E+00, 7.49428E+00, 1.46007E-01, 3.30344E+00,-5.15942E+00, 2.97083E+01, 5.78792E-01, 1.23932E+02, 2.69589E+01, 1.56637E+02, 6.74641E+01, 5.48066E-01, 2.57879E+00, 9.68236E+01, 2.96627E+01, 5.25620E-03,-1.03317E-04, 0.00000E+00, 0.00000E+00, 0.00000E+00,
 1149, 2.29593E+01,TRUE,0, 0.00000E+00, 3.58639E+00, 1.42545E+00, 2.91126E+00, 0.00000E+00, 0.00000E+00, 1.88249E-01, 0.00000E+00, 8.85776E-01, 1.42545E+03,-1.30071E+00, 7.49255E+00, 1.47339E-01, 5.12695E-02,-9.68933E-04, 7.20024E-04, 1.42547E+03,-1.30112E+00, 7.49341E+00, 1.46675E-01, 3.30335E+00,-5.15768E+00, 2.97040E+01, 5.81423E-01, 1.27675E+02, 2.77808E+01, 1.59359E+02, 6.80538E+01, 5.48042E-01, 2.57872E+00, 9.69507E+01, 2.96623E+01, 5.25572E-03,-1.03773E-04, 0.00000E+00, 0.00000E+00, 0.00000E+00,
 1150, 2.29793E+01,TRUE,0, 1.79880E+03, 3.58635E+00, 1.42542E+00, 2.91124E+00, 1.01160E-01, 7.30982E-02, 1.88244E-01, 1.58983E-02, 8.85764E-01, 1.42543E+03,-1.29464E+00, 7.49170E+00, 1.47998E-01, 7.73926E-02,-9.30309E-04, 6.99833E-04, 1.42545E+03,-1.30071E+00, 7.49255E+00, 1.47339E-01, 3.30326E+00,-5.15592E+00, 2.96998E+01, 5.84038E-01, 1.18187E+02, 2.57049E+01, 1.52493E+02, 6.65438E+01, 5.48023E-01, 2.57868E+00, 9.66180E+01, 2.96620E+01, 5.25524E-03,-1.04226E-04, 0.00000E+00, 0.00000E+00, 0.00000E+00,
 1151, 2.29993E+01,TRUE,0, 0.00000E+00, 3.58584E+00, 1.42540E+00, 2.91076E+00, 0.00000E+00, 0.00000E+00, 1.88265E-01, 0.00000E+00, 8.85876E-01, 1.42540E+03,-1.29419E+00, 7.49084E+00, 1.48652E-01, 9.55811E-02,-9.47952E-04, 6.80327E-04, 1.42543E+03,-1.29464E+00, 7.49170E+00, 1.47998E-01, 3.30317E+00,-5.13170E+00, 2.96956E+01, 5.86634E-01, 1.21822E+02, 2.65337E+01, 1.55179E+02, 6.71479E+01, 5.47993E-01, 2.57857E+00, 9.67532E+01, 2.96615E+01, 5.25470E-03,-1.04675E-04, 0.00000E+00, 0.00000E+00, 0.00000E+00,
 1152, 2.30193E+01,TRUE,0, 0.00000E+00, 3.58579E+00, 1.42538E+00, 2.91074E+00, 0.00000E+00, 0.00000E+00, 1.88258E-01, 0.00000E+00, 8.85857E-01, 1.42538E+03,-1.29373E+00, 7.48997E+00, 1.49301E-01, 1.21460E-01,-1.00899E-03, 6.60032E-04, 1.42540E+03,-1.29419E+00, 7.49084E+00, 1.48652E-01, 3.30319E+00,-5.12995E+00, 2.96924E+01, 5.89231E-01, 1.25527E+02, 2.73579E+01, 1.57888E+02, 6.77426E+01, 5.47969E-01, 2.57850E+00, 9.68831E+01, 2.96611E+01, 5.25415E-03,-1.05121E-04, 0.00000E+00, 0.00000E+00, 0.00000E+00,
 1153, 2.30393E+01,TRUE,0, 0.00000E+00, 3.58575E+00, 1.42535E+00, 2.91072E+00, 0.00000E+00, 0.00000E+00, 1.88252E-01, 0.00000E+00, 8.85846E-01, 1.42535E+03,-1.29327E+00, 7.48909E+00, 1.49944E-01, 1.47339E-01,-1.06335E-03, 6.40258E-04, 1.42538E+03,-1.29373E+00, 7.48997E+00, 1.49301E-01, 3.30310E+00,-5.12800E+00, 2.96882E+01, 5.91787E-01, 1.29302E+02, 2.81773E+01, 1.60622E+02, 6.83279E+01, 5.47950E-01, 2.57845E+00, 9.70078E+01, 2.96608E+01, 5.25360E-03,-1.05563E-04, 0.00000E+00, 0.00000E+00, 0.00000E+00,
 1154, 2.30593E+01,TRUE,0, 2.14021E+03, 3.58571E+00, 1.42533E+00, 2.91071E+00, 8.59497E-02, 6.22134E-02, 1.88248E-01, 1.35462E-02, 8.85840E-01, 1.42534E+03,-1.28203E+00, 7.48821E+00, 1.50582E-01, 1.73218E-01,-1.02663E-03, 6.21215E-04, 1.42535E+03,-1.29327E+00, 7.48909E+00, 1.49944E-01, 3.30301E+00,-5.12603E+00, 2.96839E+01, 5.94321E-01, 1.21706E+02, 2.65000E+01, 1.55094E+02, 6.71002E+01, 5.47936E-01, 2.57842E+00, 9.67347E+01, 2.96606E+01, 5.25310E-03,-1.06001E-04, 0.00000E+00, 0.00000E+00, 0.00000E+00,
 1155, 2.30793E+01,TRUE,0, 0.00000E+00, 3.58533E+00, 1.42532E+00, 2.91034E+00, 0.00000E+00, 0.00000E+00, 1.88264E-01, 0.00000E+00, 8.85925E-01, 1.42532E+03,-1.28151E+00, 7.48736E+00, 1.51214E-01, 1.84082E-01,-9.20773E-04, 6.04734E-04, 1.42534E+03,-1.28203E+00, 7.48821E+00, 1.50582E-01, 3.30293E+00,-5.08133E+00, 2.96796E+01, 5.96834E-01, 1.25408E+02, 2.73239E+01, 1.57802E+02, 6.76955E+01, 5.47913E-01, 2.57835E+00, 9.68653E+01, 2.96602E+01, 5.25260E-03,-1.06436E-04, 0.00000E+00, 0.00000E+00, 0.00000E+00,
 1156, 2.30993E+01,TRUE,0, 0.00000E+00, 3.58529E+00, 1.42529E+00, 2.91033E+00, 0.00000E+00, 0.00000E+00, 1.88259E-01, 0.00000E+00, 8.85912E-01, 1.42529E+03,-1.28098E+00, 7.48650E+00, 1.51841E-01, 2.09717E-01,-9.19342E-04, 5.87344E-04, 1.42532E+03,-1.28151E+00, 7.48736E+00, 1.51214E-01, 3.30305E+00,-5.07946E+00, 2.96773E+01, 5.99362E-01, 1.29182E+02, 2.81431E+01, 1.60533E+02, 6.82814E+01, 5.47896E-01, 2.57830E+00, 9.69907E+01, 2.96599E+01, 5.25209E-03,-1.06868E-04, 0.00000E+00, 0.00000E+00, 0.00000E+00,
 1157, 2.31193E+01,TRUE,0, 1.94100E+03, 3.58526E+00, 1.42526E+00, 2.91032E+00, 9.46136E-02, 6.85352E-02, 1.88255E-01, 1.49188E-02, 8.85904E-01, 1.42529E+03,-1.26432E+00, 7.48564E+00, 1.52461E-01, 2.35352E-01,-9.25541E-04, 5.71087E-04, 1.42529E+03,-1.28098E+00, 7.48650E+00, 1.51841E-01, 3.30296E+00,-5.07724E+00, 2.96731E+01, 6.01829E-01, 1.20440E+02, 2.62176E+01, 1.54170E+02, 6.68734E+01, 5.47882E-01, 2.57827E+00, 9.66791E+01, 2.96597E+01, 5.25158E-03,-1.07296E-04, 0.00000E+00, 0.00000E+00, 0.00000E+00,
 1158, 2.31393E+01,TRUE,0, 0.00000E+00, 3.58489E+00, 1.42526E+00, 2.90996E+00, 0.00000E+00, 0.00000E+00, 1.88271E-01, 0.00000E+00, 8.85988E-01, 1.42526E+03,-1.26372E+00, 7.48480E+00, 1.53076E-01, 2.38525E-01,-8.16822E-04, 5.58436E-04, 1.42529E+03,-1.26432E+00, 7.48564E+00, 1.52461E-01, 3.30288E+00,-5.01107E+00, 2.96690E+01, 6.04273E-01, 1.24119E+02, 2.70427E+01, 1.56869E+02, 6.74722E+01, 5.47859E-01, 2.57819E+00, 9.68119E+01, 2.96593E+01, 5.25106E-03,-1.07720E-04, 0.00000E+00, 0.00000E+00, 0.00000E+00,
 1159, 2.31593E+01,TRUE,0, 0.00000E+00, 3.58485E+00, 1.42524E+00, 2.90994E+00, 0.00000E+00, 0.00000E+00, 1.88265E-01, 0.00000E+00, 8.85974E-01, 1.42524E+03,-1.26311E+00, 7.48396E+00, 1.53702E-01, 2.63794E-01,-8.53062E-04, 6.29529E-04, 1.42526E+03,-1.26372E+00, 7.48480E+00, 1.53076E-01, 3.30311E+00,-5.00903E+00, 2.96677E+01, 6.06753E-01, 1.27868E+02, 2.78631E+01, 1.59592E+02, 6.80615E+01, 5.47842E-01, 2.57813E+00, 9.69394E+01, 2.96590E+01, 5.25054E-03,-1.08201E-04, 0.00000E+00, 0.00000E+00, 0.00000E+00,
 1160, 2.31793E+01,TRUE,0, 1.79821E+03, 3.58482E+00, 1.42521E+00, 2.90993E+00, 1.00999E-01, 7.32330E-02, 1.88261E-01, 1.59485E-02, 8.85965E-01, 1.42524E+03,-1.24133E+00, 7.48311E+00, 1.54335E-01, 2.89063E-01,-8.89778E-04, 6.83799E-04, 1.42524E+03,-1.26311E+00, 7.48396E+00, 1.53702E-01, 3.30302E+00,-5.00649E+00, 2.96636E+01, 6.09215E-01, 1.18388E+02, 2.57821E+01, 1.52693E+02, 6.65413E+01, 5.47828E-01, 2.57810E+00, 9.66045E+01, 2.96587E+01, 5.25002E-03,-1.08679E-04, 0.00000E+00, 0.00000E+00, 0.00000E+00,
 1161, 2.31993E+01,TRUE,0, 0.00000E+00, 3.58446E+00, 1.42522E+00, 2.90959E+00, 0.00000E+00, 0.00000E+00, 1.88276E-01, 0.00000E+00, 8.86044E-01, 1.42522E+03,-1.24063E+00, 7.48226E+00, 1.54975E-01, 2.84790E-01,-8.54969E-04, 7.26685E-04, 1.42524E+03,-1.24133E+00, 7.48311E+00, 1.54335E-01, 3.30293E+00,-4.92003E+00, 2.96594E+01, 6.11709E-01, 1.22028E+02, 2.66094E+01, 1.55379E+02, 6.71453E+01, 5.47806E-01, 2.57802E+00, 9.67403E+01, 2.96583E+01, 5.24943E-03,-1.09152E-04, 0.00000E+00, 0.00000E+00, 0.00000E+00,
 1162, 2.32193E+01,TRUE,0, 0.00000E+00, 3.58442E+00, 1.42519E+00, 2.90957E+00, 0.00000E+00, 0.00000E+00, 1.88271E-01, 0.00000E+00, 8.86031E-01, 1.42519E+03,-1.23992E+00, 7.48141E+00, 1.55621E-01, 3.09692E-01,-9.01699E-04, 7.53179E-04, 1.42522E+03,-1.24063E+00, 7.48226E+00, 1.54975E-01, 3.30326E+00,-4.91773E+00, 2.96591E+01, 6.14310E-01, 1.25738E+02, 2.74320E+01, 1.58089E+02, 6.77398E+01, 5.47789E-01, 2.57797E+00, 9.68707E+01, 2.96580E+01, 5.24890E-03,-1.09622E-04, 0.00000E+00, 0.00000E+00, 0.00000E+00,
 1163, 2.32393E+01,TRUE,0, 0.00000E+00, 3.58439E+00, 1.42517E+00, 2.90956E+00, 0.00000E+00, 0.00000E+00, 1.88267E-01, 0.00000E+00, 8.86022E-01, 1.42517E+03,-1.23921E+00, 7.48055E+00, 1.56269E-01, 3.34595E-01,-9.45568E-04, 7.69064E-04, 1.42519E+03,-1.23992E+00, 7.48141E+00, 1.55621E-01, 3.30318E+00,-4.91481E+00, 2.96549E+01, 6.16852E-01, 1.29519E+02, 2.82499E+01, 1.60822E+02, 6.83249E+01, 5.47776E-01, 2.57794E+00, 9.69958E+01, 2.96579E+01, 5.24836E-03,-1.10088E-04, 0.00000E+00, 0.00000E+00, 0.00000E+00,
 1164, 2.32593E+01,TRUE,0, 2.13971E+03, 3.58437E+00, 1.42514E+00, 2.90956E+00, 8.58528E-02, 6.23320E-02, 1.88264E-01, 1.35827E-02, 8.86017E-01, 1.42509E+03,-1.27844E+00, 7.47969E+00, 1.56920E-01,-6.40625E-01,-9.86576E-04, 7.76157E-04, 1.42517E+03,-1.23921E+00, 7.48055E+00, 1.56269E-01, 3.30310E+00,-4.91189E+00, 2.96508E+01, 6.19408E-01, 1.21922E+02, 2.65677E+01, 1.55264E+02, 6.70892E+01, 5.47766E-01, 2.57792E+00, 9.67213E+01, 2.96577E+01, 5.24782E-03,-1.10550E-04, 0.00000E+00, 0.00000E+00, 0.00000E+00,
 1165, 2.32793E+01,TRUE,0, 0.00000E+00, 3.58357E+00, 1.42506E+00, 2.90877E+00, 0.00000E+00, 0.00000E+00, 1.88303E-01, 0.00000E+00, 8.86209E-01, 1.42506E+03,-1.27790E+00, 7.47876E+00, 1.57570E-01,-5.59937E-01,-1.32227E-03, 7.69645E-04, 1.42509E+03,-1.27844E+00, 7.47969E+00, 1.56920E-01, 3.30302E+00,-5.06723E+00, 2.96466E+01, 6.21971E-01, 1.25629E+02, 2.73901E+01, 1.57972E+02, 6.76844E+01, 5.47731E-01, 2.57778E+00, 9.68524E+01, 2.96570E+01, 5.24728E-03,-1.11009E-04, 0.00000E+00, 0.00000E+00, 0.00000E+00,
 1166, 2.32993E+01,TRUE,0, 0.00000E+00, 3.58351E+00, 1.42503E+00, 2.90876E+00, 0.00000E+00, 0.00000E+00, 1.88295E-01, 0.00000E+00, 8.86180E-01, 1.42503E+03,-1.27735E+00, 7.47783E+00, 1.58220E-01,-5.34302E-01,-1.30510E-03, 7.64623E-04, 1.42506E+03,-1.27790E+00, 7.47876E+00, 1.57570E-01, 3.30216E+00,-5.06377E+00, 2.96352E+01, 6.24385E-01, 1.29407E+02, 2.82077E+01, 1.60703E+02, 6.82703E+01, 5.47703E-01, 2.57768E+00, 9.69783E+01, 2.96565E+01, 5.24673E-03,-1.11464E-04, 0.00000E+00, 0.00000E+00, 0.00000E+00,
 1167, 2.33193E+01,TRUE,0, 1.94050E+03, 3.58347E+00, 1.42501E+00, 2.90874E+00, 9.45429E-02, 6.86715E-02, 1.88288E-01, 1.49552E-02, 8.86161E-01, 1.42496E+03,-1.31173E+00, 7.47689E+00, 1.58868E-01,-5.08667E-01,-1.29080E-03, 7.54878E-04, 1.42503E+03,-1.27735E+00, 7.47783E+00, 1.58220E-01, 3.30207E+00,-5.06149E+00, 2.96308E+01, 6.26943E-01, 1.20658E+02, 2.62768E+01, 1.54306E+02, 6.68540E+01, 5.47682E-01, 2.57762E+00, 9.66652E+01, 2.96562E+01, 5.24618E-03,-1.11916E-04, 0.00000E+00, 0.00000E+00, 0.00000E+00,
 1168, 2.33393E+01,TRUE,0, 0.00000E+00, 3.58265E+00, 1.42493E+00, 2.90795E+00, 0.00000E+00, 0.00000E+00, 1.88324E-01, 0.00000E+00, 8.86345E-01, 1.42493E+03,-1.31133E+00, 7.47593E+00, 1.59513E-01,-4.34326E-01,-1.45292E-03, 7.35894E-04, 1.42496E+03,-1.31173E+00, 7.47689E+00, 1.58868E-01, 3.30199E+00,-5.19760E+00, 2.96263E+01, 6.29496E-01, 1.24340E+02, 2.71003E+01, 1.57004E+02, 6.74529E+01, 5.47638E-01, 2.57745E+00, 9.67985E+01, 2.96554E+01, 5.24568E-03,-1.12363E-04, 0.00000E+00, 0.00000E+00, 0.00000E+00,
 1169, 2.33593E+01,TRUE,0, 0.00000E+00, 3.58258E+00, 1.42491E+00, 2.90793E+00, 0.00000E+00, 0.00000E+00, 1.88314E-01, 0.00000E+00, 8.86311E-01, 1.42491E+03,-1.31092E+00, 7.47497E+00, 1.60155E-01,-4.08081E-01,-1.33038E-03, 7.20695E-04, 1.42493E+03,-1.31133E+00, 7.47593E+00, 1.59513E-01, 3.30122E+00,-5.19478E+00, 2.96156E+01, 6.31904E-01, 1.28093E+02, 2.79191E+01, 1.59725E+02, 6.80424E+01, 5.47603E-01, 2.57733E+00, 9.69266E+01, 2.96549E+01, 5.24518E-03,-1.12807E-04, 0.00000E+00, 0.00000E+00, 0.00000E+00,
 1170, 2.33793E+01,TRUE,0, 1.79771E+03, 3.58252E+00, 1.42488E+00, 2.90792E+00, 1.00956E-01, 7.33809E-02, 1.88306E-01, 1.59833E-02, 8.86291E-01, 1.42484E+03,-1.33852E+00, 7.47402E+00, 1.60794E-01,-3.81836E-01,-1.31512E-03, 7.03514E-04, 1.42491E+03,-1.31092E+00, 7.47497E+00, 1.60155E-01, 3.30113E+00,-5.19302E+00, 2.96110E+01, 6.34431E-01, 1.18599E+02, 2.58324E+01, 1.52790E+02, 6.65140E+01, 5.47577E-01, 2.57726E+00, 9.65903E+01, 2.96546E+01, 5.24461E-03,-1.13248E-04, 0.00000E+00, 0.00000E+00, 0.00000E+00,
 1171, 2.33993E+01,TRUE,0, 0.00000E+00, 3.58173E+00, 1.42482E+00, 2.90715E+00, 0.00000E+00, 0.00000E+00, 1.88339E-01, 0.00000E+00, 8.86467E-01, 1.42482E+03,-1.33821E+00, 7.47304E+00, 1.61427E-01,-3.16406E-01,-1.42574E-03, 6.80476E-04, 1.42484E+03,-1.33852E+00, 7.47402E+00, 1.60794E-01, 3.30104E+00,-5.30221E+00, 2.96064E+01, 6.36944E-01, 1.22242E+02, 2.66581E+01, 1.55475E+02, 6.71183E+01, 5.47530E-01, 2.57709E+00, 9.67267E+01, 2.96538E+01, 5.24410E-03,-1.13685E-04, 0.00000E+00, 0.00000E+00, 0.00000E+00,
 1172, 2.34193E+01,TRUE,0, 0.00000E+00, 3.58165E+00, 1.42479E+00, 2.90712E+00, 0.00000E+00, 0.00000E+00, 1.88329E-01, 0.00000E+00, 8.86436E-01, 1.42479E+03,-1.33790E+00, 7.47206E+00, 1.62057E-01,-2.89551E-01,-1.39713E-03, 6.61969E-04, 1.42482E+03,-1.33821E+00, 7.47304E+00, 1.61427E-01, 3.30040E+00,-5.29997E+00, 2.95968E+01, 6.39330E-01, 1.25955E+02, 2.74792E+01, 1.58183E+02, 6.77130E+01, 5.47494E-01, 2.57698E+00, 9.68576E+01, 2.96533E+01, 5.24353E-03,-1.14118E-04, 0.00000E+00, 0.00000E+00, 0.00000E+00,
 1173, 2.34393E+01,TRUE,0, 0.00000E+00, 3.58158E+00, 1.42476E+00, 2.90710E+00, 0.00000E+00, 0.00000E+00, 1.88320E-01, 0.00000E+00, 8.86418E-01, 1.42476E+03,-1.33758E+00, 7.47107E+00, 1.62681E-01,-2.62695E-01,-1.37234E-03, 6.43104E-04, 1.42479E+03,-1.33790E+00, 7.47206E+00, 1.62057E-01, 3.30031E+00,-5.29858E+00, 2.95921E+01, 6.41805E-01, 1.29740E+02, 2.82956E+01, 1.60915E+02, 6.82984E+01, 5.47466E-01, 2.57690E+00, 9.69833E+01, 2.96530E+01, 5.24295E-03,-1.14547E-04, 0.00000E+00, 0.00000E+00, 0.00000E+00,
 1174, 2.34593E+01,TRUE,0, 2.13908E+03, 3.58153E+00, 1.42474E+00, 2.90708E+00, 8.58445E-02, 6.24545E-02, 1.88314E-01, 1.36074E-02, 8.86409E-01, 1.42472E+03,-1.35197E+00, 7.47008E+00, 1.63300E-01,-2.35840E-01,-1.35231E-03, 6.24284E-04, 1.42476E+03,-1.33758E+00, 7.47107E+00, 1.62681E-01, 3.30022E+00,-5.29715E+00, 2.95874E+01, 6.44259E-01, 1.22127E+02, 2.66085E+01, 1.55327E+02, 6.70567E+01, 5.47444E-01, 2.57686E+00, 9.67079E+01, 2.96528E+01, 5.24237E-03,-1.14974E-04, 0.00000E+00, 0.00000E+00, 0.00000E+00,
 1175, 2.34793E+01,TRUE,0, 0.00000E+00, 3.58093E+00, 1.42469E+00, 2.90650E+00, 0.00000E+00, 0.00000E+00, 1.88340E-01, 0.00000E+00, 8.86546E-01, 1.42469E+03,-1.35169E+00, 7.46909E+00, 1.63914E-01,-1.88477E-01,-1.35803E-03, 6.03408E-04, 1.42472E+03,-1.35197E+00, 7.47008E+00, 1.63300E-01, 3.30012E+00,-5.35401E+00, 2.95826E+01, 6.46693E-01, 1.25836E+02, 2.74294E+01, 1.58033E+02, 6.76523E+01, 5.47409E-01, 2.57674E+00, 9.68396E+01, 2.96522E+01, 5.24184E-03,-1.15396E-04, 0.00000E+00, 0.00000E+00, 0.00000E+00,
 1176, 2.34993E+01,TRUE,0, 0.00000E+00, 3.58086E+00, 1.42466E+00, 2.90647E+00, 0.00000E+00, 0.00000E+00, 1.88332E-01, 0.00000E+00, 8.86527E-01, 1.42466E+03,-1.35140E+00, 7.46811E+00, 1.64522E-01,-1.61377E-01,-1.25647E-03, 5.85884E-04, 1.42469E+03,-1.35169E+00, 7.46909E+00, 1.63914E-01, 3.29974E+00,-5.35228E+00, 2.95753E+01, 6.49047E-01, 1.29616E+02, 2.82456E+01, 1.60762E+02, 6.82386E+01, 5.47381E-01, 2.57667E+00, 9.69660E+01, 2.96518E+01, 5.24131E-03,-1.15815E-04, 0.00000E+00, 0.00000E+00, 0.00000E+00,
 1177, 2.35192E+01,TRUE,0, 1.94000E+03, 3.58081E+00, 1.42463E+00, 2.90645E+00, 9.45473E-02, 6.87978E-02, 1.88326E-01, 1.49778E-02, 8.86516E-01, 1.42462E+03,-1.36034E+00, 7.46714E+00, 1.65124E-01,-1.34277E-01,-1.17636E-03, 5.69105E-04, 1.42466E+03,-1.35140E+00, 7.46811E+00, 1.64522E-01, 3.29965E+00,-5.35099E+00, 2.95706E+01, 6.51436E-01, 1.20848E+02, 2.63097E+01, 1.54332E+02, 6.68165E+01, 5.47360E-01, 2.57662E+00, 9.66521E+01, 2.96515E+01, 5.24078E-03,-1.16230E-04, 0.00000E+00, 0.00000E+00, 0.00000E+00,
 1178, 2.35392E+01,TRUE,0, 0.00000E+00, 3.58020E+00, 1.42459E+00, 2.90587E+00, 0.00000E+00, 0.00000E+00, 1.88351E-01, 0.00000E+00, 8.86652E-01, 1.42459E+03,-1.36007E+00, 7.46617E+00, 1.65720E-01,-9.42383E-02,-1.18303E-03, 5.51611E-04, 1.42462E+03,-1.36034E+00, 7.46714E+00, 1.65124E-01, 3.29955E+00,-5.38623E+00, 2.95659E+01, 6.53802E-01, 1.24532E+02, 2.71318E+01, 1.57029E+02, 6.74159E+01, 5.47323E-01, 2.57649E+00, 9.67860E+01, 2.96509E+01, 5.24024E-03,-1.16642E-04, 0.00000E+00, 0.00000E+00, 0.00000E+00,
 1179, 2.35592E+01,TRUE,0, 0.00000E+00, 3.58014E+00, 1.42457E+00, 2.90584E+00, 0.00000E+00, 0.00000E+00, 1.88343E-01, 0.00000E+00, 8.86631E-01, 1.42457E+03,-1.35980E+00, 7.46521E+00, 1.66311E-01,-6.70166E-02,-1.12486E-03, 5.36814E-04, 1.42459E+03,-1.36007E+00, 7.46617E+00, 1.65720E-01, 3.29928E+00,-5.38472E+00, 2.95596E+01, 6.56109E-01, 1.28286E+02, 2.79493E+01, 1.59749E+02, 6.80059E+01, 5.47295E-01, 2.57641E+00, 9.69146E+01, 2.96504E+01, 5.23970E-03,-1.17051E-04, 0.00000E+00, 0.00000E+00, 0.00000E+00,
 1180, 2.35792E+01,TRUE,0, 1.79731E+03, 3.58008E+00, 1.42454E+00, 2.90582E+00, 1.00971E-01, 7.35049E-02, 1.88337E-01, 1.60029E-02, 8.86619E-01, 1.42454E+03,-1.36243E+00, 7.46427E+00, 1.66912E-01,-3.97949E-02,-9.96113E-04, 6.08400E-04, 1.42457E+03,-1.35980E+00, 7.46521E+00, 1.66311E-01, 3.29918E+00,-5.38346E+00, 2.95549E+01, 6.58428E-01, 1.18771E+02, 2.58579E+01, 1.52782E+02, 6.64723E+01, 5.47274E-01, 2.57636E+00, 9.65777E+01, 2.96501E+01, 5.23921E-03,-1.17515E-04, 0.00000E+00, 0.00000E+00, 0.00000E+00,
 1181, 2.35992E+01,TRUE,0, 0.00000E+00, 3.57950E+00, 1.42451E+00, 2.90526E+00, 0.00000E+00, 0.00000E+00, 1.88361E-01, 0.00000E+00, 8.86747E-01, 1.42451E+03,-1.36215E+00, 7.46333E+00, 1.67521E-01,-8.42285E-03,-1.00565E-03, 6.62431E-04, 1.42454E+03,-1.36243E+00, 7.46427E+00, 1.66912E-01, 3.29909E+00,-5.39374E+00, 2.95503E+01, 6.60787E-01, 1.22414E+02, 2.66823E+01, 1.55465E+02, 6.70772E+01, 5.47238E-01, 2.57623E+00, 9.67146E+01, 2.96495E+01, 5.23866E-03,-1.17976E-04, 0.00000E+00, 0.00000E+00, 0.00000E+00,
 1182, 2.36192E+01,TRUE,0, 0.00000E+00, 3.57943E+00, 1.42448E+00, 2.90523E+00, 0.00000E+00, 0.00000E+00, 1.88353E-01, 0.00000E+00, 8.86728E-01, 1.42448E+03,-1.36185E+00, 7.46239E+00, 1.68137E-01, 1.89209E-02,-9.98497E-04, 7.02232E-04, 1.42451E+03,-1.36215E+00, 7.46333E+00, 1.67521E-01, 3.29893E+00,-5.39236E+00, 2.95452E+01, 6.63167E-01, 1.26128E+02, 2.75021E+01, 1.58172E+02, 6.76726E+01, 5.47210E-01, 2.57615E+00, 9.68460E+01, 2.96491E+01, 5.23810E-03,-1.18434E-04, 0.00000E+00, 0.00000E+00, 0.00000E+00,
 1183, 2.36392E+01,TRUE,0, 0.00000E+00, 3.57937E+00, 1.42445E+00, 2.90521E+00, 0.00000E+00, 0.00000E+00, 1.88347E-01, 0.00000E+00, 8.86716E-01, 1.42445E+03,-1.36155E+00, 7.46144E+00, 1.68757E-01, 4.62646E-02,-1.08385E-03, 7.29308E-04, 1.42448E+03,-1.36185E+00, 7.46239E+00, 1.68137E-01, 3.29884E+00,-5.39103E+00, 2.95406E+01, 6.65586E-01, 1.29912E+02, 2.83172E+01, 1.60902E+02, 6.82586E+01, 5.47188E-01, 2.57609E+00, 9.69722E+01, 2.96488E+01, 5.23749E-03,-1.18887E-04, 0.00000E+00, 0.00000E+00, 0.00000E+00,
 1184, 2.36592E+01,TRUE,0, 2.13867E+03, 3.57933E+00, 1.42443E+00, 2.90519E+00, 8.58672E-02, 6.25473E-02, 1.88343E-01, 1.36195E-02, 8.86711E-01, 1.42443E+03,-1.35663E+00, 7.46047E+00, 1.69381E-01, 7.36084E-02,-1.15776E-03, 7.45609E-04, 1.42445E+03,-1.36155E+00, 7.46144E+00, 1.68757E-01, 3.29874E+00,-5.38967E+00, 2.95360E+01, 6.68024E-01, 1.22282E+02, 2.66265E+01, 1.55289E+02, 6.70134E+01, 5.47171E-01, 2.57606E+00, 9.66966E+01, 2.96485E+01, 5.23686E-03,-1.19337E-04, 0.00000E+00, 0.00000E+00, 0.00000E+00,
 1185, 2.36792E+01,TRUE,0, 0.00000E+00, 3.57889E+00, 1.42441E+00, 2.90476E+00, 0.00000E+00, 0.00000E+00, 1.88361E-01, 0.00000E+00, 8.86810E-01, 1.42441E+03,-1.35629E+00, 7.45950E+00, 1.70008E-01, 9.46045E-02,-1.10149E-03, 7.53671E-04, 1.42443E+03,-1.35663E+00, 7.46047E+00, 1.69381E-01, 3.29864E+00,-5.37005E+00, 2.95313E+01, 6.70475E-01, 1.25990E+02, 2.74461E+01, 1.57993E+02, 6.76097E+01, 5.47144E-01, 2.57597E+00, 9.68287E+01, 2.96480E+01, 5.23630E-03,-1.19783E-04, 0.00000E+00, 0.00000E+00, 0.00000E+00,
 1186, 2.36992E+01,TRUE,0, 0.00000E+00, 3.57883E+00, 1.42438E+00, 2.90474E+00, 0.00000E+00, 0.00000E+00, 1.88355E-01, 0.00000E+00, 8.86796E-01, 1.42438E+03,-1.35594E+00, 7.45854E+00, 1.70635E-01, 1.21826E-01,-1.09291E-03, 7.53403E-04, 1.42441E+03,-1.35629E+00, 7.45950E+00, 1.70008E-01, 3.29864E+00,-5.36868E+00, 2.95274E+01, 6.72952E-01, 1.29770E+02, 2.82611E+01, 1.60721E+02, 6.81966E+01, 5.47123E-01, 2.57591E+00, 9.69556E+01, 2.96477E+01, 5.23573E-03,-1.20225E-04, 0.00000E+00, 0.00000E+00, 0.00000E+00,
 1187, 2.37192E+01,TRUE,0, 1.93967E+03, 3.57879E+00, 1.42435E+00, 2.90472E+00, 9.45767E-02, 6.88883E-02, 1.88351E-01, 1.49878E-02, 8.86789E-01, 1.42436E+03,-1.34531E+00, 7.45758E+00, 1.71261E-01, 1.49048E-01,-1.09100E-03, 7.47189E-04, 1.42438E+03,-1.35594E+00, 7.45854E+00, 1.70635E-01, 3.29854E+00,-5.36714E+00, 2.95228E+01, 6.75414E-01, 1.20983E+02, 2.63219E+01, 1.54267E+02, 6.67715E+01, 5.47107E-01, 2.57587E+00, 9.66416E+01, 2.96474E+01, 5.23515E-03,-1.20664E-04, 0.00000E+00, 0.00000E+00, 0.00000E+00,
 1188, 2.37392E+01,TRUE,0, 0.00000E+00, 3.57835E+00, 1.42434E+00, 2.90430E+00, 0.00000E+00, 0.00000E+00, 1.88369E-01, 0.00000E+00, 8.86885E-01, 1.42434E+03,-1.34490E+00, 7.45663E+00, 1.71886E-01, 1.61987E-01,-1.01805E-03, 7.38025E-04, 1.42436E+03,-1.34531E+00, 7.45758E+00, 1.71261E-01, 3.29845E+00,-5.32492E+00, 2.95181E+01, 6.77874E-01, 1.24665E+02, 2.71429E+01, 1.56962E+02, 6.73716E+01, 5.47080E-01, 2.57578E+00, 9.67759E+01, 2.96469E+01, 5.23458E-03,-1.21098E-04, 0.00000E+00, 0.00000E+00, 0.00000E+00,
 1189, 2.37592E+01,TRUE,0, 0.00000E+00, 3.57829E+00, 1.42431E+00, 2.90428E+00, 0.00000E+00, 0.00000E+00, 1.88363E-01, 0.00000E+00, 8.86871E-01, 1.42431E+03,-1.34448E+00, 7.45568E+00, 1.72509E-01, 1.88965E-01,-1.03712E-03, 7.23213E-04, 1.42434E+03,-1.34490E+00, 7.45663E+00, 1.71886E-01, 3.29855E+00,-5.32346E+00, 2.95153E+01, 6.80371E-01, 1.28418E+02, 2.79593E+01, 1.59680E+02, 6.79623E+01, 5.47059E-01, 2.57572E+00, 9.69049E+01, 2.96466E+01, 5.23400E-03,-1.21530E-04, 0.00000E+00, 0.00000E+00, 0.00000E+00,
 1190, 2.37792E+01,TRUE,0, 1.79705E+03, 3.57825E+00, 1.42428E+00, 2.90426E+00, 1.01005E-01, 7.35885E-02, 1.88359E-01, 1.60101E-02, 8.86863E-01, 1.42431E+03,-1.32816E+00, 7.45472E+00, 1.73129E-01, 2.15942E-01,-1.05858E-03, 7.05779E-04, 1.42431E+03,-1.34448E+00, 7.45568E+00, 1.72509E-01, 3.29846E+00,-5.32166E+00, 2.95107E+01, 6.82817E-01, 1.18885E+02, 2.58650E+01, 1.52691E+02, 6.64264E+01, 5.47042E-01, 2.57568E+00, 9.65681E+01, 2.96463E+01, 5.23341E-03,-1.21957E-04, 0.00000E+00, 0.00000E+00, 0.00000E+00,
 1191, 2.37992E+01,TRUE,0, 0.00000E+00, 3.57783E+00, 1.42428E+00, 2.90386E+00, 0.00000E+00, 0.00000E+00, 1.88376E-01, 0.00000E+00, 8.86953E-01, 1.42428E+03,-1.32766E+00, 7.45376E+00, 1.73745E-01, 2.20825E-01,-1.04856E-03, 6.89313E-04, 1.42431E+03,-1.32816E+00, 7.45472E+00, 1.73129E-01, 3.29837E+00,-5.25692E+00, 2.95061E+01, 6.85251E-01, 1.22526E+02, 2.66883E+01, 1.55372E+02, 6.70320E+01, 5.47016E-01, 2.57559E+00, 9.67053E+01, 2.96458E+01, 5.23276E-03,-1.22381E-04, 0.00000E+00, 0.00000E+00, 0.00000E+00,
 1192, 2.38192E+01,TRUE,0, 0.00000E+00, 3.57778E+00, 1.42425E+00, 2.90383E+00, 0.00000E+00, 0.00000E+00, 1.88370E-01, 0.00000E+00, 8.86940E-01, 1.42425E+03,-1.32716E+00, 7.45280E+00, 1.74357E-01, 2.47437E-01,-1.07384E-03, 6.68511E-04, 1.42428E+03,-1.32766E+00, 7.45376E+00, 1.73745E-01, 3.29859E+00,-5.25529E+00, 2.95043E+01, 6.87736E-01, 1.26238E+02, 2.75071E+01, 1.58077E+02, 6.76281E+01, 5.46995E-01, 2.57552E+00, 9.68371E+01, 2.96455E+01, 5.23217E-03,-1.22801E-04, 0.00000E+00, 0.00000E+00, 0.00000E+00,
 1193, 2.38392E+01,TRUE,0, 0.00000E+00, 3.57773E+00, 1.42423E+00, 2.90381E+00, 0.00000E+00, 0.00000E+00, 1.88366E-01, 0.00000E+00, 8.86932E-01, 1.42423E+03,-1.32665E+00, 7.45183E+00, 1.74965E-01, 2.74048E-01,-1.09911E-03, 6.47232E-04, 1.42425E+03,-1.32716E+00, 7.45280E+00, 1.74357E-01, 3.29849E+00,-5.25315E+00, 2.94996E+01, 6.90140E-01, 1.30020E+02, 2.83213E+01, 1.60806E+02, 6.82148E+01, 5.46979E-01, 2.57548E+00, 9.69636E+01, 2.96453E+01, 5.23157E-03,-1.23218E-04, 0.00000E+00, 0.00000E+00, 0.00000E+00,
 1194, 2.38592E+01,TRUE,0, 2.13840E+03, 3.57770E+00, 1.42420E+00, 2.90379E+00, 8.58979E-02, 6.26049E-02, 1.88363E-01, 1.36227E-02, 8.86928E-01, 1.42423E+03,-1.30731E+00, 7.45086E+00, 1.75567E-01, 3.00659E-01,-1.12343E-03, 6.25923E-04, 1.42423E+03,-1.32665E+00, 7.45183E+00, 1.74965E-01, 3.29840E+00,-5.25098E+00, 2.94950E+01, 6.92525E-01, 1.22375E+02, 2.66284E+01, 1.55176E+02, 6.69684E+01, 5.46967E-01, 2.57546E+00, 9.66882E+01, 2.96451E+01, 5.23097E-03,-1.23631E-04, 0.00000E+00, 0.00000E+00, 0.00000E+00,
 1195, 2.38792E+01,TRUE,0, 0.00000E+00, 3.57739E+00, 1.42420E+00, 2.90350E+00, 0.00000E+00, 0.00000E+00, 1.88375E-01, 0.00000E+00, 8.86997E-01, 1.42420E+03,-1.30671E+00, 7.44991E+00, 1.76164E-01, 3.01147E-01,-1.00899E-03, 6.08236E-04, 1.42423E+03,-1.30731E+00, 7.45086E+00, 1.75567E-01, 3.29831E+00,-5.17430E+00, 2.94903E+01, 6.94889E-01, 1.26081E+02, 2.74472E+01, 1.57879E+02, 6.75655E+01, 5.46947E-01, 2.57539E+00, 9.68207E+01, 2.96447E+01, 5.23037E-03,-1.24040E-04, 0.00000E+00, 0.00000E+00, 0.00000E+00,
 1196, 2.38992E+01,TRUE,0, 0.00000E+00, 3.57735E+00, 1.42417E+00, 2.90348E+00, 0.00000E+00, 0.00000E+00, 1.88371E-01, 0.00000E+00, 8.86987E-01, 1.42417E+03,-1.30610E+00, 7.44894E+00, 1.76756E-01, 3.27271E-01,-1.05572E-03, 5.87329E-04, 1.42420E+03,-1.30671E+00, 7.44991E+00, 1.76164E-01, 3.29859E+00,-5.17236E+00, 2.94890E+01, 6.97312E-01, 1.29858E+02, 2.82613E+01, 1.60605E+02, 6.81531E+01, 5.46932E-01, 2.57535E+00, 9.69479E+01, 2.96445E+01, 5.22976E-03,-1.24446E-04, 0.00000E+00, 0.00000E+00, 0.00000E+00,
 1197, 2.39192E+01,TRUE,0, 1.93946E+03, 3.57732E+00, 1.42415E+00, 2.90347E+00, 9.46094E-02, 6.89402E-02, 1.88368E-01, 1.49890E-02, 8.86982E-01, 1.42418E+03,-1.28113E+00, 7.44799E+00, 1.77341E-01, 3.53394E-01,-1.01280E-03, 5.67377E-04, 1.42417E+03,-1.30610E+00, 7.44894E+00, 1.76756E-01, 3.29850E+00,-5.16982E+00, 2.94844E+01, 6.99635E-01, 1.21057E+02, 2.63203E+01, 1.54136E+02, 6.67273E+01, 5.46920E-01, 2.57532E+00, 9.66342E+01, 2.96443E+01, 5.22921E-03,-1.24848E-04, 0.00000E+00, 0.00000E+00, 0.00000E+00,
 1198, 2.39392E+01,TRUE,0, 0.00000E+00, 3.57701E+00, 1.42415E+00, 2.90317E+00, 0.00000E+00, 0.00000E+00, 1.88381E-01, 0.00000E+00, 8.87049E-01, 1.42415E+03,-1.28042E+00, 7.44707E+00, 1.77922E-01, 3.45703E-01,-8.04424E-04, 5.52744E-04, 1.42418E+03,-1.28113E+00, 7.44799E+00, 1.77341E-01, 3.29842E+00,-5.07085E+00, 2.94799E+01, 7.01935E-01, 1.24736E+02, 2.71405E+01, 1.56829E+02, 6.73281E+01, 5.46901E-01, 2.57525E+00, 9.67688E+01, 2.96439E+01, 5.22866E-03,-1.25247E-04, 0.00000E+00, 0.00000E+00, 0.00000E+00,
 1199, 2.39592E+01,TRUE,0, 0.00000E+00, 3.57697E+00, 1.42413E+00, 2.90316E+00, 0.00000E+00, 0.00000E+00, 1.88376E-01, 0.00000E+00, 8.87038E-01, 1.42413E+03,-1.27970E+00, 7.44615E+00, 1.78496E-01, 3.71338E-01,-8.19206E-04, 5.34236E-04, 1.42415E+03,-1.28042E+00, 7.44707E+00, 1.77922E-01, 3.29881E+00,-5.06862E+00, 2.94797E+01, 7.04315E-01, 1.28486E+02, 2.79561E+01, 1.59546E+02, 6.79195E+01, 5.46886E-01, 2.57521E+00, 9.68981E+01, 2.96437E+01, 5.22810E-03,-1.25642E-04, 0.00000E+00, 0.00000E+00, 0.00000E+00,
 1200, 2.39792E+01,TRUE,0, 1.79689E+03, 3.57694E+00, 1.42410E+00, 2.90314E+00, 1.01037E-01, 7.36316E-02, 1.88373E-01, 1.60093E-02, 8.87032E-01, 1.42414E+03,-1.24976E+00, 7.44523E+00, 1.79064E-01, 3.96973E-01,-8.39710E-04, 5.17040E-04, 1.42413E+03,-1.27970E+00, 7.44615E+00, 1.78496E-01, 3.29872E+00,-5.06566E+00, 2.94753E+01, 7.06571E-01, 1.18940E+02, 2.58604E+01, 1.52544E+02, 6.63834E+01, 5.46875E-01, 2.57518E+00, 9.65616E+01, 2.96435E+01, 5.22754E-03,-1.26033E-04, 0.00000E+00, 0.00000E+00, 0.00000E+00,
 1201, 2.39992E+01,TRUE,0, 0.00000E+00, 3.57665E+00, 1.42412E+00, 2.90287E+00, 0.00000E+00, 0.00000E+00, 1.88385E-01, 0.00000E+00, 8.87095E-01, 1.42412E+03,-1.24891E+00, 7.44433E+00, 1.79628E-01, 3.81958E-01,-7.35283E-04, 5.06341E-04, 1.42414E+03,-1.24976E+00, 7.44523E+00, 1.79064E-01, 3.29864E+00,-4.94699E+00, 2.94709E+01, 7.08802E-01, 1.22578E+02, 2.66830E+01, 1.55224E+02, 6.69897E+01, 5.46856E-01, 2.57512E+00, 9.66991E+01, 2.96431E+01, 5.22691E-03,-1.26421E-04, 0.00000E+00, 0.00000E+00, 0.00000E+00,
 1202, 2.40192E+01,TRUE,0, 0.00000E+00, 3.57662E+00, 1.42409E+00, 2.90285E+00, 0.00000E+00, 0.00000E+00, 1.88381E-01, 0.00000E+00, 8.87085E-01, 1.42409E+03,-1.24807E+00, 7.44342E+00, 1.80184E-01, 4.06982E-01,-8.69751E-04, 4.90859E-04, 1.42412E+03,-1.24891E+00, 7.44433E+00, 1.79628E-01, 3.29912E+00,-4.94439E+00, 2.94717E+01, 7.11136E-01, 1.26286E+02, 2.75011E+01, 1.57927E+02, 6.75866E+01, 5.46842E-01, 2.57508E+00, 9.68312E+01, 2.96429E+01, 5.22628E-03,-1.26806E-04, 0.00000E+00, 0.00000E+00, 0.00000E+00,
 1203, 2.40392E+01,TRUE,0, 0.00000E+00, 3.57659E+00, 1.42407E+00, 2.90284E+00, 0.00000E+00, 0.00000E+00, 1.88378E-01, 0.00000E+00, 8.87079E-01, 1.42407E+03,-1.24724E+00, 7.44248E+00, 1.80751E-01, 4.32007E-01,-9.86576E-04, 5.62131E-04, 1.42409E+03,-1.24807E+00, 7.44342E+00, 1.80184E-01, 3.29904E+00,-4.94094E+00, 2.94674E+01, 7.13323E-01, 1.30066E+02, 2.83145E+01, 1.60654E+02, 6.81740E+01, 5.46831E-01, 2.57505E+00, 9.69579E+01, 2.96427E+01, 5.22565E-03,-1.27246E-04, 0.00000E+00, 0.00000E+00, 0.00000E+00,
 1204, 2.40592E+01,TRUE,0, 2.13822E+03, 3.57657E+00, 1.42404E+00, 2.90283E+00, 8.59232E-02, 6.26297E-02, 1.88375E-01, 1.36203E-02, 8.87075E-01, 1.42400E+03,-1.28040E+00, 7.44152E+00, 1.81326E-01,-5.42969E-01,-1.08576E-03, 6.16685E-04, 1.42407E+03,-1.24724E+00, 7.44248E+00, 1.80751E-01, 3.29896E+00,-4.93750E+00, 2.94629E+01, 7.15550E-01, 1.22410E+02, 2.66209E+01, 1.55017E+02, 6.69281E+01, 5.46823E-01, 2.57503E+00, 9.66829E+01, 2.96426E+01, 5.22501E-03,-1.27683E-04, 0.00000E+00, 0.00000E+00, 0.00000E+00,
 1205, 2.40792E+01,TRUE,0, 0.00000E+00, 3.57583E+00, 1.42397E+00, 2.90210E+00, 0.00000E+00, 0.00000E+00, 1.88412E-01, 0.00000E+00, 8.87254E-01, 1.42397E+03,-1.27971E+00, 7.44052E+00, 1.81907E-01,-4.70581E-01,-1.33657E-03, 6.50570E-04, 1.42400E+03,-1.28040E+00, 7.44152E+00, 1.81326E-01, 3.29888E+00,-5.06868E+00, 2.94584E+01, 7.17808E-01, 1.26113E+02, 2.74390E+01, 1.57718E+02, 6.75259E+01, 5.46790E-01, 2.57490E+00, 9.68156E+01, 2.96419E+01, 5.22443E-03,-1.28117E-04, 0.00000E+00, 0.00000E+00, 0.00000E+00,
 1206, 2.40992E+01,TRUE,0, 0.00000E+00, 3.57577E+00, 1.42394E+00, 2.90208E+00, 0.00000E+00, 0.00000E+00, 1.88404E-01, 0.00000E+00, 8.87227E-01, 1.42394E+03,-1.27902E+00, 7.43952E+00, 1.82492E-01,-4.44946E-01,-1.29461E-03, 6.79135E-04, 1.42397E+03,-1.27971E+00, 7.44052E+00, 1.81907E-01, 3.29814E+00,-5.06480E+00, 2.94478E+01, 7.19943E-01, 1.29887E+02, 2.82525E+01, 1.60443E+02, 6.81142E+01, 5.46765E-01, 2.57481E+00, 9.69430E+01, 2.96415E+01, 5.22385E-03,-1.28546E-04, 0.00000E+00, 0.00000E+00, 0.00000E+00,
 1207, 2.41192E+01,TRUE,0, 1.93922E+03, 3.57573E+00, 1.42392E+00, 2.90207E+00, 9.46392E-02, 6.89616E-02, 1.88398E-01, 1.49861E-02, 8.87210E-01, 1.42388E+03,-1.30724E+00, 7.43853E+00, 1.83080E-01,-4.19312E-01,-1.26171E-03, 6.96987E-04, 1.42394E+03,-1.27902E+00, 7.43952E+00, 1.82492E-01, 3.29805E+00,-5.06193E+00, 2.94431E+01, 7.22241E-01, 1.21075E+02, 2.63110E+01, 1.53968E+02, 6.66891E+01, 5.46745E-01, 2.57475E+00, 9.66297E+01, 2.96412E+01, 5.22326E-03,-1.28972E-04, 0.00000E+00, 0.00000E+00, 0.00000E+00,
 1208, 2.41392E+01,TRUE,0, 0.00000E+00, 3.57497E+00, 1.42385E+00, 2.90133E+00, 0.00000E+00, 0.00000E+00, 1.88432E-01, 0.00000E+00, 8.87382E-01, 1.42385E+03,-1.30667E+00, 7.43749E+00, 1.83670E-01,-3.53271E-01,-1.44958E-03, 7.00533E-04, 1.42388E+03,-1.30724E+00, 7.43853E+00, 1.83080E-01, 3.29797E+00,-5.17350E+00, 2.94384E+01, 7.24552E-01, 1.24751E+02, 2.71306E+01, 1.56660E+02, 6.72906E+01, 5.46704E-01, 2.57459E+00, 9.67645E+01, 2.96405E+01, 5.22267E-03,-1.29394E-04, 0.00000E+00, 0.00000E+00, 0.00000E+00,
 1209, 2.41592E+01,TRUE,0, 0.00000E+00, 3.57490E+00, 1.42383E+00, 2.90131E+00, 0.00000E+00, 0.00000E+00, 1.88422E-01, 0.00000E+00, 8.87351E-01, 1.42383E+03,-1.30609E+00, 7.43646E+00, 1.84260E-01,-3.27148E-01,-1.39189E-03, 7.02858E-04, 1.42385E+03,-1.30667E+00, 7.43749E+00, 1.83670E-01, 3.29732E+00,-5.17022E+00, 2.94286E+01, 7.26742E-01, 1.28498E+02, 2.79456E+01, 1.59375E+02, 6.78827E+01, 5.46672E-01, 2.57448E+00, 9.68940E+01, 2.96400E+01, 5.22208E-03,-1.29813E-04, 0.00000E+00, 0.00000E+00, 0.00000E+00,
 1210, 2.41792E+01,TRUE,0, 1.79657E+03, 3.57485E+00, 1.42380E+00, 2.90130E+00, 1.01070E-01, 7.36487E-02, 1.88415E-01, 1.60061E-02, 8.87332E-01, 1.42377E+03,-1.32768E+00, 7.43544E+00, 1.84850E-01,-3.01025E-01,-1.34325E-03, 6.99058E-04, 1.42383E+03,-1.30609E+00, 7.43646E+00, 1.84260E-01, 3.29724E+00,-5.16780E+00, 2.94237E+01, 7.29059E-01, 1.18942E+02, 2.58496E+01, 1.52369E+02, 6.63475E+01, 5.46647E-01, 2.57441E+00, 9.65579E+01, 2.96397E+01, 5.22148E-03,-1.30227E-04, 0.00000E+00, 0.00000E+00, 0.00000E+00,
 1211, 2.41992E+01,TRUE,0, 0.00000E+00, 3.57411E+00, 1.42374E+00, 2.90058E+00, 0.00000E+00, 0.00000E+00, 1.88446E-01, 0.00000E+00, 8.87496E-01, 1.42374E+03,-1.32720E+00, 7.43440E+00, 1.85438E-01,-2.43896E-01,-1.38330E-03, 6.86258E-04, 1.42377E+03,-1.32768E+00, 7.43544E+00, 1.84850E-01, 3.29715E+00,-5.25309E+00, 2.94189E+01, 7.31374E-01, 1.22576E+02, 2.66717E+01, 1.55047E+02, 6.69545E+01, 5.46604E-01, 2.57425E+00, 9.66956E+01, 2.96390E+01, 5.22094E-03,-1.30638E-04, 0.00000E+00, 0.00000E+00, 0.00000E+00,
 1212, 2.42192E+01,TRUE,0, 0.00000E+00, 3.57403E+00, 1.42372E+00, 2.90056E+00, 0.00000E+00, 0.00000E+00, 1.88436E-01, 0.00000E+00, 8.87467E-01, 1.42372E+03,-1.32670E+00, 7.43336E+00, 1.86024E-01,-2.17285E-01,-1.34134E-03, 6.74486E-04, 1.42374E+03,-1.32720E+00, 7.43440E+00, 1.85438E-01, 3.29663E+00,-5.25033E+00, 2.94101E+01, 7.33585E-01, 1.26281E+02, 2.74893E+01, 1.57749E+02, 6.75519E+01, 5.46570E-01, 2.57415E+00, 9.68278E+01, 2.96385E+01, 5.22033E-03,-1.31045E-04, 0.00000E+00, 0.00000E+00, 0.00000E+00,
 1213, 2.42392E+01,TRUE,0, 0.00000E+00, 3.57397E+00, 1.42369E+00, 2.90053E+00, 0.00000E+00, 0.00000E+00, 1.88429E-01, 0.00000E+00, 8.87450E-01, 1.42369E+03,-1.32620E+00, 7.43233E+00, 1.86607E-01,-1.90674E-01,-1.30653E-03, 6.59809E-04, 1.42372E+03,-1.32670E+00, 7.43336E+00, 1.86024E-01, 3.29654E+00,-5.24823E+00, 2.94053E+01, 7.35883E-01, 1.30057E+02, 2.83024E+01, 1.60475E+02, 6.81400E+01, 5.46544E-01, 2.57408E+00, 9.69547E+01, 2.96382E+01, 5.21972E-03,-1.31449E-04, 0.00000E+00, 0.00000E+00, 0.00000E+00,
 1214, 2.42592E+01,TRUE,0, 2.13772E+03, 3.57393E+00, 1.42366E+00, 2.90052E+00, 8.59515E-02, 6.26384E-02, 1.88423E-01, 1.36176E-02, 8.87442E-01, 1.42365E+03,-1.33597E+00, 7.43128E+00, 1.87187E-01,-1.64063E-01,-1.36471E-03, 6.43030E-04, 1.42369E+03,-1.32620E+00, 7.43233E+00, 1.86607E-01, 3.29645E+00,-5.24611E+00, 2.94004E+01, 7.38169E-01, 1.22394E+02, 2.66086E+01, 1.54836E+02, 6.68953E+01, 5.46524E-01, 2.57404E+00, 9.66800E+01, 2.96380E+01, 5.21905E-03,-1.31849E-04, 0.00000E+00, 0.00000E+00, 0.00000E+00,
 1215, 2.42792E+01,TRUE,0, 0.00000E+00, 3.57336E+00, 1.42362E+00, 2.89997E+00, 0.00000E+00, 0.00000E+00, 1.88447E-01, 0.00000E+00, 8.87570E-01, 1.42362E+03,-1.33551E+00, 7.43022E+00, 1.87762E-01,-1.23169E-01,-1.40190E-03, 6.22928E-04, 1.42365E+03,-1.33597E+00, 7.43128E+00, 1.87187E-01, 3.29636E+00,-5.28462E+00, 2.93954E+01, 7.40441E-01, 1.26093E+02, 2.74263E+01, 1.57536E+02, 6.74936E+01, 5.46490E-01, 2.57393E+00, 9.68128E+01, 2.96375E+01, 5.21844E-03,-1.32245E-04, 0.00000E+00, 0.00000E+00, 0.00000E+00,
 1216, 2.42992E+01,TRUE,0, 0.00000E+00, 3.57330E+00, 1.42360E+00, 2.89995E+00, 0.00000E+00, 0.00000E+00, 1.88439E-01, 0.00000E+00, 8.87552E-01, 1.42360E+03,-1.33503E+00, 7.42917E+00, 1.88332E-01,-9.64355E-02,-1.35708E-03, 6.04302E-04, 1.42362E+03,-1.33551E+00, 7.43022E+00, 1.87762E-01, 3.29607E+00,-5.28231E+00, 2.93886E+01, 7.42651E-01, 1.29863E+02, 2.82394E+01, 1.60259E+02, 6.80826E+01, 5.46465E-01, 2.57386E+00, 9.69403E+01, 2.96371E+01, 5.21782E-03,-1.32638E-04, 0.00000E+00, 0.00000E+00, 0.00000E+00,
 1217, 2.43192E+01,TRUE,0, 1.93880E+03, 3.57326E+00, 1.42357E+00, 2.89993E+00, 9.46638E-02, 6.89626E-02, 1.88433E-01, 1.49824E-02, 8.87542E-01, 1.42356E+03,-1.33936E+00, 7.42811E+00, 1.88898E-01,-6.97021E-02,-1.32084E-03, 5.85273E-04, 1.42360E+03,-1.33503E+00, 7.42917E+00, 1.88332E-01, 3.29598E+00,-5.28029E+00, 2.93837E+01, 7.44887E-01, 1.21047E+02, 2.62981E+01, 1.53785E+02, 6.66589E+01, 5.46445E-01, 2.57381E+00, 9.66275E+01, 2.96369E+01, 5.21720E-03,-1.33027E-04, 0.00000E+00, 0.00000E+00, 0.00000E+00,
 1218, 2.43392E+01,TRUE,0, 0.00000E+00, 3.57269E+00, 1.42354E+00, 2.89939E+00, 0.00000E+00, 0.00000E+00, 1.88457E-01, 0.00000E+00, 8.87668E-01, 1.42354E+03,-1.33890E+00, 7.42707E+00, 1.89458E-01,-3.61328E-02,-1.24359E-03, 5.65365E-04, 1.42356E+03,-1.33936E+00, 7.42811E+00, 1.88898E-01, 3.29589E+00,-5.29727E+00, 2.93787E+01, 7.47104E-01, 1.24719E+02, 2.71173E+01, 1.56475E+02, 6.72610E+01, 5.46411E-01, 2.57370E+00, 9.67624E+01, 2.96363E+01, 5.21663E-03,-1.33412E-04, 0.00000E+00, 0.00000E+00, 0.00000E+00,
 1219, 2.43592E+01,TRUE,0, 0.00000E+00, 3.57263E+00, 1.42351E+00, 2.89937E+00, 0.00000E+00, 0.00000E+00, 1.88450E-01, 0.00000E+00, 8.87649E-01, 1.42351E+03,-1.33843E+00, 7.42602E+00, 1.90013E-01,-9.27734E-03,-1.23310E-03, 5.46858E-04, 1.42354E+03,-1.33890E+00, 7.42707E+00, 1.89458E-01, 3.29570E+00,-5.29514E+00, 2.93729E+01, 7.49278E-01, 1.28462E+02, 2.79320E+01, 1.59189E+02, 6.78536E+01, 5.46385E-01, 2.57362E+00, 9.68919E+01, 2.96359E+01, 5.21600E-03,-1.33794E-04, 0.00000E+00, 0.00000E+00, 0.00000E+00,
 1220, 2.43792E+01,TRUE,0, 1.79621E+03, 3.57258E+00, 1.42348E+00, 2.89935E+00, 1.01090E-01, 7.36413E-02, 1.88444E-01, 1.60016E-02, 8.87638E-01, 1.42348E+03,-1.33666E+00, 7.42498E+00, 1.90563E-01, 1.75781E-02,-1.22690E-03, 5.28932E-04, 1.42351E+03,-1.33843E+00, 7.42602E+00, 1.90013E-01, 3.29561E+00,-5.29314E+00, 2.93680E+01, 7.51452E-01, 1.18903E+02, 2.58366E+01, 1.52186E+02, 6.63202E+01, 5.46365E-01, 2.57357E+00, 9.65563E+01, 2.96356E+01, 5.21537E-03,-1.34172E-04, 0.00000E+00, 0.00000E+00, 0.00000E+00,
 1221, 2.43992E+01,TRUE,0, 0.00000E+00, 3.57204E+00, 1.42346E+00, 2.89883E+00, 0.00000E+00, 0.00000E+00, 1.88466E-01, 0.00000E+00, 8.87758E-01, 1.42346E+03,-1.33617E+00, 7.42395E+00, 1.91106E-01, 4.26025E-02,-1.12963E-03, 5.11974E-04, 1.42348E+03,-1.33666E+00, 7.42498E+00, 1.90563E-01, 3.29552E+00,-5.28599E+00, 2.93630E+01, 7.53604E-01, 1.22534E+02, 2.66584E+01, 1.54863E+02, 6.69277E+01, 5.46332E-01, 2.57346E+00, 9.66940E+01, 2.96350E+01, 5.21479E-03,-1.34547E-04, 0.00000E+00, 0.00000E+00, 0.00000E+00,
 1222, 2.44192E+01,TRUE,0, 0.00000E+00, 3.57197E+00, 1.42343E+00, 2.89880E+00, 0.00000E+00, 0.00000E+00, 1.88459E-01, 0.00000E+00, 8.87739E-01, 1.42343E+03,-1.33568E+00, 7.42292E+00, 1.91644E-01, 6.93359E-02,-1.14918E-03, 4.95598E-04, 1.42346E+03,-1.33617E+00, 7.42395E+00, 1.91106E-01, 3.29545E+00,-5.28396E+00, 2.93583E+01, 7.55739E-01, 1.26235E+02, 2.74758E+01, 1.57564E+02, 6.75257E+01, 5.46306E-01, 2.57338E+00, 9.68263E+01, 2.96346E+01, 5.21415E-03,-1.34918E-04, 0.00000E+00, 0.00000E+00, 0.00000E+00,
 1223, 2.44392E+01,TRUE,0, 0.00000E+00, 3.57192E+00, 1.42340E+00, 2.89878E+00, 0.00000E+00, 0.00000E+00, 1.88454E-01, 0.00000E+00, 8.87728E-01, 1.42340E+03,-1.33519E+00, 7.42188E+00, 1.92177E-01, 9.60693E-02,-1.16873E-03, 4.80220E-04, 1.42343E+03,-1.33568E+00, 7.42292E+00, 1.91644E-01, 3.29536E+00,-5.28187E+00, 2.93534E+01, 7.57846E-01, 1.30006E+02, 2.82885E+01, 1.60289E+02, 6.81142E+01, 5.46285E-01, 2.57333E+00, 9.69532E+01, 2.96343E+01, 5.21351E-03,-1.35286E-04, 0.00000E+00, 0.00000E+00, 0.00000E+00,
 1224, 2.44592E+01,TRUE,0, 2.13731E+03, 3.57188E+00, 1.42338E+00, 2.89876E+00, 8.59618E-02, 6.26248E-02, 1.88449E-01, 1.36137E-02, 8.87723E-01, 1.42339E+03,-1.32699E+00, 7.42084E+00, 1.92719E-01, 1.22803E-01,-1.18828E-03, 5.51179E-04, 1.42340E+03,-1.33519E+00, 7.42188E+00, 1.92177E-01, 3.29527E+00,-5.27976E+00, 2.93485E+01, 7.59929E-01, 1.22343E+02, 2.65954E+01, 1.54654E+02, 6.68713E+01, 5.46270E-01, 2.57330E+00, 9.66790E+01, 2.96341E+01, 5.21286E-03,-1.35710E-04, 0.00000E+00, 0.00000E+00, 0.00000E+00,
 1225, 2.44792E+01,TRUE,0, 0.00000E+00, 3.57147E+00, 1.42336E+00, 2.89837E+00, 0.00000E+00, 0.00000E+00, 1.88466E-01, 0.00000E+00, 8.87815E-01, 1.42336E+03,-1.32645E+00, 7.41981E+00, 1.93270E-01, 1.38916E-01,-1.06525E-03, 6.06641E-04, 1.42339E+03,-1.32699E+00, 7.42084E+00, 1.92719E-01, 3.29518E+00,-5.24722E+00, 2.93436E+01, 7.62053E-01, 1.26038E+02, 2.74129E+01, 1.57353E+02, 6.74701E+01, 5.46245E-01, 2.57322E+00, 9.68118E+01, 2.96337E+01, 5.21227E-03,-1.36130E-04, 0.00000E+00, 0.00000E+00, 0.00000E+00,
 1226, 2.44992E+01,TRUE,0, 0.00000E+00, 3.57142E+00, 1.42333E+00, 2.89835E+00, 0.00000E+00, 0.00000E+00, 1.88461E-01, 0.00000E+00, 8.87802E-01, 1.42333E+03,-1.32591E+00, 7.41878E+00, 1.93827E-01, 1.65527E-01,-1.11151E-03, 6.45623E-04, 1.42336E+03,-1.32645E+00, 7.41981E+00, 1.93270E-01, 3.29524E+00,-5.24517E+00, 2.93401E+01, 7.64244E-01, 1.29804E+02, 2.82259E+01, 1.60075E+02, 6.80595E+01, 5.46226E-01, 2.57316E+00, 9.69393E+01, 2.96333E+01, 5.21162E-03,-1.36546E-04, 0.00000E+00, 0.00000E+00, 0.00000E+00,
 1227, 2.45192E+01,TRUE,0, 1.93845E+03, 3.57138E+00, 1.42331E+00, 2.89833E+00, 9.46699E-02, 6.89423E-02, 1.88457E-01, 1.49780E-02, 8.87795E-01, 1.42333E+03,-1.31211E+00, 7.41775E+00, 1.94390E-01, 1.92139E-01,-1.15299E-03, 6.71983E-04, 1.42333E+03,-1.32591E+00, 7.41878E+00, 1.93827E-01, 3.29515E+00,-5.24288E+00, 2.93352E+01, 7.66427E-01, 1.20989E+02, 2.62855E+01, 1.53607E+02, 6.66378E+01, 5.46211E-01, 2.57312E+00, 9.66269E+01, 2.96331E+01, 5.21097E-03,-1.36959E-04, 0.00000E+00, 0.00000E+00, 0.00000E+00,
 1228, 2.45392E+01,TRUE,0, 0.00000E+00, 3.57098E+00, 1.42330E+00, 2.89794E+00, 0.00000E+00, 0.00000E+00, 1.88474E-01, 0.00000E+00, 8.87885E-01, 1.42330E+03,-1.31150E+00, 7.41673E+00, 1.94956E-01, 2.00195E-01,-1.00708E-03, 6.90266E-04, 1.42333E+03,-1.31211E+00, 7.41775E+00, 1.94390E-01, 3.29506E+00,-5.18818E+00, 2.93303E+01, 7.68630E-01, 1.24657E+02, 2.71046E+01, 1.56297E+02, 6.72403E+01, 5.46186E-01, 2.57304E+00, 9.67618E+01, 2.96326E+01, 5.21037E-03,-1.37368E-04, 0.00000E+00, 0.00000E+00, 0.00000E+00,
 1229, 2.45592E+01,TRUE,0, 0.00000E+00, 3.57093E+00, 1.42327E+00, 2.89792E+00, 0.00000E+00, 0.00000E+00, 1.88468E-01, 0.00000E+00, 8.87871E-01, 1.42327E+03,-1.31089E+00, 7.41572E+00, 1.95523E-01, 2.26440E-01,-9.89437E-04, 6.96614E-04, 1.42330E+03,-1.31150E+00, 7.41673E+00, 1.94956E-01, 3.29523E+00,-5.18604E+00, 2.93278E+01, 7.70907E-01, 1.28396E+02, 2.79191E+01, 1.59010E+02, 6.78333E+01, 5.46166E-01, 2.57298E+00, 9.68913E+01, 2.96323E+01, 5.20977E-03,-1.37773E-04, 0.00000E+00, 0.00000E+00, 0.00000E+00,
 1230, 2.45792E+01,TRUE,0, 1.79591E+03, 3.57089E+00, 1.42325E+00, 2.89791E+00, 1.01091E-01, 7.36147E-02, 1.88464E-01, 1.59969E-02, 8.87863E-01, 1.42327E+03,-1.29167E+00, 7.41472E+00, 1.96092E-01, 2.52686E-01,-9.82285E-04, 6.95676E-04, 1.42327E+03,-1.31089E+00, 7.41572E+00, 1.95523E-01, 3.29514E+00,-5.18348E+00, 2.93230E+01, 7.73132E-01, 1.18841E+02, 2.58249E+01, 1.52015E+02, 6.63021E+01, 5.46151E-01, 2.57294E+00, 9.65561E+01, 2.96321E+01, 5.20916E-03,-1.38174E-04, 0.00000E+00, 0.00000E+00, 0.00000E+00,
 1231, 2.45992E+01,TRUE,0, 0.00000E+00, 3.57051E+00, 1.42325E+00, 2.89754E+00, 0.00000E+00, 0.00000E+00, 1.88480E-01, 0.00000E+00, 8.87947E-01, 1.42325E+03,-1.29098E+00, 7.41374E+00, 1.96660E-01, 2.53052E-01,-8.46863E-04, 6.92531E-04, 1.42327E+03,-1.29167E+00, 7.41472E+00, 1.96092E-01, 3.29505E+00,-5.10736E+00, 2.93183E+01, 7.75359E-01, 1.22468E+02, 2.66466E+01, 1.54691E+02, 6.69099E+01, 5.46127E-01, 2.57286E+00, 9.66938E+01, 2.96316E+01, 5.20855E-03,-1.38572E-04, 0.00000E+00, 0.00000E+00, 0.00000E+00,
 1232, 2.46192E+01,TRUE,0, 0.00000E+00, 3.57046E+00, 1.42322E+00, 2.89752E+00, 0.00000E+00, 0.00000E+00, 1.88475E-01, 0.00000E+00, 8.87934E-01, 1.42322E+03,-1.29028E+00, 7.41274E+00, 1.97227E-01, 2.78931E-01,-9.64642E-04, 6.80506E-04, 1.42325E+03,-1.29098E+00, 7.41374E+00, 1.96660E-01, 3.29533E+00,-5.10503E+00, 2.93168E+01, 7.77671E-01, 1.26165E+02, 2.74638E+01, 1.57391E+02, 6.75082E+01, 5.46108E-01, 2.57280E+00, 9.68261E+01, 2.96313E+01, 5.20788E-03,-1.38966E-04, 0.00000E+00, 0.00000E+00, 0.00000E+00,
 1233, 2.46392E+01,TRUE,0, 0.00000E+00, 3.57042E+00, 1.42320E+00, 2.89750E+00, 0.00000E+00, 0.00000E+00, 1.88471E-01, 0.00000E+00, 8.87926E-01, 1.42320E+03,-1.28958E+00, 7.41173E+00, 1.97791E-01, 3.04810E-01,-1.06573E-03, 6.65024E-04, 1.42322E+03,-1.29028E+00, 7.41274E+00, 1.97227E-01, 3.29524E+00,-5.10213E+00, 2.93121E+01, 7.79892E-01, 1.29932E+02, 2.82764E+01, 1.60115E+02, 6.80971E+01, 5.46093E-01, 2.57277E+00, 9.69530E+01, 2.96311E+01, 5.20720E-03,-1.39356E-04, 0.00000E+00, 0.00000E+00, 0.00000E+00,
 1234, 2.46592E+01,TRUE,0, 2.13699E+03, 3.57039E+00, 1.42317E+00, 2.89749E+00, 8.59576E-02, 6.25980E-02, 1.88468E-01, 1.36100E-02, 8.87922E-01, 1.42320E+03,-1.26818E+00, 7.41070E+00, 1.98352E-01, 3.30688E-01,-1.15252E-03, 6.47053E-04, 1.42320E+03,-1.28958E+00, 7.41173E+00, 1.97791E-01, 3.29516E+00,-5.09923E+00, 2.93074E+01, 7.82104E-01, 1.22273E+02, 2.65844E+01, 1.54488E+02, 6.68560E+01, 5.46082E-01, 2.57274E+00, 9.66790E+01, 2.96309E+01, 5.20652E-03,-1.39743E-04, 0.00000E+00, 0.00000E+00, 0.00000E+00,
 1235, 2.46792E+01,TRUE,0, 0.00000E+00, 3.57010E+00, 1.42317E+00, 2.89721E+00, 0.00000E+00, 0.00000E+00, 1.88479E-01, 0.00000E+00, 8.87986E-01, 1.42317E+03,-1.26739E+00, 7.40970E+00, 1.98910E-01, 3.27759E-01,-9.88483E-04, 6.31496E-04, 1.42320E+03,-1.26818E+00, 7.41070E+00, 1.98352E-01, 3.29507E+00,-5.01448E+00, 2.93026E+01, 7.84302E-01, 1.25965E+02, 2.74018E+01, 1.57187E+02, 6.74551E+01, 5.46064E-01, 2.57268E+00, 9.68119E+01, 2.96306E+01, 5.20590E-03,-1.40125E-04, 0.00000E+00, 0.00000E+00, 0.00000E+00,
 1236, 2.46992E+01,TRUE,0, 0.00000E+00, 3.57007E+00, 1.42315E+00, 2.89720E+00, 0.00000E+00, 0.00000E+00, 1.88475E-01, 0.00000E+00, 8.87977E-01, 1.42315E+03,-1.26660E+00, 7.40870E+00, 1.99464E-01, 3.53149E-01,-1.00946E-03, 6.10113E-04, 1.42317E+03,-1.26739E+00, 7.40970E+00, 1.98910E-01, 3.29539E+00,-5.01184E+00, 2.93014E+01, 7.86584E-01, 1.29727E+02, 2.82147E+01, 1.59908E+02, 6.80448E+01, 5.46050E-01, 2.57264E+00, 9.69394E+01, 2.96304E+01, 5.20528E-03,-1.40505E-04, 0.00000E+00, 0.00000E+00, 0.00000E+00,
 1237, 2.47192E+01,TRUE,0, 1.93818E+03, 3.57004E+00, 1.42312E+00, 2.89719E+00, 9.46615E-02, 6.89103E-02, 1.88472E-01, 1.49743E-02, 8.87972E-01, 1.42316E+03,-1.23972E+00, 7.40769E+00, 2.00012E-01, 3.78540E-01,-1.03235E-03, 5.88357E-04, 1.42315E+03,-1.26660E+00, 7.40870E+00, 1.99464E-01, 3.29531E+00,-5.00859E+00, 2.92967E+01, 7.88753E-01, 1.20917E+02, 2.62755E+01, 1.53450E+02, 6.66252E+01, 5.46039E-01, 2.57262E+00, 9.66272E+01, 2.96302E+01, 5.20465E-03,-1.40880E-04, 0.00000E+00, 0.00000E+00, 0.00000E+00,
 1238, 2.47392E+01,TRUE,0, 0.00000E+00, 3.56976E+00, 1.42313E+00, 2.89692E+00, 0.00000E+00, 0.00000E+00, 1.88484E-01, 0.00000E+00, 8.88034E-01, 1.42313E+03,-1.23882E+00, 7.40671E+00, 2.00556E-01, 3.67554E-01,-8.64029E-04, 5.71907E-04, 1.42316E+03,-1.23972E+00, 7.40769E+00, 2.00012E-01, 3.29523E+00,-4.90220E+00, 2.92920E+01, 7.90902E-01, 1.24582E+02, 2.70946E+01, 1.56139E+02, 6.72279E+01, 5.46022E-01, 2.57256E+00, 9.67621E+01, 2.96299E+01, 5.20402E-03,-1.41252E-04, 0.00000E+00, 0.00000E+00, 0.00000E+00,
 1239, 2.47592E+01,TRUE,0, 0.00000E+00, 3.56972E+00, 1.42311E+00, 2.89690E+00, 0.00000E+00, 0.00000E+00, 1.88480E-01, 0.00000E+00, 8.88024E-01, 1.42311E+03,-1.23793E+00, 7.40573E+00, 2.01095E-01, 3.92334E-01,-9.22203E-04, 5.49763E-04, 1.42313E+03,-1.23882E+00, 7.40671E+00, 2.00556E-01, 3.29565E+00,-4.89928E+00, 2.92919E+01, 7.93157E-01, 1.28317E+02, 2.79091E+01, 1.58852E+02, 6.78212E+01, 5.46008E-01, 2.57252E+00, 9.68916E+01, 2.96296E+01, 5.20339E-03,-1.41620E-04, 0.00000E+00, 0.00000E+00, 0.00000E+00,
 1240, 2.47792E+01,TRUE,0, 1.79568E+03, 3.56970E+00, 1.42308E+00, 2.89689E+00, 1.01078E-01, 7.35785E-02, 1.88477E-01, 1.59934E-02, 8.88017E-01, 1.42302E+03,-1.27992E+00, 7.40474E+00, 2.01628E-01,-5.82886E-01,-9.76086E-04, 5.28440E-04, 1.42311E+03,-1.23793E+00, 7.40573E+00, 2.01095E-01, 3.29557E+00,-4.89561E+00, 2.92873E+01, 7.95268E-01, 1.18769E+02, 2.58162E+01, 1.51866E+02, 6.62920E+01, 5.45998E-01, 2.57249E+00, 9.65566E+01, 2.96294E+01, 5.20275E-03,-1.41985E-04, 0.00000E+00, 0.00000E+00, 0.00000E+00,
 1241, 2.47992E+01,TRUE,0, 0.00000E+00, 3.56881E+00, 1.42300E+00, 2.89601E+00, 0.00000E+00, 0.00000E+00, 1.88521E-01, 0.00000E+00, 8.88231E-01, 1.42300E+03,-1.27921E+00, 7.40366E+00, 2.02153E-01,-4.98291E-01,-1.42717E-03, 4.99502E-04, 1.42302E+03,-1.27992E+00, 7.40474E+00, 2.01628E-01, 3.29550E+00,-5.06156E+00, 2.92827E+01, 7.97356E-01, 1.22392E+02, 2.66378E+01, 1.54542E+02, 6.69000E+01, 5.45959E-01, 2.57233E+00, 9.66944E+01, 2.96286E+01, 5.20205E-03,-1.42346E-04, 0.00000E+00, 0.00000E+00, 0.00000E+00,
 1242, 2.48192E+01,TRUE,0, 0.00000E+00, 3.56874E+00, 1.42297E+00, 2.89599E+00, 0.00000E+00, 0.00000E+00, 1.88512E-01, 0.00000E+00, 8.88199E-01, 1.42297E+03,-1.27850E+00, 7.40259E+00, 2.02672E-01,-4.72656E-01,-1.39856E-03, 4.81814E-04, 1.42300E+03,-1.27921E+00, 7.40366E+00, 2.02153E-01, 3.29458E+00,-5.05736E+00, 2.92704E+01, 7.99211E-01, 1.26086E+02, 2.74551E+01, 1.57242E+02, 6.74986E+01, 5.45928E-01, 2.57222E+00, 9.68266E+01, 2.96281E+01, 5.20141E-03,-1.42704E-04, 0.00000E+00, 0.00000E+00, 0.00000E+00,
 1243, 2.48392E+01,TRUE,0, 0.00000E+00, 3.56869E+00, 1.42295E+00, 2.89598E+00, 0.00000E+00, 0.00000E+00, 1.88504E-01, 0.00000E+00, 8.88178E-01, 1.42295E+03,-1.27779E+00, 7.40152E+00, 2.03186E-01,-4.47021E-01,-1.37520E-03, 4.65199E-04, 1.42297E+03,-1.27850E+00, 7.40259E+00, 2.02672E-01, 3.29450E+00,-5.05443E+00, 2.92654E+01, 8.01245E-01, 1.29851E+02, 2.82677E+01, 1.59966E+02, 6.80876E+01, 5.45904E-01, 2.57214E+00, 9.69535E+01, 2.96278E+01, 5.20076E-03,-1.43058E-04, 0.00000E+00, 0.00000E+00, 0.00000E+00,
 1244, 2.48592E+01,TRUE,0, 2.13660E+03, 3.56865E+00, 1.42292E+00, 2.89597E+00, 8.59491E-02, 6.25698E-02, 1.88499E-01, 1.36084E-02, 8.88166E-01, 1.42289E+03,-1.30345E+00, 7.40045E+00, 2.03693E-01,-4.21387E-01,-1.35422E-03, 4.49717E-04, 1.42295E+03,-1.27779E+00, 7.40152E+00, 2.03186E-01, 3.29442E+00,-5.05150E+00, 2.92604E+01, 8.03255E-01, 1.22196E+02, 2.65767E+01, 1.54348E+02, 6.68481E+01, 5.45886E-01, 2.57210E+00, 9.66797E+01, 2.96276E+01, 5.20011E-03,-1.43408E-04, 0.00000E+00, 0.00000E+00, 0.00000E+00,
 1245, 2.48792E+01,TRUE,0, 0.00000E+00, 3.56796E+00, 1.42286E+00, 2.89529E+00, 0.00000E+00, 0.00000E+00, 1.88530E-01, 0.00000E+00, 8.88324E-01, 1.42286E+03,-1.30285E+00, 7.39934E+00, 2.04210E-01,-3.59009E-01,-1.53160E-03, 5.15342E-04, 1.42289E+03,-1.30345E+00, 7.40045E+00, 2.03693E-01, 3.29433E+00,-5.15279E+00, 2.92555E+01, 8.05240E-01, 1.25885E+02, 2.73941E+01, 1.57046E+02, 6.74474E+01, 5.45849E-01, 2.57196E+00, 9.68125E+01, 2.96269E+01, 5.19946E-03,-1.43815E-04, 0.00000E+00, 0.00000E+00, 0.00000E+00,
 1246, 2.48991E+01,TRUE,0, 0.00000E+00, 3.56790E+00, 1.42283E+00, 2.89528E+00, 0.00000E+00, 0.00000E+00, 1.88521E-01, 0.00000E+00, 8.88298E-01, 1.42283E+03,-1.30224E+00, 7.39823E+00, 2.04735E-01,-3.32886E-01,-1.48344E-03, 5.70372E-04, 1.42286E+03,-1.30285E+00, 7.39934E+00, 2.04210E-01, 3.29374E+00,-5.14948E+00, 2.92458E+01, 8.07136E-01, 1.29645E+02, 2.82069E+01, 1.59767E+02, 6.80373E+01, 5.45819E-01, 2.57187E+00, 9.69400E+01, 2.96265E+01, 5.19880E-03,-1.44218E-04, 0.00000E+00, 0.00000E+00, 0.00000E+00,
 1247, 2.49191E+01,TRUE,0, 1.93774E+03, 3.56785E+00, 1.42281E+00, 2.89526E+00, 9.46544E-02, 6.88820E-02, 1.88514E-01, 1.49737E-02, 8.88283E-01, 1.42278E+03,-1.32277E+00, 7.39714E+00, 2.05266E-01,-3.06763E-01,-1.35708E-03, 6.10620E-04, 1.42283E+03,-1.30224E+00, 7.39823E+00, 2.04735E-01, 3.29365E+00,-5.14696E+00, 2.92406E+01, 8.09189E-01, 1.20841E+02, 2.62688E+01, 1.53318E+02, 6.66191E+01, 5.45797E-01, 2.57181E+00, 9.66279E+01, 2.96263E+01, 5.19820E-03,-1.44617E-04, 0.00000E+00, 0.00000E+00, 0.00000E+00,
 1248, 2.49391E+01,TRUE,0, 0.00000E+00, 3.56715E+00, 1.42275E+00, 2.89459E+00, 0.00000E+00, 0.00000E+00, 1.88544E-01, 0.00000E+00, 8.88439E-01, 1.42275E+03,-1.32225E+00, 7.39604E+00, 2.05802E-01,-2.51221E-01,-1.40953E-03, 6.33895E-04, 1.42278E+03,-1.32277E+00, 7.39714E+00, 2.05266E-01, 3.29356E+00,-5.22794E+00, 2.92355E+01, 8.11268E-01, 1.24503E+02, 2.70878E+01, 1.56007E+02, 6.72220E+01, 5.45757E-01, 2.57166E+00, 9.67628E+01, 2.96256E+01, 5.19760E-03,-1.45012E-04, 0.00000E+00, 0.00000E+00, 0.00000E+00,
 1249, 2.49591E+01,TRUE,0, 0.00000E+00, 3.56708E+00, 1.42272E+00, 2.89456E+00, 0.00000E+00, 0.00000E+00, 1.88535E-01, 0.00000E+00, 8.88413E-01, 1.42272E+03,-1.32173E+00, 7.39495E+00, 2.06341E-01,-2.24731E-01,-1.30081E-03, 6.51479E-04, 1.42275E+03,-1.32225E+00, 7.39604E+00, 2.05802E-01, 3.29306E+00,-5.22510E+00, 2.92267E+01, 8.13261E-01, 1.28235E+02, 2.79024E+01, 1.58719E+02, 6.78154E+01, 5.45725E-01, 2.57157E+00, 9.68923E+01, 2.96251E+01, 5.19700E-03,-1.45404E-04, 0.00000E+00, 0.00000E+00, 0.00000E+00,
 1250, 2.49791E+01,TRUE,0, 1.79519E+03, 3.56703E+00, 1.42270E+00, 2.89454E+00, 1.01073E-01, 7.35516E-02, 1.88528E-01, 1.59941E-02, 8.88398E-01, 1.42268E+03,-1.33578E+00, 7.39388E+00, 2.06881E-01,-1.98242E-01,-1.21403E-03, 6.59987E-04, 1.42272E+03,-1.32173E+00, 7.39495E+00, 2.06341E-01, 3.29297E+00,-5.22289E+00, 2.92217E+01, 8.15369E-01, 1.18693E+02, 2.58103E+01, 1.51744E+02, 6.62876E+01, 5.45701E-01, 2.57151E+00, 9.65574E+01, 2.96248E+01, 5.19639E-03,-1.45791E-04, 0.00000E+00, 0.00000E+00, 0.00000E+00,
 1251, 2.49991E+01,TRUE,0, 0.00000E+00, 3.56635E+00, 1.42265E+00, 2.89390E+00, 0.00000E+00, 0.00000E+00, 1.88556E-01, 0.00000E+00, 8.88547E-01, 1.42265E+03,-1.33531E+00, 7.39278E+00, 2.07423E-01,-1.51367E-01,-1.33944E-03, 6.57976E-04, 1.42268E+03,-1.33578E+00, 7.39388E+00, 2.06881E-01, 3.29289E+00,-5.27828E+00, 2.92166E+01, 8.17484E-01, 1.22314E+02, 2.66320E+01, 1.54419E+02, 6.68957E+01, 5.45661E-01, 2.57136E+00, 9.66951E+01, 2.96242E+01, 5.19572E-03,-1.46175E-04, 0.00000E+00, 0.00000E+00, 0.00000E+00,
 1252, 2.50191E+01,TRUE,0, 0.00000E+00, 3.56628E+00, 1.42262E+00, 2.89387E+00, 0.00000E+00, 0.00000E+00, 1.88547E-01, 0.00000E+00, 8.88523E-01, 1.42262E+03,-1.33483E+00, 7.39168E+00, 2.07963E-01,-1.24634E-01,-1.33657E-03, 6.53461E-04, 1.42265E+03,-1.33531E+00, 7.39278E+00, 2.07423E-01, 3.29251E+00,-5.27582E+00, 2.92090E+01, 8.19530E-01, 1.26006E+02, 2.74492E+01, 1.57119E+02, 6.74944E+01, 5.45629E-01, 2.57127E+00, 9.68273E+01, 2.96237E+01, 5.19504E-03,-1.46556E-04, 0.00000E+00, 0.00000E+00, 0.00000E+00,
 1253, 2.50391E+01,TRUE,0, 0.00000E+00, 3.56622E+00, 1.42260E+00, 2.89384E+00, 0.00000E+00, 0.00000E+00, 1.88540E-01, 0.00000E+00, 8.88509E-01, 1.42260E+03,-1.33435E+00, 7.39058E+00, 2.08503E-01,-9.79004E-02,-1.33467E-03, 6.44058E-04, 1.42262E+03,-1.33483E+00, 7.39168E+00, 2.07963E-01, 3.29242E+00,-5.27380E+00, 2.92038E+01, 8.21644E-01, 1.29768E+02, 2.82619E+01, 1.59842E+02, 6.80835E+01, 5.45604E-01, 2.57121E+00, 9.69542E+01, 2.96234E+01, 5.19437E-03,-1.46932E-04, 0.00000E+00, 0.00000E+00, 0.00000E+00,
 1254, 2.50591E+01,TRUE,0, 2.13605E+03, 3.56617E+00, 1.42257E+00, 2.89383E+00, 8.59406E-02, 6.25457E-02, 1.88535E-01, 1.36092E-02, 8.88503E-01, 1.42256E+03,-1.33831E+00, 7.38947E+00, 2.09040E-01,-7.11670E-02,-1.33371E-03, 6.30915E-04, 1.42260E+03,-1.33435E+00, 7.39058E+00, 2.08503E-01, 3.29233E+00,-5.27175E+00, 2.91987E+01, 8.23752E-01, 1.22119E+02, 2.65716E+01, 1.54233E+02, 6.68452E+01, 5.45586E-01, 2.57117E+00, 9.66804E+01, 2.96232E+01, 5.19369E-03,-1.47305E-04, 0.00000E+00, 0.00000E+00, 0.00000E+00,
 1255, 2.50791E+01,TRUE,0, 0.00000E+00, 3.56566E+00, 1.42254E+00, 2.89333E+00, 0.00000E+00, 0.00000E+00, 1.88556E-01, 0.00000E+00, 8.88619E-01, 1.42254E+03,-1.33784E+00, 7.38837E+00, 2.09574E-01,-3.80859E-02,-1.28222E-03, 6.14047E-04, 1.42256E+03,-1.33831E+00, 7.38947E+00, 2.09040E-01, 3.29224E+00,-5.28726E+00, 2.91935E+01, 8.25851E-01, 1.25805E+02, 2.73891E+01, 1.56931E+02, 6.74445E+01, 5.45555E-01, 2.57107E+00, 9.68132E+01, 2.96227E+01, 5.19307E-03,-1.47674E-04, 0.00000E+00, 0.00000E+00, 0.00000E+00,
 1256, 2.50991E+01,TRUE,0, 0.00000E+00, 3.56560E+00, 1.42251E+00, 2.89331E+00, 0.00000E+00, 0.00000E+00, 1.88549E-01, 0.00000E+00, 8.88603E-01, 1.42251E+03,-1.33736E+00, 7.38729E+00, 2.10104E-01,-1.12305E-02,-1.20926E-03, 5.96270E-04, 1.42254E+03,-1.33784E+00, 7.38837E+00, 2.09574E-01, 3.29206E+00,-5.28511E+00, 2.91876E+01, 8.27916E-01, 1.29563E+02, 2.82020E+01, 1.59652E+02, 6.80345E+01, 5.45531E-01, 2.57100E+00, 9.69406E+01, 2.96223E+01, 5.19244E-03,-1.48040E-04, 0.00000E+00, 0.00000E+00, 0.00000E+00,
 1257, 2.51191E+01,TRUE,0, 1.93727E+03, 3.56555E+00, 1.42248E+00, 2.89329E+00, 9.46421E-02, 6.88549E-02, 1.88544E-01, 1.49748E-02, 8.88595E-01, 1.42249E+03,-1.33580E+00, 7.38619E+00, 2.10630E-01, 1.56250E-02,-1.23882E-03, 5.77226E-04, 1.42251E+03,-1.33736E+00, 7.38729E+00, 2.10104E-01, 3.29197E+00,-5.28307E+00, 2.91825E+01, 8.29988E-01, 1.20766E+02, 2.62647E+01, 1.53212E+02, 6.66175E+01, 5.45513E-01, 2.57096E+00, 9.66286E+01, 2.96220E+01, 5.19175E-03,-1.48401E-04, 0.00000E+00, 0.00000E+00, 0.00000E+00,
 1258, 2.51391E+01,TRUE,0, 0.00000E+00, 3.56504E+00, 1.42246E+00, 2.89280E+00, 0.00000E+00, 0.00000E+00, 1.88565E-01, 0.00000E+00, 8.88708E-01, 1.42246E+03,-1.33531E+00, 7.38511E+00, 2.11152E-01, 4.08936E-02,-1.17207E-03, 5.57691E-04, 1.42249E+03,-1.33580E+00, 7.38619E+00, 2.10630E-01, 3.29188E+00,-5.27676E+00, 2.91773E+01, 8.32043E-01, 1.24426E+02, 2.70838E+01, 1.55901E+02, 6.72204E+01, 5.45482E-01, 2.57086E+00, 9.67634E+01, 2.96215E+01, 5.19112E-03,-1.48759E-04, 0.00000E+00, 0.00000E+00, 0.00000E+00,
 1259, 2.51591E+01,TRUE,0, 0.00000E+00, 3.56498E+00, 1.42243E+00, 2.89278E+00, 0.00000E+00, 0.00000E+00, 1.88559E-01, 0.00000E+00, 8.88691E-01, 1.42243E+03,-1.33481E+00, 7.38403E+00, 2.11668E-01, 6.76270E-02,-1.12915E-03, 5.37664E-04, 1.42246E+03,-1.33531E+00, 7.38511E+00, 2.11152E-01, 3.29181E+00,-5.27469E+00, 2.91724E+01, 8.34085E-01, 1.28156E+02, 2.78984E+01, 1.58613E+02, 6.78139E+01, 5.45458E-01, 2.57078E+00, 9.68929E+01, 2.96211E+01, 5.19049E-03,-1.49114E-04, 0.00000E+00, 0.00000E+00, 0.00000E+00,
 1260, 2.51791E+01,TRUE,0, 1.79478E+03, 3.56494E+00, 1.42241E+00, 2.89275E+00, 1.01058E-01, 7.35227E-02, 1.88554E-01, 1.59954E-02, 8.88682E-01, 1.42242E+03,-1.32737E+00, 7.38296E+00, 2.12179E-01, 9.43604E-02,-1.09911E-03, 5.17815E-04, 1.42243E+03,-1.33481E+00, 7.38403E+00, 2.11668E-01, 3.29172E+00,-5.27257E+00, 2.91674E+01, 8.36102E-01, 1.18622E+02, 2.58072E+01, 1.51647E+02, 6.62872E+01, 5.45439E-01, 2.57074E+00, 9.65580E+01, 2.96208E+01, 5.18985E-03,-1.49465E-04, 0.00000E+00, 0.00000E+00, 0.00000E+00,
 1261, 2.51991E+01,TRUE,0, 0.00000E+00, 3.56445E+00, 1.42239E+00, 2.89229E+00, 0.00000E+00, 0.00000E+00, 1.88574E-01, 0.00000E+00, 8.88789E-01, 1.42239E+03,-1.32683E+00, 7.38189E+00, 2.12685E-01, 1.11450E-01,-1.11341E-03, 4.99874E-04, 1.42242E+03,-1.32737E+00, 7.38296E+00, 2.12179E-01, 3.29163E+00,-5.24303E+00, 2.91624E+01, 8.38099E-01, 1.22241E+02, 2.66289E+01, 1.54323E+02, 6.68954E+01, 5.45409E-01, 2.57063E+00, 9.66956E+01, 2.96203E+01, 5.18915E-03,-1.49812E-04, 0.00000E+00, 0.00000E+00, 0.00000E+00,
 1262, 2.52191E+01,TRUE,0, 0.00000E+00, 3.56439E+00, 1.42236E+00, 2.89226E+00, 0.00000E+00, 0.00000E+00, 1.88567E-01, 0.00000E+00, 8.88773E-01, 1.42236E+03,-1.32628E+00, 7.38082E+00, 2.13185E-01, 1.38062E-01,-1.09434E-03, 4.80905E-04, 1.42239E+03,-1.32683E+00, 7.38189E+00, 2.12685E-01, 3.29167E+00,-5.24097E+00, 2.91585E+01, 8.40108E-01, 1.25930E+02, 2.74462E+01, 1.57023E+02, 6.74940E+01, 5.45385E-01, 2.57056E+00, 9.68278E+01, 2.96199E+01, 5.18851E-03,-1.50156E-04, 0.00000E+00, 0.00000E+00, 0.00000E+00,
 1263, 2.52391E+01,TRUE,0, 0.00000E+00, 3.56434E+00, 1.42234E+00, 2.89224E+00, 0.00000E+00, 0.00000E+00, 1.88562E-01, 0.00000E+00, 8.88763E-01, 1.42234E+03,-1.32574E+00, 7.37974E+00, 2.13680E-01, 1.64673E-01,-1.16920E-03, 4.62815E-04, 1.42236E+03,-1.32628E+00, 7.38082E+00, 2.13185E-01, 3.29158E+00,-5.23868E+00, 2.91535E+01, 8.42061E-01, 1.29691E+02, 2.82590E+01, 1.59746E+02, 6.80833E+01, 5.45367E-01, 2.57051E+00, 9.69547E+01, 2.96196E+01, 5.18780E-03,-1.50496E-04, 0.00000E+00, 0.00000E+00, 0.00000E+00,
 1264, 2.52591E+01,TRUE,0, 2.13562E+03, 3.56430E+00, 1.42231E+00, 2.89222E+00, 8.59246E-02, 6.25213E-02, 1.88559E-01, 1.36106E-02, 8.88759E-01, 1.42233E+03,-1.31322E+00, 7.37865E+00, 2.14168E-01, 1.91284E-01,-1.23310E-03, 4.45738E-04, 1.42234E+03,-1.32574E+00, 7.37974E+00, 2.13680E-01, 3.29149E+00,-5.23638E+00, 2.91484E+01, 8.43990E-01, 1.22049E+02, 2.65695E+01, 1.54145E+02, 6.68458E+01, 5.45353E-01, 2.57048E+00, 9.66809E+01, 2.96194E+01, 5.18709E-03,-1.50832E-04, 0.00000E+00, 0.00000E+00, 0.00000E+00,
 1265, 2.52791E+01,TRUE,0, 0.00000E+00, 3.56393E+00, 1.42230E+00, 2.89187E+00, 0.00000E+00, 0.00000E+00, 1.88574E-01, 0.00000E+00, 8.88841E-01, 1.42230E+03,-1.31262E+00, 7.37757E+00, 2.14651E-01, 2.01294E-01,-1.11485E-03, 4.32283E-04, 1.42233E+03,-1.31322E+00, 7.37865E+00, 2.14168E-01, 3.29140E+00,-5.18682E+00, 2.91433E+01, 8.45897E-01, 1.25734E+02, 2.73870E+01, 1.56843E+02, 6.74452E+01, 5.45330E-01, 2.57041E+00, 9.68137E+01, 2.96190E+01, 5.18644E-03,-1.51165E-04, 0.00000E+00, 0.00000E+00, 0.00000E+00,
 1266, 2.52991E+01,TRUE,0, 0.00000E+00, 3.56388E+00, 1.42227E+00, 2.89185E+00, 0.00000E+00, 0.00000E+00, 1.88569E-01, 0.00000E+00, 8.88830E-01, 1.42227E+03,-1.31201E+00, 7.37650E+00, 2.15128E-01, 2.27539E-01,-1.10722E-03, 4.16979E-04, 1.42230E+03,-1.31262E+00, 7.37757E+00, 2.14651E-01, 3.29155E+00,-5.18465E+00, 2.91404E+01, 8.47841E-01, 1.29489E+02, 2.82000E+01, 1.59564E+02, 6.80351E+01, 5.45312E-01, 2.57036E+00, 9.69411E+01, 2.96187E+01, 5.18579E-03,-1.51494E-04, 0.00000E+00, 0.00000E+00, 0.00000E+00,
 1267, 2.53191E+01,TRUE,0, 1.93691E+03, 3.56385E+00, 1.42225E+00, 2.89183E+00, 9.46233E-02, 6.88289E-02, 1.88565E-01, 1.49766E-02, 8.88824E-01, 1.42227E+03,-1.29393E+00, 7.37545E+00, 2.15615E-01, 2.53784E-01,-1.02091E-03, 4.88102E-04, 1.42227E+03,-1.31201E+00, 7.37650E+00, 2.15128E-01, 3.29146E+00,-5.18211E+00, 2.91353E+01, 8.49701E-01, 1.20700E+02, 2.62634E+01, 1.53133E+02, 6.66190E+01, 5.45298E-01, 2.57033E+00, 9.66290E+01, 2.96185E+01, 5.18519E-03,-1.51880E-04, 0.00000E+00, 0.00000E+00, 0.00000E+00,
 1268, 2.53391E+01,TRUE,0, 0.00000E+00, 3.56348E+00, 1.42224E+00, 2.89148E+00, 0.00000E+00, 0.00000E+00, 1.88580E-01, 0.00000E+00, 8.88903E-01, 1.42224E+03,-1.29324E+00, 7.37443E+00, 2.16111E-01, 2.55737E-01,-8.29697E-04, 5.46157E-04, 1.42227E+03,-1.29393E+00, 7.37545E+00, 2.15615E-01, 3.29137E+00,-5.11056E+00, 2.91304E+01, 8.51602E-01, 1.24358E+02, 2.70826E+01, 1.55822E+02, 6.72219E+01, 5.45276E-01, 2.57025E+00, 9.67638E+01, 2.96181E+01, 5.18459E-03,-1.52262E-04, 0.00000E+00, 0.00000E+00, 0.00000E+00,
 1269, 2.53591E+01,TRUE,0, 0.00000E+00, 3.56344E+00, 1.42222E+00, 2.89146E+00, 0.00000E+00, 0.00000E+00, 1.88575E-01, 0.00000E+00, 8.88892E-01, 1.42222E+03,-1.29255E+00, 7.37340E+00, 2.16613E-01, 2.81616E-01,-8.93116E-04, 5.85154E-04, 1.42224E+03,-1.29324E+00, 7.37443E+00, 2.16111E-01, 3.29162E+00,-5.10822E+00, 2.91286E+01, 8.53625E-01, 1.28087E+02, 2.78972E+01, 1.58534E+02, 6.78153E+01, 5.45258E-01, 2.57020E+00, 9.68933E+01, 2.96178E+01, 5.18393E-03,-1.52640E-04, 0.00000E+00, 0.00000E+00, 0.00000E+00,
 1270, 2.53791E+01,TRUE,0, 1.79447E+03, 3.56340E+00, 1.42219E+00, 2.89145E+00, 1.01037E-01, 7.34960E-02, 1.88571E-01, 1.59976E-02, 8.88884E-01, 1.42222E+03,-1.26926E+00, 7.37237E+00, 2.17120E-01, 3.07495E-01,-9.52721E-04, 6.11648E-04, 1.42222E+03,-1.29255E+00, 7.37340E+00, 2.16613E-01, 3.29153E+00,-5.10536E+00, 2.91238E+01, 8.55586E-01, 1.18561E+02, 2.58068E+01, 1.51577E+02, 6.62895E+01, 5.45244E-01, 2.57016E+00, 9.65583E+01, 2.96175E+01, 5.18326E-03,-1.53014E-04, 0.00000E+00, 0.00000E+00, 0.00000E+00,
 1271, 2.53991E+01,TRUE,0, 0.00000E+00, 3.56306E+00, 1.42220E+00, 2.89112E+00, 0.00000E+00, 0.00000E+00, 1.88585E-01, 0.00000E+00, 8.88960E-01, 1.42220E+03,-1.26847E+00, 7.37135E+00, 2.17630E-01, 3.01880E-01,-9.27448E-04, 6.32450E-04, 1.42222E+03,-1.26926E+00, 7.37237E+00, 2.17120E-01, 3.29145E+00,-5.01323E+00, 2.91190E+01, 8.57566E-01, 1.22179E+02, 2.66286E+01, 1.54253E+02, 6.68976E+01, 5.45223E-01, 2.57009E+00, 9.66960E+01, 2.96171E+01, 5.18254E-03,-1.53385E-04, 0.00000E+00, 0.00000E+00, 0.00000E+00,
 1272, 2.54191E+01,TRUE,0, 0.00000E+00, 3.56301E+00, 1.42217E+00, 2.89110E+00, 0.00000E+00, 0.00000E+00, 1.88581E-01, 0.00000E+00, 8.88948E-01, 1.42217E+03,-1.26768E+00, 7.37031E+00, 2.18143E-01, 3.27271E-01,-9.89914E-04, 6.38619E-04, 1.42220E+03,-1.26847E+00, 7.37135E+00, 2.17630E-01, 3.29181E+00,-5.01065E+00, 2.91181E+01, 8.59677E-01, 1.25867E+02, 2.74460E+01, 1.56953E+02, 6.74962E+01, 5.45206E-01, 2.57004E+00, 9.68281E+01, 2.96168E+01, 5.18187E-03,-1.53752E-04, 0.00000E+00, 0.00000E+00, 0.00000E+00,
 1273, 2.54391E+01,TRUE,0, 0.00000E+00, 3.56298E+00, 1.42215E+00, 2.89108E+00, 0.00000E+00, 0.00000E+00, 1.88577E-01, 0.00000E+00, 8.88941E-01, 1.42215E+03,-1.26689E+00, 7.36927E+00, 2.18656E-01, 3.52661E-01,-1.04666E-03, 6.37621E-04, 1.42217E+03,-1.26768E+00, 7.37031E+00, 2.18143E-01, 3.29172E+00,-5.00741E+00, 2.91132E+01, 8.61680E-01, 1.29626E+02, 2.82587E+01, 1.59676E+02, 6.80854E+01, 5.45192E-01, 2.57000E+00, 9.69550E+01, 2.96166E+01, 5.18119E-03,-1.54115E-04, 0.00000E+00, 0.00000E+00, 0.00000E+00,
 1274, 2.54591E+01,TRUE,0, 2.13530E+03, 3.56295E+00, 1.42212E+00, 2.89107E+00, 8.59056E-02, 6.24997E-02, 1.88574E-01, 1.36126E-02, 8.88937E-01, 1.42215E+03,-1.24247E+00, 7.36822E+00, 2.19169E-01, 3.78052E-01,-1.09768E-03, 6.30885E-04, 1.42215E+03,-1.26689E+00, 7.36927E+00, 2.18656E-01, 3.29164E+00,-5.00418E+00, 2.91084E+01, 8.63686E-01, 1.21991E+02, 2.65699E+01, 1.54082E+02, 6.68485E+01, 5.45182E-01, 2.56998E+00, 9.66811E+01, 2.96165E+01, 5.18052E-03,-1.54474E-04, 0.00000E+00, 0.00000E+00, 0.00000E+00,
 1275, 2.54791E+01,TRUE,0, 0.00000E+00, 3.56270E+00, 1.42213E+00, 2.89083E+00, 0.00000E+00, 0.00000E+00, 1.88585E-01, 0.00000E+00, 8.88994E-01, 1.42213E+03,-1.24159E+00, 7.36719E+00, 2.19681E-01, 3.70483E-01,-9.69887E-04, 6.24761E-04, 1.42215E+03,-1.24247E+00, 7.36822E+00, 2.19169E-01, 3.29156E+00,-4.90762E+00, 2.91035E+01, 8.65689E-01, 1.25674E+02, 2.73874E+01, 1.56780E+02, 6.74479E+01, 5.45166E-01, 2.56993E+00, 9.68139E+01, 2.96162E+01, 5.17984E-03,-1.54829E-04, 0.00000E+00, 0.00000E+00, 0.00000E+00,
 1276, 2.54991E+01,TRUE,0, 0.00000E+00, 3.56267E+00, 1.42210E+00, 2.89081E+00, 0.00000E+00, 0.00000E+00, 1.88581E-01, 0.00000E+00, 8.88986E-01, 1.42210E+03,-1.24070E+00, 7.36615E+00, 2.20190E-01, 3.95386E-01,-1.04094E-03, 6.09130E-04, 1.42213E+03,-1.24159E+00, 7.36719E+00, 2.19681E-01, 3.29194E+00,-4.90468E+00, 2.91028E+01, 8.67810E-01, 1.29428E+02, 2.82004E+01, 1.59501E+02, 6.80377E+01, 5.45154E-01, 2.56989E+00, 9.69413E+01, 2.96160E+01, 5.17916E-03,-1.55181E-04, 0.00000E+00, 0.00000E+00, 0.00000E+00,
 1277, 2.55191E+01,TRUE,0, 1.93663E+03, 3.56264E+00, 1.42208E+00, 2.89080E+00, 9.46023E-02, 6.88066E-02, 1.88579E-01, 1.49790E-02, 8.88981E-01, 1.42212E+03,-1.21090E+00, 7.36510E+00, 2.20696E-01, 4.20288E-01,-1.10292E-03, 5.91055E-04, 1.42210E+03,-1.24070E+00, 7.36615E+00, 2.20190E-01, 3.29186E+00,-4.90106E+00, 2.90980E+01, 8.69800E-01, 1.20647E+02, 2.62645E+01, 1.53077E+02, 6.66222E+01, 5.45144E-01, 2.56987E+00, 9.66291E+01, 2.96158E+01, 5.17847E-03,-1.55529E-04, 0.00000E+00, 0.00000E+00, 0.00000E+00,
 1278, 2.55391E+01,TRUE,0, 0.00000E+00, 3.56239E+00, 1.42210E+00, 2.89056E+00, 0.00000E+00, 0.00000E+00, 1.88589E-01, 0.00000E+00, 8.89036E-01, 1.42210E+03,-1.20990E+00, 7.36409E+00, 2.21199E-01, 4.04907E-01,-8.60214E-04, 5.77718E-04, 1.42212E+03,-1.21090E+00, 7.36510E+00, 2.20696E-01, 3.29178E+00,-4.78323E+00, 2.90931E+01, 8.71778E-01, 1.24304E+02, 2.70837E+01, 1.55766E+02, 6.72251E+01, 5.45128E-01, 2.56982E+00, 9.67640E+01, 2.96155E+01, 5.17785E-03,-1.55874E-04, 0.00000E+00, 0.00000E+00, 0.00000E+00,
 1279, 2.55591E+01,TRUE,0, 0.00000E+00, 3.56236E+00, 1.42207E+00, 2.89055E+00, 0.00000E+00, 0.00000E+00, 1.88585E-01, 0.00000E+00, 8.89027E-01, 1.42207E+03,-1.20890E+00, 7.36308E+00, 2.21697E-01, 4.29199E-01,-8.77380E-04, 5.55918E-04, 1.42210E+03,-1.20990E+00, 7.36409E+00, 2.21199E-01, 3.29227E+00,-4.77997E+00, 2.90934E+01, 8.73894E-01, 1.28032E+02, 2.78984E+01, 1.58479E+02, 6.78184E+01, 5.45116E-01, 2.56978E+00, 9.68934E+01, 2.96153E+01, 5.17722E-03,-1.56215E-04, 0.00000E+00, 0.00000E+00, 0.00000E+00,
 1280, 2.55791E+01,TRUE,0, 1.79425E+03, 3.56234E+00, 1.42205E+00, 2.89055E+00, 1.01014E-01, 7.34739E-02, 1.88583E-01, 1.60003E-02, 8.89021E-01, 1.42199E+03,-1.24807E+00, 7.36208E+00, 2.22191E-01,-5.46631E-01,-8.98838E-04, 5.33864E-04, 1.42207E+03,-1.20890E+00, 7.36308E+00, 2.21697E-01, 3.29219E+00,-4.77592E+00, 2.90888E+01, 8.75843E-01, 1.18513E+02, 2.58085E+01, 1.51529E+02, 6.62931E+01, 5.45107E-01, 2.56976E+00, 9.65583E+01, 2.96152E+01, 5.17659E-03,-1.56552E-04, 0.00000E+00, 0.00000E+00, 0.00000E+00,
 1281, 2.55991E+01,TRUE,0, 0.00000E+00, 3.56148E+00, 1.42197E+00, 2.88970E+00, 0.00000E+00, 0.00000E+00, 1.88625E-01, 0.00000E+00, 8.89229E-01, 1.42197E+03,-1.24726E+00, 7.36100E+00, 2.22677E-01,-4.66309E-01,-1.30367E-03, 5.03018E-04, 1.42199E+03,-1.24807E+00, 7.36208E+00, 2.22191E-01, 3.29212E+00,-4.93056E+00, 2.90842E+01, 8.77773E-01, 1.22130E+02, 2.66304E+01, 1.54205E+02, 6.69011E+01, 5.45070E-01, 2.56960E+00, 9.66960E+01, 2.96144E+01, 5.17589E-03,-1.56885E-04, 0.00000E+00, 0.00000E+00, 0.00000E+00,
 1282, 2.56191E+01,TRUE,0, 0.00000E+00, 3.56142E+00, 1.42194E+00, 2.88968E+00, 0.00000E+00, 0.00000E+00, 1.88616E-01, 0.00000E+00, 8.89197E-01, 1.42194E+03,-1.24644E+00, 7.35991E+00, 2.23159E-01,-4.41284E-01,-1.34563E-03, 4.83140E-04, 1.42197E+03,-1.24726E+00, 7.36100E+00, 2.22677E-01, 3.29126E+00,-4.92605E+00, 2.90723E+01, 8.79467E-01, 1.25817E+02, 2.74477E+01, 1.56905E+02, 6.74997E+01, 5.45041E-01, 2.56950E+00, 9.68281E+01, 2.96139E+01, 5.17519E-03,-1.57215E-04, 0.00000E+00, 0.00000E+00, 0.00000E+00,
 1283, 2.56391E+01,TRUE,0, 0.00000E+00, 3.56138E+00, 1.42192E+00, 2.88967E+00, 0.00000E+00, 0.00000E+00, 1.88609E-01, 0.00000E+00, 8.89177E-01, 1.42192E+03,-1.24563E+00, 7.35882E+00, 2.23634E-01,-4.16260E-01,-1.37949E-03, 4.63858E-04, 1.42194E+03,-1.24644E+00, 7.35991E+00, 2.23159E-01, 3.29118E+00,-4.92272E+00, 2.90674E+01, 8.81347E-01, 1.29575E+02, 2.82606E+01, 1.59628E+02, 6.80888E+01, 5.45018E-01, 2.56943E+00, 9.69550E+01, 2.96136E+01, 5.17449E-03,-1.57541E-04, 0.00000E+00, 0.00000E+00, 0.00000E+00,
 1284, 2.56591E+01,TRUE,0, 2.13492E+03, 3.56134E+00, 1.42189E+00, 2.88966E+00, 8.58924E-02, 6.24866E-02, 1.88604E-01, 1.36158E-02, 8.89165E-01, 1.42186E+03,-1.26927E+00, 7.35771E+00, 2.24104E-01,-3.91357E-01,-1.40476E-03, 4.45411E-04, 1.42192E+03,-1.24563E+00, 7.35882E+00, 2.23634E-01, 3.29110E+00,-4.91939E+00, 2.90623E+01, 8.83204E-01, 1.21945E+02, 2.65719E+01, 1.54039E+02, 6.68521E+01, 5.45001E-01, 2.56938E+00, 9.66810E+01, 2.96134E+01, 5.17379E-03,-1.57864E-04, 0.00000E+00, 0.00000E+00, 0.00000E+00,
 1285, 2.56791E+01,TRUE,0, 0.00000E+00, 3.56067E+00, 1.42183E+00, 2.88901E+00, 0.00000E+00, 0.00000E+00, 1.88634E-01, 0.00000E+00, 8.89318E-01, 1.42183E+03,-1.26856E+00, 7.35658E+00, 2.24567E-01,-3.32275E-01,-1.51777E-03, 4.22403E-04, 1.42186E+03,-1.26927E+00, 7.35771E+00, 2.24104E-01, 3.29102E+00,-5.01264E+00, 2.90573E+01, 8.85038E-01, 1.25628E+02, 2.73895E+01, 1.56737E+02, 6.74513E+01, 5.44965E-01, 2.56925E+00, 9.68138E+01, 2.96128E+01, 5.17315E-03,-1.58183E-04, 0.00000E+00, 0.00000E+00, 0.00000E+00,
 1286, 2.56991E+01,TRUE,0, 0.00000E+00, 3.56062E+00, 1.42181E+00, 2.88899E+00, 0.00000E+00, 0.00000E+00, 1.88625E-01, 0.00000E+00, 8.89292E-01, 1.42181E+03,-1.26786E+00, 7.35546E+00, 2.25024E-01,-3.06885E-01,-1.43147E-03, 4.06876E-04, 1.42183E+03,-1.26856E+00, 7.35658E+00, 2.24567E-01, 3.29047E+00,-5.00900E+00, 2.90479E+01, 8.86717E-01, 1.29381E+02, 2.82026E+01, 1.59459E+02, 6.80411E+01, 5.44937E-01, 2.56916E+00, 9.69412E+01, 2.96124E+01, 5.17250E-03,-1.58499E-04, 0.00000E+00, 0.00000E+00, 0.00000E+00,
 1287, 2.57191E+01,TRUE,0, 1.93621E+03, 3.56057E+00, 1.42178E+00, 2.88898E+00, 9.45929E-02, 6.87971E-02, 1.88619E-01, 1.49834E-02, 8.89277E-01, 1.42175E+03,-1.28652E+00, 7.35434E+00, 2.25476E-01,-2.81494E-01,-1.36042E-03, 3.92333E-04, 1.42181E+03,-1.26786E+00, 7.35546E+00, 2.25024E-01, 3.29038E+00,-5.00609E+00, 2.90427E+01, 8.88500E-01, 1.20605E+02, 2.62667E+01, 1.53040E+02, 6.66257E+01, 5.44916E-01, 2.56910E+00, 9.66289E+01, 2.96121E+01, 5.17185E-03,-1.58811E-04, 0.00000E+00, 0.00000E+00, 0.00000E+00,
 1288, 2.57391E+01,TRUE,0, 0.00000E+00, 3.55990E+00, 1.42173E+00, 2.88833E+00, 0.00000E+00, 0.00000E+00, 1.88648E-01, 0.00000E+00, 8.89428E-01, 1.42173E+03,-1.28589E+00, 7.35321E+00, 2.25936E-01,-2.29004E-01,-1.44482E-03, 4.59686E-04, 1.42175E+03,-1.28652E+00, 7.35434E+00, 2.25476E-01, 3.29030E+00,-5.07963E+00, 2.90376E+01, 8.90260E-01, 1.24261E+02, 2.70859E+01, 1.55729E+02, 6.72285E+01, 5.44877E-01, 2.56896E+00, 9.67637E+01, 2.96115E+01, 5.17120E-03,-1.59179E-04, 0.00000E+00, 0.00000E+00, 0.00000E+00,
 1289, 2.57591E+01,TRUE,0, 0.00000E+00, 3.55983E+00, 1.42170E+00, 2.88831E+00, 0.00000E+00, 0.00000E+00, 1.88639E-01, 0.00000E+00, 8.89403E-01, 1.42170E+03,-1.28526E+00, 7.35209E+00, 2.26406E-01,-2.03247E-01,-1.37329E-03, 5.15193E-04, 1.42173E+03,-1.28589E+00, 7.35321E+00, 2.25936E-01, 3.28984E+00,-5.07645E+00, 2.90291E+01, 8.91954E-01, 1.27988E+02, 2.79007E+01, 1.58442E+02, 6.78218E+01, 5.44847E-01, 2.56887E+00, 9.68932E+01, 2.96111E+01, 5.17054E-03,-1.59544E-04, 0.00000E+00, 0.00000E+00, 0.00000E+00,
 1290, 2.57791E+01,TRUE,0, 1.79377E+03, 3.55978E+00, 1.42168E+00, 2.88829E+00, 1.01010E-01, 7.34688E-02, 1.88632E-01, 1.60058E-02, 8.89387E-01, 1.42166E+03,-1.29767E+00, 7.35097E+00, 2.26881E-01,-1.77490E-01,-1.31464E-03, 5.55858E-04, 1.42170E+03,-1.28526E+00, 7.35209E+00, 2.26406E-01, 3.28975E+00,-5.07383E+00, 2.90239E+01, 8.93782E-01, 1.18474E+02, 2.58107E+01, 1.51496E+02, 6.62963E+01, 5.44824E-01, 2.56881E+00, 9.65579E+01, 2.96108E+01, 5.16988E-03,-1.59904E-04, 0.00000E+00, 0.00000E+00, 0.00000E+00,
 1291, 2.57991E+01,TRUE,0, 0.00000E+00, 3.55913E+00, 1.42163E+00, 2.88767E+00, 0.00000E+00, 0.00000E+00, 1.88659E-01, 0.00000E+00, 8.89533E-01, 1.42163E+03,-1.29709E+00, 7.34983E+00, 2.27361E-01,-1.33545E-01,-1.44815E-03, 5.80803E-04, 1.42166E+03,-1.29767E+00, 7.35097E+00, 2.26881E-01, 3.28967E+00,-5.12269E+00, 2.90187E+01, 8.95637E-01, 1.22090E+02, 2.66326E+01, 1.54172E+02, 6.69043E+01, 5.44785E-01, 2.56868E+00, 9.66956E+01, 2.96101E+01, 5.16916E-03,-1.60261E-04, 0.00000E+00, 0.00000E+00, 0.00000E+00,
 1292, 2.58191E+01,TRUE,0, 0.00000E+00, 3.55906E+00, 1.42161E+00, 2.88764E+00, 0.00000E+00, 0.00000E+00, 1.88650E-01, 0.00000E+00, 8.89509E-01, 1.42161E+03,-1.29651E+00, 7.34870E+00, 2.27845E-01,-1.07544E-01,-1.37663E-03, 5.98401E-04, 1.42163E+03,-1.29709E+00, 7.34983E+00, 2.27361E-01, 3.28933E+00,-5.11988E+00, 2.90112E+01, 8.97440E-01, 1.25777E+02, 2.74500E+01, 1.56872E+02, 6.75028E+01, 5.44755E-01, 2.56858E+00, 9.68277E+01, 2.96097E+01, 5.16850E-03,-1.60614E-04, 0.00000E+00, 0.00000E+00, 0.00000E+00,
 1293, 2.58391E+01,TRUE,0, 0.00000E+00, 3.55901E+00, 1.42158E+00, 2.88762E+00, 0.00000E+00, 0.00000E+00, 1.88643E-01, 0.00000E+00, 8.89495E-01, 1.42158E+03,-1.29593E+00, 7.34757E+00, 2.28330E-01,-8.15430E-02,-1.31893E-03, 6.06894E-04, 1.42161E+03,-1.29651E+00, 7.34870E+00, 2.27845E-01, 3.28924E+00,-5.11745E+00, 2.90060E+01, 8.99325E-01, 1.29534E+02, 2.82628E+01, 1.59596E+02, 6.80918E+01, 5.44731E-01, 2.56853E+00, 9.69546E+01, 2.96094E+01, 5.16784E-03,-1.60964E-04, 0.00000E+00, 0.00000E+00, 0.00000E+00,
 1294, 2.58591E+01,TRUE,0, 2.13440E+03, 3.55896E+00, 1.42156E+00, 2.88761E+00, 8.58867E-02, 6.24823E-02, 1.88638E-01, 1.36202E-02, 8.89488E-01, 1.42155E+03,-1.29881E+00, 7.34643E+00, 2.28817E-01,-5.55420E-02,-1.35803E-03, 6.07848E-04, 1.42158E+03,-1.29593E+00, 7.34757E+00, 2.28330E-01, 3.28916E+00,-5.11502E+00, 2.90008E+01, 9.01218E-01, 1.21908E+02, 2.65742E+01, 1.54010E+02, 6.68551E+01, 5.44714E-01, 2.56849E+00, 9.66805E+01, 2.96092E+01, 5.16711E-03,-1.61309E-04, 0.00000E+00, 0.00000E+00, 0.00000E+00,
 1295, 2.58791E+01,TRUE,0, 0.00000E+00, 3.55847E+00, 1.42152E+00, 2.88713E+00, 0.00000E+00, 0.00000E+00, 1.88659E-01, 0.00000E+00, 8.89601E-01, 1.42152E+03,-1.29824E+00, 7.34530E+00, 2.29303E-01,-2.46582E-02,-1.33038E-03, 6.01947E-04, 1.42155E+03,-1.29881E+00, 7.34643E+00, 2.28817E-01, 3.28907E+00,-5.12626E+00, 2.89955E+01, 9.03113E-01, 1.25590E+02, 2.73918E+01, 1.56708E+02, 6.74542E+01, 5.44684E-01, 2.56840E+00, 9.68132E+01, 2.96087E+01, 5.16644E-03,-1.61651E-04, 0.00000E+00, 0.00000E+00, 0.00000E+00,
 1296, 2.58991E+01,TRUE,0, 0.00000E+00, 3.55842E+00, 1.42150E+00, 2.88711E+00, 0.00000E+00, 0.00000E+00, 1.88653E-01, 0.00000E+00, 8.89585E-01, 1.42150E+03,-1.29766E+00, 7.34417E+00, 2.29787E-01, 1.34277E-03,-1.28269E-03, 5.92142E-04, 1.42152E+03,-1.29824E+00, 7.34530E+00, 2.29303E-01, 3.28892E+00,-5.12375E+00, 2.89897E+01, 9.04988E-01, 1.29343E+02, 2.82048E+01, 1.59430E+02, 6.80440E+01, 5.44661E-01, 2.56833E+00, 9.69407E+01, 2.96084E+01, 5.16577E-03,-1.61989E-04, 0.00000E+00, 0.00000E+00, 0.00000E+00,
 1297, 2.59191E+01,TRUE,0, 1.93577E+03, 3.55837E+00, 1.42147E+00, 2.88709E+00, 9.45857E-02, 6.87926E-02, 1.88648E-01, 1.49879E-02, 8.89576E-01, 1.42148E+03,-1.29519E+00, 7.34306E+00, 2.30269E-01, 2.73438E-02,-1.16062E-03, 5.78657E-04, 1.42150E+03,-1.29766E+00, 7.34417E+00, 2.29787E-01, 3.28883E+00,-5.12133E+00, 2.89845E+01, 9.06876E-01, 1.20571E+02, 2.62690E+01, 1.53014E+02, 6.66284E+01, 5.44644E-01, 2.56829E+00, 9.66282E+01, 2.96081E+01, 5.16515E-03,-1.62324E-04, 0.00000E+00, 0.00000E+00, 0.00000E+00,
 1298, 2.59391E+01,TRUE,0, 0.00000E+00, 3.55788E+00, 1.42145E+00, 2.88662E+00, 0.00000E+00, 0.00000E+00, 1.88668E-01, 0.00000E+00, 8.89687E-01, 1.42145E+03,-1.29460E+00, 7.34197E+00, 2.30748E-01, 5.07813E-02,-1.05238E-03, 5.62832E-04, 1.42148E+03,-1.29519E+00, 7.34306E+00, 2.30269E-01, 3.28874E+00,-5.11147E+00, 2.89793E+01, 9.08755E-01, 1.24227E+02, 2.70882E+01, 1.55703E+02, 6.72311E+01, 5.44614E-01, 2.56819E+00, 9.67631E+01, 2.96076E+01, 5.16453E-03,-1.62654E-04, 0.00000E+00, 0.00000E+00, 0.00000E+00,
 1299, 2.59591E+01,TRUE,0, 0.00000E+00, 3.55783E+00, 1.42142E+00, 2.88660E+00, 0.00000E+00, 0.00000E+00, 1.88662E-01, 0.00000E+00, 8.89670E-01, 1.42142E+03,-1.29400E+00, 7.34090E+00, 2.31224E-01, 7.67822E-02,-9.83715E-04, 5.44533E-04, 1.42145E+03,-1.29460E+00, 7.34197E+00, 2.30748E-01, 3.28869E+00,-5.10905E+00, 2.89746E+01, 9.10632E-01, 1.27953E+02, 2.79029E+01, 1.58416E+02, 6.78243E+01, 5.44591E-01, 2.56812E+00, 9.68926E+01, 2.96072E+01, 5.16391E-03,-1.62981E-04, 0.00000E+00, 0.00000E+00, 0.00000E+00,
 1300, 2.59791E+01,TRUE,0, 1.79340E+03, 3.55778E+00, 1.42140E+00, 2.88658E+00, 1.01001E-01, 7.34641E-02, 1.88657E-01, 1.60104E-02, 8.89660E-01, 1.42141E+03,-1.28586E+00, 7.33983E+00, 2.31695E-01, 1.02661E-01,-1.01948E-03, 5.25057E-04, 1.42142E+03,-1.29400E+00, 7.34090E+00, 2.31224E-01, 3.28861E+00,-5.10656E+00, 2.89696E+01, 9.12484E-01, 1.18444E+02, 2.58130E+01, 1.51473E+02, 6.62988E+01, 5.44573E-01, 2.56808E+00, 9.65571E+01, 2.96069E+01, 5.16323E-03,-1.63305E-04, 0.00000E+00, 0.00000E+00, 0.00000E+00,
 1301, 2.59991E+01,TRUE,0, 0.00000E+00, 3.55731E+00, 1.42138E+00, 2.88613E+00, 0.00000E+00, 0.00000E+00, 1.88676E-01, 0.00000E+00, 8.89765E-01, 1.42138E+03,-1.28523E+00, 7.33874E+00, 2.32162E-01, 1.18164E-01,-1.08528E-03, 5.06669E-04, 1.42141E+03,-1.28586E+00, 7.33983E+00, 2.31695E-01, 3.28852E+00,-5.07430E+00, 2.89646E+01, 9.14320E-01, 1.22059E+02, 2.66349E+01, 1.54150E+02, 6.69067E+01, 5.44544E-01, 2.56798E+00, 9.66948E+01, 2.96064E+01, 5.16248E-03,-1.63624E-04, 0.00000E+00, 0.00000E+00, 0.00000E+00,
 1302, 2.60191E+01,TRUE,0, 0.00000E+00, 3.55725E+00, 1.42136E+00, 2.88611E+00, 0.00000E+00, 0.00000E+00, 1.88670E-01, 0.00000E+00, 8.89748E-01, 1.42136E+03,-1.28459E+00, 7.33765E+00, 2.32624E-01, 1.43921E-01,-1.11103E-03, 4.86031E-04, 1.42138E+03,-1.28523E+00, 7.33874E+00, 2.32162E-01, 3.28858E+00,-5.07189E+00, 2.89608E+01, 9.16179E-01, 1.25745E+02, 2.74523E+01, 1.56850E+02, 6.75051E+01, 5.44521E-01, 2.56791E+00, 9.68270E+01, 2.96060E+01, 5.16180E-03,-1.63941E-04, 0.00000E+00, 0.00000E+00, 0.00000E+00,
 1303, 2.60391E+01,TRUE,0, 0.00000E+00, 3.55721E+00, 1.42133E+00, 2.88609E+00, 0.00000E+00, 0.00000E+00, 1.88665E-01, 0.00000E+00, 8.89739E-01, 1.42133E+03,-1.28395E+00, 7.33656E+00, 2.33080E-01, 1.69678E-01,-1.13630E-03, 4.65676E-04, 1.42136E+03,-1.28459E+00, 7.33765E+00, 2.32624E-01, 3.28849E+00,-5.06925E+00, 2.89558E+01, 9.17977E-01, 1.29502E+02, 2.82651E+01, 1.59573E+02, 6.80941E+01, 5.44504E-01, 2.56786E+00, 9.69540E+01, 2.96058E+01, 5.16111E-03,-1.64253E-04, 0.00000E+00, 0.00000E+00, 0.00000E+00,
 1304, 2.60591E+01,TRUE,0, 2.13401E+03, 3.55717E+00, 1.42130E+00, 2.88607E+00, 8.58787E-02, 6.24787E-02, 1.88661E-01, 1.36238E-02, 8.89734E-01, 1.42132E+03,-1.27110E+00, 7.33546E+00, 2.33531E-01, 1.95435E-01,-1.16062E-03, 4.45843E-04, 1.42133E+03,-1.28395E+00, 7.33656E+00, 2.33080E-01, 3.28841E+00,-5.06660E+00, 2.89507E+01, 9.19755E-01, 1.21880E+02, 2.65765E+01, 1.53990E+02, 6.68573E+01, 5.44490E-01, 2.56784E+00, 9.66797E+01, 2.96056E+01, 5.16041E-03,-1.64562E-04, 0.00000E+00, 0.00000E+00, 0.00000E+00,
 1305, 2.60791E+01,TRUE,0, 0.00000E+00, 3.55682E+00, 1.42130E+00, 2.88573E+00, 0.00000E+00, 0.00000E+00, 1.88676E-01, 0.00000E+00, 8.89814E-01, 1.42130E+03,-1.27041E+00, 7.33439E+00, 2.33976E-01, 2.04224E-01,-1.00899E-03, 4.29630E-04, 1.42132E+03,-1.27110E+00, 7.33546E+00, 2.33531E-01, 3.28832E+00,-5.01575E+00, 2.89456E+01, 9.21510E-01, 1.25561E+02, 2.73941E+01, 1.56688E+02, 6.74564E+01, 5.44469E-01, 2.56776E+00, 9.68125E+01, 2.96052E+01, 5.15978E-03,-1.64867E-04, 0.00000E+00, 0.00000E+00, 0.00000E+00,
 1306, 2.60991E+01,TRUE,0, 0.00000E+00, 3.55678E+00, 1.42127E+00, 2.88571E+00, 0.00000E+00, 0.00000E+00, 1.88671E-01, 0.00000E+00, 8.89803E-01, 1.42127E+03,-1.26971E+00, 7.33331E+00, 2.34416E-01, 2.29736E-01,-1.06335E-03, 4.10989E-04, 1.42130E+03,-1.27041E+00, 7.33439E+00, 2.33976E-01, 3.28848E+00,-5.01324E+00, 2.89428E+01, 9.23311E-01, 1.29314E+02, 2.82071E+01, 1.59410E+02, 6.80460E+01, 5.44451E-01, 2.56772E+00, 9.69400E+01, 2.96049E+01, 5.15908E-03,-1.65169E-04, 0.00000E+00, 0.00000E+00, 0.00000E+00,
 1307, 2.61191E+01,TRUE,0, 0.00000E+00, 3.55674E+00, 1.42124E+00, 2.88570E+00, 0.00000E+00, 0.00000E+00, 1.88668E-01, 0.00000E+00, 8.89796E-01, 1.42124E+03,-1.26901E+00, 7.33223E+00, 2.34850E-01, 2.55127E-01,-1.11246E-03, 3.93480E-04, 1.42127E+03,-1.26971E+00, 7.33331E+00, 2.34416E-01, 3.28839E+00,-5.01037E+00, 2.89378E+01, 9.25022E-01, 1.33137E+02, 2.90155E+01, 1.62155E+02, 6.86264E+01, 5.44438E-01, 2.56768E+00, 9.70624E+01, 2.96047E+01, 5.15838E-03,-1.65467E-04, 0.00000E+00, 0.00000E+00, 0.00000E+00,
 1308, 2.61391E+01,TRUE,0, 0.00000E+00, 3.55672E+00, 1.42122E+00, 2.88569E+00, 0.00000E+00, 0.00000E+00, 1.88665E-01, 0.00000E+00, 8.89792E-01, 1.42122E+03,-1.26832E+00, 7.33115E+00, 2.35277E-01, 2.80518E-01,-1.07050E-03, 3.77119E-04, 1.42124E+03,-1.26901E+00, 7.33223E+00, 2.34850E-01, 3.28831E+00,-5.00749E+00, 2.89328E+01, 9.26710E-01, 1.37032E+02, 2.98191E+01, 1.64923E+02, 6.91974E+01, 5.44429E-01, 2.56767E+00, 9.71799E+01, 2.96046E+01, 5.15774E-03,-1.65761E-04, 0.00000E+00, 0.00000E+00, 0.00000E+00,
 1309, 2.61591E+01,TRUE,0, 0.00000E+00, 3.55670E+00, 1.42119E+00, 2.88569E+00, 0.00000E+00, 0.00000E+00, 1.88663E-01, 0.00000E+00, 8.89790E-01, 1.42119E+03,-1.26762E+00, 7.33008E+00, 2.35715E-01, 3.05908E-01,-1.04189E-03, 4.47184E-04, 1.42122E+03,-1.26832E+00, 7.33115E+00, 2.35277E-01, 3.28823E+00,-5.00461E+00, 2.89278E+01, 9.28374E-01, 1.40999E+02, 3.06179E+01, 1.67714E+02, 6.97593E+01, 5.44421E-01, 2.56766E+00, 9.72927E+01, 2.96044E+01, 5.15710E-03,-1.66112E-04, 0.00000E+00, 0.00000E+00, 0.00000E+00,
 1310, 2.61791E+01,TRUE,0, 0.00000E+00, 3.55670E+00, 1.42117E+00, 2.88569E+00, 0.00000E+00, 0.00000E+00, 1.88661E-01, 0.00000E+00, 8.89789E-01, 1.42117E+03,-1.26692E+00, 7.32901E+00, 2.36161E-01, 3.31299E-01,-1.02425E-03, 5.00426E-04, 1.42119E+03,-1.26762E+00, 7.33008E+00, 2.35715E-01, 3.28814E+00,-5.00173E+00, 2.89228E+01, 9.30078E-01, 1.45037E+02, 3.14118E+01, 1.70526E+02, 7.03122E+01, 5.44416E-01, 2.56765E+00, 9.74010E+01, 2.96043E+01, 5.15645E-03,-1.66459E-04, 0.00000E+00, 0.00000E+00, 0.00000E+00,
 1311, 2.61991E+01,TRUE,0, 0.00000E+00, 3.55669E+00, 1.42114E+00, 2.88569E+00, 0.00000E+00, 0.00000E+00, 1.88660E-01, 0.00000E+00, 8.89787E-01, 1.42114E+03,-1.26622E+00, 7.32797E+00, 2.36613E-01, 3.56689E-01,-9.29832E-04, 5.39109E-04, 1.42117E+03,-1.26692E+00, 7.32901E+00, 2.36161E-01, 3.28806E+00,-4.99884E+00, 2.89179E+01, 9.31813E-01, 1.49148E+02, 3.22007E+01, 1.73360E+02, 7.08560E+01, 5.44413E-01, 2.56765E+00, 9.75050E+01, 2.96042E+01, 5.15586E-03,-1.66803E-04, 0.00000E+00, 0.00000E+00, 0.00000E+00,
 1312, 2.62191E+01,TRUE,0, 0.00000E+00, 3.55670E+00, 1.42112E+00, 2.88570E+00, 0.00000E+00, 0.00000E+00, 1.88658E-01, 0.00000E+00, 8.89785E-01, 1.42112E+03,-1.26552E+00, 7.32693E+00, 2.37070E-01, 3.82080E-01,-9.46522E-04, 5.65246E-04, 1.42114E+03,-1.26622E+00, 7.32797E+00, 2.36613E-01, 3.28798E+00,-4.99595E+00, 2.89130E+01, 9.33574E-01, 1.53333E+02, 3.29845E+01, 1.76216E+02, 7.13910E+01, 5.44411E-01, 2.56765E+00, 9.76048E+01, 2.96042E+01, 5.15521E-03,-1.67142E-04, 0.00000E+00, 0.00000E+00, 0.00000E+00,
 1313, 2.62391E+01,TRUE,0, 0.00000E+00, 3.55671E+00, 1.42109E+00, 2.88571E+00, 0.00000E+00, 0.00000E+00, 1.88657E-01, 0.00000E+00, 8.89783E-01, 1.42109E+03,-1.26481E+00, 7.32586E+00, 2.37530E-01, 4.07471E-01,-1.05143E-03, 5.80803E-04, 1.42112E+03,-1.26552E+00, 7.32693E+00, 2.37070E-01, 3.28789E+00,-4.99305E+00, 2.89082E+01, 9.35353E-01, 1.57590E+02, 3.37632E+01, 1.79093E+02, 7.19172E+01, 5.44410E-01, 2.56765E+00, 9.77006E+01, 2.96041E+01, 5.15449E-03,-1.67478E-04, 0.00000E+00, 0.00000E+00, 0.00000E+00,
 1314, 2.62591E+01,TRUE,0, 0.00000E+00, 3.55672E+00, 1.42107E+00, 2.88573E+00, 0.00000E+00, 0.00000E+00, 1.88656E-01, 0.00000E+00, 8.89779E-01, 1.42107E+03,-1.26411E+00, 7.32480E+00, 2.37992E-01, 4.32861E-01,-1.05667E-03, 5.87523E-04, 1.42109E+03,-1.26481E+00, 7.32586E+00, 2.37530E-01, 3.28781E+00,-4.99016E+00, 2.89033E+01, 9.37145E-01, 1.61920E+02, 3.45366E+01, 1.81990E+02, 7.24347E+01, 5.44410E-01, 2.56766E+00, 9.77925E+01, 2.96041E+01, 5.15384E-03,-1.67810E-04, 0.00000E+00, 0.00000E+00, 0.00000E+00,
 1315, 2.62790E+01,TRUE,0, 0.00000E+00, 3.55675E+00, 1.42104E+00, 2.88575E+00, 0.00000E+00, 0.00000E+00, 1.88655E-01, 0.00000E+00, 8.89775E-01, 1.42104E+03,-1.26341E+00, 7.32374E+00, 2.38455E-01, 4.58130E-01,-1.06478E-03, 5.87001E-04, 1.42107E+03,-1.26411E+00, 7.32480E+00, 2.37992E-01, 3.28773E+00,-4.98726E+00, 2.88983E+01, 9.38944E-01, 1.66324E+02, 3.53047E+01, 1.84908E+02, 7.29436E+01, 5.44411E-01, 2.56767E+00, 9.78808E+01, 2.96040E+01, 5.15318E-03,-1.68138E-04, 0.00000E+00, 0.00000E+00, 0.00000E+00,
 1316, 2.62990E+01,TRUE,0, 0.00000E+00, 3.55678E+00, 1.42102E+00, 2.88578E+00, 0.00000E+00, 0.00000E+00, 1.88654E-01, 0.00000E+00, 8.89770E-01, 1.42102E+03,-1.26270E+00, 7.32268E+00, 2.38917E-01, 4.83398E-01,-1.07574E-03, 5.80668E-04, 1.42104E+03,-1.26341E+00, 7.32374E+00, 2.38455E-01, 3.28764E+00,-4.98436E+00, 2.88934E+01, 9.40746E-01, 1.70803E+02, 3.60675E+01, 1.87845E+02, 7.34440E+01, 5.44413E-01, 2.56768E+00, 9.79656E+01, 2.96040E+01, 5.15252E-03,-1.68462E-04, 0.00000E+00, 0.00000E+00, 0.00000E+00,
 1317, 2.63190E+01,TRUE,0, 0.00000E+00, 3.55681E+00, 1.42099E+00, 2.88581E+00, 0.00000E+00, 0.00000E+00, 1.88653E-01, 0.00000E+00, 8.89763E-01, 1.42099E+03,-1.26200E+00, 7.32162E+00, 2.39377E-01, 5.08667E-01,-1.08862E-03, 5.69701E-04, 1.42102E+03,-1.26270E+00, 7.32268E+00, 2.38917E-01, 3.28756E+00,-4.98146E+00, 2.88885E+01, 9.42545E-01, 1.75355E+02, 3.68249E+01, 1.90803E+02, 7.39361E+01, 5.44415E-01, 2.56769E+00, 9.80470E+01, 2.96040E+01, 5.15185E-03,-1.68783E-04, 0.00000E+00, 0.00000E+00, 0.00000E+00,
 1318, 2.63390E+01,TRUE,0, 0.00000E+00, 3.55685E+00, 1.42097E+00, 2.88584E+00, 0.00000E+00, 0.00000E+00, 1.88651E-01, 0.00000E+00, 8.89756E-01, 1.42097E+03,-1.26129E+00, 7.32056E+00, 2.39835E-01, 5.33936E-01,-1.10388E-03, 5.55247E-04, 1.42099E+03,-1.26200E+00, 7.32162E+00, 2.39377E-01, 3.28748E+00,-4.97855E+00, 2.88836E+01, 9.44337E-01, 1.79982E+02, 3.75768E+01, 1.93780E+02, 7.44199E+01, 5.44418E-01, 2.56770E+00, 9.81251E+01, 2.96040E+01, 5.15119E-03,-1.69100E-04, 0.00000E+00, 0.00000E+00, 0.00000E+00,
 1319, 2.63590E+01,TRUE,0, 0.00000E+00, 3.55689E+00, 1.42094E+00, 2.88589E+00, 0.00000E+00, 0.00000E+00, 1.88650E-01, 0.00000E+00, 8.89748E-01, 1.42094E+03,-1.26059E+00, 7.31949E+00, 2.40290E-01, 5.59204E-01,-1.11961E-03, 5.38230E-04, 1.42097E+03,-1.26129E+00, 7.32056E+00, 2.39835E-01, 3.28740E+00,-4.97564E+00, 2.88787E+01, 9.46120E-01, 1.84684E+02, 3.83232E+01, 1.96775E+02, 7.48955E+01, 5.44422E-01, 2.56771E+00, 9.82001E+01, 2.96040E+01, 5.15052E-03,-1.69413E-04, 0.00000E+00, 0.00000E+00, 0.00000E+00,
 1320, 2.63790E+01,TRUE,0, 0.00000E+00, 3.55694E+00, 1.42092E+00, 2.88593E+00, 0.00000E+00, 0.00000E+00, 1.88649E-01, 0.00000E+00, 8.89740E-01, 1.42092E+03,-1.25988E+00, 7.31842E+00, 2.40741E-01, 2.31201E-01,-1.13583E-03, 5.19410E-04, 1.42094E+03,-1.26059E+00, 7.31949E+00, 2.40290E-01, 3.28732E+00,-4.97273E+00, 2.88738E+01, 9.47890E-01, 1.89461E+02, 3.90640E+01, 1.99790E+02, 7.53630E+01, 5.44427E-01, 2.56773E+00, 9.82721E+01, 2.96040E+01, 5.14985E-03,-1.69723E-04, 0.00000E+00, 0.00000E+00, 0.00000E+00,
 1321, 2.63990E+01,TRUE,0, 0.00000E+00, 3.55700E+00, 1.42089E+00, 2.88598E+00, 0.00000E+00, 0.00000E+00, 1.88647E-01, 0.00000E+00, 8.89730E-01, 1.42089E+03,-1.25917E+00, 7.31733E+00, 2.41187E-01, 2.34375E-01,-1.23739E-03, 4.99517E-04, 1.42092E+03,-1.25988E+00, 7.31842E+00, 2.40741E-01, 3.28723E+00,-4.96982E+00, 2.88688E+01, 9.49645E-01, 1.94314E+02, 3.97991E+01, 2.02823E+02, 7.58225E+01, 5.44432E-01, 2.56775E+00, 9.83412E+01, 2.96041E+01, 5.14912E-03,-1.70029E-04, 0.00000E+00, 0.00000E+00, 0.00000E+00,
 1322, 2.64190E+01,TRUE,0, 0.00000E+00, 3.55706E+00, 1.42086E+00, 2.88604E+00, 0.00000E+00, 0.00000E+00, 1.88645E-01, 0.00000E+00, 8.89719E-01, 1.42086E+03,-1.25846E+00, 7.31624E+00, 2.41629E-01, 2.37549E-01,-1.23501E-03, 4.79087E-04, 1.42089E+03,-1.25917E+00, 7.31733E+00, 2.41187E-01, 3.28715E+00,-4.96690E+00, 2.88638E+01, 9.51383E-01, 1.99242E+02, 4.05286E+01, 2.05874E+02, 7.62742E+01, 5.44438E-01, 2.56777E+00, 9.84075E+01, 2.96041E+01, 5.14844E-03,-1.70331E-04, 0.00000E+00, 0.00000E+00, 0.00000E+00,
 1323, 2.64390E+01,TRUE,0, 0.00000E+00, 3.55713E+00, 1.42084E+00, 2.88610E+00, 0.00000E+00, 0.00000E+00, 1.88644E-01, 0.00000E+00, 8.89708E-01, 1.42084E+03,-1.25775E+00, 7.31515E+00, 2.42066E-01, 2.40723E-01,-1.23549E-03, 4.58598E-04, 1.42086E+03,-1.25846E+00, 7.31624E+00, 2.41629E-01, 3.28707E+00,-4.96398E+00, 2.88588E+01, 9.53102E-01, 2.04246E+02, 4.12524E+01, 2.08943E+02, 7.67182E+01, 5.44445E-01, 2.56779E+00, 9.84712E+01, 2.96042E+01, 5.14776E-03,-1.70630E-04, 0.00000E+00, 0.00000E+00, 0.00000E+00,
 1324, 2.64590E+01,TRUE,0, 0.00000E+00, 3.55721E+00, 1.42081E+00, 2.88617E+00, 0.00000E+00, 0.00000E+00, 1.88642E-01, 0.00000E+00, 8.89696E-01, 1.42081E+03,-1.25704E+00, 7.31405E+00, 2.42497E-01, 2.43774E-01,-1.23644E-03, 4.38437E-04, 1.42084E+03,-1.25775E+00, 7.31515E+00, 2.42066E-01, 3.28699E+00,-4.96107E+00, 2.88538E+01, 9.54801E-01, 2.09326E+02, 4.19705E+01, 2.12029E+02, 7.71545E+01, 5.44452E-01, 2.56781E+00, 9.85324E+01, 2.96043E+01, 5.14708E-03,-1.70925E-04, 0.00000E+00, 0.00000E+00, 0.00000E+00,
 1325, 2.64790E+01,TRUE,0, 0.00000E+00, 3.55729E+00, 1.42079E+00, 2.88624E+00, 0.00000E+00, 0.00000E+00, 1.88640E-01, 0.00000E+00, 8.89683E-01, 1.42079E+03,-1.25633E+00, 7.31296E+00, 2.42923E-01, 2.46948E-01,-1.23787E-03, 4.18827E-04, 1.42081E+03,-1.25704E+00, 7.31405E+00, 2.42497E-01, 3.28690E+00,-4.95814E+00, 2.88487E+01, 9.56478E-01, 2.14482E+02, 4.26827E+01, 2.15132E+02, 7.75832E+01, 5.44460E-01, 2.56784E+00, 9.85911E+01, 2.96044E+01, 5.14640E-03,-1.71217E-04, 0.00000E+00, 0.00000E+00, 0.00000E+00,
 1326, 2.64990E+01,TRUE,0, 0.00000E+00, 3.55738E+00, 1.42076E+00, 2.88632E+00, 0.00000E+00, 0.00000E+00, 1.88638E-01, 0.00000E+00, 8.89669E-01, 1.42076E+03,-1.25562E+00, 7.31186E+00, 2.43343E-01, 2.50000E-01,-1.24073E-03, 4.00007E-04, 1.42079E+03,-1.25633E+00, 7.31296E+00, 2.42923E-01, 3.28682E+00,-4.95522E+00, 2.88437E+01, 9.58134E-01, 2.19715E+02, 4.33891E+01, 2.18252E+02, 7.80045E+01, 5.44469E-01, 2.56787E+00, 9.86474E+01, 2.96045E+01, 5.14572E-03,-1.71505E-04, 0.00000E+00, 0.00000E+00, 0.00000E+00,
 1327, 2.65190E+01,TRUE,0, 0.00000E+00, 3.55747E+00, 1.42074E+00, 2.88640E+00, 0.00000E+00, 0.00000E+00, 1.88636E-01, 0.00000E+00, 8.89654E-01, 1.42074E+03,-1.25491E+00, 7.31076E+00, 2.43757E-01, 2.53052E-01,-1.24502E-03, 3.82140E-04, 1.42076E+03,-1.25562E+00, 7.31186E+00, 2.43343E-01, 3.28674E+00,-4.95229E+00, 2.88386E+01, 9.59766E-01, 2.25024E+02, 4.40897E+01, 2.21389E+02, 7.84184E+01, 5.44479E-01, 2.56790E+00, 9.87015E+01, 2.96046E+01, 5.14503E-03,-1.71789E-04, 0.00000E+00, 0.00000E+00, 0.00000E+00,
 1328, 2.65390E+01,TRUE,0, 0.00000E+00, 3.55757E+00, 1.42071E+00, 2.88649E+00, 0.00000E+00, 0.00000E+00, 1.88633E-01, 0.00000E+00, 8.89638E-01, 1.42071E+03,-1.25420E+00, 7.30967E+00, 2.44165E-01, 2.56104E-01,-1.16348E-03, 3.65317E-04, 1.42074E+03,-1.25491E+00, 7.31076E+00, 2.43757E-01, 3.28666E+00,-4.94936E+00, 2.88336E+01, 9.61375E-01, 2.30411E+02, 4.47844E+01, 2.24542E+02, 7.88251E+01, 5.44489E-01, 2.56794E+00, 9.87535E+01, 2.96048E+01, 5.14440E-03,-1.72070E-04, 0.00000E+00, 0.00000E+00, 0.00000E+00,
 1329, 2.65590E+01,TRUE,0, 0.00000E+00, 3.55768E+00, 1.42069E+00, 2.88659E+00, 0.00000E+00, 0.00000E+00, 1.88631E-01, 0.00000E+00, 8.89622E-01, 1.42069E+03,-1.25349E+00, 7.30860E+00, 2.44567E-01, 2.51465E-02,-1.10054E-03, 3.49596E-04, 1.42071E+03,-1.25420E+00, 7.30967E+00, 2.44165E-01, 3.28658E+00,-4.94643E+00, 2.88286E+01, 9.62961E-01, 2.35875E+02, 4.54732E+01, 2.27711E+02, 7.92247E+01, 5.44501E-01, 2.56797E+00, 9.88033E+01, 2.96050E+01, 5.14377E-03,-1.72347E-04, 0.00000E+00, 0.00000E+00, 0.00000E+00,
 1330, 2.65790E+01,TRUE,0, 0.00000E+00, 3.55779E+00, 1.42066E+00, 2.88669E+00, 0.00000E+00, 0.00000E+00, 1.88629E-01, 0.00000E+00, 8.89605E-01, 1.42066E+03,-1.25278E+00, 7.30753E+00, 2.44964E-01, 2.51465E-02,-1.05381E-03, 3.35008E-04, 1.42069E+03,-1.25349E+00, 7.30860E+00, 2.44567E-01, 3.28650E+00,-4.94350E+00, 2.88236E+01, 9.64524E-01, 2.41416E+02, 4.61561E+01, 2.30896E+02, 7.96172E+01, 5.44513E-01, 2.56801E+00, 9.88512E+01, 2.96051E+01, 5.14314E-03,-1.72620E-04, 0.00000E+00, 0.00000E+00, 0.00000E+00,
 1331, 2.65990E+01,TRUE,0, 0.00000E+00, 3.55791E+00, 1.42064E+00, 2.88680E+00, 0.00000E+00, 0.00000E+00, 1.88626E-01, 0.00000E+00, 8.89586E-01, 1.42064E+03,-1.25206E+00, 7.30647E+00, 2.45370E-01, 2.51465E-02,-1.02091E-03, 4.06772E-04, 1.42066E+03,-1.25278E+00, 7.30753E+00, 2.44964E-01, 3.28641E+00,-4.94057E+00, 2.88187E+01, 9.66062E-01, 2.47034E+02, 4.68330E+01, 2.34096E+02, 8.00028E+01, 5.44526E-01, 2.56806E+00, 9.88971E+01, 2.96053E+01, 5.14251E-03,-1.72950E-04, 0.00000E+00, 0.00000E+00, 0.00000E+00,
 1332, 2.66190E+01,TRUE,0, 0.00000E+00, 3.55804E+00, 1.42061E+00, 2.88691E+00, 0.00000E+00, 0.00000E+00, 1.88624E-01, 0.00000E+00, 8.89567E-01, 1.42061E+03,-1.25135E+00, 7.30540E+00, 2.45784E-01, 2.51465E-02,-1.08480E-03, 4.61623E-04, 1.42064E+03,-1.25206E+00, 7.30647E+00, 2.45370E-01, 3.28633E+00,-4.93763E+00, 2.88138E+01, 9.67641E-01, 2.52730E+02, 4.75040E+01, 2.37311E+02, 8.03816E+01, 5.44539E-01, 2.56810E+00, 9.89412E+01, 2.96055E+01, 5.14181E-03,-1.73277E-04, 0.00000E+00, 0.00000E+00, 0.00000E+00,
 1333, 2.66390E+01,TRUE,0, 0.00000E+00, 3.55818E+00, 1.42059E+00, 2.88703E+00, 0.00000E+00, 0.00000E+00, 1.88621E-01, 0.00000E+00, 8.89547E-01, 1.42059E+03,-1.25063E+00, 7.30432E+00, 2.46206E-01, 2.50244E-02,-1.13964E-03, 5.01841E-04, 1.42061E+03,-1.25135E+00, 7.30540E+00, 2.45784E-01, 3.28625E+00,-4.93469E+00, 2.88088E+01, 9.69250E-01, 2.58505E+02, 4.81690E+01, 2.40541E+02, 8.07536E+01, 5.44554E-01, 2.56815E+00, 9.89836E+01, 2.96057E+01, 5.14111E-03,-1.73599E-04, 0.00000E+00, 0.00000E+00, 0.00000E+00,
 1334, 2.66590E+01,TRUE,0, 0.00000E+00, 3.55832E+00, 1.42056E+00, 2.88716E+00, 0.00000E+00, 0.00000E+00, 1.88618E-01, 0.00000E+00, 8.89526E-01, 1.42056E+03,-1.24992E+00, 7.30324E+00, 2.46631E-01, 2.50244E-02,-1.18732E-03, 5.29438E-04, 1.42059E+03,-1.25063E+00, 7.30432E+00, 2.46206E-01, 3.28617E+00,-4.93175E+00, 2.88039E+01, 9.70887E-01, 2.64357E+02, 4.88280E+01, 2.43786E+02, 8.11190E+01, 5.44569E-01, 2.56820E+00, 9.90242E+01, 2.96060E+01, 5.14041E-03,-1.73918E-04, 0.00000E+00, 0.00000E+00, 0.00000E+00,
 1335, 2.66790E+01,TRUE,0, 0.00000E+00, 3.55847E+00, 1.42054E+00, 2.88729E+00, 0.00000E+00, 0.00000E+00, 1.88615E-01, 0.00000E+00, 8.89504E-01, 1.42054E+03,-1.24921E+00, 7.30216E+00, 2.47061E-01, 2.50244E-02,-1.14250E-03, 5.46336E-04, 1.42056E+03,-1.24992E+00, 7.30324E+00, 2.46631E-01, 3.28608E+00,-4.92881E+00, 2.87989E+01, 9.72542E-01, 2.70287E+02, 4.94810E+01, 2.47045E+02, 8.14779E+01, 5.44585E-01, 2.56825E+00, 9.90633E+01, 2.96062E+01, 5.13976E-03,-1.74233E-04, 0.00000E+00, 0.00000E+00, 0.00000E+00,
 1336, 2.66990E+01,TRUE,0, 0.00000E+00, 3.55862E+00, 1.42051E+00, 2.88743E+00, 0.00000E+00, 0.00000E+00, 1.88612E-01, 0.00000E+00, 8.89480E-01, 1.42051E+03,-1.24849E+00, 7.30109E+00, 2.47492E-01, 2.50244E-02,-1.10960E-03, 5.54278E-04, 1.42054E+03,-1.24921E+00, 7.30216E+00, 2.47061E-01, 3.28600E+00,-4.92587E+00, 2.87939E+01, 9.74211E-01, 2.76296E+02, 5.01280E+01, 2.50318E+02, 8.18303E+01, 5.44603E-01, 2.56831E+00, 9.91007E+01, 2.96065E+01, 5.13912E-03,-1.74544E-04, 0.00000E+00, 0.00000E+00, 0.00000E+00,
 1337, 2.67190E+01,TRUE,0, 0.00000E+00, 3.55879E+00, 1.42049E+00, 2.88757E+00, 0.00000E+00, 0.00000E+00, 1.88609E-01, 0.00000E+00, 8.89456E-01, 1.42049E+03,-1.24777E+00, 7.30002E+00, 2.47924E-01, 2.50244E-02,-1.08624E-03, 5.54845E-04, 1.42051E+03,-1.24849E+00, 7.30109E+00, 2.47492E-01, 3.28592E+00,-4.92293E+00, 2.87890E+01, 9.75887E-01, 2.82384E+02, 5.07689E+01, 2.53605E+02, 8.21765E+01, 5.44620E-01, 2.56837E+00, 9.91367E+01, 2.96067E+01, 5.13847E-03,-1.74851E-04, 0.00000E+00, 0.00000E+00, 0.00000E+00,
 1338, 2.67390E+01,TRUE,0, 0.00000E+00, 3.55896E+00, 1.42046E+00, 2.88772E+00, 0.00000E+00, 0.00000E+00, 1.88605E-01, 0.00000E+00, 8.89431E-01, 1.42046E+03,-1.24706E+00, 7.29895E+00, 2.48355E-01, 2.50244E-02,-1.07193E-03, 5.49465E-04, 1.42049E+03,-1.24777E+00, 7.30002E+00, 2.47924E-01, 3.28584E+00,-4.91998E+00, 2.87840E+01, 9.77566E-01, 2.88550E+02, 5.14039E+01, 2.56906E+02, 8.25163E+01, 5.44639E-01, 2.56843E+00, 9.91712E+01, 2.96070E+01, 5.13782E-03,-1.75155E-04, 0.00000E+00, 0.00000E+00, 0.00000E+00,
 1339, 2.67590E+01,TRUE,0, 0.00000E+00, 3.55914E+00, 1.42044E+00, 2.88788E+00, 0.00000E+00, 0.00000E+00, 1.88602E-01, 0.00000E+00, 8.89405E-01, 1.42044E+03,-1.24634E+00, 7.29789E+00, 2.48785E-01, 2.50244E-02,-1.06430E-03, 5.39362E-04, 1.42046E+03,-1.24706E+00, 7.29895E+00, 2.48355E-01, 3.28576E+00,-4.91704E+00, 2.87791E+01, 9.79243E-01, 2.94795E+02, 5.20328E+01, 2.60220E+02, 8.28501E+01, 5.44659E-01, 2.56849E+00, 9.92044E+01, 2.96073E+01, 5.13717E-03,-1.75455E-04, 0.00000E+00, 0.00000E+00, 0.00000E+00,
 1340, 2.67790E+01,TRUE,0, 0.00000E+00, 3.55932E+00, 1.42041E+00, 2.88804E+00, 0.00000E+00, 0.00000E+00, 1.88598E-01, 0.00000E+00, 8.89377E-01, 1.42041E+03,-1.24562E+00, 7.29683E+00, 2.49213E-01, 2.50244E-02,-1.06239E-03, 5.25638E-04, 1.42044E+03,-1.24634E+00, 7.29789E+00, 2.48785E-01, 3.28568E+00,-4.91409E+00, 2.87742E+01, 9.80914E-01, 3.01119E+02, 5.26557E+01, 2.63547E+02, 8.31778E+01, 5.44680E-01, 2.56856E+00, 9.92362E+01, 2.96076E+01, 5.13651E-03,-1.75751E-04, 0.00000E+00, 0.00000E+00, 0.00000E+00,
 1341, 2.67990E+01,TRUE,0, 0.00000E+00, 3.55952E+00, 1.42039E+00, 2.88821E+00, 0.00000E+00, 0.00000E+00, 1.88595E-01, 0.00000E+00, 8.89349E-01, 1.42039E+03,-1.24491E+00, 7.29575E+00, 2.49637E-01, 2.49023E-02,-1.14965E-03, 5.09292E-04, 1.42041E+03,-1.24562E+00, 7.29683E+00, 2.49213E-01, 3.28560E+00,-4.91114E+00, 2.87693E+01, 9.82575E-01, 3.07522E+02, 5.32726E+01, 2.66887E+02, 8.34996E+01, 5.44701E-01, 2.56863E+00, 9.92667E+01, 2.96079E+01, 5.13579E-03,-1.76044E-04, 0.00000E+00, 0.00000E+00, 0.00000E+00,
 1342, 2.68190E+01,TRUE,0, 0.00000E+00, 3.55972E+00, 1.42036E+00, 2.88839E+00, 0.00000E+00, 0.00000E+00, 1.88591E-01, 0.00000E+00, 8.89319E-01, 1.42036E+03,-1.24419E+00, 7.29468E+00, 2.50058E-01, 2.49023E-02,-1.13773E-03, 4.91068E-04, 1.42039E+03,-1.24491E+00, 7.29575E+00, 2.49637E-01, 3.28552E+00,-4.90819E+00, 2.87644E+01, 9.84225E-01, 3.14005E+02, 5.38834E+01, 2.70239E+02, 8.38155E+01, 5.44724E-01, 2.56870E+00, 9.92961E+01, 2.96083E+01, 5.13514E-03,-1.76333E-04, 0.00000E+00, 0.00000E+00, 0.00000E+00,
 1343, 2.68390E+01,TRUE,0, 0.00000E+00, 3.55993E+00, 1.42034E+00, 2.88858E+00, 0.00000E+00, 0.00000E+00, 1.88587E-01, 0.00000E+00, 8.89288E-01, 1.42034E+03,-1.24347E+00, 7.29361E+00, 2.50475E-01, 2.49023E-02,-1.13106E-03, 4.71652E-04, 1.42036E+03,-1.24419E+00, 7.29468E+00, 2.50058E-01, 3.28544E+00,-4.90524E+00, 2.87595E+01, 9.85860E-01, 3.20566E+02, 5.44883E+01, 2.73604E+02, 8.41257E+01, 5.44747E-01, 2.56878E+00, 9.93242E+01, 2.96086E+01, 5.13447E-03,-1.76618E-04, 0.00000E+00, 0.00000E+00, 0.00000E+00,
 1344, 2.68590E+01,TRUE,0, 0.00000E+00, 3.56015E+00, 1.42031E+00, 2.88877E+00, 0.00000E+00, 0.00000E+00, 1.88583E-01, 0.00000E+00, 8.89257E-01, 1.42031E+03,-1.24275E+00, 7.29252E+00, 2.50887E-01, 2.49023E-02,-1.21403E-03, 4.51654E-04, 1.42034E+03,-1.24347E+00, 7.29361E+00, 2.50475E-01, 3.28536E+00,-4.90229E+00, 2.87545E+01, 9.87478E-01, 3.27208E+02, 5.50871E+01, 2.76982E+02, 8.44302E+01, 5.44771E-01, 2.56885E+00, 9.93512E+01, 2.96090E+01, 5.13375E-03,-1.76900E-04, 0.00000E+00, 0.00000E+00, 0.00000E+00,
 1345, 2.68790E+01,TRUE,0, 0.00000E+00, 3.56037E+00, 1.42029E+00, 2.88896E+00, 0.00000E+00, 0.00000E+00, 1.88578E-01, 0.00000E+00, 8.89224E-01, 1.42029E+03,-1.24203E+00, 7.29143E+00, 2.51294E-01, 2.49023E-02,-1.19638E-03, 4.31538E-04, 1.42031E+03,-1.24275E+00, 7.29252E+00, 2.50887E-01, 3.28527E+00,-4.89934E+00, 2.87495E+01, 9.89078E-01, 3.33929E+02, 5.56800E+01, 2.80371E+02, 8.47291E+01, 5.44797E-01, 2.56894E+00, 9.93772E+01, 2.96094E+01, 5.13309E-03,-1.77178E-04, 0.00000E+00, 0.00000E+00, 0.00000E+00,
 1346, 2.68990E+01,TRUE,0, 0.00000E+00, 3.56061E+00, 1.42026E+00, 2.88917E+00, 0.00000E+00, 0.00000E+00, 1.88574E-01, 0.00000E+00, 8.89190E-01, 1.42026E+03,-1.24131E+00, 7.29035E+00, 2.51695E-01, 2.49023E-02,-1.18446E-03, 4.11600E-04, 1.42029E+03,-1.24203E+00, 7.29143E+00, 2.51294E-01, 3.28519E+00,-4.89638E+00, 2.87445E+01, 9.90658E-01, 3.40730E+02, 5.62668E+01, 2.83772E+02, 8.50226E+01, 5.44823E-01, 2.56902E+00, 9.94021E+01, 2.96098E+01, 5.13242E-03,-1.77452E-04, 0.00000E+00, 0.00000E+00, 0.00000E+00,
 1347, 2.69190E+01,TRUE,0, 0.00000E+00, 3.56085E+00, 1.42024E+00, 2.88938E+00, 0.00000E+00, 0.00000E+00, 1.88570E-01, 0.00000E+00, 8.89155E-01, 1.42024E+03,-1.24059E+00, 7.28927E+00, 2.52091E-01, 2.49023E-02,-1.17683E-03, 3.92228E-04, 1.42026E+03,-1.24131E+00, 7.29035E+00, 2.51695E-01, 3.28511E+00,-4.89343E+00, 2.87395E+01, 9.92216E-01, 3.47610E+02, 5.68477E+01, 2.87184E+02, 8.53107E+01, 5.44850E-01, 2.56911E+00, 9.94260E+01, 2.96102E+01, 5.13175E-03,-1.77723E-04, 0.00000E+00, 0.00000E+00, 0.00000E+00,
 1348, 2.69390E+01,TRUE,0, 0.00000E+00, 3.56110E+00, 1.42021E+00, 2.88960E+00, 0.00000E+00, 0.00000E+00, 1.88565E-01, 0.00000E+00, 8.89118E-01, 1.42021E+03,-1.23987E+00, 7.28820E+00, 2.52482E-01, 2.49023E-02,-1.08767E-03, 3.73572E-04, 1.42024E+03,-1.24059E+00, 7.28927E+00, 2.52091E-01, 3.28503E+00,-4.89047E+00, 2.87346E+01, 9.93753E-01, 3.54571E+02, 5.74226E+01, 2.90608E+02, 8.55934E+01, 5.44878E-01, 2.56920E+00, 9.94490E+01, 2.96106E+01, 5.13114E-03,-1.77991E-04, 0.00000E+00, 0.00000E+00, 0.00000E+00,
 1349, 2.69590E+01,TRUE,0, 0.00000E+00, 3.56136E+00, 1.42019E+00, 2.88983E+00, 0.00000E+00, 0.00000E+00, 1.88560E-01, 0.00000E+00, 8.89081E-01, 1.42019E+03,-1.23915E+00, 7.28713E+00, 2.52866E-01, 2.49023E-02,-1.10483E-03, 3.55840E-04, 1.42021E+03,-1.23987E+00, 7.28820E+00, 2.52482E-01, 3.28495E+00,-4.88752E+00, 2.87297E+01, 9.95268E-01, 3.61611E+02, 5.79916E+01, 2.94043E+02, 8.58710E+01, 5.44907E-01, 2.56929E+00, 9.94710E+01, 2.96110E+01, 5.13046E-03,-1.78254E-04, 0.00000E+00, 0.00000E+00, 0.00000E+00,
 1350, 2.69790E+01,TRUE,0, 0.00000E+00, 3.56163E+00, 1.42016E+00, 2.89006E+00, 0.00000E+00, 0.00000E+00, 1.88556E-01, 0.00000E+00, 8.89042E-01, 1.42016E+03,-1.23843E+00, 7.28605E+00, 2.53245E-01, 2.47803E-02,-1.12152E-03, 3.39121E-04, 1.42019E+03,-1.23915E+00, 7.28713E+00, 2.52866E-01, 3.28487E+00,-4.88456E+00, 2.87247E+01, 9.96759E-01, 3.68732E+02, 5.85546E+01, 2.97488E+02, 8.61434E+01, 5.44937E-01, 2.56939E+00, 9.94922E+01, 2.96115E+01, 5.12979E-03,-1.78515E-04, 0.00000E+00, 0.00000E+00, 0.00000E+00,
 1351, 2.69990E+01,TRUE,0, 0.00000E+00, 3.56190E+00, 1.42014E+00, 2.89031E+00, 0.00000E+00, 0.00000E+00, 1.88551E-01, 0.00000E+00, 8.89002E-01, 1.42014E+03,-1.23771E+00, 7.28499E+00, 2.53618E-01, 2.47803E-02,-1.05238E-03, 3.23504E-04, 1.42016E+03,-1.23843E+00, 7.28605E+00, 2.53245E-01, 3.28479E+00,-4.88160E+00, 2.87198E+01, 9.98227E-01, 3.75933E+02, 5.91117E+01, 3.00945E+02, 8.64108E+01, 5.44969E-01, 2.56949E+00, 9.95125E+01, 2.96120E+01, 5.12917E-03,-1.78771E-04, 0.00000E+00, 0.00000E+00, 0.00000E+00,
 1352, 2.70190E+01,TRUE,0, 0.00000E+00, 3.56219E+00, 1.42011E+00, 2.89055E+00, 0.00000E+00, 0.00000E+00, 1.88545E-01, 0.00000E+00, 8.88961E-01, 1.42011E+03,-1.23699E+00, 7.28393E+00, 2.53984E-01, 2.47803E-02,-1.08671E-03, 3.08990E-04, 1.42014E+03,-1.23771E+00, 7.28499E+00, 2.53618E-01, 3.28471E+00,-4.87864E+00, 2.87149E+01, 9.99672E-01, 3.83215E+02, 5.96629E+01, 3.04412E+02, 8.66732E+01, 5.45001E-01, 2.56959E+00, 9.95320E+01, 2.96125E+01, 5.12849E-03,-1.79024E-04, 0.00000E+00, 0.00000E+00, 0.00000E+00,
 1353, 2.70390E+01,TRUE,0, 0.00000E+00, 3.56248E+00, 1.42009E+00, 2.89081E+00, 0.00000E+00, 0.00000E+00, 1.88540E-01, 0.00000E+00, 8.88919E-01, 1.42009E+03,-1.23627E+00, 7.28286E+00, 2.54361E-01, 2.47803E-02,-1.11771E-03, 3.80754E-04, 1.42011E+03,-1.23699E+00, 7.28393E+00, 2.53984E-01, 3.28463E+00,-4.87568E+00, 2.87100E+01, 1.00109E+00, 3.90577E+02, 6.02083E+01, 3.07889E+02, 8.69307E+01, 5.45034E-01, 2.56970E+00, 9.95507E+01, 2.96130E+01, 5.12781E-03,-1.79334E-04, 0.00000E+00, 0.00000E+00, 0.00000E+00,
 1354, 2.70590E+01,TRUE,0, 0.00000E+00, 3.56279E+00, 1.42007E+00, 2.89108E+00, 0.00000E+00, 0.00000E+00, 1.88535E-01, 0.00000E+00, 8.88875E-01, 1.42007E+03,-1.23555E+00, 7.28178E+00, 2.54747E-01, 2.47803E-02,-1.14632E-03, 4.35621E-04, 1.42009E+03,-1.23627E+00, 7.28286E+00, 2.54361E-01, 3.28455E+00,-4.87272E+00, 2.87051E+01, 1.00256E+00, 3.98019E+02, 6.07478E+01, 3.11376E+02, 8.71835E+01, 5.45068E-01, 2.56981E+00, 9.95687E+01, 2.96135E+01, 5.12713E-03,-1.79640E-04, 0.00000E+00, 0.00000E+00, 0.00000E+00,
 1355, 2.70790E+01,TRUE,0, 0.00000E+00, 3.56310E+00, 1.42004E+00, 2.89135E+00, 0.00000E+00, 0.00000E+00, 1.88529E-01, 0.00000E+00, 8.88830E-01, 1.42004E+03,-1.23483E+00, 7.28072E+00, 2.55139E-01, 2.47803E-02,-1.08671E-03, 4.75794E-04, 1.42007E+03,-1.23555E+00, 7.28178E+00, 2.54747E-01, 3.28447E+00,-4.86975E+00, 2.87001E+01, 1.00405E+00, 4.05542E+02, 6.12815E+01, 3.14874E+02, 8.74315E+01, 5.45104E-01, 2.56992E+00, 9.95859E+01, 2.96140E+01, 5.12650E-03,-1.79942E-04, 0.00000E+00, 0.00000E+00, 0.00000E+00,
 1356, 2.70990E+01,TRUE,0, 0.00000E+00, 3.56342E+00, 1.42002E+00, 2.89163E+00, 0.00000E+00, 0.00000E+00, 1.88524E-01, 0.00000E+00, 8.88784E-01, 1.42002E+03,-1.23411E+00, 7.27965E+00, 2.55535E-01, 2.47803E-02,-1.12724E-03, 5.03391E-04, 1.42004E+03,-1.23483E+00, 7.28072E+00, 2.55139E-01, 3.28439E+00,-4.86679E+00, 2.86952E+01, 1.00557E+00, 4.13146E+02, 6.18093E+01, 3.18381E+02, 8.76750E+01, 5.45140E-01, 2.57004E+00, 9.96025E+01, 2.96146E+01, 5.12581E-03,-1.80240E-04, 0.00000E+00, 0.00000E+00, 0.00000E+00,
 1357, 2.71190E+01,TRUE,0, 0.00000E+00, 3.56375E+00, 1.41999E+00, 2.89192E+00, 0.00000E+00, 0.00000E+00, 1.88518E-01, 0.00000E+00, 8.88737E-01, 1.41999E+03,-1.23339E+00, 7.27859E+00, 2.55936E-01, 2.47803E-02,-1.07765E-03, 5.20259E-04, 1.42002E+03,-1.23411E+00, 7.27965E+00, 2.55535E-01, 3.28431E+00,-4.86383E+00, 2.86903E+01, 1.00711E+00, 4.20831E+02, 6.23314E+01, 3.21897E+02, 8.79138E+01, 5.45178E-01, 2.57015E+00, 9.96184E+01, 2.96152E+01, 5.12518E-03,-1.80535E-04, 0.00000E+00, 0.00000E+00, 0.00000E+00,
 1358, 2.71390E+01,TRUE,0, 0.00000E+00, 3.56409E+00, 1.41997E+00, 2.89221E+00, 0.00000E+00, 0.00000E+00, 1.88512E-01, 0.00000E+00, 8.88688E-01, 1.41997E+03,-1.23266E+00, 7.27753E+00, 2.56338E-01, 2.46582E-02,-1.04046E-03, 5.28216E-04, 1.41999E+03,-1.23339E+00, 7.27859E+00, 2.55936E-01, 3.28423E+00,-4.86086E+00, 2.86854E+01, 1.00866E+00, 4.28596E+02, 6.28478E+01, 3.25423E+02, 8.81482E+01, 5.45216E-01, 2.57028E+00, 9.96336E+01, 2.96158E+01, 5.12455E-03,-1.80826E-04, 0.00000E+00, 0.00000E+00, 0.00000E+00,
 1359, 2.71590E+01,TRUE,0, 0.00000E+00, 3.56444E+00, 1.41994E+00, 2.89252E+00, 0.00000E+00, 0.00000E+00, 1.88506E-01, 0.00000E+00, 8.88638E-01, 1.41994E+03,-1.23194E+00, 7.27649E+00, 2.56740E-01, 2.46582E-02,-1.01566E-03, 5.28783E-04, 1.41997E+03,-1.23266E+00, 7.27753E+00, 2.56338E-01, 3.28415E+00,-4.85790E+00, 2.86806E+01, 1.01022E+00, 4.36442E+02, 6.33584E+01, 3.28958E+02, 8.83782E+01, 5.45256E-01, 2.57040E+00, 9.96483E+01, 2.96164E+01, 5.12392E-03,-1.81113E-04, 0.00000E+00, 0.00000E+00, 0.00000E+00,
 1360, 2.71790E+01,TRUE,0, 0.00000E+00, 3.56479E+00, 1.41992E+00, 2.89283E+00, 0.00000E+00, 0.00000E+00, 1.88499E-01, 0.00000E+00, 8.88587E-01, 1.41992E+03,-1.23122E+00, 7.27544E+00, 2.57143E-01, 2.46582E-02,-9.99928E-04, 5.23418E-04, 1.41994E+03,-1.23194E+00, 7.27649E+00, 2.56740E-01, 3.28407E+00,-4.85493E+00, 2.86758E+01, 1.01178E+00, 4.44370E+02, 6.38633E+01, 3.32502E+02, 8.86039E+01, 5.45297E-01, 2.57053E+00, 9.96623E+01, 2.96170E+01, 5.12328E-03,-1.81396E-04, 0.00000E+00, 0.00000E+00, 0.00000E+00,
 1361, 2.71990E+01,TRUE,0, 0.00000E+00, 3.56516E+00, 1.41989E+00, 2.89315E+00, 0.00000E+00, 0.00000E+00, 1.88493E-01, 0.00000E+00, 8.88534E-01, 1.41989E+03,-1.23050E+00, 7.27439E+00, 2.57544E-01, 2.46582E-02,-1.07765E-03, 5.13315E-04, 1.41992E+03,-1.23122E+00, 7.27544E+00, 2.57143E-01, 3.28399E+00,-4.85197E+00, 2.86709E+01, 1.01334E+00, 4.52378E+02, 6.43625E+01, 3.36055E+02, 8.88253E+01, 5.45339E-01, 2.57067E+00, 9.96758E+01, 2.96176E+01, 5.12258E-03,-1.81676E-04, 0.00000E+00, 0.00000E+00, 0.00000E+00,
 1362, 2.72190E+01,TRUE,0, 0.00000E+00, 3.56554E+00, 1.41987E+00, 2.89348E+00, 0.00000E+00, 0.00000E+00, 1.88486E-01, 0.00000E+00, 8.88481E-01, 1.41987E+03,-1.22977E+00, 7.27332E+00, 2.57942E-01, 2.46582E-02,-1.14441E-03, 4.99606E-04, 1.41989E+03,-1.23050E+00, 7.27439E+00, 2.57544E-01, 3.28391E+00,-4.84900E+00, 2.86661E+01, 1.01490E+00, 4.60467E+02, 6.48561E+01, 3.39617E+02, 8.90426E+01, 5.45382E-01, 2.57080E+00, 9.96888E+01, 2.96183E+01, 5.12188E-03,-1.81952E-04, 0.00000E+00, 0.00000E+00, 0.00000E+00,
 1363, 2.72390E+01,TRUE,0, 0.00000E+00, 3.56592E+00, 1.41984E+00, 2.89382E+00, 0.00000E+00, 0.00000E+00, 1.88480E-01, 0.00000E+00, 8.88426E-01, 1.41984E+03,-1.22905E+00, 7.27224E+00, 2.58338E-01, 2.46582E-02,-1.19972E-03, 4.83215E-04, 1.41987E+03,-1.22977E+00, 7.27332E+00, 2.57942E-01, 3.28383E+00,-4.84604E+00, 2.86612E+01, 1.01645E+00, 4.68638E+02, 6.53441E+01, 3.43187E+02, 8.92558E+01, 5.45426E-01, 2.57094E+00, 9.97013E+01, 2.96190E+01, 5.12118E-03,-1.82224E-04, 0.00000E+00, 0.00000E+00, 0.00000E+00,
 1364, 2.72590E+01,TRUE,0, 0.00000E+00, 3.56632E+00, 1.41982E+00, 2.89417E+00, 0.00000E+00, 0.00000E+00, 1.88473E-01, 0.00000E+00, 8.88369E-01, 1.41982E+03,-1.22833E+00, 7.27116E+00, 2.58730E-01, 2.46582E-02,-1.24598E-03, 4.65006E-04, 1.41984E+03,-1.22905E+00, 7.27224E+00, 2.58338E-01, 3.28375E+00,-4.84307E+00, 2.86562E+01, 1.01798E+00, 4.76890E+02, 6.58265E+01, 3.46766E+02, 8.94649E+01, 5.45472E-01, 2.57109E+00, 9.97132E+01, 2.96197E+01, 5.12048E-03,-1.82493E-04, 0.00000E+00, 0.00000E+00, 0.00000E+00,
 1365, 2.72790E+01,TRUE,0, 0.00000E+00, 3.56673E+00, 1.41979E+00, 2.89452E+00, 0.00000E+00, 0.00000E+00, 1.88466E-01, 0.00000E+00, 8.88311E-01, 1.41979E+03,-1.22760E+00, 7.27008E+00, 2.59118E-01, 2.46582E-02,-1.19925E-03, 4.45604E-04, 1.41982E+03,-1.22833E+00, 7.27116E+00, 2.58730E-01, 3.28367E+00,-4.84010E+00, 2.86513E+01, 1.01950E+00, 4.85223E+02, 6.63034E+01, 3.50353E+02, 8.96701E+01, 5.45518E-01, 2.57124E+00, 9.97247E+01, 2.96204E+01, 5.11983E-03,-1.82758E-04, 0.00000E+00, 0.00000E+00, 0.00000E+00,
 1366, 2.72990E+01,TRUE,0, 0.00000E+00, 3.56714E+00, 1.41977E+00, 2.89488E+00, 0.00000E+00, 0.00000E+00, 1.88459E-01, 0.00000E+00, 8.88252E-01, 1.41977E+03,-1.22688E+00, 7.26898E+00, 2.59501E-01, 2.46582E-02,-1.24788E-03, 4.25607E-04, 1.41979E+03,-1.22760E+00, 7.27008E+00, 2.59118E-01, 3.28359E+00,-4.83713E+00, 2.86463E+01, 1.02100E+00, 4.93637E+02, 6.67747E+01, 3.53947E+02, 8.98714E+01, 5.45566E-01, 2.57139E+00, 9.97357E+01, 2.96211E+01, 5.11912E-03,-1.83020E-04, 0.00000E+00, 0.00000E+00, 0.00000E+00,
 1367, 2.73190E+01,TRUE,0, 0.00000E+00, 3.56757E+00, 1.41974E+00, 2.89526E+00, 0.00000E+00, 0.00000E+00, 1.88451E-01, 0.00000E+00, 8.88191E-01, 1.41974E+03,-1.22616E+00, 7.26787E+00, 2.59879E-01, 2.45361E-02,-1.37186E-03, 4.05461E-04, 1.41977E+03,-1.22688E+00, 7.26898E+00, 2.59501E-01, 3.28351E+00,-4.83417E+00, 2.86413E+01, 1.02249E+00, 5.02133E+02, 6.72406E+01, 3.57550E+02, 9.00689E+01, 5.45615E-01, 2.57154E+00, 9.97462E+01, 2.96219E+01, 5.11835E-03,-1.83278E-04, 0.00000E+00, 0.00000E+00, 0.00000E+00,
 1368, 2.73390E+01,TRUE,0, 0.00000E+00, 3.56800E+00, 1.41972E+00, 2.89564E+00, 0.00000E+00, 0.00000E+00, 1.88444E-01, 0.00000E+00, 8.88130E-01, 1.41972E+03,-1.22543E+00, 7.26671E+00, 2.60252E-01, 2.45361E-02,-1.55544E-03, 3.85553E-04, 1.41974E+03,-1.22616E+00, 7.26787E+00, 2.59879E-01, 3.28343E+00,-4.83120E+00, 2.86362E+01, 1.02395E+00, 5.10710E+02, 6.77011E+01, 3.61161E+02, 9.02626E+01, 5.45665E-01, 2.57170E+00, 9.97564E+01, 2.96227E+01, 5.11752E-03,-1.83532E-04, 0.00000E+00, 0.00000E+00, 0.00000E+00,
 1369, 2.73590E+01,TRUE,0, 0.00000E+00, 3.56845E+00, 1.41970E+00, 2.89602E+00, 0.00000E+00, 0.00000E+00, 1.88436E-01, 0.00000E+00, 8.88067E-01, 1.41970E+03,-1.22471E+00, 7.26551E+00, 2.60619E-01, 2.45361E-02,-1.78385E-03, 3.66181E-04, 1.41972E+03,-1.22543E+00, 7.26671E+00, 2.60252E-01, 3.28335E+00,-4.82823E+00, 2.86310E+01, 1.02540E+00, 5.19369E+02, 6.81561E+01, 3.64779E+02, 9.04527E+01, 5.45716E-01, 2.57186E+00, 9.97661E+01, 2.96234E+01, 5.11663E-03,-1.83783E-04, 0.00000E+00, 0.00000E+00, 0.00000E+00,
 1370, 2.73790E+01,TRUE,0, 0.00000E+00, 3.56890E+00, 1.41967E+00, 2.89642E+00, 0.00000E+00, 0.00000E+00, 1.88429E-01, 0.00000E+00, 8.88002E-01, 1.41967E+03,-1.22399E+00, 7.26424E+00, 2.60981E-01, 2.45361E-02,-2.04420E-03, 3.47525E-04, 1.41970E+03,-1.22471E+00, 7.26551E+00, 2.60619E-01, 3.28327E+00,-4.82526E+00, 2.86255E+01, 1.02682E+00, 5.28109E+02, 6.86058E+01, 3.68404E+02, 9.06392E+01, 5.45769E-01, 2.57203E+00, 9.97755E+01, 2.96243E+01, 5.11568E-03,-1.84030E-04, 0.00000E+00, 0.00000E+00, 0.00000E+00,
 1371, 2.73990E+01,TRUE,0, 0.00000E+00, 3.56937E+00, 1.41965E+00, 2.89682E+00, 0.00000E+00, 0.00000E+00, 1.88421E-01, 0.00000E+00, 8.87937E-01, 1.41965E+03,-1.22326E+00, 7.26291E+00, 2.61337E-01, 2.45361E-02,-2.32553E-03, 3.29763E-04, 1.41967E+03,-1.22399E+00, 7.26424E+00, 2.60981E-01, 3.28319E+00,-4.82230E+00, 2.86199E+01, 1.02822E+00, 5.36931E+02, 6.90501E+01, 3.72037E+02, 9.08221E+01, 5.45822E-01, 2.57220E+00, 9.97845E+01, 2.96251E+01, 5.11467E-03,-1.84274E-04, 0.00000E+00, 0.00000E+00, 0.00000E+00,
 1372, 2.74190E+01,TRUE,0, 0.00000E+00, 3.56984E+00, 1.41962E+00, 2.89724E+00, 0.00000E+00, 0.00000E+00, 1.88413E-01, 0.00000E+00, 8.87870E-01, 1.41962E+03,-1.22254E+00, 7.26150E+00, 2.61687E-01, 2.45361E-02,-2.61927E-03, 3.13044E-04, 1.41965E+03,-1.22326E+00, 7.26291E+00, 2.61337E-01, 3.28311E+00,-4.81933E+00, 2.86139E+01, 1.02960E+00, 5.45834E+02, 6.94891E+01, 3.75677E+02, 9.10015E+01, 5.45877E-01, 2.57237E+00, 9.97931E+01, 2.96259E+01, 5.11360E-03,-1.84515E-04, 0.00000E+00, 0.00000E+00, 0.00000E+00,
 1373, 2.74390E+01,TRUE,0, 0.00000E+00, 3.57032E+00, 1.41960E+00, 2.89766E+00, 0.00000E+00, 0.00000E+00, 1.88405E-01, 0.00000E+00, 8.87801E-01, 1.41960E+03,-1.22181E+00, 7.26001E+00, 2.62031E-01, 2.45361E-02,-2.91729E-03, 2.97368E-04, 1.41962E+03,-1.22254E+00, 7.26150E+00, 2.61687E-01, 3.28303E+00,-4.81636E+00, 2.86077E+01, 1.03095E+00, 5.54819E+02, 6.99229E+01, 3.79324E+02, 9.11775E+01, 5.45933E-01, 2.57254E+00, 9.98014E+01, 2.96268E+01, 5.11246E-03,-1.84751E-04, 0.00000E+00, 0.00000E+00, 0.00000E+00,
 1374, 2.74590E+01,TRUE,0, 0.00000E+00, 3.57082E+00, 1.41957E+00, 2.89809E+00, 0.00000E+00, 0.00000E+00, 1.88397E-01, 0.00000E+00, 8.87732E-01, 1.41957E+03,-1.22109E+00, 7.25843E+00, 2.62369E-01, 2.45361E-02,-3.21436E-03, 2.82824E-04, 1.41960E+03,-1.22181E+00, 7.26001E+00, 2.62031E-01, 3.28295E+00,-4.81339E+00, 2.86011E+01, 1.03228E+00, 5.63886E+02, 7.03514E+01, 3.82978E+02, 9.13501E+01, 5.45990E-01, 2.57272E+00, 9.98093E+01, 2.96277E+01, 5.11127E-03,-1.84984E-04, 0.00000E+00, 0.00000E+00, 0.00000E+00,
 1375, 2.74790E+01,TRUE,0, 0.00000E+00, 3.57132E+00, 1.41955E+00, 2.89853E+00, 0.00000E+00, 0.00000E+00, 1.88388E-01, 0.00000E+00, 8.87661E-01, 1.41955E+03,-1.22037E+00, 7.25677E+00, 2.62702E-01, 2.44141E-02,-3.50475E-03, 2.69383E-04, 1.41957E+03,-1.22109E+00, 7.25843E+00, 2.62369E-01, 3.28287E+00,-4.81042E+00, 2.85942E+01, 1.03359E+00, 5.73034E+02, 7.07748E+01, 3.86639E+02, 9.15194E+01, 5.46048E-01, 2.57291E+00, 9.98169E+01, 2.96286E+01, 5.11002E-03,-1.85214E-04, 0.00000E+00, 0.00000E+00, 0.00000E+00,
 1376, 2.74990E+01,TRUE,0, 0.00000E+00, 3.57183E+00, 1.41952E+00, 2.89897E+00, 0.00000E+00, 0.00000E+00, 1.88380E-01, 0.00000E+00, 8.87588E-01, 1.41952E+03,-1.21964E+00, 7.25501E+00, 2.63029E-01, 2.44141E-02,-3.78561E-03, 2.57015E-04, 1.41955E+03,-1.22037E+00, 7.25677E+00, 2.62702E-01, 3.28279E+00,-4.80746E+00, 2.85869E+01, 1.03488E+00, 5.82264E+02, 7.11930E+01, 3.90306E+02, 9.16855E+01, 5.46107E-01, 2.57309E+00, 9.98242E+01, 2.96295E+01, 5.10871E-03,-1.85441E-04, 0.00000E+00, 0.00000E+00, 0.00000E+00,
 1377, 2.75190E+01,TRUE,0, 0.00000E+00, 3.57236E+00, 1.41950E+00, 2.89943E+00, 0.00000E+00, 0.00000E+00, 1.88371E-01, 0.00000E+00, 8.87515E-01, 1.41950E+03,-1.21892E+00, 7.25316E+00, 2.63350E-01, 2.44141E-02,-4.05359E-03, 2.45690E-04, 1.41952E+03,-1.21964E+00, 7.25501E+00, 2.63029E-01, 3.28271E+00,-4.80449E+00, 2.85793E+01, 1.03614E+00, 5.91576E+02, 7.16061E+01, 3.93980E+02, 9.18484E+01, 5.46168E-01, 2.57328E+00, 9.98313E+01, 2.96304E+01, 5.10734E-03,-1.85663E-04, 0.00000E+00, 0.00000E+00, 0.00000E+00,
 1378, 2.75390E+01,TRUE,0, 0.00000E+00, 3.57289E+00, 1.41947E+00, 2.89989E+00, 0.00000E+00, 0.00000E+00, 1.88362E-01, 0.00000E+00, 8.87440E-01, 1.41947E+03,-1.21820E+00, 7.25122E+00, 2.63665E-01, 2.44141E-02,-4.30775E-03, 2.35349E-04, 1.41950E+03,-1.21892E+00, 7.25316E+00, 2.63350E-01, 3.28263E+00,-4.80152E+00, 2.85714E+01, 1.03738E+00, 6.00969E+02, 7.20141E+01, 3.97661E+02, 9.20082E+01, 5.46230E-01, 2.57348E+00, 9.98380E+01, 2.96314E+01, 5.10592E-03,-1.85883E-04, 0.00000E+00, 0.00000E+00, 0.00000E+00,
 1379, 2.75590E+01,TRUE,0, 0.00000E+00, 3.57343E+00, 1.41945E+00, 2.90036E+00, 0.00000E+00, 0.00000E+00, 1.88353E-01, 0.00000E+00, 8.87363E-01, 1.41945E+03,-1.21747E+00, 7.24918E+00, 2.63975E-01, 2.44141E-02,-4.54617E-03, 2.25902E-04, 1.41947E+03,-1.21820E+00, 7.25122E+00, 2.63665E-01, 3.28256E+00,-4.79856E+00, 2.85630E+01, 1.03859E+00, 6.10445E+02, 7.24171E+01, 4.01347E+02, 9.21649E+01, 5.46293E-01, 2.57368E+00, 9.98445E+01, 2.96323E+01, 5.10443E-03,-1.86099E-04, 0.00000E+00, 0.00000E+00, 0.00000E+00,
 1380, 2.75790E+01,TRUE,0, 0.00000E+00, 3.57398E+00, 1.41943E+00, 2.90084E+00, 0.00000E+00, 0.00000E+00, 1.88344E-01, 0.00000E+00, 8.87286E-01, 1.41943E+03,-1.21675E+00, 7.24705E+00, 2.64279E-01, 2.44141E-02,-4.76789E-03, 2.17319E-04, 1.41945E+03,-1.21747E+00, 7.24918E+00, 2.63975E-01, 3.28248E+00,-4.79559E+00, 2.85543E+01, 1.03979E+00, 6.20002E+02, 7.28152E+01, 4.05040E+02, 9.23187E+01, 5.46357E-01, 2.57388E+00, 9.98507E+01, 2.96333E+01, 5.10289E-03,-1.86312E-04, 0.00000E+00, 0.00000E+00, 0.00000E+00,
 1381, 2.75990E+01,TRUE,0, 0.00000E+00, 3.57454E+00, 1.41940E+00, 2.90133E+00, 0.00000E+00, 0.00000E+00, 1.88335E-01, 0.00000E+00, 8.87207E-01, 1.41940E+03,-1.21603E+00, 7.24482E+00, 2.64578E-01, 2.44141E-02,-4.97341E-03, 2.09481E-04, 1.41943E+03,-1.21675E+00, 7.24705E+00, 2.64279E-01, 3.28240E+00,-4.79263E+00, 2.85452E+01, 1.04096E+00, 6.29641E+02, 7.32082E+01, 4.08739E+02, 9.24694E+01, 5.46422E-01, 2.57408E+00, 9.98567E+01, 2.96344E+01, 5.10129E-03,-1.86521E-04, 0.00000E+00, 0.00000E+00, 0.00000E+00,
 1382, 2.76190E+01,TRUE,0, 0.00000E+00, 3.57512E+00, 1.41938E+00, 2.90183E+00, 0.00000E+00, 0.00000E+00, 1.88325E-01, 0.00000E+00, 8.87126E-01, 1.41938E+03,-1.21531E+00, 7.24250E+00, 2.64871E-01, 2.44141E-02,-5.16319E-03, 2.02358E-04, 1.41940E+03,-1.21603E+00, 7.24482E+00, 2.64578E-01, 3.28232E+00,-4.78967E+00, 2.85358E+01, 1.04211E+00, 6.39361E+02, 7.35964E+01, 4.12443E+02, 9.26173E+01, 5.46488E-01, 2.57429E+00, 9.98624E+01, 2.96354E+01, 5.09964E-03,-1.86727E-04, 0.00000E+00, 0.00000E+00, 0.00000E+00,
 1383, 2.76390E+01,TRUE,0, 0.00000E+00, 3.57570E+00, 1.41935E+00, 2.90234E+00, 0.00000E+00, 0.00000E+00, 1.88316E-01, 0.00000E+00, 8.87044E-01, 1.41935E+03,-1.21458E+00, 7.24009E+00, 2.65160E-01, 2.42920E-02,-5.33628E-03, 1.95861E-04, 1.41938E+03,-1.21531E+00, 7.24250E+00, 2.64871E-01, 3.28224E+00,-4.78671E+00, 2.85259E+01, 1.04324E+00, 6.49164E+02, 7.39797E+01, 4.16154E+02, 9.27623E+01, 5.46556E-01, 2.57450E+00, 9.98679E+01, 2.96364E+01, 5.09793E-03,-1.86929E-04, 0.00000E+00, 0.00000E+00, 0.00000E+00,
 1384, 2.76589E+01,TRUE,0, 0.00000E+00, 3.57629E+00, 1.41933E+00, 2.90286E+00, 0.00000E+00, 0.00000E+00, 1.88306E-01, 0.00000E+00, 8.86961E-01, 1.41933E+03,-1.21386E+00, 7.23758E+00, 2.65442E-01, 2.42920E-02,-5.49459E-03, 1.89930E-04, 1.41935E+03,-1.21458E+00, 7.24009E+00, 2.65160E-01, 3.28216E+00,-4.78375E+00, 2.85157E+01, 1.04435E+00, 6.59048E+02, 7.43582E+01, 4.19870E+02, 9.29045E+01, 5.46625E-01, 2.57472E+00, 9.98732E+01, 2.96375E+01, 5.09616E-03,-1.87128E-04, 0.00000E+00, 0.00000E+00, 0.00000E+00,
 1385, 2.76789E+01,TRUE,0, 0.00000E+00, 3.57690E+00, 1.41930E+00, 2.90338E+00, 0.00000E+00, 0.00000E+00, 1.88296E-01, 0.00000E+00, 8.86877E-01, 1.41930E+03,-1.21314E+00, 7.23499E+00, 2.65720E-01, 2.42920E-02,-5.63860E-03, 1.84476E-04, 1.41933E+03,-1.21386E+00, 7.23758E+00, 2.65442E-01, 3.28208E+00,-4.78079E+00, 2.85052E+01, 1.04544E+00, 6.69015E+02, 7.47319E+01, 4.23592E+02, 9.30440E+01, 5.46695E-01, 2.57494E+00, 9.98782E+01, 2.96386E+01, 5.09433E-03,-1.87324E-04, 0.00000E+00, 0.00000E+00, 0.00000E+00,
 1386, 2.76989E+01,TRUE,0, 0.00000E+00, 3.57751E+00, 1.41928E+00, 2.90391E+00, 0.00000E+00, 0.00000E+00, 1.88286E-01, 0.00000E+00, 8.86791E-01, 1.41928E+03,-1.21242E+00, 7.23230E+00, 2.65993E-01, 2.42920E-02,-5.76973E-03, 1.79440E-04, 1.41930E+03,-1.21314E+00, 7.23499E+00, 2.65720E-01, 3.28200E+00,-4.77783E+00, 2.84943E+01, 1.04651E+00, 6.79063E+02, 7.51009E+01, 4.27319E+02, 9.31807E+01, 5.46767E-01, 2.57516E+00, 9.98831E+01, 2.96397E+01, 5.09245E-03,-1.87517E-04, 0.00000E+00, 0.00000E+00, 0.00000E+00,
 1387, 2.77189E+01,TRUE,0, 0.00000E+00, 3.57816E+00, 1.41926E+00, 2.90448E+00, 0.00000E+00, 0.00000E+00, 1.88274E-01, 0.00000E+00, 8.86696E-01, 1.41926E+03,-1.21170E+00, 7.22953E+00, 2.66261E-01, 2.42920E-02,-5.88894E-03, 1.74761E-04, 1.41928E+03,-1.21242E+00, 7.23230E+00, 2.65993E-01, 3.28192E+00,-4.77488E+00, 2.84830E+01, 1.04756E+00, 6.89194E+02, 7.54652E+01, 4.31052E+02, 9.33149E+01, 5.46840E-01, 2.57540E+00, 9.98878E+01, 2.96408E+01, 5.09052E-03,-1.87706E-04, 0.00000E+00, 0.00000E+00, 0.00000E+00,
 1388, 2.77389E+01,TRUE,0, 0.00000E+00, 3.57886E+00, 1.41923E+00, 2.90510E+00, 0.00000E+00, 0.00000E+00, 1.88261E-01, 0.00000E+00, 8.86594E-01, 1.41923E+03,-1.21098E+00, 7.22666E+00, 2.66524E-01, 2.42920E-02,-5.99813E-03, 1.70380E-04, 1.41926E+03,-1.21170E+00, 7.22953E+00, 2.66261E-01, 3.28184E+00,-4.77193E+00, 2.84714E+01, 1.04859E+00, 6.99406E+02, 7.58248E+01, 4.34789E+02, 9.34464E+01, 5.46917E-01, 2.57564E+00, 9.98923E+01, 2.96421E+01, 5.08853E-03,-1.87892E-04, 0.00000E+00, 0.00000E+00, 0.00000E+00,
 1389, 2.77589E+01,TRUE,0, 0.00000E+00, 3.57974E+00, 1.41921E+00, 2.90589E+00, 0.00000E+00, 0.00000E+00, 1.88239E-01, 0.00000E+00, 8.86449E-01, 1.41921E+03,-1.21026E+00, 7.22372E+00, 2.66782E-01, 2.42920E-02,-6.09684E-03, 1.66237E-04, 1.41923E+03,-1.21098E+00, 7.22666E+00, 2.66524E-01, 3.28176E+00,-4.76897E+00, 2.84594E+01, 1.04960E+00, 7.09700E+02, 7.61798E+01, 4.38532E+02, 9.35754E+01, 5.47003E-01, 2.57592E+00, 9.98966E+01, 2.96434E+01, 5.08648E-03,-1.88074E-04, 0.00000E+00, 0.00000E+00, 0.00000E+00,
 1390, 2.77789E+01,TRUE,0, 0.00000E+00, 3.58068E+00, 1.41918E+00, 2.90673E+00, 0.00000E+00, 0.00000E+00, 1.88217E-01, 0.00000E+00, 8.86301E-01, 1.41918E+03,-1.20954E+00, 7.22069E+00, 2.67035E-01, 2.42920E-02,-6.18649E-03, 1.62363E-04, 1.41921E+03,-1.21026E+00, 7.22372E+00, 2.66782E-01, 3.28168E+00,-4.76602E+00, 2.84472E+01, 1.05059E+00, 7.20076E+02, 7.65303E+01, 4.42281E+02, 9.37019E+01, 5.47097E-01, 2.57624E+00, 9.99007E+01, 2.96450E+01, 5.08438E-03,-1.88254E-04, 0.00000E+00, 0.00000E+00, 0.00000E+00,
 1391, 2.77989E+01,TRUE,0, 0.00000E+00, 3.58163E+00, 1.41916E+00, 2.90757E+00, 0.00000E+00, 0.00000E+00, 1.88197E-01, 0.00000E+00, 8.86162E-01, 1.41916E+03,-1.20882E+00, 7.21757E+00, 2.67283E-01, 2.42920E-02,-6.26945E-03, 1.58638E-04, 1.41918E+03,-1.20954E+00, 7.22069E+00, 2.67035E-01, 3.28160E+00,-4.76308E+00, 2.84345E+01, 1.05156E+00, 7.30534E+02, 7.68762E+01, 4.46034E+02, 9.38260E+01, 5.47198E-01, 2.57658E+00, 9.99047E+01, 2.96466E+01, 5.08222E-03,-1.88430E-04, 0.00000E+00, 0.00000E+00, 0.00000E+00,
 1392, 2.78189E+01,TRUE,0, 0.00000E+00, 3.58256E+00, 1.41913E+00, 2.90839E+00, 0.00000E+00, 0.00000E+00, 1.88181E-01, 0.00000E+00, 8.86032E-01, 1.41913E+03,-1.20810E+00, 7.21438E+00, 2.67527E-01, 2.41699E-02,-6.34480E-03, 1.55061E-04, 1.41916E+03,-1.20882E+00, 7.21757E+00, 2.67283E-01, 3.28153E+00,-4.76013E+00, 2.84216E+01, 1.05252E+00, 7.41075E+02, 7.72176E+01, 4.49791E+02, 9.39476E+01, 5.47303E-01, 2.57693E+00, 9.99085E+01, 2.96482E+01, 5.08002E-03,-1.88603E-04, 0.00000E+00, 0.00000E+00, 0.00000E+00,
 1393, 2.78389E+01,TRUE,0, 0.00000E+00, 3.58347E+00, 1.41911E+00, 2.90918E+00, 0.00000E+00, 0.00000E+00, 1.88166E-01, 0.00000E+00, 8.85911E-01, 1.41911E+03,-1.20738E+00, 7.21110E+00, 2.67766E-01, 2.41699E-02,-6.41441E-03, 1.51604E-04, 1.41913E+03,-1.20810E+00, 7.21438E+00, 2.67527E-01, 3.28145E+00,-4.75719E+00, 2.84083E+01, 1.05345E+00, 7.51697E+02, 7.75546E+01, 4.53554E+02, 9.40669E+01, 5.47410E-01, 2.57728E+00, 9.99121E+01, 2.96498E+01, 5.07775E-03,-1.88773E-04, 0.00000E+00, 0.00000E+00, 0.00000E+00,
 1394, 2.78589E+01,TRUE,0, 0.00000E+00, 3.58627E+00, 1.41909E+00, 2.91186E+00, 0.00000E+00, 0.00000E+00, 1.88053E-01, 0.00000E+00, 8.85322E-01, 1.41909E+03,-1.20667E+00, 7.20774E+00, 2.68000E-01, 2.41699E-02,-6.47783E-03, 1.48237E-04, 1.41911E+03,-1.20738E+00, 7.21110E+00, 2.67766E-01, 3.28137E+00,-4.75425E+00, 2.83947E+01, 1.05437E+00, 7.62401E+02, 7.78871E+01, 4.57321E+02, 9.41839E+01, 5.47585E-01, 2.57794E+00, 9.99156E+01, 2.96529E+01, 5.07544E-03,-1.88939E-04, 0.00000E+00, 0.00000E+00, 0.00000E+00,
 1395, 2.78789E+01,TRUE,0, 0.00000E+00, 3.58933E+00, 1.41906E+00, 2.91471E+00, 0.00000E+00, 0.00000E+00, 1.87950E-01, 0.00000E+00, 8.84766E-01, 1.41906E+03,-1.20595E+00, 7.20431E+00, 2.68230E-01, 2.41699E-02,-6.53887E-03, 1.44958E-04, 1.41909E+03,-1.20667E+00, 7.20774E+00, 2.68000E-01, 3.28129E+00,-4.75131E+00, 2.83808E+01, 1.05526E+00, 7.73187E+02, 7.82154E+01, 4.61093E+02, 9.42986E+01, 5.47820E-01, 2.57884E+00, 9.99190E+01, 2.96571E+01, 5.07307E-03,-1.89102E-04, 0.00000E+00, 0.00000E+00, 0.00000E+00,
 1396, 2.78989E+01,TRUE,0, 0.00000E+00, 3.59230E+00, 1.41904E+00, 2.91741E+00, 0.00000E+00, 0.00000E+00, 1.87871E-01, 0.00000E+00, 8.84302E-01, 1.41904E+03,-1.20523E+00, 7.20080E+00, 2.68456E-01, 2.41699E-02,-6.59657E-03, 1.41680E-04, 1.41906E+03,-1.20595E+00, 7.20431E+00, 2.68230E-01, 3.28121E+00,-4.74837E+00, 2.83666E+01, 1.05614E+00, 7.84055E+02, 7.85393E+01, 4.64870E+02, 9.44111E+01, 5.48096E-01, 2.57987E+00, 9.99222E+01, 2.96616E+01, 5.07065E-03,-1.89263E-04, 0.00000E+00, 0.00000E+00, 0.00000E+00,
 1397, 2.79189E+01,TRUE,0, 0.00000E+00, 3.59308E+00, 1.41901E+00, 2.91787E+00, 0.00000E+00, 0.00000E+00, 1.87919E-01, 0.00000E+00, 8.84417E-01, 1.41901E+03,-1.20452E+00, 7.19721E+00, 2.68676E-01, 2.41699E-02,-6.65188E-03, 1.38462E-04, 1.41904E+03,-1.20523E+00, 7.20080E+00, 2.68456E-01, 3.28113E+00,-4.74544E+00, 2.83521E+01, 1.05701E+00, 7.95005E+02, 7.88589E+01, 4.68651E+02, 9.45213E+01, 5.48323E-01, 2.58061E+00, 9.99254E+01, 2.96647E+01, 5.06818E-03,-1.89420E-04, 0.00000E+00, 0.00000E+00, 0.00000E+00,
 1398, 2.79389E+01,TRUE,0, 0.00000E+00, 3.59381E+00, 1.41899E+00, 2.91834E+00, 0.00000E+00, 0.00000E+00, 1.87952E-01, 0.00000E+00, 8.84455E-01, 1.41899E+03,-1.20380E+00, 7.19355E+00, 2.68893E-01, 2.41699E-02,-6.70433E-03, 1.35213E-04, 1.41901E+03,-1.20452E+00, 7.19721E+00, 2.68676E-01, 3.28105E+00,-4.74251E+00, 2.83373E+01, 1.05785E+00, 8.06037E+02, 7.91743E+01, 4.72436E+02, 9.46295E+01, 5.48510E-01, 2.58115E+00, 9.99283E+01, 2.96668E+01, 5.06565E-03,-1.89573E-04, 0.00000E+00, 0.00000E+00, 0.00000E+00,
 1399, 2.79589E+01,TRUE,0, 0.00000E+00, 3.59451E+00, 1.41897E+00, 2.91883E+00, 0.00000E+00, 0.00000E+00, 1.87974E-01, 0.00000E+00, 8.84439E-01, 1.41897E+03,-1.20309E+00, 7.18981E+00, 2.69105E-01, 2.41699E-02,-6.75392E-03, 1.31994E-04, 1.41899E+03,-1.20380E+00, 7.19355E+00, 2.68893E-01, 3.28097E+00,-4.73958E+00, 2.83222E+01, 1.05868E+00, 8.17152E+02, 7.94855E+01, 4.76225E+02, 9.47355E+01, 5.48665E-01, 2.58153E+00, 9.99312E+01, 2.96684E+01, 5.06307E-03,-1.89724E-04, 0.00000E+00, 0.00000E+00, 0.00000E+00,
 1400, 2.79789E+01,TRUE,0, 0.00000E+00, 3.59505E+00, 1.41894E+00, 2.91921E+00, 0.00000E+00, 0.00000E+00, 1.87994E-01, 0.00000E+00, 8.84419E-01, 1.41894E+03,-1.20238E+00, 7.18598E+00, 2.69328E-01, 2.40479E-02,-6.88696E-03, 2.13861E-04, 1.41897E+03,-1.20309E+00, 7.18981E+00, 2.69105E-01, 3.28090E+00,-4.73666E+00, 2.83068E+01, 1.05948E+00, 8.28348E+02, 7.97926E+01, 4.80019E+02, 9.48395E+01, 5.48792E-01, 2.58180E+00, 9.99339E+01, 2.96696E+01, 5.06038E-03,-1.89932E-04, 0.00000E+00, 0.00000E+00, 0.00000E+00,
 1401, 2.79989E+01,TRUE,0, 0.00000E+00, 3.59558E+00, 1.41892E+00, 2.91960E+00, 0.00000E+00, 0.00000E+00, 1.88004E-01, 0.00000E+00, 8.84369E-01, 1.41892E+03,-1.20167E+00, 7.18206E+00, 2.69561E-01, 2.40479E-02,-7.00045E-03, 2.77787E-04, 1.41894E+03,-1.20238E+00, 7.18598E+00, 2.69328E-01, 3.28082E+00,-4.73374E+00, 2.82910E+01, 1.06034E+00, 8.39626E+02, 8.00956E+01, 4.83816E+02, 9.49414E+01, 5.48897E-01, 2.58200E+00, 9.99366E+01, 2.96707E+01, 5.05764E-03,-1.90136E-04, 0.00000E+00, 0.00000E+00, 0.00000E+00,
 1402, 2.80189E+01,TRUE,0, 0.00000E+00, 3.59611E+00, 1.41889E+00, 2.92001E+00, 0.00000E+00, 0.00000E+00, 1.88008E-01, 0.00000E+00, 8.84300E-01, 1.41889E+03,-1.20095E+00, 7.17806E+00, 2.69802E-01, 2.40479E-02,-7.09724E-03, 3.26067E-04, 1.41892E+03,-1.20167E+00, 7.18206E+00, 2.69561E-01, 3.28073E+00,-4.73081E+00, 2.82749E+01, 1.06123E+00, 8.50986E+02, 8.03945E+01, 4.87618E+02, 9.50414E+01, 5.48986E-01, 2.58216E+00, 9.99391E+01, 2.96717E+01, 5.05485E-03,-1.90336E-04, 0.00000E+00, 0.00000E+00, 0.00000E+00,
 1403, 2.80389E+01,TRUE,0, 0.00000E+00, 3.59664E+00, 1.41887E+00, 2.92044E+00, 0.00000E+00, 0.00000E+00, 1.88007E-01, 0.00000E+00, 8.84220E-01, 1.41887E+03,-1.20024E+00, 7.17397E+00, 2.70049E-01, 2.40479E-02,-7.17974E-03, 3.60727E-04, 1.41889E+03,-1.20095E+00, 7.17806E+00, 2.69802E-01, 3.28066E+00,-4.72790E+00, 2.82585E+01, 1.06215E+00, 8.62428E+02, 8.06894E+01, 4.91424E+02, 9.51394E+01, 5.49065E-01, 2.58231E+00, 9.99416E+01, 2.96729E+01, 5.05201E-03,-1.90534E-04, 0.00000E+00, 0.00000E+00, 0.00000E+00,
 1404, 2.80589E+01,TRUE,0, 0.00000E+00, 3.59717E+00, 1.41885E+00, 2.92089E+00, 0.00000E+00, 0.00000E+00, 1.88003E-01, 0.00000E+00, 8.84135E-01, 1.41885E+03,-1.19953E+00, 7.16981E+00, 2.70301E-01, 2.40479E-02,-7.25126E-03, 3.83765E-04, 1.41887E+03,-1.20024E+00, 7.17397E+00, 2.70049E-01, 3.28058E+00,-4.72499E+00, 2.82417E+01, 1.06310E+00, 8.73953E+02, 8.09803E+01, 4.95233E+02, 9.52355E+01, 5.49137E-01, 2.58246E+00, 9.99439E+01, 2.96741E+01, 5.04912E-03,-1.90728E-04, 0.00000E+00, 0.00000E+00, 0.00000E+00,
 1405, 2.80789E+01,TRUE,0, 0.00000E+00, 3.59772E+00, 1.41882E+00, 2.92136E+00, 0.00000E+00, 0.00000E+00, 1.87997E-01, 0.00000E+00, 8.84047E-01, 1.41882E+03,-1.19882E+00, 7.16556E+00, 2.70556E-01, 2.40479E-02,-7.31277E-03, 3.96997E-04, 1.41885E+03,-1.19953E+00, 7.16981E+00, 2.70301E-01, 3.28050E+00,-4.72208E+00, 2.82246E+01, 1.06407E+00, 8.85559E+02, 8.12673E+01, 4.99046E+02, 9.53297E+01, 5.49206E-01, 2.58262E+00, 9.99461E+01, 2.96753E+01, 5.04618E-03,-1.90918E-04, 0.00000E+00, 0.00000E+00, 0.00000E+00,
 1406, 2.80989E+01,TRUE,0, 0.00000E+00, 3.59828E+00, 1.41880E+00, 2.92185E+00, 0.00000E+00, 0.00000E+00, 1.87988E-01, 0.00000E+00, 8.83959E-01, 1.41880E+03,-1.19811E+00, 7.16124E+00, 2.70813E-01, 2.40479E-02,-7.36523E-03, 4.02033E-04, 1.41882E+03,-1.19882E+00, 7.16556E+00, 2.70556E-01, 3.28042E+00,-4.71917E+00, 2.82073E+01, 1.06505E+00, 8.97247E+02, 8.15504E+01, 5.02863E+02, 9.54220E+01, 5.49274E-01, 2.58279E+00, 9.99483E+01, 2.96767E+01, 5.04319E-03,-1.91105E-04, 0.00000E+00, 0.00000E+00, 0.00000E+00,
 1407, 2.81189E+01,TRUE,0, 0.00000E+00, 3.59886E+00, 1.41877E+00, 2.92235E+00, 0.00000E+00, 0.00000E+00, 1.87979E-01, 0.00000E+00, 8.83870E-01, 1.41877E+03,-1.19741E+00, 7.15685E+00, 2.71071E-01, 2.40479E-02,-7.41148E-03, 4.00364E-04, 1.41880E+03,-1.19811E+00, 7.16124E+00, 2.70813E-01, 3.28034E+00,-4.71627E+00, 2.81896E+01, 1.06603E+00, 9.09017E+02, 8.18296E+01, 5.06684E+02, 9.55126E+01, 5.49341E-01, 2.58298E+00, 9.99503E+01, 2.96781E+01, 5.04015E-03,-1.91289E-04, 0.00000E+00, 0.00000E+00, 0.00000E+00,
 1408, 2.81389E+01,TRUE,0, 0.00000E+00, 3.59946E+00, 1.41875E+00, 2.92288E+00, 0.00000E+00, 0.00000E+00, 1.87969E-01, 0.00000E+00, 8.83782E-01, 1.41875E+03,-1.19670E+00, 7.15237E+00, 2.71328E-01, 2.40479E-02,-7.45201E-03, 3.93331E-04, 1.41877E+03,-1.19741E+00, 7.15685E+00, 2.71071E-01, 3.28026E+00,-4.71337E+00, 2.81716E+01, 1.06702E+00, 9.20870E+02, 8.21051E+01, 5.10508E+02, 9.56014E+01, 5.49409E-01, 2.58319E+00, 9.99523E+01, 2.96795E+01, 5.03706E-03,-1.91470E-04, 0.00000E+00, 0.00000E+00, 0.00000E+00,
 1409, 2.81589E+01,TRUE,0, 0.00000E+00, 3.60008E+00, 1.41872E+00, 2.92342E+00, 0.00000E+00, 0.00000E+00, 1.87958E-01, 0.00000E+00, 8.83694E-01, 1.41872E+03,-1.19600E+00, 7.14783E+00, 2.71585E-01, 2.39258E-02,-7.48825E-03, 3.82155E-04, 1.41875E+03,-1.19670E+00, 7.15237E+00, 2.71328E-01, 3.28018E+00,-4.71048E+00, 2.81533E+01, 1.06801E+00, 9.32804E+02, 8.23767E+01, 5.14335E+02, 9.56884E+01, 5.49480E-01, 2.58340E+00, 9.99542E+01, 2.96810E+01, 5.03392E-03,-1.91647E-04, 0.00000E+00, 0.00000E+00, 0.00000E+00,
 1410, 2.81789E+01,TRUE,0, 0.00000E+00, 3.60072E+00, 1.41870E+00, 2.92397E+00, 0.00000E+00, 0.00000E+00, 1.87947E-01, 0.00000E+00, 8.83605E-01, 1.41870E+03,-1.19529E+00, 7.14322E+00, 2.71839E-01, 2.39258E-02,-7.52115E-03, 3.67761E-04, 1.41872E+03,-1.19600E+00, 7.14783E+00, 2.71585E-01, 3.28010E+00,-4.70759E+00, 2.81348E+01, 1.06899E+00, 9.44820E+02, 8.26447E+01, 5.18166E+02, 9.57738E+01, 5.49552E-01, 2.58364E+00, 9.99561E+01, 2.96824E+01, 5.03074E-03,-1.91821E-04, 0.00000E+00, 0.00000E+00, 0.00000E+00,
 1411, 2.81989E+01,TRUE,0, 0.00000E+00, 3.60137E+00, 1.41868E+00, 2.92455E+00, 0.00000E+00, 0.00000E+00, 1.87936E-01, 0.00000E+00, 8.83515E-01, 1.41868E+03,-1.19459E+00, 7.13854E+00, 2.72090E-01, 2.39258E-02,-7.55310E-03, 3.51071E-04, 1.41870E+03,-1.19529E+00, 7.14322E+00, 2.71839E-01, 3.28003E+00,-4.70470E+00, 2.81159E+01, 1.06996E+00, 9.56918E+02, 8.29089E+01, 5.22000E+02, 9.58575E+01, 5.49627E-01, 2.58388E+00, 9.99578E+01, 2.96839E+01, 5.02750E-03,-1.91992E-04, 0.00000E+00, 0.00000E+00, 0.00000E+00,
 1412, 2.82189E+01,TRUE,0, 0.00000E+00, 3.60205E+00, 1.41865E+00, 2.92513E+00, 0.00000E+00, 0.00000E+00, 1.87924E-01, 0.00000E+00, 8.83424E-01, 1.41865E+03,-1.19388E+00, 7.13379E+00, 2.72338E-01, 2.39258E-02,-7.58266E-03, 3.32832E-04, 1.41868E+03,-1.19459E+00, 7.13854E+00, 2.72090E-01, 3.27995E+00,-4.70182E+00, 2.80968E+01, 1.07093E+00, 9.69098E+02, 8.31695E+01, 5.25838E+02, 9.59395E+01, 5.49704E-01, 2.58413E+00, 9.99595E+01, 2.96854E+01, 5.02422E-03,-1.92160E-04, 0.00000E+00, 0.00000E+00, 0.00000E+00,
 1413, 2.82389E+01,TRUE,0, 0.00000E+00, 3.60274E+00, 1.41863E+00, 2.92574E+00, 0.00000E+00, 0.00000E+00, 1.87913E-01, 0.00000E+00, 8.83331E-01, 1.41863E+03,-1.19318E+00, 7.12897E+00, 2.72582E-01, 2.39258E-02,-7.61175E-03, 3.13640E-04, 1.41865E+03,-1.19388E+00, 7.13379E+00, 2.72338E-01, 3.27987E+00,-4.69894E+00, 2.80775E+01, 1.07188E+00, 9.81360E+02, 8.34265E+01, 5.29679E+02, 9.60199E+01, 5.49783E-01, 2.58439E+00, 9.99611E+01, 2.96868E+01, 5.02089E-03,-1.92324E-04, 0.00000E+00, 0.00000E+00, 0.00000E+00,
 1414, 2.82589E+01,TRUE,0, 0.00000E+00, 3.60345E+00, 1.41861E+00, 2.92636E+00, 0.00000E+00, 0.00000E+00, 1.87901E-01, 0.00000E+00, 8.83235E-01, 1.41861E+03,-1.19248E+00, 7.12408E+00, 2.72822E-01, 2.39258E-02,-7.64084E-03, 2.94000E-04, 1.41863E+03,-1.19318E+00, 7.12897E+00, 2.72582E-01, 3.27979E+00,-4.69606E+00, 2.80578E+01, 1.07281E+00, 9.93704E+02, 8.36800E+01, 5.33523E+02, 9.60988E+01, 5.49865E-01, 2.58466E+00, 9.99627E+01, 2.96883E+01, 5.01752E-03,-1.92485E-04, 0.00000E+00, 0.00000E+00, 0.00000E+00,
 1415, 2.82789E+01,TRUE,0, 0.00000E+00, 3.60418E+00, 1.41858E+00, 2.92699E+00, 0.00000E+00, 0.00000E+00, 1.87889E-01, 0.00000E+00, 8.83137E-01, 1.41858E+03,-1.19178E+00, 7.11913E+00, 2.73057E-01, 2.39258E-02,-7.67040E-03, 2.74360E-04, 1.41861E+03,-1.19248E+00, 7.12408E+00, 2.72822E-01, 3.27971E+00,-4.69319E+00, 2.80379E+01, 1.07373E+00, 1.00613E+03, 8.39299E+01, 5.37370E+02, 9.61761E+01, 5.49949E-01, 2.58494E+00, 9.99641E+01, 2.96898E+01, 5.01409E-03,-1.92643E-04, 0.00000E+00, 0.00000E+00, 0.00000E+00,
 1416, 2.82989E+01,TRUE,0, 0.00000E+00, 3.60492E+00, 1.41856E+00, 2.92764E+00, 0.00000E+00, 0.00000E+00, 1.87876E-01, 0.00000E+00, 8.83037E-01, 1.41856E+03,-1.19108E+00, 7.11411E+00, 2.73288E-01, 2.39258E-02,-7.69997E-03, 2.55048E-04, 1.41858E+03,-1.19178E+00, 7.11913E+00, 2.73057E-01, 3.27963E+00,-4.69033E+00, 2.80177E+01, 1.07463E+00, 1.01864E+03, 8.41763E+01, 5.41220E+02, 9.62519E+01, 5.50035E-01, 2.58522E+00, 9.99656E+01, 2.96912E+01, 5.01062E-03,-1.92798E-04, 0.00000E+00, 0.00000E+00, 0.00000E+00,
 1417, 2.83189E+01,TRUE,0, 0.00000E+00, 3.60569E+00, 1.41853E+00, 2.92831E+00, 0.00000E+00, 0.00000E+00, 1.87864E-01, 0.00000E+00, 8.82934E-01, 1.41853E+03,-1.19039E+00, 7.10903E+00, 2.73513E-01, 2.39258E-02,-7.73048E-03, 2.36362E-04, 1.41856E+03,-1.19108E+00, 7.11411E+00, 2.73288E-01, 3.27955E+00,-4.68747E+00, 2.79973E+01, 1.07551E+00, 1.03123E+03, 8.44193E+01, 5.45073E+02, 9.63262E+01, 5.50124E-01, 2.58550E+00, 9.99669E+01, 2.96927E+01, 5.00711E-03,-1.92949E-04, 0.00000E+00, 0.00000E+00, 0.00000E+00,
 1418, 2.83389E+01,TRUE,0, 0.00000E+00, 3.60647E+00, 1.41851E+00, 2.92899E+00, 0.00000E+00, 0.00000E+00, 1.87851E-01, 0.00000E+00, 8.82828E-01, 1.41851E+03,-1.18969E+00, 7.10388E+00, 2.73733E-01, 2.38037E-02,-7.76148E-03, 2.18481E-04, 1.41853E+03,-1.19039E+00, 7.10903E+00, 2.73513E-01, 3.27948E+00,-4.68461E+00, 2.79766E+01, 1.07638E+00, 1.04390E+03, 8.46589E+01, 5.48929E+02, 9.63990E+01, 5.50214E-01, 2.58580E+00, 9.99683E+01, 2.96941E+01, 5.00354E-03,-1.93098E-04, 0.00000E+00, 0.00000E+00, 0.00000E+00,
 1419, 2.83589E+01,TRUE,0, 0.00000E+00, 3.60727E+00, 1.41849E+00, 2.92968E+00, 0.00000E+00, 0.00000E+00, 1.87838E-01, 0.00000E+00, 8.82720E-01, 1.41849E+03,-1.18899E+00, 7.09866E+00, 2.73949E-01, 2.38037E-02,-7.79343E-03, 2.01523E-04, 1.41851E+03,-1.18969E+00, 7.10388E+00, 2.73733E-01, 3.27940E+00,-4.68175E+00, 2.79557E+01, 1.07722E+00, 1.05665E+03, 8.48951E+01, 5.52787E+02, 9.64704E+01, 5.50306E-01, 2.58609E+00, 9.99695E+01, 2.96956E+01, 4.99993E-03,-1.93243E-04, 0.00000E+00, 0.00000E+00, 0.00000E+00,
 1420, 2.83789E+01,TRUE,0, 0.00000E+00, 3.60808E+00, 1.41846E+00, 2.93039E+00, 0.00000E+00, 0.00000E+00, 1.87825E-01, 0.00000E+00, 8.82609E-01, 1.41846E+03,-1.18830E+00, 7.09339E+00, 2.74159E-01, 2.38037E-02,-7.82633E-03, 1.85549E-04, 1.41849E+03,-1.18899E+00, 7.09866E+00, 2.73949E-01, 3.27932E+00,-4.67891E+00, 2.79345E+01, 1.07804E+00, 1.06949E+03, 8.51280E+01, 5.56649E+02, 9.65404E+01, 5.50401E-01, 2.58639E+00, 9.99707E+01, 2.96971E+01, 4.99628E-03,-1.93385E-04, 0.00000E+00, 0.00000E+00, 0.00000E+00,
 1421, 2.83989E+01,TRUE,0, 0.00000E+00, 3.60891E+00, 1.41844E+00, 2.93111E+00, 0.00000E+00, 0.00000E+00, 1.87812E-01, 0.00000E+00, 8.82496E-01, 1.41844E+03,-1.18761E+00, 7.08805E+00, 2.74363E-01, 2.38037E-02,-7.86066E-03, 1.70678E-04, 1.41846E+03,-1.18830E+00, 7.09339E+00, 2.74159E-01, 3.27924E+00,-4.67606E+00, 2.79131E+01, 1.07884E+00, 1.08241E+03, 8.53577E+01, 5.60513E+02, 9.66090E+01, 5.50497E-01, 2.58670E+00, 9.99719E+01, 2.96986E+01, 4.99258E-03,-1.93524E-04, 0.00000E+00, 0.00000E+00, 0.00000E+00,
 1422, 2.84189E+01,TRUE,0, 0.00000E+00, 3.60975E+00, 1.41841E+00, 2.93185E+00, 0.00000E+00, 0.00000E+00, 1.87798E-01, 0.00000E+00, 8.82380E-01, 1.41841E+03,-1.18691E+00, 7.08265E+00, 2.74562E-01, 2.38037E-02,-7.89595E-03, 1.56909E-04, 1.41844E+03,-1.18761E+00, 7.08805E+00, 2.74363E-01, 3.27916E+00,-4.67322E+00, 2.78914E+01, 1.07962E+00, 1.09541E+03, 8.55840E+01, 5.64380E+02, 9.66763E+01, 5.50595E-01, 2.58701E+00, 9.99730E+01, 2.97001E+01, 4.98883E-03,-1.93660E-04, 0.00000E+00, 0.00000E+00, 0.00000E+00,
 1423, 2.84389E+01,TRUE,0, 0.00000E+00, 3.61061E+00, 1.41839E+00, 2.93260E+00, 0.00000E+00, 0.00000E+00, 1.87784E-01, 0.00000E+00, 8.82262E-01, 1.41839E+03,-1.18622E+00, 7.07718E+00, 2.74756E-01, 2.38037E-02,-7.93171E-03, 1.44213E-04, 1.41841E+03,-1.18691E+00, 7.08265E+00, 2.74562E-01, 3.27908E+00,-4.67039E+00, 2.78695E+01, 1.08038E+00, 1.10849E+03, 8.58072E+01, 5.68250E+02, 9.67423E+01, 5.50695E-01, 2.58732E+00, 9.99741E+01, 2.97016E+01, 4.98505E-03,-1.93793E-04, 0.00000E+00, 0.00000E+00, 0.00000E+00,
 1424, 2.84589E+01,TRUE,0, 0.00000E+00, 3.61149E+00, 1.41837E+00, 2.93336E+00, 0.00000E+00, 0.00000E+00, 1.87770E-01, 0.00000E+00, 8.82142E-01, 1.41837E+03,-1.18553E+00, 7.07166E+00, 2.74945E-01, 2.38037E-02,-7.96795E-03, 1.32531E-04, 1.41839E+03,-1.18622E+00, 7.07718E+00, 2.74756E-01, 3.27901E+00,-4.66756E+00, 2.78473E+01, 1.08111E+00, 1.12165E+03, 8.60272E+01, 5.72122E+02, 9.68069E+01, 5.50796E-01, 2.58764E+00, 9.99751E+01, 2.97032E+01, 4.98121E-03,-1.93922E-04, 0.00000E+00, 0.00000E+00, 0.00000E+00,
 1425, 2.84789E+01,TRUE,0, 0.00000E+00, 3.61238E+00, 1.41834E+00, 2.93413E+00, 0.00000E+00, 0.00000E+00, 1.87755E-01, 0.00000E+00, 8.82019E-01, 1.41834E+03,-1.18484E+00, 7.06607E+00, 2.75129E-01, 2.38037E-02,-8.00562E-03, 1.21891E-04, 1.41837E+03,-1.18553E+00, 7.07166E+00, 2.74945E-01, 3.27893E+00,-4.66473E+00, 2.78249E+01, 1.08183E+00, 1.13489E+03, 8.62440E+01, 5.75997E+02, 9.68703E+01, 5.50900E-01, 2.58796E+00, 9.99761E+01, 2.97048E+01, 4.97733E-03,-1.94049E-04, 0.00000E+00, 0.00000E+00, 0.00000E+00,
 1426, 2.84989E+01,TRUE,0, 0.00000E+00, 3.61328E+00, 1.41832E+00, 2.93492E+00, 0.00000E+00, 0.00000E+00, 1.87741E-01, 0.00000E+00, 8.81895E-01, 1.41832E+03,-1.18416E+00, 7.06042E+00, 2.75307E-01, 2.38037E-02,-8.04424E-03, 1.12176E-04, 1.41834E+03,-1.18484E+00, 7.06607E+00, 2.75129E-01, 3.27885E+00,-4.66191E+00, 2.78023E+01, 1.08253E+00, 1.14822E+03, 8.64578E+01, 5.79874E+02, 9.69324E+01, 5.51005E-01, 2.58829E+00, 9.99771E+01, 2.97064E+01, 4.97341E-03,-1.94172E-04, 0.00000E+00, 0.00000E+00, 0.00000E+00,
 1427, 2.85189E+01,TRUE,0, 0.00000E+00, 3.61420E+00, 1.41830E+00, 2.93572E+00, 0.00000E+00, 0.00000E+00, 1.87726E-01, 0.00000E+00, 8.81768E-01, 1.41830E+03,-1.18347E+00, 7.05471E+00, 2.75481E-01, 2.36816E-02,-8.08334E-03, 1.03444E-04, 1.41832E+03,-1.18416E+00, 7.06042E+00, 2.75307E-01, 3.27877E+00,-4.65909E+00, 2.77794E+01, 1.08320E+00, 1.16163E+03, 8.66685E+01, 5.83754E+02, 9.69933E+01, 5.51112E-01, 2.58863E+00, 9.99780E+01, 2.97081E+01, 4.96945E-03,-1.94293E-04, 0.00000E+00, 0.00000E+00, 0.00000E+00,
 1428, 2.85389E+01,TRUE,0, 0.00000E+00, 3.61514E+00, 1.41827E+00, 2.93654E+00, 0.00000E+00, 0.00000E+00, 1.87711E-01, 0.00000E+00, 8.81640E-01, 1.41827E+03,-1.18279E+00, 7.04894E+00, 2.75649E-01, 2.36816E-02,-8.12292E-03, 9.54866E-05, 1.41830E+03,-1.18347E+00, 7.05471E+00, 2.75481E-01, 3.27869E+00,-4.65628E+00, 2.77563E+01, 1.08386E+00, 1.17512E+03, 8.68762E+01, 5.87636E+02, 9.70530E+01, 5.51221E-01, 2.58897E+00, 9.99789E+01, 2.97097E+01, 4.96544E-03,-1.94410E-04, 0.00000E+00, 0.00000E+00, 0.00000E+00,
 1429, 2.85589E+01,TRUE,0, 0.00000E+00, 3.61608E+00, 1.41825E+00, 2.93736E+00, 0.00000E+00, 0.00000E+00, 1.87696E-01, 0.00000E+00, 8.81509E-01, 1.41825E+03,-1.18210E+00, 7.04310E+00, 2.75813E-01, 2.36816E-02,-8.16298E-03, 8.82149E-05, 1.41827E+03,-1.18279E+00, 7.04894E+00, 2.75649E-01, 3.27861E+00,-4.65348E+00, 2.77329E+01, 1.08450E+00, 1.18869E+03, 8.70809E+01, 5.91520E+02, 9.71116E+01, 5.51331E-01, 2.58931E+00, 9.99797E+01, 2.97114E+01, 4.96138E-03,-1.94525E-04, 0.00000E+00, 0.00000E+00, 0.00000E+00,
 1430, 2.85789E+01,TRUE,0, 0.00000E+00, 3.61705E+00, 1.41822E+00, 2.93820E+00, 0.00000E+00, 0.00000E+00, 1.87681E-01, 0.00000E+00, 8.81377E-01, 1.41822E+03,-1.18142E+00, 7.03721E+00, 2.75972E-01, 2.36816E-02,-8.20351E-03, 8.16584E-05, 1.41825E+03,-1.18210E+00, 7.04310E+00, 2.75813E-01, 3.27854E+00,-4.65068E+00, 2.77093E+01, 1.08511E+00, 1.20234E+03, 8.72827E+01, 5.95407E+02, 9.71689E+01, 5.51443E-01, 2.58966E+00, 9.99805E+01, 2.97131E+01, 4.95729E-03,-1.94636E-04, 0.00000E+00, 0.00000E+00, 0.00000E+00,
 1431, 2.85989E+01,TRUE,0, 0.00000E+00, 3.61802E+00, 1.41820E+00, 2.93905E+00, 0.00000E+00, 0.00000E+00, 1.87665E-01, 0.00000E+00, 8.81243E-01, 1.41820E+03,-1.18074E+00, 7.03126E+00, 2.76126E-01, 2.36816E-02,-8.24451E-03, 7.56979E-05, 1.41822E+03,-1.18142E+00, 7.03721E+00, 2.75972E-01, 3.27846E+00,-4.64788E+00, 2.76854E+01, 1.08571E+00, 1.21608E+03, 8.74815E+01, 5.99296E+02, 9.72252E+01, 5.51557E-01, 2.59001E+00, 9.99813E+01, 2.97149E+01, 4.95315E-03,-1.94745E-04, 0.00000E+00, 0.00000E+00, 0.00000E+00,
 1432, 2.86189E+01,TRUE,0, 0.00000E+00, 3.61901E+00, 1.41818E+00, 2.93991E+00, 0.00000E+00, 0.00000E+00, 1.87650E-01, 0.00000E+00, 8.81108E-01, 1.41818E+03,-1.18006E+00, 7.02525E+00, 2.76275E-01, 2.36816E-02,-8.28600E-03, 7.02739E-05, 1.41820E+03,-1.18074E+00, 7.03126E+00, 2.76126E-01, 3.27838E+00,-4.64509E+00, 2.76614E+01, 1.08629E+00, 1.22990E+03, 8.76775E+01, 6.03187E+02, 9.72803E+01, 5.51672E-01, 2.59037E+00, 9.99820E+01, 2.97167E+01, 4.94897E-03,-1.94850E-04, 0.00000E+00, 0.00000E+00, 0.00000E+00,
 1433, 2.86389E+01,TRUE,0, 0.00000E+00, 3.62001E+00, 1.41815E+00, 2.94078E+00, 0.00000E+00, 0.00000E+00, 1.87634E-01, 0.00000E+00, 8.80970E-01, 1.41815E+03,-1.17938E+00, 7.01918E+00, 2.76420E-01, 2.36816E-02,-8.32748E-03, 6.52969E-05, 1.41818E+03,-1.18006E+00, 7.02525E+00, 2.76275E-01, 3.27830E+00,-4.64231E+00, 2.76370E+01, 1.08686E+00, 1.24380E+03, 8.78706E+01, 6.07081E+02, 9.73344E+01, 5.51789E-01, 2.59074E+00, 9.99828E+01, 2.97185E+01, 4.94475E-03,-1.94953E-04, 0.00000E+00, 0.00000E+00, 0.00000E+00,
 1434, 2.86589E+01,TRUE,0, 0.00000E+00, 3.62103E+00, 1.41813E+00, 2.94166E+00, 0.00000E+00, 0.00000E+00, 1.87618E-01, 0.00000E+00, 8.80832E-01, 1.41813E+03,-1.17870E+00, 7.01304E+00, 2.76560E-01, 2.36816E-02,-8.36897E-03, 6.07371E-05, 1.41815E+03,-1.17938E+00, 7.01918E+00, 2.76420E-01, 3.27822E+00,-4.63953E+00, 2.76125E+01, 1.08740E+00, 1.25778E+03, 8.80609E+01, 6.10976E+02, 9.73873E+01, 5.51908E-01, 2.59111E+00, 9.99835E+01, 2.97203E+01, 4.94048E-03,-1.95052E-04, 0.00000E+00, 0.00000E+00, 0.00000E+00,
 1435, 2.86789E+01,TRUE,0, 0.00000E+00, 3.62206E+00, 1.41811E+00, 2.94255E+00, 0.00000E+00, 0.00000E+00, 1.87602E-01, 0.00000E+00, 8.80691E-01, 1.41811E+03,-1.17803E+00, 7.00686E+00, 2.76696E-01, 2.36816E-02,-8.41093E-03, 5.65052E-05, 1.41813E+03,-1.17870E+00, 7.01304E+00, 2.76560E-01, 3.27814E+00,-4.63675E+00, 2.75877E+01, 1.08793E+00, 1.27184E+03, 8.82485E+01, 6.14874E+02, 9.74393E+01, 5.52028E-01, 2.59148E+00, 9.99841E+01, 2.97222E+01, 4.93618E-03,-1.95149E-04, 0.00000E+00, 0.00000E+00, 0.00000E+00,
 1436, 2.86989E+01,TRUE,0, 0.00000E+00, 3.62310E+00, 1.41808E+00, 2.94346E+00, 0.00000E+00, 0.00000E+00, 1.87585E-01, 0.00000E+00, 8.80548E-01, 1.41808E+03,-1.17735E+00, 7.00061E+00, 2.76828E-01, 2.35596E-02,-8.45146E-03, 5.26309E-05, 1.41811E+03,-1.17803E+00, 7.00686E+00, 2.76696E-01, 3.27807E+00,-4.63398E+00, 2.75627E+01, 1.08843E+00, 1.28598E+03, 8.84333E+01, 6.18773E+02, 9.74902E+01, 5.52150E-01, 2.59186E+00, 9.99847E+01, 2.97240E+01, 4.93183E-03,-1.95243E-04, 0.00000E+00, 0.00000E+00, 0.00000E+00,
 1437, 2.87189E+01,TRUE,0, 0.00000E+00, 3.62416E+00, 1.41806E+00, 2.94438E+00, 0.00000E+00, 0.00000E+00, 1.87569E-01, 0.00000E+00, 8.80405E-01, 1.41806E+03,-1.17668E+00, 6.99430E+00, 2.76955E-01, 2.35596E-02,-8.49247E-03, 4.89354E-05, 1.41808E+03,-1.17735E+00, 7.00061E+00, 2.76828E-01, 3.27799E+00,-4.63122E+00, 2.75375E+01, 1.08893E+00, 1.30021E+03, 8.86154E+01, 6.22675E+02, 9.75401E+01, 5.52274E-01, 2.59224E+00, 9.99853E+01, 2.97260E+01, 4.92744E-03,-1.95334E-04, 0.00000E+00, 0.00000E+00, 0.00000E+00,
 1438, 2.87389E+01,TRUE,0, 0.00000E+00, 3.62522E+00, 1.41804E+00, 2.94530E+00, 0.00000E+00, 0.00000E+00, 1.87552E-01, 0.00000E+00, 8.80259E-01, 1.41804E+03,-1.17601E+00, 6.98794E+00, 2.77078E-01, 2.35596E-02,-8.53348E-03, 4.55379E-05, 1.41806E+03,-1.17668E+00, 6.99430E+00, 2.76955E-01, 3.27791E+00,-4.62846E+00, 2.75120E+01, 1.08940E+00, 1.31452E+03, 8.87949E+01, 6.26578E+02, 9.75890E+01, 5.52399E-01, 2.59263E+00, 9.99859E+01, 2.97279E+01, 4.92301E-03,-1.95422E-04, 0.00000E+00, 0.00000E+00, 0.00000E+00,
 1439, 2.87589E+01,TRUE,0, 0.00000E+00, 3.62630E+00, 1.41801E+00, 2.94624E+00, 0.00000E+00, 0.00000E+00, 1.87536E-01, 0.00000E+00, 8.80112E-01, 1.41801E+03,-1.17534E+00, 6.98152E+00, 2.77197E-01, 2.35596E-02,-8.57401E-03, 4.22299E-05, 1.41804E+03,-1.17601E+00, 6.98794E+00, 2.77078E-01, 3.27783E+00,-4.62571E+00, 2.74863E+01, 1.08986E+00, 1.32891E+03, 8.89717E+01, 6.30484E+02, 9.76369E+01, 5.52525E-01, 2.59302E+00, 9.99865E+01, 2.97298E+01, 4.91854E-03,-1.95507E-04, 0.00000E+00, 0.00000E+00, 0.00000E+00,
 1440, 2.87789E+01,TRUE,0, 0.00000E+00, 3.62739E+00, 1.41799E+00, 2.94719E+00, 0.00000E+00, 0.00000E+00, 1.87519E-01, 0.00000E+00, 8.79964E-01, 1.41799E+03,-1.17467E+00, 6.97504E+00, 2.77311E-01, 2.35596E-02,-8.61549E-03, 3.90410E-05, 1.41801E+03,-1.17534E+00, 6.98152E+00, 2.77197E-01, 3.27775E+00,-4.62296E+00, 2.74604E+01, 1.09030E+00, 1.34338E+03, 8.91460E+01, 6.34391E+02, 9.76839E+01, 5.52653E-01, 2.59342E+00, 9.99870E+01, 2.97318E+01, 4.91403E-03,-1.95589E-04, 0.00000E+00, 0.00000E+00, 0.00000E+00,
 1441, 2.87989E+01,TRUE,0, 0.00000E+00, 3.62850E+00, 1.41796E+00, 2.94815E+00, 0.00000E+00, 0.00000E+00, 1.87502E-01, 0.00000E+00, 8.79814E-01, 1.41796E+03,-1.17400E+00, 6.96851E+00, 2.77422E-01, 2.35596E-02,-8.65555E-03, 3.59416E-05, 1.41799E+03,-1.17467E+00, 6.97504E+00, 2.77311E-01, 3.27768E+00,-4.62022E+00, 2.74343E+01, 1.09072E+00, 1.35793E+03, 8.93177E+01, 6.38300E+02, 9.77300E+01, 5.52783E-01, 2.59382E+00, 9.99875E+01, 2.97338E+01, 4.90948E-03,-1.95668E-04, 0.00000E+00, 0.00000E+00, 0.00000E+00,
 1442, 2.88189E+01,TRUE,0, 0.00000E+00, 3.62961E+00, 1.41794E+00, 2.94912E+00, 0.00000E+00, 0.00000E+00, 1.87484E-01, 0.00000E+00, 8.79663E-01, 1.41794E+03,-1.17334E+00, 6.96192E+00, 2.77528E-01, 2.35596E-02,-8.69608E-03, 3.29316E-05, 1.41796E+03,-1.17400E+00, 6.96851E+00, 2.77422E-01, 3.27760E+00,-4.61749E+00, 2.74080E+01, 1.09113E+00, 1.37256E+03, 8.94868E+01, 6.42211E+02, 9.77751E+01, 5.52914E-01, 2.59423E+00, 9.99880E+01, 2.97358E+01, 4.90489E-03,-1.95745E-04, 0.00000E+00, 0.00000E+00, 0.00000E+00,
 1443, 2.88389E+01,TRUE,0, 0.00000E+00, 3.63074E+00, 1.41792E+00, 2.95010E+00, 0.00000E+00, 0.00000E+00, 1.87467E-01, 0.00000E+00, 8.79510E-01, 1.41792E+03,-1.17267E+00, 6.95527E+00, 2.77630E-01, 2.35596E-02,-8.73709E-03, 2.99811E-05, 1.41794E+03,-1.17334E+00, 6.96192E+00, 2.77528E-01, 3.27752E+00,-4.61476E+00, 2.73814E+01, 1.09152E+00, 1.38728E+03, 8.96535E+01, 6.46124E+02, 9.78194E+01, 5.53046E-01, 2.59464E+00, 9.99885E+01, 2.97379E+01, 4.90027E-03,-1.95819E-04, 0.00000E+00, 0.00000E+00, 0.00000E+00,
 1444, 2.88589E+01,TRUE,0, 0.00000E+00, 3.63188E+00, 1.41789E+00, 2.95109E+00, 0.00000E+00, 0.00000E+00, 1.87450E-01, 0.00000E+00, 8.79355E-01, 1.41789E+03,-1.17201E+00, 6.94857E+00, 2.77729E-01, 2.35596E-02,-8.77714E-03, 2.70605E-05, 1.41792E+03,-1.17267E+00, 6.95527E+00, 2.77630E-01, 3.27744E+00,-4.61203E+00, 2.73546E+01, 1.09190E+00, 1.40208E+03, 8.98176E+01, 6.50038E+02, 9.78628E+01, 5.53180E-01, 2.59505E+00, 9.99890E+01, 2.97400E+01, 4.89560E-03,-1.95889E-04, 0.00000E+00, 0.00000E+00, 0.00000E+00,
 1445, 2.88789E+01,TRUE,0, 0.00000E+00, 3.63303E+00, 1.41787E+00, 2.95208E+00, 0.00000E+00, 0.00000E+00, 1.87432E-01, 0.00000E+00, 8.79200E-01, 1.41787E+03,-1.17135E+00, 6.94181E+00, 2.77823E-01, 2.34375E-02,-8.81672E-03, 2.41995E-05, 1.41789E+03,-1.17201E+00, 6.94857E+00, 2.77729E-01, 3.27736E+00,-4.60931E+00, 2.73276E+01, 1.09226E+00, 1.41695E+03, 8.99794E+01, 6.53955E+02, 9.79053E+01, 5.53315E-01, 2.59547E+00, 9.99894E+01, 2.97421E+01, 4.89089E-03,-1.95958E-04, 0.00000E+00, 0.00000E+00, 0.00000E+00,
 1446, 2.88989E+01,TRUE,0, 0.00000E+00, 3.63419E+00, 1.41785E+00, 2.95309E+00, 0.00000E+00, 0.00000E+00, 1.87414E-01, 0.00000E+00, 8.79042E-01, 1.41785E+03,-1.17069E+00, 6.93500E+00, 2.77913E-01, 2.34375E-02,-8.85630E-03, 2.13385E-05, 1.41787E+03,-1.17135E+00, 6.94181E+00, 2.77823E-01, 3.27728E+00,-4.60660E+00, 2.73004E+01, 1.09261E+00, 1.43191E+03, 9.01387E+01, 6.57872E+02, 9.79470E+01, 5.53452E-01, 2.59589E+00, 9.99898E+01, 2.97442E+01, 4.88614E-03,-1.96023E-04, 0.00000E+00, 0.00000E+00, 0.00000E+00,
 1447, 2.89189E+01,TRUE,0, 0.00000E+00, 3.63537E+00, 1.41782E+00, 2.95411E+00, 0.00000E+00, 0.00000E+00, 1.87396E-01, 0.00000E+00, 8.78884E-01, 1.41782E+03,-1.17003E+00, 6.92814E+00, 2.78000E-01, 2.34375E-02,-8.89492E-03, 1.84774E-05, 1.41785E+03,-1.17069E+00, 6.93500E+00, 2.77913E-01, 3.27721E+00,-4.60390E+00, 2.72729E+01, 1.09293E+00, 1.44696E+03, 9.02957E+01, 6.61792E+02, 9.79879E+01, 5.53590E-01, 2.59632E+00, 9.99902E+01, 2.97463E+01, 4.88136E-03,-1.96085E-04, 0.00000E+00, 0.00000E+00, 0.00000E+00,
 1448, 2.89389E+01,TRUE,0, 0.00000E+00, 3.63655E+00, 1.41780E+00, 2.95514E+00, 0.00000E+00, 0.00000E+00, 1.87378E-01, 0.00000E+00, 8.78724E-01, 1.41780E+03,-1.16937E+00, 6.92122E+00, 2.78082E-01, 2.34375E-02,-8.93354E-03, 1.55866E-05, 1.41782E+03,-1.17003E+00, 6.92814E+00, 2.78000E-01, 3.27713E+00,-4.60120E+00, 2.72453E+01, 1.09325E+00, 1.46208E+03, 9.04504E+01, 6.65713E+02, 9.80279E+01, 5.53729E-01, 2.59675E+00, 9.99906E+01, 2.97485E+01, 4.87654E-03,-1.96145E-04, 0.00000E+00, 0.00000E+00, 0.00000E+00,
 1449, 2.89589E+01,TRUE,0, 0.00000E+00, 3.63774E+00, 1.41778E+00, 2.95618E+00, 0.00000E+00, 0.00000E+00, 1.87360E-01, 0.00000E+00, 8.78563E-01, 1.41778E+03,-1.16871E+00, 6.91424E+00, 2.78161E-01, 2.34375E-02,-8.97169E-03, 1.27256E-05, 1.41780E+03,-1.16937E+00, 6.92122E+00, 2.78082E-01, 3.27705E+00,-4.59850E+00, 2.72174E+01, 1.09355E+00, 1.47728E+03, 9.06027E+01, 6.69636E+02, 9.80672E+01, 5.53870E-01, 2.59719E+00, 9.99910E+01, 2.97507E+01, 4.87168E-03,-1.96202E-04, 0.00000E+00, 0.00000E+00, 0.00000E+00,
 1450, 2.89789E+01,TRUE,0, 0.00000E+00, 3.63895E+00, 1.41775E+00, 2.95722E+00, 0.00000E+00, 0.00000E+00, 1.87342E-01, 0.00000E+00, 8.78401E-01, 1.41775E+03,-1.16806E+00, 6.90721E+00, 2.78235E-01, 2.34375E-02,-9.01031E-03, 9.80496E-06, 1.41778E+03,-1.16871E+00, 6.91424E+00, 2.78161E-01, 3.27697E+00,-4.59581E+00, 2.71893E+01, 1.09383E+00, 1.49257E+03, 9.07528E+01, 6.73560E+02, 9.81057E+01, 5.54012E-01, 2.59763E+00, 9.99913E+01, 2.97529E+01, 4.86678E-03,-1.96257E-04, 0.00000E+00, 0.00000E+00, 0.00000E+00,
 1451, 2.89989E+01,TRUE,0, 0.00000E+00, 3.64017E+00, 1.41773E+00, 2.95828E+00, 0.00000E+00, 0.00000E+00, 1.87324E-01, 0.00000E+00, 8.78237E-01, 1.41773E+03,-1.16741E+00, 6.90013E+00, 2.78306E-01, 2.34375E-02,-9.04751E-03, 6.91414E-06, 1.41775E+03,-1.16806E+00, 6.90721E+00, 2.78235E-01, 3.27689E+00,-4.59313E+00, 2.71610E+01, 1.09410E+00, 1.50794E+03, 9.09006E+01, 6.77486E+02, 9.81434E+01, 5.54155E-01, 2.59807E+00, 9.99917E+01, 2.97551E+01, 4.86184E-03,-1.96308E-04, 0.00000E+00, 0.00000E+00, 0.00000E+00,
 1452, 2.90189E+01,TRUE,0, 0.00000E+00, 3.64139E+00, 1.41771E+00, 2.95934E+00, 0.00000E+00, 0.00000E+00, 1.87305E-01, 0.00000E+00, 8.78072E-01, 1.41771E+03,-1.16676E+00, 6.89300E+00, 2.78373E-01, 2.34375E-02,-9.08518E-03, 3.96371E-06, 1.41773E+03,-1.16741E+00, 6.90013E+00, 2.78306E-01, 3.27682E+00,-4.59045E+00, 2.71326E+01, 1.09435E+00, 1.52339E+03, 9.10462E+01, 6.81413E+02, 9.81804E+01, 5.54299E-01, 2.59851E+00, 9.99920E+01, 2.97573E+01, 4.85687E-03,-1.96357E-04, 0.00000E+00, 0.00000E+00, 0.00000E+00,
 1453, 2.90388E+01,TRUE,0, 0.00000E+00, 3.64263E+00, 1.41768E+00, 2.96041E+00, 0.00000E+00, 0.00000E+00, 1.87286E-01, 0.00000E+00, 8.77906E-01, 1.41768E+03,-1.16611E+00, 6.88581E+00, 2.78437E-01, 2.34375E-02,-9.12285E-03, 9.83477E-07, 1.41771E+03,-1.16676E+00, 6.89300E+00, 2.78373E-01, 3.27674E+00,-4.58778E+00, 2.71039E+01, 1.09459E+00, 1.53892E+03, 9.11896E+01, 6.85341E+02, 9.82166E+01, 5.54445E-01, 2.59896E+00, 9.99923E+01, 2.97596E+01, 4.85186E-03,-1.96403E-04, 0.00000E+00, 0.00000E+00, 0.00000E+00,
 1454, 2.90588E+01,TRUE,0, 0.00000E+00, 3.64388E+00, 1.41766E+00, 2.96150E+00, 0.00000E+00, 0.00000E+00, 1.87268E-01, 0.00000E+00, 8.77738E-01, 1.41766E+03,-1.16546E+00, 6.87858E+00, 2.78496E-01, 2.33154E-02,-9.15861E-03,-1.96695E-06, 1.41768E+03,-1.16611E+00, 6.88581E+00, 2.78437E-01, 3.27666E+00,-4.58512E+00, 2.70750E+01, 1.09481E+00, 1.55453E+03, 9.13308E+01, 6.89272E+02, 9.82521E+01, 5.54592E-01, 2.59942E+00, 9.99926E+01, 2.97619E+01, 4.84681E-03,-1.96447E-04, 0.00000E+00, 0.00000E+00, 0.00000E+00,
 1455, 2.90788E+01,TRUE,0, 0.00000E+00, 3.64513E+00, 1.41764E+00, 2.96259E+00, 0.00000E+00, 0.00000E+00, 1.87249E-01, 0.00000E+00, 8.77569E-01, 1.41764E+03,-1.16481E+00, 6.87129E+00, 2.78552E-01, 2.33154E-02,-9.19580E-03,-4.94719E-06, 1.41766E+03,-1.16546E+00, 6.87858E+00, 2.78496E-01, 3.27658E+00,-4.58246E+00, 2.70459E+01, 1.09502E+00, 1.57022E+03, 9.14699E+01, 6.93203E+02, 9.82869E+01, 5.54740E-01, 2.59988E+00, 9.99929E+01, 2.97642E+01, 4.84173E-03,-1.96488E-04, 0.00000E+00, 0.00000E+00, 0.00000E+00,
 1456, 2.90988E+01,TRUE,0, 0.00000E+00, 3.64640E+00, 1.41761E+00, 2.96369E+00, 0.00000E+00, 0.00000E+00, 1.87230E-01, 0.00000E+00, 8.77399E-01, 1.41761E+03,-1.16417E+00, 6.86395E+00, 2.78604E-01, 2.33154E-02,-9.23157E-03,-7.95722E-06, 1.41764E+03,-1.16481E+00, 6.87129E+00, 2.78552E-01, 3.27651E+00,-4.57981E+00, 2.70166E+01, 1.09521E+00, 1.58600E+03, 9.16069E+01, 6.97136E+02, 9.83210E+01, 5.54890E-01, 2.60034E+00, 9.99932E+01, 2.97665E+01, 4.83661E-03,-1.96526E-04, 0.00000E+00, 0.00000E+00, 0.00000E+00,
 1457, 2.91188E+01,TRUE,0, 0.00000E+00, 3.64768E+00, 1.41759E+00, 2.96479E+00, 0.00000E+00, 0.00000E+00, 1.87211E-01, 0.00000E+00, 8.77228E-01, 1.41759E+03,-1.16352E+00, 6.85656E+00, 2.78652E-01, 2.33154E-02,-9.26781E-03,-1.09673E-05, 1.41761E+03,-1.16417E+00, 6.86395E+00, 2.78604E-01, 3.27643E+00,-4.57716E+00, 2.69871E+01, 1.09539E+00, 1.60185E+03, 9.17419E+01, 7.01070E+02, 9.83545E+01, 5.55041E-01, 2.60080E+00, 9.99935E+01, 2.97688E+01, 4.83146E-03,-1.96561E-04, 0.00000E+00, 0.00000E+00, 0.00000E+00,
 1458, 2.91388E+01,TRUE,0, 0.00000E+00, 3.64897E+00, 1.41757E+00, 2.96591E+00, 0.00000E+00, 0.00000E+00, 1.87191E-01, 0.00000E+00, 8.77056E-01, 1.41757E+03,-1.16288E+00, 6.84911E+00, 2.78697E-01, 2.33154E-02,-9.30357E-03,-1.40369E-05, 1.41759E+03,-1.16352E+00, 6.85656E+00, 2.78652E-01, 3.27635E+00,-4.57452E+00, 2.69574E+01, 1.09555E+00, 1.61779E+03, 9.18748E+01, 7.05005E+02, 9.83873E+01, 5.55193E-01, 2.60127E+00, 9.99937E+01, 2.97712E+01, 4.82626E-03,-1.96594E-04, 0.00000E+00, 0.00000E+00, 0.00000E+00,
 1459, 2.91588E+01,TRUE,0, 0.00000E+00, 3.65026E+00, 1.41754E+00, 2.96704E+00, 0.00000E+00, 0.00000E+00, 1.87172E-01, 0.00000E+00, 8.76883E-01, 1.41754E+03,-1.16224E+00, 6.84162E+00, 2.78738E-01, 2.33154E-02,-9.33886E-03,-1.71065E-05, 1.41757E+03,-1.16288E+00, 6.84911E+00, 2.78697E-01, 3.27627E+00,-4.57189E+00, 2.69275E+01, 1.09570E+00, 1.63381E+03, 9.20057E+01, 7.08942E+02, 9.84194E+01, 5.55346E-01, 2.60174E+00, 9.99940E+01, 2.97736E+01, 4.82104E-03,-1.96624E-04, 0.00000E+00, 0.00000E+00, 0.00000E+00,
 1460, 2.91788E+01,TRUE,0, 0.00000E+00, 3.65157E+00, 1.41752E+00, 2.96817E+00, 0.00000E+00, 0.00000E+00, 1.87153E-01, 0.00000E+00, 8.76708E-01, 1.41752E+03,-1.16160E+00, 6.83408E+00, 2.78775E-01, 2.33154E-02,-9.37414E-03,-2.01464E-05, 1.41754E+03,-1.16224E+00, 6.84162E+00, 2.78738E-01, 3.27619E+00,-4.56927E+00, 2.68974E+01, 1.09584E+00, 1.64991E+03, 9.21346E+01, 7.12880E+02, 9.84509E+01, 5.55500E-01, 2.60222E+00, 9.99942E+01, 2.97760E+01, 4.81578E-03,-1.96652E-04, 0.00000E+00, 0.00000E+00, 0.00000E+00,
 1461, 2.91988E+01,TRUE,0, 0.00000E+00, 3.65288E+00, 1.41750E+00, 2.96931E+00, 0.00000E+00, 0.00000E+00, 1.87133E-01, 0.00000E+00, 8.76533E-01, 1.41750E+03,-1.16096E+00, 6.82649E+00, 2.78808E-01, 2.33154E-02,-9.40847E-03,-2.32160E-05, 1.41752E+03,-1.16160E+00, 6.83408E+00, 2.78775E-01, 3.27612E+00,-4.56665E+00, 2.68671E+01, 1.09596E+00, 1.66609E+03, 9.22615E+01, 7.16819E+02, 9.84818E+01, 5.55655E-01, 2.60270E+00, 9.99944E+01, 2.97784E+01, 4.81048E-03,-1.96677E-04, 0.00000E+00, 0.00000E+00, 0.00000E+00,
 1462, 2.92188E+01,TRUE,0, 0.00000E+00, 3.65421E+00, 1.41747E+00, 2.97046E+00, 0.00000E+00, 0.00000E+00, 1.87113E-01, 0.00000E+00, 8.76356E-01, 1.41747E+03,-1.16033E+00, 6.81885E+00, 2.78838E-01, 2.33154E-02,-9.44328E-03,-2.62856E-05, 1.41750E+03,-1.16096E+00, 6.82649E+00, 2.78808E-01, 3.27604E+00,-4.56403E+00, 2.68366E+01, 1.09606E+00, 1.68235E+03, 9.23865E+01, 7.20760E+02, 9.85120E+01, 5.55812E-01, 2.60318E+00, 9.99947E+01, 2.97808E+01, 4.80515E-03,-1.96700E-04, 0.00000E+00, 0.00000E+00, 0.00000E+00,
 1463, 2.92388E+01,TRUE,0, 0.00000E+00, 3.65554E+00, 1.41745E+00, 2.97161E+00, 0.00000E+00, 0.00000E+00, 1.87094E-01, 0.00000E+00, 8.76178E-01, 1.41745E+03,-1.15969E+00, 6.81116E+00, 2.78864E-01, 2.33154E-02,-9.47762E-03,-2.93255E-05, 1.41747E+03,-1.16033E+00, 6.81885E+00, 2.78838E-01, 3.27596E+00,-4.56142E+00, 2.68059E+01, 1.09615E+00, 1.69870E+03, 9.25096E+01, 7.24702E+02, 9.85417E+01, 5.55970E-01, 2.60366E+00, 9.99949E+01, 2.97833E+01, 4.79978E-03,-1.96720E-04, 0.00000E+00, 0.00000E+00, 0.00000E+00,
 1464, 2.92588E+01,TRUE,0, 0.00000E+00, 3.65688E+00, 1.41743E+00, 2.97278E+00, 0.00000E+00, 0.00000E+00, 1.87074E-01, 0.00000E+00, 8.75999E-01, 1.41743E+03,-1.15906E+00, 6.80342E+00, 2.78887E-01, 2.31934E-02,-9.51147E-03,-3.23951E-05, 1.41745E+03,-1.15969E+00, 6.81116E+00, 2.78864E-01, 3.27588E+00,-4.55882E+00, 2.67751E+01, 1.09623E+00, 1.71512E+03, 9.26309E+01, 7.28644E+02, 9.85707E+01, 5.56128E-01, 2.60415E+00, 9.99951E+01, 2.97857E+01, 4.79438E-03,-1.96737E-04, 0.00000E+00, 0.00000E+00, 0.00000E+00,
 1465, 2.92788E+01,TRUE,0, 0.00000E+00, 3.65823E+00, 1.41740E+00, 2.97395E+00, 0.00000E+00, 0.00000E+00, 1.87054E-01, 0.00000E+00, 8.75820E-01, 1.41740E+03,-1.15843E+00, 6.79563E+00, 2.78906E-01, 2.31934E-02,-9.54533E-03,-3.54350E-05, 1.41743E+03,-1.15906E+00, 6.80342E+00, 2.78887E-01, 3.27580E+00,-4.55623E+00, 2.67440E+01, 1.09629E+00, 1.73163E+03, 9.27502E+01, 7.32588E+02, 9.85992E+01, 5.56288E-01, 2.60464E+00, 9.99953E+01, 2.97882E+01, 4.78895E-03,-1.96752E-04, 0.00000E+00, 0.00000E+00, 0.00000E+00,
 1466, 2.92988E+01,TRUE,0, 0.00000E+00, 3.65960E+00, 1.41738E+00, 2.97513E+00, 0.00000E+00, 0.00000E+00, 1.87034E-01, 0.00000E+00, 8.75639E-01, 1.41738E+03,-1.15780E+00, 6.78780E+00, 2.78921E-01, 2.31934E-02,-9.57870E-03,-3.84748E-05, 1.41740E+03,-1.15843E+00, 6.79563E+00, 2.78906E-01, 3.27573E+00,-4.55364E+00, 2.67128E+01, 1.09634E+00, 1.74822E+03, 9.28678E+01, 7.36533E+02, 9.86271E+01, 5.56449E-01, 2.60514E+00, 9.99954E+01, 2.97907E+01, 4.78348E-03,-1.96764E-04, 0.00000E+00, 0.00000E+00, 0.00000E+00,
 1467, 2.93188E+01,TRUE,0, 0.00000E+00, 3.66096E+00, 1.41736E+00, 2.97631E+00, 0.00000E+00, 0.00000E+00, 1.87013E-01, 0.00000E+00, 8.75457E-01, 1.41736E+03,-1.15717E+00, 6.77992E+00, 2.78933E-01, 2.31934E-02,-9.61161E-03,-4.15444E-05, 1.41738E+03,-1.15780E+00, 6.78780E+00, 2.78921E-01, 3.27565E+00,-4.55106E+00, 2.66813E+01, 1.09638E+00, 1.76489E+03, 9.29835E+01, 7.40479E+02, 9.86545E+01, 5.56611E-01, 2.60563E+00, 9.99956E+01, 2.97932E+01, 4.77798E-03,-1.96774E-04, 0.00000E+00, 0.00000E+00, 0.00000E+00,
 1468, 2.93388E+01,TRUE,0, 0.00000E+00, 3.66234E+00, 1.41733E+00, 2.97751E+00, 0.00000E+00, 0.00000E+00, 1.86993E-01, 0.00000E+00, 8.75274E-01, 1.41733E+03,-1.15655E+00, 6.77199E+00, 2.78941E-01, 2.31934E-02,-9.64499E-03,-4.45843E-05, 1.41736E+03,-1.15717E+00, 6.77992E+00, 2.78933E-01, 3.27557E+00,-4.54849E+00, 2.66497E+01, 1.09640E+00, 1.78164E+03, 9.30974E+01, 7.44427E+02, 9.86813E+01, 5.56774E-01, 2.60614E+00, 9.99958E+01, 2.97958E+01, 4.77244E-03,-1.96781E-04, 0.00000E+00, 0.00000E+00, 0.00000E+00,
 1469, 2.93588E+01,TRUE,0, 0.00000E+00, 3.66373E+00, 1.41731E+00, 2.97871E+00, 0.00000E+00, 0.00000E+00, 1.86973E-01, 0.00000E+00, 8.75090E-01, 1.41731E+03,-1.15592E+00, 6.76401E+00, 2.78946E-01, 2.31934E-02,-9.67741E-03,-4.76241E-05, 1.41733E+03,-1.15655E+00, 6.77199E+00, 2.78941E-01, 3.27549E+00,-4.54592E+00, 2.66179E+01, 1.09640E+00, 1.79847E+03, 9.32096E+01, 7.48375E+02, 9.87076E+01, 5.56938E-01, 2.60664E+00, 9.99959E+01, 2.97983E+01, 4.76688E-03,-1.96786E-04, 0.00000E+00, 0.00000E+00, 0.00000E+00,
 1470, 2.93788E+01,TRUE,0, 0.00000E+00, 3.66512E+00, 1.41729E+00, 2.97992E+00, 0.00000E+00, 0.00000E+00, 1.86952E-01, 0.00000E+00, 8.74905E-01, 1.41729E+03,-1.15530E+00, 6.75599E+00, 2.78947E-01, 2.31934E-02,-9.71079E-03,-5.06639E-05, 1.41731E+03,-1.15592E+00, 6.76401E+00, 2.78946E-01, 3.27542E+00,-4.54336E+00, 2.65859E+01, 1.09640E+00, 1.81538E+03, 9.33201E+01, 7.52324E+02, 9.87334E+01, 5.57103E-01, 2.60715E+00, 9.99961E+01, 2.98009E+01, 4.76128E-03,-1.96788E-04, 0.00000E+00, 0.00000E+00, 0.00000E+00,
 1471, 2.93988E+01,TRUE,0, 0.00000E+00, 3.66652E+00, 1.41726E+00, 2.98113E+00, 0.00000E+00, 0.00000E+00, 1.86932E-01, 0.00000E+00, 8.74720E-01, 1.41726E+03,-1.15468E+00, 6.74792E+00, 2.78945E-01, 2.31934E-02,-9.74321E-03,-5.36740E-05, 1.41729E+03,-1.15530E+00, 6.75599E+00, 2.78947E-01, 3.27534E+00,-4.54081E+00, 2.65538E+01, 1.09637E+00, 1.83238E+03, 9.34289E+01, 7.56275E+02, 9.87586E+01, 5.57269E-01, 2.60766E+00, 9.99963E+01, 2.98035E+01, 4.75564E-03,-1.96788E-04, 0.00000E+00, 0.00000E+00, 0.00000E+00,
 1472, 2.94188E+01,TRUE,0, 0.00000E+00, 3.66793E+00, 1.41724E+00, 2.98235E+00, 0.00000E+00, 0.00000E+00, 1.86911E-01, 0.00000E+00, 8.74533E-01, 1.41724E+03,-1.15406E+00, 6.73981E+00, 2.78939E-01, 2.31934E-02,-9.77468E-03,-5.66840E-05, 1.41726E+03,-1.15468E+00, 6.74792E+00, 2.78945E-01, 3.27526E+00,-4.53826E+00, 2.65214E+01, 1.09634E+00, 1.84945E+03, 9.35360E+01, 7.60226E+02, 9.87834E+01, 5.57436E-01, 2.60817E+00, 9.99964E+01, 2.98060E+01, 4.74998E-03,-1.96786E-04, 0.00000E+00, 0.00000E+00, 0.00000E+00,
 1473, 2.94388E+01,TRUE,0, 0.00000E+00, 3.66935E+00, 1.41722E+00, 2.98358E+00, 0.00000E+00, 0.00000E+00, 1.86890E-01, 0.00000E+00, 8.74346E-01, 1.41722E+03,-1.15345E+00, 6.73165E+00, 2.78930E-01, 2.30713E-02,-9.80616E-03,-5.96642E-05, 1.41724E+03,-1.15406E+00, 6.73981E+00, 2.78939E-01, 3.27518E+00,-4.53572E+00, 2.64889E+01, 1.09629E+00, 1.86661E+03, 9.36414E+01, 7.64178E+02, 9.88077E+01, 5.57603E-01, 2.60868E+00, 9.99965E+01, 2.98087E+01, 4.74428E-03,-1.96781E-04, 0.00000E+00, 0.00000E+00, 0.00000E+00,
 1474, 2.94588E+01,TRUE,0, 0.00000E+00, 3.67078E+00, 1.41720E+00, 2.98482E+00, 0.00000E+00, 0.00000E+00, 1.86870E-01, 0.00000E+00, 8.74157E-01, 1.41720E+03,-1.15283E+00, 6.72345E+00, 2.78917E-01, 2.30713E-02,-9.83715E-03,-6.26147E-05, 1.41722E+03,-1.15345E+00, 6.73165E+00, 2.78930E-01, 3.27510E+00,-4.53318E+00, 2.64562E+01, 1.09623E+00, 1.88385E+03, 9.37452E+01, 7.68131E+02, 9.88314E+01, 5.57772E-01, 2.60920E+00, 9.99967E+01, 2.98113E+01, 4.73855E-03,-1.96773E-04, 0.00000E+00, 0.00000E+00, 0.00000E+00,
 1475, 2.94788E+01,TRUE,0, 0.00000E+00, 3.67221E+00, 1.41717E+00, 2.98606E+00, 0.00000E+00, 0.00000E+00, 1.86849E-01, 0.00000E+00, 8.73968E-01, 1.41717E+03,-1.15222E+00, 6.71520E+00, 2.78901E-01, 2.30713E-02,-9.86814E-03,-6.55353E-05, 1.41720E+03,-1.15283E+00, 6.72345E+00, 2.78917E-01, 3.27503E+00,-4.53066E+00, 2.64234E+01, 1.09615E+00, 1.90116E+03, 9.38474E+01, 7.72086E+02, 9.88547E+01, 5.57942E-01, 2.60972E+00, 9.99968E+01, 2.98139E+01, 4.73279E-03,-1.96763E-04, 0.00000E+00, 0.00000E+00, 0.00000E+00,
 1476, 2.94988E+01,TRUE,0, 0.00000E+00, 3.67365E+00, 1.41715E+00, 2.98731E+00, 0.00000E+00, 0.00000E+00, 1.86828E-01, 0.00000E+00, 8.73778E-01, 1.41715E+03,-1.15160E+00, 6.70690E+00, 2.78881E-01, 2.30713E-02,-9.89914E-03,-6.84857E-05, 1.41717E+03,-1.15222E+00, 6.71520E+00, 2.78901E-01, 3.27495E+00,-4.52814E+00, 2.63903E+01, 1.09606E+00, 1.91856E+03, 9.39480E+01, 7.76041E+02, 9.88776E+01, 5.58113E-01, 2.61025E+00, 9.99969E+01, 2.98166E+01, 4.72699E-03,-1.96751E-04, 0.00000E+00, 0.00000E+00, 0.00000E+00,
 1477, 2.95188E+01,TRUE,0, 0.00000E+00, 3.67510E+00, 1.41713E+00, 2.98857E+00, 0.00000E+00, 0.00000E+00, 1.86807E-01, 0.00000E+00, 8.73587E-01, 1.41713E+03,-1.15099E+00, 6.69857E+00, 2.78858E-01, 2.30713E-02,-9.93013E-03,-7.14362E-05, 1.41715E+03,-1.15160E+00, 6.70690E+00, 2.78881E-01, 3.27487E+00,-4.52563E+00, 2.63571E+01, 1.09596E+00, 1.93604E+03, 9.40470E+01, 7.79997E+02, 9.89000E+01, 5.58285E-01, 2.61077E+00, 9.99971E+01, 2.98192E+01, 4.72117E-03,-1.96736E-04, 0.00000E+00, 0.00000E+00, 0.00000E+00,
 1478, 2.95388E+01,TRUE,0, 0.00000E+00, 3.67656E+00, 1.41710E+00, 2.98983E+00, 0.00000E+00, 0.00000E+00, 1.86786E-01, 0.00000E+00, 8.73395E-01, 1.41710E+03,-1.15038E+00, 6.69019E+00, 2.78832E-01, 2.30713E-02,-9.96065E-03,-7.43568E-05, 1.41713E+03,-1.15099E+00, 6.69857E+00, 2.78858E-01, 3.27479E+00,-4.52312E+00, 2.63237E+01, 1.09584E+00, 1.95361E+03, 9.41445E+01, 7.83953E+02, 9.89219E+01, 5.58457E-01, 2.61130E+00, 9.99972E+01, 2.98219E+01, 4.71532E-03,-1.96719E-04, 0.00000E+00, 0.00000E+00, 0.00000E+00,
 1479, 2.95588E+01,TRUE,0, 0.00000E+00, 3.67802E+00, 1.41708E+00, 2.99110E+00, 0.00000E+00, 0.00000E+00, 1.86764E-01, 0.00000E+00, 8.73202E-01, 1.41708E+03,-1.14978E+00, 6.68176E+00, 2.78802E-01, 2.30713E-02,-9.99117E-03,-7.72476E-05, 1.41710E+03,-1.15038E+00, 6.69019E+00, 2.78832E-01, 3.27472E+00,-4.52062E+00, 2.62902E+01, 1.09571E+00, 1.97125E+03, 9.42405E+01, 7.87911E+02, 9.89434E+01, 5.58631E-01, 2.61183E+00, 9.99973E+01, 2.98246E+01, 4.70943E-03,-1.96700E-04, 0.00000E+00, 0.00000E+00, 0.00000E+00,
 1480, 2.95788E+01,TRUE,0, 0.00000E+00, 3.67949E+00, 1.41706E+00, 2.99237E+00, 0.00000E+00, 0.00000E+00, 1.86743E-01, 0.00000E+00, 8.73009E-01, 1.41706E+03,-1.14917E+00, 6.67329E+00, 2.78769E-01, 2.30713E-02,-1.00212E-02,-8.01384E-05, 1.41708E+03,-1.14978E+00, 6.68176E+00, 2.78802E-01, 3.27464E+00,-4.51813E+00, 2.62564E+01, 1.09557E+00, 1.98897E+03, 9.43350E+01, 7.91870E+02, 9.89645E+01, 5.58805E-01, 2.61237E+00, 9.99974E+01, 2.98273E+01, 4.70351E-03,-1.96678E-04, 0.00000E+00, 0.00000E+00, 0.00000E+00,
 1481, 2.95988E+01,TRUE,0, 0.00000E+00, 3.68097E+00, 1.41703E+00, 2.99365E+00, 0.00000E+00, 0.00000E+00, 1.86722E-01, 0.00000E+00, 8.72815E-01, 1.41703E+03,-1.14857E+00, 6.66478E+00, 2.78732E-01, 2.30713E-02,-1.00508E-02,-8.29995E-05, 1.41706E+03,-1.14917E+00, 6.67329E+00, 2.78769E-01, 3.27456E+00,-4.51564E+00, 2.62225E+01, 1.09541E+00, 2.00678E+03, 9.44280E+01, 7.95829E+02, 9.89851E+01, 5.58980E-01, 2.61290E+00, 9.99975E+01, 2.98300E+01, 4.69757E-03,-1.96654E-04, 0.00000E+00, 0.00000E+00, 0.00000E+00,
 1482, 2.96188E+01,TRUE,0, 0.00000E+00, 3.68245E+00, 1.41701E+00, 2.99494E+00, 0.00000E+00, 0.00000E+00, 1.86700E-01, 0.00000E+00, 8.72620E-01, 1.41701E+03,-1.14797E+00, 6.65623E+00, 2.78693E-01, 2.30713E-02,-1.00803E-02,-8.58307E-05, 1.41703E+03,-1.14857E+00, 6.66478E+00, 2.78732E-01, 3.27448E+00,-4.51316E+00, 2.61885E+01, 1.09525E+00, 2.02466E+03, 9.45195E+01, 7.99789E+02, 9.90054E+01, 5.59156E-01, 2.61344E+00, 9.99976E+01, 2.98328E+01, 4.69159E-03,-1.96627E-04, 0.00000E+00, 0.00000E+00, 0.00000E+00,
 1483, 2.96388E+01,TRUE,0, 0.00000E+00, 3.68395E+00, 1.41699E+00, 2.99623E+00, 0.00000E+00, 0.00000E+00, 1.86679E-01, 0.00000E+00, 8.72424E-01, 1.41699E+03,-1.14737E+00, 6.64763E+00, 2.78650E-01, 2.29492E-02,-1.01089E-02,-8.86619E-05, 1.41701E+03,-1.14797E+00, 6.65623E+00, 2.78693E-01, 3.27441E+00,-4.51069E+00, 2.61542E+01, 1.09506E+00, 2.04263E+03, 9.46096E+01, 8.03750E+02, 9.90252E+01, 5.59333E-01, 2.61398E+00, 9.99977E+01, 2.98355E+01, 4.68558E-03,-1.96598E-04, 0.00000E+00, 0.00000E+00, 0.00000E+00,
 1484, 2.96588E+01,TRUE,0, 0.00000E+00, 3.68544E+00, 1.41696E+00, 2.99753E+00, 0.00000E+00, 0.00000E+00, 1.86657E-01, 0.00000E+00, 8.72228E-01, 1.41696E+03,-1.14677E+00, 6.63900E+00, 2.78603E-01, 2.29492E-02,-1.01376E-02,-9.14633E-05, 1.41699E+03,-1.14737E+00, 6.64763E+00, 2.78650E-01, 3.27433E+00,-4.50823E+00, 2.61198E+01, 1.09487E+00, 2.06068E+03, 9.46983E+01, 8.07712E+02, 9.90447E+01, 5.59510E-01, 2.61453E+00, 9.99978E+01, 2.98383E+01, 4.67955E-03,-1.96567E-04, 0.00000E+00, 0.00000E+00, 0.00000E+00,
 1485, 2.96788E+01,TRUE,0, 0.00000E+00, 3.68695E+00, 1.41694E+00, 2.99883E+00, 0.00000E+00, 0.00000E+00, 1.86636E-01, 0.00000E+00, 8.72031E-01, 1.41694E+03,-1.14617E+00, 6.63032E+00, 2.78554E-01, 2.29492E-02,-1.01662E-02,-9.42945E-05, 1.41696E+03,-1.14677E+00, 6.63900E+00, 2.78603E-01, 3.27425E+00,-4.50577E+00, 2.60853E+01, 1.09466E+00, 2.07881E+03, 9.47856E+01, 8.11675E+02, 9.90637E+01, 5.59689E-01, 2.61507E+00, 9.99978E+01, 2.98411E+01, 4.67348E-03,-1.96534E-04, 0.00000E+00, 0.00000E+00, 0.00000E+00,
 1486, 2.96988E+01,TRUE,0, 0.00000E+00, 3.68846E+00, 1.41692E+00, 3.00014E+00, 0.00000E+00, 0.00000E+00, 1.86614E-01, 0.00000E+00, 8.71833E-01, 1.41692E+03,-1.14558E+00, 6.62160E+00, 2.78501E-01, 2.29492E-02,-1.01943E-02,-9.70960E-05, 1.41694E+03,-1.14617E+00, 6.63032E+00, 2.78554E-01, 3.27417E+00,-4.50332E+00, 2.60506E+01, 1.09444E+00, 2.09702E+03, 9.48716E+01, 8.15638E+02, 9.90824E+01, 5.59868E-01, 2.61562E+00, 9.99979E+01, 2.98438E+01, 4.66739E-03,-1.96498E-04, 0.00000E+00, 0.00000E+00, 0.00000E+00,
 1487, 2.97188E+01,TRUE,0, 0.00000E+00, 3.68998E+00, 1.41690E+00, 3.00146E+00, 0.00000E+00, 0.00000E+00, 1.86592E-01, 0.00000E+00, 8.71634E-01, 1.41690E+03,-1.14499E+00, 6.61284E+00, 2.78445E-01, 2.29492E-02,-1.02220E-02,-9.98974E-05, 1.41692E+03,-1.14558E+00, 6.62160E+00, 2.78501E-01, 3.27410E+00,-4.50088E+00, 2.60157E+01, 1.09421E+00, 2.11531E+03, 9.49561E+01, 8.19602E+02, 9.91007E+01, 5.60048E-01, 2.61617E+00, 9.99980E+01, 2.98466E+01, 4.66126E-03,-1.96460E-04, 0.00000E+00, 0.00000E+00, 0.00000E+00,
 1488, 2.97388E+01,TRUE,0, 0.00000E+00, 3.69150E+00, 1.41687E+00, 3.00278E+00, 0.00000E+00, 0.00000E+00, 1.86570E-01, 0.00000E+00, 8.71435E-01, 1.41687E+03,-1.14439E+00, 6.60404E+00, 2.78386E-01, 2.29492E-02,-1.02501E-02,-1.02669E-04, 1.41690E+03,-1.14499E+00, 6.61284E+00, 2.78445E-01, 3.27402E+00,-4.49844E+00, 2.59807E+01, 1.09396E+00, 2.13368E+03, 9.50394E+01, 8.23567E+02, 9.91187E+01, 5.60229E-01, 2.61673E+00, 9.99981E+01, 2.98494E+01, 4.65511E-03,-1.96420E-04, 0.00000E+00, 0.00000E+00, 0.00000E+00,
 1489, 2.97588E+01,TRUE,0, 0.00000E+00, 3.69303E+00, 1.41685E+00, 3.00410E+00, 0.00000E+00, 0.00000E+00, 1.86548E-01, 0.00000E+00, 8.71236E-01, 1.41685E+03,-1.14380E+00, 6.59520E+00, 2.78323E-01, 2.29492E-02,-1.02777E-02,-1.05470E-04, 1.41687E+03,-1.14439E+00, 6.60404E+00, 2.78386E-01, 3.27394E+00,-4.49601E+00, 2.59455E+01, 1.09370E+00, 2.15214E+03, 9.51213E+01, 8.27532E+02, 9.91362E+01, 5.60410E-01, 2.61728E+00, 9.99982E+01, 2.98522E+01, 4.64893E-03,-1.96378E-04, 0.00000E+00, 0.00000E+00, 0.00000E+00,
 1490, 2.97788E+01,TRUE,0, 0.00000E+00, 3.69457E+00, 1.41683E+00, 3.00543E+00, 0.00000E+00, 0.00000E+00, 1.86526E-01, 0.00000E+00, 8.71035E-01, 1.41683E+03,-1.14322E+00, 6.58632E+00, 2.78258E-01, 2.29492E-02,-1.03054E-02,-1.08182E-04, 1.41685E+03,-1.14380E+00, 6.59520E+00, 2.78323E-01, 3.27386E+00,-4.49359E+00, 2.59101E+01, 1.09343E+00, 2.17067E+03, 9.52020E+01, 8.31498E+02, 9.91535E+01, 5.60592E-01, 2.61784E+00, 9.99982E+01, 2.98551E+01, 4.64272E-03,-1.96333E-04, 0.00000E+00, 0.00000E+00, 0.00000E+00,
 1491, 2.97988E+01,TRUE,0, 0.00000E+00, 3.69611E+00, 1.41680E+00, 3.00677E+00, 0.00000E+00, 0.00000E+00, 1.86504E-01, 0.00000E+00, 8.70834E-01, 1.41680E+03,-1.14263E+00, 6.57739E+00, 2.78189E-01, 2.29492E-02,-1.03331E-02,-1.10924E-04, 1.41683E+03,-1.14322E+00, 6.58632E+00, 2.78258E-01, 3.27379E+00,-4.49118E+00, 2.58746E+01, 1.09315E+00, 2.18928E+03, 9.52813E+01, 8.35465E+02, 9.91704E+01, 5.60775E-01, 2.61840E+00, 9.99983E+01, 2.98579E+01, 4.63648E-03,-1.96286E-04, 0.00000E+00, 0.00000E+00, 0.00000E+00,
 1492, 2.98188E+01,TRUE,0, 0.00000E+00, 3.69766E+00, 1.41678E+00, 3.00811E+00, 0.00000E+00, 0.00000E+00, 1.86482E-01, 0.00000E+00, 8.70633E-01, 1.41678E+03,-1.14205E+00, 6.56843E+00, 2.78117E-01, 2.29492E-02,-1.03598E-02,-1.13636E-04, 1.41680E+03,-1.14263E+00, 6.57739E+00, 2.78189E-01, 3.27371E+00,-4.48877E+00, 2.58390E+01, 1.09285E+00, 2.20798E+03, 9.53594E+01, 8.39432E+02, 9.91869E+01, 5.60959E-01, 2.61896E+00, 9.99984E+01, 2.98608E+01, 4.63022E-03,-1.96237E-04, 0.00000E+00, 0.00000E+00, 0.00000E+00,
 1493, 2.98388E+01,TRUE,0, 0.00000E+00, 3.69921E+00, 1.41676E+00, 3.00945E+00, 0.00000E+00, 0.00000E+00, 1.86460E-01, 0.00000E+00, 8.70431E-01, 1.41676E+03,-1.14147E+00, 6.55944E+00, 2.78042E-01, 2.29492E-02,-1.03869E-02,-1.16318E-04, 1.41678E+03,-1.14205E+00, 6.56843E+00, 2.78117E-01, 3.27363E+00,-4.48637E+00, 2.58032E+01, 1.09254E+00, 2.22676E+03, 9.54363E+01, 8.43400E+02, 9.92032E+01, 5.61143E-01, 2.61952E+00, 9.99984E+01, 2.98636E+01, 4.62393E-03,-1.96186E-04, 0.00000E+00, 0.00000E+00, 0.00000E+00,
 1494, 2.98588E+01,TRUE,0, 0.00000E+00, 3.70077E+00, 1.41674E+00, 3.01080E+00, 0.00000E+00, 0.00000E+00, 1.86438E-01, 0.00000E+00, 8.70228E-01, 1.41674E+03,-1.14089E+00, 6.55040E+00, 2.77964E-01, 2.28271E-02,-1.04132E-02,-1.19001E-04, 1.41676E+03,-1.14147E+00, 6.55944E+00, 2.78042E-01, 3.27355E+00,-4.48398E+00, 2.57672E+01, 1.09222E+00, 2.24561E+03, 9.55119E+01, 8.47369E+02, 9.92191E+01, 5.61328E-01, 2.62009E+00, 9.99985E+01, 2.98665E+01, 4.61761E-03,-1.96132E-04, 0.00000E+00, 0.00000E+00, 0.00000E+00,
 1495, 2.98788E+01,TRUE,0, 0.00000E+00, 3.70233E+00, 1.41671E+00, 3.01216E+00, 0.00000E+00, 0.00000E+00, 1.86416E-01, 0.00000E+00, 8.70025E-01, 1.41671E+03,-1.14031E+00, 6.54132E+00, 2.77883E-01, 2.28271E-02,-1.04389E-02,-1.21683E-04, 1.41674E+03,-1.14089E+00, 6.55040E+00, 2.77964E-01, 3.27348E+00,-4.48159E+00, 2.57311E+01, 1.09189E+00, 2.26455E+03, 9.55864E+01, 8.51339E+02, 9.92346E+01, 5.61514E-01, 2.62065E+00, 9.99985E+01, 2.98694E+01, 4.61126E-03,-1.96076E-04, 0.00000E+00, 0.00000E+00, 0.00000E+00,
 1496, 2.98988E+01,TRUE,0, 0.00000E+00, 3.70390E+00, 1.41669E+00, 3.01352E+00, 0.00000E+00, 0.00000E+00, 1.86393E-01, 0.00000E+00, 8.69821E-01, 1.41669E+03,-1.13973E+00, 6.53221E+00, 2.77798E-01, 2.28271E-02,-1.04647E-02,-1.24335E-04, 1.41671E+03,-1.14031E+00, 6.54132E+00, 2.77883E-01, 3.27340E+00,-4.47921E+00, 2.56948E+01, 1.09154E+00, 2.28357E+03, 9.56597E+01, 8.55308E+02, 9.92499E+01, 5.61700E-01, 2.62122E+00, 9.99986E+01, 2.98723E+01, 4.60489E-03,-1.96018E-04, 0.00000E+00, 0.00000E+00, 0.00000E+00,
 1497, 2.99188E+01,TRUE,0, 0.00000E+00, 3.70548E+00, 1.41667E+00, 3.01488E+00, 0.00000E+00, 0.00000E+00, 1.86371E-01, 0.00000E+00, 8.69617E-01, 1.41667E+03,-1.13916E+00, 6.52306E+00, 2.77711E-01, 2.28271E-02,-1.04904E-02,-1.27017E-04, 1.41669E+03,-1.13973E+00, 6.53221E+00, 2.77798E-01, 3.27332E+00,-4.47684E+00, 2.56584E+01, 1.09119E+00, 2.30267E+03, 9.57318E+01, 8.59279E+02, 9.92649E+01, 5.61887E-01, 2.62179E+00, 9.99986E+01, 2.98752E+01, 4.59848E-03,-1.95958E-04, 0.00000E+00, 0.00000E+00, 0.00000E+00,
 1498, 2.99388E+01,TRUE,0, 0.00000E+00, 3.70706E+00, 1.41664E+00, 3.01625E+00, 0.00000E+00, 0.00000E+00, 1.86349E-01, 0.00000E+00, 8.69412E-01, 1.41664E+03,-1.13858E+00, 6.51387E+00, 2.77621E-01, 2.28271E-02,-1.05162E-02,-1.29670E-04, 1.41667E+03,-1.13916E+00, 6.52306E+00, 2.77711E-01, 3.27324E+00,-4.47448E+00, 2.56219E+01, 1.09082E+00, 2.32185E+03, 9.58027E+01, 8.63250E+02, 9.92796E+01, 5.62075E-01, 2.62237E+00, 9.99987E+01, 2.98781E+01, 4.59206E-03,-1.95896E-04, 0.00000E+00, 0.00000E+00, 0.00000E+00,
 1499, 2.99588E+01,TRUE,0, 0.00000E+00, 3.70864E+00, 1.41662E+00, 3.01762E+00, 0.00000E+00, 0.00000E+00, 1.86326E-01, 0.00000E+00, 8.69207E-01, 1.41662E+03,-1.13801E+00, 6.50464E+00, 2.77527E-01, 2.28271E-02,-1.05419E-02,-1.32293E-04, 1.41664E+03,-1.13858E+00, 6.51387E+00, 2.77621E-01, 3.27317E+00,-4.47212E+00, 2.55852E+01, 1.09044E+00, 2.34111E+03, 9.58725E+01, 8.67222E+02, 9.92939E+01, 5.62263E-01, 2.62294E+00, 9.99987E+01, 2.98810E+01, 4.58560E-03,-1.95832E-04, 0.00000E+00, 0.00000E+00, 0.00000E+00,
 1500, 2.99788E+01,TRUE,0, 0.00000E+00, 3.71023E+00, 1.41660E+00, 3.01900E+00, 0.00000E+00, 0.00000E+00, 1.86304E-01, 0.00000E+00, 8.69001E-01, 1.41660E+03,-1.13744E+00, 6.49538E+00, 2.77431E-01, 2.28271E-02,-1.05667E-02,-1.34885E-04, 1.41662E+03,-1.13801E+00, 6.50464E+00, 2.77527E-01, 3.27309E+00,-4.46977E+00, 2.55483E+01, 1.09004E+00, 2.36046E+03, 9.59412E+01, 8.71194E+02, 9.93080E+01, 5.62452E-01, 2.62352E+00, 9.99988E+01, 2.98839E+01, 4.57912E-03,-1.95765E-04, 0.00000E+00, 0.00000E+00, 0.00000E+00,
 1501, 2.99988E+01,TRUE,0, 0.00000E+00, 3.71183E+00, 1.41658E+00, 3.02038E+00, 0.00000E+00, 0.00000E+00, 1.86281E-01, 0.00000E+00, 8.68795E-01, 1.41658E+03,-1.13687E+00, 6.48608E+00, 2.77331E-01, 2.28271E-02,-1.05920E-02,-1.37478E-04, 1.41660E+03,-1.13744E+00, 6.49538E+00, 2.77431E-01, 3.27301E+00,-4.46743E+00, 2.55113E+01, 1.08964E+00, 2.37988E+03, 9.60089E+01, 8.75167E+02, 9.93218E+01, 5.62641E-01, 2.62409E+00, 9.99988E+01, 2.98869E+01, 4.57262E-03,-1.95697E-04, 0.00000E+00, 0.00000E+00, 0.00000E+00,
 1502, 3.00188E+01,TRUE,0, 0.00000E+00, 3.71343E+00, 1.41655E+00, 3.02177E+00, 0.00000E+00, 0.00000E+00, 1.86259E-01, 0.00000E+00, 8.68588E-01, 1.41655E+03,-1.13631E+00, 6.47674E+00, 2.77229E-01, 2.28271E-02,-1.06168E-02,-1.40071E-04, 1.41658E+03,-1.13687E+00, 6.48608E+00, 2.77331E-01, 3.27293E+00,-4.46510E+00, 2.54742E+01, 1.08922E+00, 2.39938E+03, 9.60754E+01, 8.79140E+02, 9.93354E+01, 5.62831E-01, 2.62467E+00, 9.99989E+01, 2.98898E+01, 4.56609E-03,-1.95626E-04, 0.00000E+00, 0.00000E+00, 0.00000E+00,
 1503, 3.00388E+01,TRUE,0, 0.00000E+00, 3.71503E+00, 1.41653E+00, 3.02316E+00, 0.00000E+00, 0.00000E+00, 1.86236E-01, 0.00000E+00, 8.68382E-01, 1.41653E+03,-1.13574E+00, 6.46737E+00, 2.77123E-01, 2.28271E-02,-1.06411E-02,-1.42664E-04, 1.41655E+03,-1.13631E+00, 6.47674E+00, 2.77229E-01, 3.27286E+00,-4.46277E+00, 2.54369E+01, 1.08880E+00, 2.41897E+03, 9.61408E+01, 8.83114E+02, 9.93486E+01, 5.63021E-01, 2.62525E+00, 9.99989E+01, 2.98928E+01, 4.55953E-03,-1.95553E-04, 0.00000E+00, 0.00000E+00, 0.00000E+00,
 1504, 3.00588E+01,TRUE,0, 0.00000E+00, 3.71664E+00, 1.41651E+00, 3.02455E+00, 0.00000E+00, 0.00000E+00, 1.86214E-01, 0.00000E+00, 8.68174E-01, 1.41651E+03,-1.13518E+00, 6.45796E+00, 2.77015E-01, 2.27051E-02,-1.06645E-02,-1.45197E-04, 1.41653E+03,-1.13574E+00, 6.46737E+00, 2.77123E-01, 3.27278E+00,-4.46045E+00, 2.53995E+01, 1.08836E+00, 2.43864E+03, 9.62053E+01, 8.87089E+02, 9.93616E+01, 5.63212E-01, 2.62583E+00, 9.99990E+01, 2.98957E+01, 4.55295E-03,-1.95479E-04, 0.00000E+00, 0.00000E+00, 0.00000E+00,
 1505, 3.00788E+01,TRUE,0, 0.00000E+00, 3.71825E+00, 1.41648E+00, 3.02594E+00, 0.00000E+00, 0.00000E+00, 1.86191E-01, 0.00000E+00, 8.67966E-01, 1.41648E+03,-1.13462E+00, 6.44852E+00, 2.76904E-01, 2.27051E-02,-1.06883E-02,-1.47760E-04, 1.41651E+03,-1.13518E+00, 6.45796E+00, 2.77015E-01, 3.27270E+00,-4.45814E+00, 2.53620E+01, 1.08790E+00, 2.45838E+03, 9.62686E+01, 8.91064E+02, 9.93744E+01, 5.63404E-01, 2.62642E+00, 9.99990E+01, 2.98987E+01, 4.54634E-03,-1.95402E-04, 0.00000E+00, 0.00000E+00, 0.00000E+00,
 1506, 3.00988E+01,TRUE,0, 0.00000E+00, 3.71987E+00, 1.41646E+00, 3.02734E+00, 0.00000E+00, 0.00000E+00, 1.86168E-01, 0.00000E+00, 8.67758E-01, 1.41646E+03,-1.13406E+00, 6.43904E+00, 2.76789E-01, 2.27051E-02,-1.07117E-02,-1.50234E-04, 1.41648E+03,-1.13462E+00, 6.44852E+00, 2.76904E-01, 3.27262E+00,-4.45583E+00, 2.53243E+01, 1.08744E+00, 2.47821E+03, 9.63310E+01, 8.95039E+02, 9.93869E+01, 5.63596E-01, 2.62700E+00, 9.99990E+01, 2.99017E+01, 4.53971E-03,-1.95323E-04, 0.00000E+00, 0.00000E+00, 0.00000E+00,
 1507, 3.01188E+01,TRUE,0, 0.00000E+00, 3.72149E+00, 1.41644E+00, 3.02875E+00, 0.00000E+00, 0.00000E+00, 1.86146E-01, 0.00000E+00, 8.67549E-01, 1.41644E+03,-1.13351E+00, 6.42953E+00, 2.76672E-01, 2.27051E-02,-1.07350E-02,-1.52767E-04, 1.41646E+03,-1.13406E+00, 6.43904E+00, 2.76789E-01, 3.27255E+00,-4.45353E+00, 2.52865E+01, 1.08697E+00, 2.49812E+03, 9.63923E+01, 8.99015E+02, 9.93991E+01, 5.63788E-01, 2.62759E+00, 9.99991E+01, 2.99046E+01, 4.53305E-03,-1.95242E-04, 0.00000E+00, 0.00000E+00, 0.00000E+00,
 1508, 3.01388E+01,TRUE,0, 0.00000E+00, 3.72311E+00, 1.41642E+00, 3.03016E+00, 0.00000E+00, 0.00000E+00, 1.86123E-01, 0.00000E+00, 8.67341E-01, 1.41642E+03,-1.13295E+00, 6.41998E+00, 2.76552E-01, 2.27051E-02,-1.07584E-02,-1.55240E-04, 1.41644E+03,-1.13351E+00, 6.42953E+00, 2.76672E-01, 3.27247E+00,-4.45124E+00, 2.52485E+01, 1.08648E+00, 2.51811E+03, 9.64527E+01, 9.02992E+02, 9.94111E+01, 5.63982E-01, 2.62818E+00, 9.99991E+01, 2.99076E+01, 4.52637E-03,-1.95159E-04, 0.00000E+00, 0.00000E+00, 0.00000E+00,
 1509, 3.01588E+01,TRUE,0, 0.00000E+00, 3.72474E+00, 1.41639E+00, 3.03157E+00, 0.00000E+00, 0.00000E+00, 1.86100E-01, 0.00000E+00, 8.67131E-01, 1.41639E+03,-1.13240E+00, 6.41040E+00, 2.76430E-01, 2.27051E-02,-1.07813E-02,-1.57744E-04, 1.41642E+03,-1.13295E+00, 6.41998E+00, 2.76552E-01, 3.27239E+00,-4.44896E+00, 2.52104E+01, 1.08599E+00, 2.53818E+03, 9.65121E+01, 9.06968E+02, 9.94229E+01, 5.64175E-01, 2.62877E+00, 9.99991E+01, 2.99106E+01, 4.51967E-03,-1.95074E-04, 0.00000E+00, 0.00000E+00, 0.00000E+00,
 1510, 3.01788E+01,TRUE,0, 0.00000E+00, 3.72637E+00, 1.41637E+00, 3.03298E+00, 0.00000E+00, 0.00000E+00, 1.86077E-01, 0.00000E+00, 8.66922E-01, 1.41637E+03,-1.13185E+00, 6.40079E+00, 2.76304E-01, 2.27051E-02,-1.08042E-02,-1.60217E-04, 1.41639E+03,-1.13240E+00, 6.41040E+00, 2.76430E-01, 3.27232E+00,-4.44669E+00, 2.51722E+01, 1.08548E+00, 2.55833E+03, 9.65706E+01, 9.10946E+02, 9.94344E+01, 5.64369E-01, 2.62936E+00, 9.99992E+01, 2.99136E+01, 4.51294E-03,-1.94987E-04, 0.00000E+00, 0.00000E+00, 0.00000E+00,
 1511, 3.01988E+01,TRUE,0, 0.00000E+00, 3.72801E+00, 1.41635E+00, 3.03440E+00, 0.00000E+00, 0.00000E+00, 1.86055E-01, 0.00000E+00, 8.66712E-01, 1.41635E+03,-1.13130E+00, 6.39114E+00, 2.76175E-01, 2.27051E-02,-1.08271E-02,-1.62691E-04, 1.41637E+03,-1.13185E+00, 6.40079E+00, 2.76304E-01, 3.27224E+00,-4.44442E+00, 2.51339E+01, 1.08496E+00, 2.57856E+03, 9.66281E+01, 9.14924E+02, 9.94457E+01, 5.64563E-01, 2.62995E+00, 9.99992E+01, 2.99166E+01, 4.50618E-03,-1.94898E-04, 0.00000E+00, 0.00000E+00, 0.00000E+00,
 1512, 3.02188E+01,TRUE,0, 0.00000E+00, 3.72965E+00, 1.41633E+00, 3.03581E+00, 0.00000E+00, 0.00000E+00, 1.86032E-01, 0.00000E+00, 8.66502E-01, 1.41633E+03,-1.13075E+00, 6.38146E+00, 2.76044E-01, 2.27051E-02,-1.08500E-02,-1.65164E-04, 1.41635E+03,-1.13130E+00, 6.39114E+00, 2.76175E-01, 3.27216E+00,-4.44216E+00, 2.50954E+01, 1.08443E+00, 2.59887E+03, 9.66846E+01, 9.18902E+02, 9.94567E+01, 5.64758E-01, 2.63054E+00, 9.99992E+01, 2.99197E+01, 4.49941E-03,-1.94807E-04, 0.00000E+00, 0.00000E+00, 0.00000E+00,
 1513, 3.02388E+01,TRUE,0, 0.00000E+00, 3.73129E+00, 1.41630E+00, 3.03724E+00, 0.00000E+00, 0.00000E+00, 1.86009E-01, 0.00000E+00, 8.66292E-01, 1.41630E+03,-1.13021E+00, 6.37174E+00, 2.75910E-01, 2.27051E-02,-1.08728E-02,-1.67608E-04, 1.41633E+03,-1.13075E+00, 6.38146E+00, 2.76044E-01, 3.27208E+00,-4.43991E+00, 2.50568E+01, 1.08389E+00, 2.61926E+03, 9.67403E+01, 9.22880E+02, 9.94676E+01, 5.64953E-01, 2.63113E+00, 9.99993E+01, 2.99227E+01, 4.49261E-03,-1.94714E-04, 0.00000E+00, 0.00000E+00, 0.00000E+00,
 1514, 3.02588E+01,TRUE,0, 0.00000E+00, 3.73294E+00, 1.41628E+00, 3.03866E+00, 0.00000E+00, 0.00000E+00, 1.85986E-01, 0.00000E+00, 8.66081E-01, 1.41628E+03,-1.12967E+00, 6.36199E+00, 2.75773E-01, 2.27051E-02,-1.08948E-02,-1.70022E-04, 1.41630E+03,-1.13021E+00, 6.37174E+00, 2.75910E-01, 3.27201E+00,-4.43766E+00, 2.50181E+01, 1.08333E+00, 2.63973E+03, 9.67950E+01, 9.26860E+02, 9.94782E+01, 5.65149E-01, 2.63173E+00, 9.99993E+01, 2.99257E+01, 4.48578E-03,-1.94619E-04, 0.00000E+00, 0.00000E+00, 0.00000E+00,
 1515, 3.02788E+01,TRUE,0, 0.00000E+00, 3.73459E+00, 1.41626E+00, 3.04009E+00, 0.00000E+00, 0.00000E+00, 1.85963E-01, 0.00000E+00, 8.65870E-01, 1.41626E+03,-1.12912E+00, 6.35221E+00, 2.75633E-01, 2.25830E-02,-1.09158E-02,-1.72406E-04, 1.41628E+03,-1.12967E+00, 6.36199E+00, 2.75773E-01, 3.27193E+00,-4.43542E+00, 2.49792E+01, 1.08277E+00, 2.66029E+03, 9.68489E+01, 9.30839E+02, 9.94886E+01, 5.65345E-01, 2.63232E+00, 9.99993E+01, 2.99287E+01, 4.47894E-03,-1.94522E-04, 0.00000E+00, 0.00000E+00, 0.00000E+00,
 1516, 3.02988E+01,TRUE,0, 0.00000E+00, 3.73624E+00, 1.41623E+00, 3.04152E+00, 0.00000E+00, 0.00000E+00, 1.85940E-01, 0.00000E+00, 8.65659E-01, 1.41623E+03,-1.12858E+00, 6.34240E+00, 2.75491E-01, 2.25830E-02,-1.09372E-02,-1.74820E-04, 1.41626E+03,-1.12912E+00, 6.35221E+00, 2.75633E-01, 3.27185E+00,-4.43319E+00, 2.49402E+01, 1.08220E+00, 2.68092E+03, 9.69019E+01, 9.34819E+02, 9.94988E+01, 5.65541E-01, 2.63292E+00, 9.99993E+01, 2.99318E+01, 4.47207E-03,-1.94423E-04, 0.00000E+00, 0.00000E+00, 0.00000E+00,
 1517, 3.03188E+01,TRUE,0, 0.00000E+00, 3.73789E+00, 1.41621E+00, 3.04295E+00, 0.00000E+00, 0.00000E+00, 1.85917E-01, 0.00000E+00, 8.65448E-01, 1.41621E+03,-1.12805E+00, 6.33256E+00, 2.75346E-01, 2.25830E-02,-1.09587E-02,-1.77234E-04, 1.41623E+03,-1.12858E+00, 6.34240E+00, 2.75491E-01, 3.27177E+00,-4.43097E+00, 2.49011E+01, 1.08161E+00, 2.70164E+03, 9.69540E+01, 9.38799E+02, 9.95089E+01, 5.65738E-01, 2.63352E+00, 9.99993E+01, 2.99348E+01, 4.46518E-03,-1.94322E-04, 0.00000E+00, 0.00000E+00, 0.00000E+00,
 1518, 3.03388E+01,TRUE,0, 0.00000E+00, 3.73955E+00, 1.41619E+00, 3.04439E+00, 0.00000E+00, 0.00000E+00, 1.85894E-01, 0.00000E+00, 8.65237E-01, 1.41619E+03,-1.12751E+00, 6.32268E+00, 2.75198E-01, 2.25830E-02,-1.09797E-02,-1.79589E-04, 1.41621E+03,-1.12805E+00, 6.33256E+00, 2.75346E-01, 3.27170E+00,-4.42875E+00, 2.48619E+01, 1.08102E+00, 2.72243E+03, 9.70053E+01, 9.42780E+02, 9.95187E+01, 5.65935E-01, 2.63412E+00, 9.99994E+01, 2.99379E+01, 4.45826E-03,-1.94219E-04, 0.00000E+00, 0.00000E+00, 0.00000E+00,
 1519, 3.03588E+01,TRUE,0, 0.00000E+00, 3.74121E+00, 1.41617E+00, 3.04583E+00, 0.00000E+00, 0.00000E+00, 1.85872E-01, 0.00000E+00, 8.65025E-01, 1.41617E+03,-1.12698E+00, 6.31278E+00, 2.75047E-01, 2.25830E-02,-1.10002E-02,-1.81973E-04, 1.41619E+03,-1.12751E+00, 6.32268E+00, 2.75198E-01, 3.27162E+00,-4.42654E+00, 2.48225E+01, 1.08041E+00, 2.74331E+03, 9.70558E+01, 9.46761E+02, 9.95283E+01, 5.66132E-01, 2.63472E+00, 9.99994E+01, 2.99409E+01, 4.45133E-03,-1.94115E-04, 0.00000E+00, 0.00000E+00, 0.00000E+00,
 1520, 3.03788E+01,TRUE,0, 0.00000E+00, 3.74287E+00, 1.41614E+00, 3.04727E+00, 0.00000E+00, 0.00000E+00, 1.85849E-01, 0.00000E+00, 8.64813E-01, 1.41614E+03,-1.12644E+00, 6.30284E+00, 2.74894E-01, 2.25830E-02,-1.10207E-02,-1.84327E-04, 1.41617E+03,-1.12698E+00, 6.31278E+00, 2.75047E-01, 3.27154E+00,-4.42434E+00, 2.47830E+01, 1.07979E+00, 2.76426E+03, 9.71054E+01, 9.50743E+02, 9.95377E+01, 5.66330E-01, 2.63532E+00, 9.99994E+01, 2.99440E+01, 4.44437E-03,-1.94008E-04, 0.00000E+00, 0.00000E+00, 0.00000E+00,
 1521, 3.03988E+01,TRUE,0, 0.00000E+00, 3.74454E+00, 1.41612E+00, 3.04871E+00, 0.00000E+00, 0.00000E+00, 1.85826E-01, 0.00000E+00, 8.64601E-01, 1.41612E+03,-1.12591E+00, 6.29287E+00, 2.74738E-01, 2.25830E-02,-1.10407E-02,-1.86682E-04, 1.41614E+03,-1.12644E+00, 6.30284E+00, 2.74894E-01, 3.27147E+00,-4.42215E+00, 2.47434E+01, 1.07917E+00, 2.78530E+03, 9.71542E+01, 9.54725E+02, 9.95469E+01, 5.66528E-01, 2.63592E+00, 9.99994E+01, 2.99470E+01, 4.43739E-03,-1.93900E-04, 0.00000E+00, 0.00000E+00, 0.00000E+00,
 1522, 3.04187E+01,TRUE,0, 0.00000E+00, 3.74621E+00, 1.41610E+00, 3.05015E+00, 0.00000E+00, 0.00000E+00, 1.85803E-01, 0.00000E+00, 8.64389E-01, 1.41610E+03,-1.12539E+00, 6.28287E+00, 2.74579E-01, 2.25830E-02,-1.10612E-02,-1.89036E-04, 1.41612E+03,-1.12591E+00, 6.29287E+00, 2.74738E-01, 3.27139E+00,-4.41996E+00, 2.47037E+01, 1.07853E+00, 2.80642E+03, 9.72023E+01, 9.58707E+02, 9.95560E+01, 5.66726E-01, 2.63652E+00, 9.99995E+01, 2.99501E+01, 4.43039E-03,-1.93790E-04, 0.00000E+00, 0.00000E+00, 0.00000E+00,
 1523, 3.04387E+01,TRUE,0, 0.00000E+00, 3.74788E+00, 1.41608E+00, 3.05160E+00, 0.00000E+00, 0.00000E+00, 1.85780E-01, 0.00000E+00, 8.64177E-01, 1.41608E+03,-1.12486E+00, 6.27285E+00, 2.74418E-01, 2.25830E-02,-1.10803E-02,-1.91331E-04, 1.41610E+03,-1.12539E+00, 6.28287E+00, 2.74579E-01, 3.27131E+00,-4.41779E+00, 2.46639E+01, 1.07788E+00, 2.82762E+03, 9.72495E+01, 9.62689E+02, 9.95648E+01, 5.66925E-01, 2.63712E+00, 9.99995E+01, 2.99532E+01, 4.42336E-03,-1.93677E-04, 0.00000E+00, 0.00000E+00, 0.00000E+00,
 1524, 3.04587E+01,TRUE,0, 0.00000E+00, 3.74955E+00, 1.41605E+00, 3.05305E+00, 0.00000E+00, 0.00000E+00, 1.85757E-01, 0.00000E+00, 8.63965E-01, 1.41605E+03,-1.12434E+00, 6.26279E+00, 2.74254E-01, 2.25830E-02,-1.11003E-02,-1.93655E-04, 1.41608E+03,-1.12486E+00, 6.27285E+00, 2.74418E-01, 3.27123E+00,-4.41562E+00, 2.46239E+01, 1.07722E+00, 2.84890E+03, 9.72960E+01, 9.66672E+02, 9.95735E+01, 5.67124E-01, 2.63772E+00, 9.99995E+01, 2.99562E+01, 4.41632E-03,-1.93563E-04, 0.00000E+00, 0.00000E+00, 0.00000E+00,
 1525, 3.04787E+01,TRUE,0, 0.00000E+00, 3.75122E+00, 1.41603E+00, 3.05449E+00, 0.00000E+00, 0.00000E+00, 1.85734E-01, 0.00000E+00, 8.63753E-01, 1.41603E+03,-1.12381E+00, 6.25270E+00, 2.74087E-01, 2.25830E-02,-1.11194E-02,-1.95950E-04, 1.41605E+03,-1.12434E+00, 6.26279E+00, 2.74254E-01, 3.27116E+00,-4.41345E+00, 2.45839E+01, 1.07655E+00, 2.87026E+03, 9.73417E+01, 9.70655E+02, 9.95820E+01, 5.67323E-01, 2.63833E+00, 9.99995E+01, 2.99593E+01, 4.40926E-03,-1.93448E-04, 0.00000E+00, 0.00000E+00, 0.00000E+00,
 1526, 3.04987E+01,TRUE,0, 0.00000E+00, 3.75290E+00, 1.41601E+00, 3.05594E+00, 0.00000E+00, 0.00000E+00, 1.85711E-01, 0.00000E+00, 8.63541E-01, 1.41601E+03,-1.12329E+00, 6.24258E+00, 2.73918E-01, 2.25830E-02,-1.11394E-02,-1.98215E-04, 1.41603E+03,-1.12381E+00, 6.25270E+00, 2.74087E-01, 3.27108E+00,-4.41130E+00, 2.45437E+01, 1.07587E+00, 2.89170E+03, 9.73867E+01, 9.74639E+02, 9.95904E+01, 5.67522E-01, 2.63893E+00, 9.99995E+01, 2.99624E+01, 4.40217E-03,-1.93330E-04, 0.00000E+00, 0.00000E+00, 0.00000E+00,
 1527, 3.05187E+01,TRUE,0, 0.00000E+00, 3.75458E+00, 1.41599E+00, 3.05740E+00, 0.00000E+00, 0.00000E+00, 1.85688E-01, 0.00000E+00, 8.63328E-01, 1.41599E+03,-1.12277E+00, 6.23244E+00, 2.73747E-01, 2.24609E-02,-1.11580E-02,-2.00450E-04, 1.41601E+03,-1.12329E+00, 6.24258E+00, 2.73918E-01, 3.27100E+00,-4.40915E+00, 2.45034E+01, 1.07518E+00, 2.91322E+03, 9.74309E+01, 9.78623E+02, 9.95986E+01, 5.67721E-01, 2.63954E+00, 9.99995E+01, 2.99655E+01, 4.39506E-03,-1.93210E-04, 0.00000E+00, 0.00000E+00, 0.00000E+00,
 1528, 3.05387E+01,TRUE,0, 0.00000E+00, 3.75626E+00, 1.41596E+00, 3.05885E+00, 0.00000E+00, 0.00000E+00, 1.85665E-01, 0.00000E+00, 8.63116E-01, 1.41596E+03,-1.12226E+00, 6.22226E+00, 2.73572E-01, 2.24609E-02,-1.11761E-02,-2.02715E-04, 1.41599E+03,-1.12277E+00, 6.23244E+00, 2.73747E-01, 3.27092E+00,-4.40701E+00, 2.44630E+01, 1.07449E+00, 2.93482E+03, 9.74744E+01, 9.82607E+02, 9.96066E+01, 5.67921E-01, 2.64014E+00, 9.99995E+01, 2.99686E+01, 4.38794E-03,-1.93089E-04, 0.00000E+00, 0.00000E+00, 0.00000E+00,
 1529, 3.05587E+01,TRUE,0, 0.00000E+00, 3.75794E+00, 1.41594E+00, 3.06031E+00, 0.00000E+00, 0.00000E+00, 1.85642E-01, 0.00000E+00, 8.62903E-01, 1.41594E+03,-1.12174E+00, 6.21206E+00, 2.73395E-01, 2.24609E-02,-1.11947E-02,-2.04951E-04, 1.41596E+03,-1.12226E+00, 6.22226E+00, 2.73572E-01, 3.27085E+00,-4.40488E+00, 2.44225E+01, 1.07378E+00, 2.95650E+03, 9.75172E+01, 9.86592E+02, 9.96144E+01, 5.68121E-01, 2.64075E+00, 9.99996E+01, 2.99717E+01, 4.38079E-03,-1.92966E-04, 0.00000E+00, 0.00000E+00, 0.00000E+00,
 1530, 3.05787E+01,TRUE,0, 0.00000E+00, 3.75962E+00, 1.41592E+00, 3.06176E+00, 0.00000E+00, 0.00000E+00, 1.85619E-01, 0.00000E+00, 8.62691E-01, 1.41592E+03,-1.12123E+00, 6.20183E+00, 2.73216E-01, 2.24609E-02,-1.12128E-02,-2.07216E-04, 1.41594E+03,-1.12174E+00, 6.21206E+00, 2.73395E-01, 3.27077E+00,-4.40275E+00, 2.43819E+01, 1.07306E+00, 2.97827E+03, 9.75593E+01, 9.90577E+02, 9.96221E+01, 5.68321E-01, 2.64135E+00, 9.99996E+01, 2.99747E+01, 4.37362E-03,-1.92841E-04, 0.00000E+00, 0.00000E+00, 0.00000E+00,
 1531, 3.05987E+01,TRUE,0, 0.00000E+00, 3.76130E+00, 1.41590E+00, 3.06322E+00, 0.00000E+00, 0.00000E+00, 1.85596E-01, 0.00000E+00, 8.62478E-01, 1.41590E+03,-1.12072E+00, 6.19157E+00, 2.73034E-01, 2.24609E-02,-1.12309E-02,-2.09421E-04, 1.41592E+03,-1.12123E+00, 6.20183E+00, 2.73216E-01, 3.27069E+00,-4.40063E+00, 2.43411E+01, 1.07233E+00, 3.00011E+03, 9.76007E+01, 9.94562E+02, 9.96297E+01, 5.68521E-01, 2.64196E+00, 9.99996E+01, 2.99778E+01, 4.36644E-03,-1.92714E-04, 0.00000E+00, 0.00000E+00, 0.00000E+00,
 1532, 3.06187E+01,TRUE,0, 0.00000E+00, 3.76299E+00, 1.41587E+00, 3.06468E+00, 0.00000E+00, 0.00000E+00, 1.85573E-01, 0.00000E+00, 8.62266E-01, 1.41587E+03,-1.12021E+00, 6.18128E+00, 2.72850E-01, 2.24609E-02,-1.12491E-02,-2.11596E-04, 1.41590E+03,-1.12072E+00, 6.19157E+00, 2.73034E-01, 3.27062E+00,-4.39852E+00, 2.43003E+01, 1.07159E+00, 3.02203E+03, 9.76414E+01, 9.98547E+02, 9.96371E+01, 5.68722E-01, 2.64257E+00, 9.99996E+01, 2.99809E+01, 4.35923E-03,-1.92586E-04, 0.00000E+00, 0.00000E+00, 0.00000E+00,
 1533, 3.06387E+01,TRUE,0, 0.00000E+00, 3.76467E+00, 1.41585E+00, 3.06614E+00, 0.00000E+00, 0.00000E+00, 1.85550E-01, 0.00000E+00, 8.62054E-01, 1.41585E+03,-1.11970E+00, 6.17097E+00, 2.72663E-01, 2.24609E-02,-1.12672E-02,-2.13802E-04, 1.41587E+03,-1.12021E+00, 6.18128E+00, 2.72850E-01, 3.27054E+00,-4.39642E+00, 2.42594E+01, 1.07084E+00, 3.04404E+03, 9.76815E+01, 1.00253E+03, 9.96443E+01, 5.68922E-01, 2.64317E+00, 9.99996E+01, 2.99840E+01, 4.35200E-03,-1.92456E-04, 0.00000E+00, 0.00000E+00, 0.00000E+00,
 1534, 3.06587E+01,TRUE,0, 0.00000E+00, 3.76636E+00, 1.41583E+00, 3.06760E+00, 0.00000E+00, 0.00000E+00, 1.85527E-01, 0.00000E+00, 8.61842E-01, 1.41583E+03,-1.11919E+00, 6.16063E+00, 2.72473E-01, 2.24609E-02,-1.12848E-02,-2.15977E-04, 1.41585E+03,-1.11970E+00, 6.17097E+00, 2.72663E-01, 3.27046E+00,-4.39432E+00, 2.42183E+01, 1.07008E+00, 3.06612E+03, 9.77209E+01, 1.00652E+03, 9.96514E+01, 5.69123E-01, 2.64378E+00, 9.99996E+01, 2.99871E+01, 4.34476E-03,-1.92324E-04, 0.00000E+00, 0.00000E+00, 0.00000E+00,
 1535, 3.06787E+01,TRUE,0, 0.00000E+00, 3.76804E+00, 1.41581E+00, 3.06906E+00, 0.00000E+00, 0.00000E+00, 1.85504E-01, 0.00000E+00, 8.61629E-01, 1.41581E+03,-1.11869E+00, 6.15026E+00, 2.72282E-01, 2.24609E-02,-1.13020E-02,-2.18153E-04, 1.41583E+03,-1.11919E+00, 6.16063E+00, 2.72473E-01, 3.27039E+00,-4.39224E+00, 2.41771E+01, 1.06931E+00, 3.08829E+03, 9.77596E+01, 1.01051E+03, 9.96584E+01, 5.69323E-01, 2.64439E+00, 9.99996E+01, 2.99902E+01, 4.33749E-03,-1.92190E-04, 0.00000E+00, 0.00000E+00, 0.00000E+00,
 1536, 3.06987E+01,TRUE,0, 0.00000E+00, 3.76973E+00, 1.41578E+00, 3.07052E+00, 0.00000E+00, 0.00000E+00, 1.85482E-01, 0.00000E+00, 8.61417E-01, 1.41578E+03,-1.11819E+00, 6.13986E+00, 2.72087E-01, 2.24609E-02,-1.13196E-02,-2.20358E-04, 1.41581E+03,-1.11869E+00, 6.15026E+00, 2.72282E-01, 3.27031E+00,-4.39016E+00, 2.41359E+01, 1.06853E+00, 3.11053E+03, 9.77978E+01, 1.01449E+03, 9.96652E+01, 5.69524E-01, 2.64500E+00, 9.99996E+01, 2.99933E+01, 4.33021E-03,-1.92055E-04, 0.00000E+00, 0.00000E+00, 0.00000E+00,
 1537, 3.07187E+01,TRUE,0, 0.00000E+00, 3.77142E+00, 1.41576E+00, 3.07198E+00, 0.00000E+00, 0.00000E+00, 1.85459E-01, 0.00000E+00, 8.61205E-01, 1.41576E+03,-1.11769E+00, 6.12944E+00, 2.71891E-01, 2.24609E-02,-1.13363E-02,-2.22504E-04, 1.41578E+03,-1.11819E+00, 6.13986E+00, 2.72087E-01, 3.27023E+00,-4.38808E+00, 2.40945E+01, 1.06775E+00, 3.13286E+03, 9.78352E+01, 1.01848E+03, 9.96719E+01, 5.69725E-01, 2.64560E+00, 9.99996E+01, 2.99964E+01, 4.32291E-03,-1.91917E-04, 0.00000E+00, 0.00000E+00, 0.00000E+00,
 1538, 3.07387E+01,TRUE,0, 0.00000E+00, 3.77311E+00, 1.41574E+00, 3.07344E+00, 0.00000E+00, 0.00000E+00, 1.85436E-01, 0.00000E+00, 8.60994E-01, 1.41574E+03,-1.11719E+00, 6.11899E+00, 2.71691E-01, 2.24609E-02,-1.13535E-02,-2.24650E-04, 1.41576E+03,-1.11769E+00, 6.12944E+00, 2.71891E-01, 3.27015E+00,-4.38602E+00, 2.40531E+01, 1.06695E+00, 3.15527E+03, 9.78721E+01, 1.02247E+03, 9.96784E+01, 5.69926E-01, 2.64621E+00, 9.99997E+01, 2.99995E+01, 4.31559E-03,-1.91778E-04, 0.00000E+00, 0.00000E+00, 0.00000E+00,
 1539, 3.07587E+01,TRUE,0, 0.00000E+00, 3.77480E+00, 1.41572E+00, 3.07490E+00, 0.00000E+00, 0.00000E+00, 1.85413E-01, 0.00000E+00, 8.60782E-01, 1.41572E+03,-1.11670E+00, 6.10852E+00, 2.71490E-01, 2.23389E-02,-1.13692E-02,-2.26766E-04, 1.41574E+03,-1.11719E+00, 6.11899E+00, 2.71691E-01, 3.27008E+00,-4.38396E+00, 2.40115E+01, 1.06614E+00, 3.17775E+03, 9.79083E+01, 1.02645E+03, 9.96849E+01, 5.70127E-01, 2.64682E+00, 9.99997E+01, 3.00026E+01, 4.30825E-03,-1.91638E-04, 0.00000E+00, 0.00000E+00, 0.00000E+00,
 1540, 3.07787E+01,TRUE,0, 0.00000E+00, 3.77649E+00, 1.41569E+00, 3.07636E+00, 0.00000E+00, 0.00000E+00, 1.85390E-01, 0.00000E+00, 8.60570E-01, 1.41569E+03,-1.11620E+00, 6.09802E+00, 2.71286E-01, 2.23389E-02,-1.13854E-02,-2.28882E-04, 1.41572E+03,-1.11670E+00, 6.10852E+00, 2.71490E-01, 3.27000E+00,-4.38191E+00, 2.39698E+01, 1.06533E+00, 3.20032E+03, 9.79440E+01, 1.03044E+03, 9.96912E+01, 5.70328E-01, 2.64743E+00, 9.99997E+01, 3.00057E+01, 4.30089E-03,-1.91496E-04, 0.00000E+00, 0.00000E+00, 0.00000E+00,
 1541, 3.07987E+01,TRUE,0, 0.00000E+00, 3.77818E+00, 1.41567E+00, 3.07782E+00, 0.00000E+00, 0.00000E+00, 1.85368E-01, 0.00000E+00, 8.60359E-01, 1.41567E+03,-1.11571E+00, 6.08750E+00, 2.71080E-01, 2.23389E-02,-1.14021E-02,-2.30938E-04, 1.41569E+03,-1.11620E+00, 6.09802E+00, 2.71286E-01, 3.26992E+00,-4.37987E+00, 2.39281E+01, 1.06450E+00, 3.22297E+03, 9.79791E+01, 1.03443E+03, 9.96973E+01, 5.70529E-01, 2.64803E+00, 9.99997E+01, 3.00088E+01, 4.29352E-03,-1.91352E-04, 0.00000E+00, 0.00000E+00, 0.00000E+00,
 1542, 3.08187E+01,TRUE,0, 0.00000E+00, 3.77986E+00, 1.41565E+00, 3.07929E+00, 0.00000E+00, 0.00000E+00, 1.85345E-01, 0.00000E+00, 8.60148E-01, 1.41565E+03,-1.11522E+00, 6.07695E+00, 2.70871E-01, 2.23389E-02,-1.14179E-02,-2.33024E-04, 1.41567E+03,-1.11571E+00, 6.08750E+00, 2.71080E-01, 3.26985E+00,-4.37783E+00, 2.38862E+01, 1.06367E+00, 3.24570E+03, 9.80135E+01, 1.03842E+03, 9.97034E+01, 5.70730E-01, 2.64864E+00, 9.99997E+01, 3.00119E+01, 4.28612E-03,-1.91206E-04, 0.00000E+00, 0.00000E+00, 0.00000E+00,
 1543, 3.08387E+01,TRUE,0, 0.00000E+00, 3.78155E+00, 1.41563E+00, 3.08075E+00, 0.00000E+00, 0.00000E+00, 1.85322E-01, 0.00000E+00, 8.59937E-01, 1.41563E+03,-1.11473E+00, 6.06638E+00, 2.70660E-01, 2.23389E-02,-1.14336E-02,-2.35111E-04, 1.41565E+03,-1.11522E+00, 6.07695E+00, 2.70871E-01, 3.26977E+00,-4.37581E+00, 2.38443E+01, 1.06282E+00, 3.26851E+03, 9.80475E+01, 1.04240E+03, 9.97093E+01, 5.70931E-01, 2.64925E+00, 9.99997E+01, 3.00150E+01, 4.27871E-03,-1.91059E-04, 0.00000E+00, 0.00000E+00, 0.00000E+00,
 1544, 3.08587E+01,TRUE,0, 0.00000E+00, 3.78324E+00, 1.41561E+00, 3.08221E+00, 0.00000E+00, 0.00000E+00, 1.85299E-01, 0.00000E+00, 8.59726E-01, 1.41561E+03,-1.11424E+00, 6.05578E+00, 2.70446E-01, 2.23389E-02,-1.14489E-02,-2.37137E-04, 1.41563E+03,-1.11473E+00, 6.06638E+00, 2.70660E-01, 3.26969E+00,-4.37379E+00, 2.38022E+01, 1.06197E+00, 3.29139E+03, 9.80808E+01, 1.04639E+03, 9.97151E+01, 5.71132E-01, 2.64985E+00, 9.99997E+01, 3.00181E+01, 4.27128E-03,-1.90910E-04, 0.00000E+00, 0.00000E+00, 0.00000E+00,
 1545, 3.08787E+01,TRUE,0, 0.00000E+00, 3.78493E+00, 1.41558E+00, 3.08367E+00, 0.00000E+00, 0.00000E+00, 1.85277E-01, 0.00000E+00, 8.59515E-01, 1.41558E+03,-1.11376E+00, 6.04516E+00, 2.70231E-01, 2.23389E-02,-1.14636E-02,-2.39193E-04, 1.41561E+03,-1.11424E+00, 6.05578E+00, 2.70446E-01, 3.26961E+00,-4.37178E+00, 2.37601E+01, 1.06111E+00, 3.31436E+03, 9.81136E+01, 1.05038E+03, 9.97208E+01, 5.71333E-01, 2.65046E+00, 9.99997E+01, 3.00212E+01, 4.26384E-03,-1.90759E-04, 0.00000E+00, 0.00000E+00, 0.00000E+00,
 1546, 3.08987E+01,TRUE,0, 0.00000E+00, 3.78662E+00, 1.41556E+00, 3.08513E+00, 0.00000E+00, 0.00000E+00, 1.85254E-01, 0.00000E+00, 8.59305E-01, 1.41556E+03,-1.11328E+00, 6.03451E+00, 2.70013E-01, 2.23389E-02,-1.14789E-02,-2.41190E-04, 1.41558E+03,-1.11376E+00, 6.04516E+00, 2.70231E-01, 3.26954E+00,-4.36977E+00, 2.37179E+01, 1.06024E+00, 3.33741E+03, 9.81459E+01, 1.05437E+03, 9.97264E+01, 5.71534E-01, 2.65107E+00, 9.99997E+01, 3.00243E+01, 4.25638E-03,-1.90607E-04, 0.00000E+00, 0.00000E+00, 0.00000E+00,
 1547, 3.09187E+01,TRUE,0, 0.00000E+00, 3.78830E+00, 1.41554E+00, 3.08659E+00, 0.00000E+00, 0.00000E+00, 1.85232E-01, 0.00000E+00, 8.59095E-01, 1.41554E+03,-1.11280E+00, 6.02384E+00, 2.69792E-01, 2.23389E-02,-1.14937E-02,-2.43247E-04, 1.41556E+03,-1.11328E+00, 6.03451E+00, 2.70013E-01, 3.26946E+00,-4.36778E+00, 2.36755E+01, 1.05936E+00, 3.36055E+03, 9.81776E+01, 1.05836E+03, 9.97318E+01, 5.71734E-01, 2.65167E+00, 9.99997E+01, 3.00274E+01, 4.24890E-03,-1.90453E-04, 0.00000E+00, 0.00000E+00, 0.00000E+00,
 1548, 3.09387E+01,TRUE,0, 0.00000E+00, 3.78999E+00, 1.41552E+00, 3.08805E+00, 0.00000E+00, 0.00000E+00, 1.85209E-01, 0.00000E+00, 8.58885E-01, 1.41552E+03,-1.11232E+00, 6.01315E+00, 2.69570E-01, 2.23389E-02,-1.15089E-02,-2.45333E-04, 1.41554E+03,-1.11280E+00, 6.02384E+00, 2.69792E-01, 3.26938E+00,-4.36579E+00, 2.36331E+01, 1.05847E+00, 3.38376E+03, 9.82088E+01, 1.06235E+03, 9.97372E+01, 5.71935E-01, 2.65228E+00, 9.99997E+01, 3.00305E+01, 4.24140E-03,-1.90298E-04, 0.00000E+00, 0.00000E+00, 0.00000E+00,
 1549, 3.09587E+01,TRUE,0, 0.00000E+00, 3.79167E+00, 1.41549E+00, 3.08951E+00, 0.00000E+00, 0.00000E+00, 1.85187E-01, 0.00000E+00, 8.58675E-01, 1.41549E+03,-1.11184E+00, 6.00243E+00, 2.69345E-01, 2.23389E-02,-1.15228E-02,-2.47329E-04, 1.41552E+03,-1.11232E+00, 6.01315E+00, 2.69570E-01, 3.26931E+00,-4.36381E+00, 2.35906E+01, 1.05757E+00, 3.40705E+03, 9.82394E+01, 1.06634E+03, 9.97424E+01, 5.72136E-01, 2.65288E+00, 9.99997E+01, 3.00336E+01, 4.23389E-03,-1.90141E-04, 0.00000E+00, 0.00000E+00, 0.00000E+00,
 1550, 3.09787E+01,TRUE,0, 0.00000E+00, 3.79336E+00, 1.41547E+00, 3.09096E+00, 0.00000E+00, 0.00000E+00, 1.85164E-01, 0.00000E+00, 8.58466E-01, 1.41547E+03,-1.11136E+00, 5.99170E+00, 2.69118E-01, 2.23389E-02,-1.15366E-02,-2.49356E-04, 1.41549E+03,-1.11184E+00, 6.00243E+00, 2.69345E-01, 3.26923E+00,-4.36183E+00, 2.35480E+01, 1.05666E+00, 3.43042E+03, 9.82696E+01, 1.07033E+03, 9.97476E+01, 5.72336E-01, 2.65349E+00, 9.99997E+01, 3.00366E+01, 4.22636E-03,-1.89982E-04, 0.00000E+00, 0.00000E+00, 0.00000E+00,
 1551, 3.09987E+01,TRUE,0, 0.00000E+00, 3.79504E+00, 1.41545E+00, 3.09242E+00, 0.00000E+00, 0.00000E+00, 1.85142E-01, 0.00000E+00, 8.58257E-01, 1.41545E+03,-1.11089E+00, 5.98093E+00, 2.68889E-01, 2.23389E-02,-1.15514E-02,-2.51323E-04, 1.41547E+03,-1.11136E+00, 5.99170E+00, 2.69118E-01, 3.26915E+00,-4.35986E+00, 2.35053E+01, 1.05574E+00, 3.45387E+03, 9.82992E+01, 1.07432E+03, 9.97526E+01, 5.72536E-01, 2.65409E+00, 9.99998E+01, 3.00397E+01, 4.21882E-03,-1.89822E-04, 0.00000E+00, 0.00000E+00, 0.00000E+00,
 1552, 3.10187E+01,TRUE,0, 0.00000E+00, 3.79672E+00, 1.41543E+00, 3.09388E+00, 0.00000E+00, 0.00000E+00, 1.85119E-01, 0.00000E+00, 8.58048E-01, 1.41543E+03,-1.11042E+00, 5.97015E+00, 2.68657E-01, 2.22168E-02,-1.15647E-02,-2.53230E-04, 1.41545E+03,-1.11089E+00, 5.98093E+00, 2.68889E-01, 3.26908E+00,-4.35790E+00, 2.34625E+01, 1.05482E+00, 3.47740E+03, 9.83284E+01, 1.07831E+03, 9.97576E+01, 5.72737E-01, 2.65470E+00, 9.99998E+01, 3.00428E+01, 4.21126E-03,-1.89661E-04, 0.00000E+00, 0.00000E+00, 0.00000E+00,
 1553, 3.10387E+01,TRUE,0, 0.00000E+00, 3.79840E+00, 1.41540E+00, 3.09533E+00, 0.00000E+00, 0.00000E+00, 1.85097E-01, 0.00000E+00, 8.57840E-01, 1.41540E+03,-1.10995E+00, 5.95934E+00, 2.68423E-01, 2.22168E-02,-1.15781E-02,-2.55167E-04, 1.41543E+03,-1.11042E+00, 5.97015E+00, 2.68657E-01, 3.26900E+00,-4.35595E+00, 2.34197E+01, 1.05389E+00, 3.50102E+03, 9.83571E+01, 1.08230E+03, 9.97624E+01, 5.72937E-01, 2.65530E+00, 9.99998E+01, 3.00459E+01, 4.20368E-03,-1.89497E-04, 0.00000E+00, 0.00000E+00, 0.00000E+00,
 1554, 3.10587E+01,TRUE,0, 0.00000E+00, 3.80008E+00, 1.41538E+00, 3.09678E+00, 0.00000E+00, 0.00000E+00, 1.85075E-01, 0.00000E+00, 8.57632E-01, 1.41538E+03,-1.10948E+00, 5.94852E+00, 2.68187E-01, 2.22168E-02,-1.15910E-02,-2.57075E-04, 1.41540E+03,-1.10995E+00, 5.95934E+00, 2.68423E-01, 3.26892E+00,-4.35401E+00, 2.33768E+01, 1.05295E+00, 3.52471E+03, 9.83853E+01, 1.08629E+03, 9.97671E+01, 5.73136E-01, 2.65590E+00, 9.99998E+01, 3.00490E+01, 4.19609E-03,-1.89332E-04, 0.00000E+00, 0.00000E+00, 0.00000E+00,
 1555, 3.10787E+01,TRUE,0, 0.00000E+00, 3.80176E+00, 1.41536E+00, 3.09824E+00, 0.00000E+00, 0.00000E+00, 1.85052E-01, 0.00000E+00, 8.57424E-01, 1.41536E+03,-1.10902E+00, 5.93767E+00, 2.67949E-01, 2.22168E-02,-1.16043E-02,-2.58982E-04, 1.41538E+03,-1.10948E+00, 5.94852E+00, 2.68187E-01, 3.26884E+00,-4.35207E+00, 2.33337E+01, 1.05200E+00, 3.54848E+03, 9.84130E+01, 1.09028E+03, 9.97718E+01, 5.73336E-01, 2.65650E+00, 9.99998E+01, 3.00520E+01, 4.18848E-03,-1.89166E-04, 0.00000E+00, 0.00000E+00, 0.00000E+00,
 1556, 3.10987E+01,TRUE,0, 0.00000E+00, 3.80344E+00, 1.41534E+00, 3.09969E+00, 0.00000E+00, 0.00000E+00, 1.85030E-01, 0.00000E+00, 8.57217E-01, 1.41534E+03,-1.10855E+00, 5.92680E+00, 2.67709E-01, 2.22168E-02,-1.16177E-02,-2.60860E-04, 1.41536E+03,-1.10902E+00, 5.93767E+00, 2.67949E-01, 3.26877E+00,-4.35014E+00, 2.32906E+01, 1.05104E+00, 3.57234E+03, 9.84403E+01, 1.09427E+03, 9.97763E+01, 5.73536E-01, 2.65710E+00, 9.99998E+01, 3.00551E+01, 4.18086E-03,-1.88998E-04, 0.00000E+00, 0.00000E+00, 0.00000E+00,
 1557, 3.11187E+01,TRUE,0, 0.00000E+00, 3.80511E+00, 1.41532E+00, 3.10113E+00, 0.00000E+00, 0.00000E+00, 1.85008E-01, 0.00000E+00, 8.57011E-01, 1.41532E+03,-1.10809E+00, 5.91590E+00, 2.67467E-01, 2.22168E-02,-1.16296E-02,-2.62767E-04, 1.41534E+03,-1.10855E+00, 5.92680E+00, 2.67709E-01, 3.26869E+00,-4.34822E+00, 2.32474E+01, 1.05007E+00, 3.59627E+03, 9.84671E+01, 1.09826E+03, 9.97808E+01, 5.73735E-01, 2.65770E+00, 9.99998E+01, 3.00582E+01, 4.17322E-03,-1.88829E-04, 0.00000E+00, 0.00000E+00, 0.00000E+00,
 1558, 3.11387E+01,TRUE,0, 0.00000E+00, 3.80678E+00, 1.41529E+00, 3.10258E+00, 0.00000E+00, 0.00000E+00, 1.84986E-01, 0.00000E+00, 8.56804E-01, 1.41529E+03,-1.10763E+00, 5.90499E+00, 2.67222E-01, 2.22168E-02,-1.16425E-02,-2.64645E-04, 1.41532E+03,-1.10809E+00, 5.91590E+00, 2.67467E-01, 3.26861E+00,-4.34631E+00, 2.32042E+01, 1.04909E+00, 3.62029E+03, 9.84934E+01, 1.10225E+03, 9.97852E+01, 5.73934E-01, 2.65830E+00, 9.99998E+01, 3.00612E+01, 4.16557E-03,-1.88658E-04, 0.00000E+00, 0.00000E+00, 0.00000E+00,
 1559, 3.11587E+01,TRUE,0, 0.00000E+00, 3.80845E+00, 1.41527E+00, 3.10403E+00, 0.00000E+00, 0.00000E+00, 1.84964E-01, 0.00000E+00, 8.56598E-01, 1.41527E+03,-1.10717E+00, 5.89406E+00, 2.66975E-01, 2.22168E-02,-1.16549E-02,-2.66522E-04, 1.41529E+03,-1.10763E+00, 5.90499E+00, 2.67222E-01, 3.26854E+00,-4.34440E+00, 2.31608E+01, 1.04811E+00, 3.64438E+03, 9.85193E+01, 1.10625E+03, 9.97895E+01, 5.74133E-01, 2.65890E+00, 9.99998E+01, 3.00643E+01, 4.15790E-03,-1.88486E-04, 0.00000E+00, 0.00000E+00, 0.00000E+00,
 1560, 3.11787E+01,TRUE,0, 0.00000E+00, 3.81012E+00, 1.41525E+00, 3.10547E+00, 0.00000E+00, 0.00000E+00, 1.84942E-01, 0.00000E+00, 8.56393E-01, 1.41525E+03,-1.10672E+00, 5.88310E+00, 2.66727E-01, 2.22168E-02,-1.16673E-02,-2.68400E-04, 1.41527E+03,-1.10717E+00, 5.89406E+00, 2.66975E-01, 3.26846E+00,-4.34250E+00, 2.31174E+01, 1.04712E+00, 3.66856E+03, 9.85448E+01, 1.11024E+03, 9.97937E+01, 5.74332E-01, 2.65950E+00, 9.99998E+01, 3.00673E+01, 4.15022E-03,-1.88312E-04, 0.00000E+00, 0.00000E+00, 0.00000E+00,
 1561, 3.11987E+01,TRUE,0, 0.00000E+00, 3.81178E+00, 1.41523E+00, 3.10691E+00, 0.00000E+00, 0.00000E+00, 1.84920E-01, 0.00000E+00, 8.56188E-01, 1.41523E+03,-1.10626E+00, 5.87213E+00, 2.66476E-01, 2.22168E-02,-1.16792E-02,-2.70277E-04, 1.41525E+03,-1.10672E+00, 5.88310E+00, 2.66727E-01, 3.26838E+00,-4.34061E+00, 2.30739E+01, 1.04612E+00, 3.69281E+03, 9.85699E+01, 1.11423E+03, 9.97978E+01, 5.74530E-01, 2.66010E+00, 9.99998E+01, 3.00704E+01, 4.14252E-03,-1.88136E-04, 0.00000E+00, 0.00000E+00, 0.00000E+00,
 1562, 3.12187E+01,TRUE,0, 0.00000E+00, 3.81345E+00, 1.41520E+00, 3.10835E+00, 0.00000E+00, 0.00000E+00, 1.84898E-01, 0.00000E+00, 8.55983E-01, 1.41520E+03,-1.10581E+00, 5.86113E+00, 2.66223E-01, 2.22168E-02,-1.16911E-02,-2.72125E-04, 1.41523E+03,-1.10626E+00, 5.87213E+00, 2.66476E-01, 3.26831E+00,-4.33873E+00, 2.30303E+01, 1.04511E+00, 3.71715E+03, 9.85945E+01, 1.11822E+03, 9.98018E+01, 5.74728E-01, 2.66069E+00, 9.99998E+01, 3.00734E+01, 4.13481E-03,-1.87959E-04, 0.00000E+00, 0.00000E+00, 0.00000E+00,
 1563, 3.12387E+01,TRUE,0, 0.00000E+00, 3.81511E+00, 1.41518E+00, 3.10978E+00, 0.00000E+00, 0.00000E+00, 1.84876E-01, 0.00000E+00, 8.55779E-01, 1.41518E+03,-1.10536E+00, 5.85012E+00, 2.65968E-01, 2.22168E-02,-1.17030E-02,-2.73973E-04, 1.41520E+03,-1.10581E+00, 5.86113E+00, 2.66223E-01, 3.26823E+00,-4.33685E+00, 2.29866E+01, 1.04409E+00, 3.74157E+03, 9.86187E+01, 1.12221E+03, 9.98058E+01, 5.74926E-01, 2.66129E+00, 9.99998E+01, 3.00765E+01, 4.12709E-03,-1.87781E-04, 0.00000E+00, 0.00000E+00, 0.00000E+00,
 1564, 3.12587E+01,TRUE,0, 0.00000E+00, 3.81676E+00, 1.41516E+00, 3.11122E+00, 0.00000E+00, 0.00000E+00, 1.84855E-01, 0.00000E+00, 8.55575E-01, 1.41516E+03,-1.10491E+00, 5.83909E+00, 2.65711E-01, 2.22168E-02,-1.17149E-02,-2.75820E-04, 1.41518E+03,-1.10536E+00, 5.85012E+00, 2.65968E-01, 3.26815E+00,-4.33498E+00, 2.29429E+01, 1.04307E+00, 3.76606E+03, 9.86426E+01, 1.12621E+03, 9.98097E+01, 5.75123E-01, 2.66188E+00, 9.99998E+01, 3.00795E+01, 4.11935E-03,-1.87601E-04, 0.00000E+00, 0.00000E+00, 0.00000E+00,
 1565, 3.12787E+01,TRUE,0, 0.00000E+00, 3.81842E+00, 1.41514E+00, 3.11265E+00, 0.00000E+00, 0.00000E+00, 1.84833E-01, 0.00000E+00, 8.55372E-01, 1.41514E+03,-1.10446E+00, 5.82803E+00, 2.65452E-01, 2.20947E-02,-1.17254E-02,-2.77638E-04, 1.41516E+03,-1.10491E+00, 5.83909E+00, 2.65711E-01, 3.26808E+00,-4.33312E+00, 2.28991E+01, 1.04204E+00, 3.79064E+03, 9.86660E+01, 1.13020E+03, 9.98135E+01, 5.75320E-01, 2.66247E+00, 9.99998E+01, 3.00825E+01, 4.11159E-03,-1.87420E-04, 0.00000E+00, 0.00000E+00, 0.00000E+00,
 1566, 3.12987E+01,TRUE,0, 0.00000E+00, 3.82007E+00, 1.41512E+00, 3.11408E+00, 0.00000E+00, 0.00000E+00, 1.84811E-01, 0.00000E+00, 8.55169E-01, 1.41512E+03,-1.10402E+00, 5.81696E+00, 2.65190E-01, 2.20947E-02,-1.17354E-02,-2.79456E-04, 1.41514E+03,-1.10446E+00, 5.82803E+00, 2.65452E-01, 3.26800E+00,-4.33127E+00, 2.28552E+01, 1.04099E+00, 3.81530E+03, 9.86890E+01, 1.13419E+03, 9.98172E+01, 5.75517E-01, 2.66306E+00, 9.99998E+01, 3.00855E+01, 4.10383E-03,-1.87237E-04, 0.00000E+00, 0.00000E+00, 0.00000E+00,
 1567, 3.13187E+01,TRUE,0, 0.00000E+00, 3.82172E+00, 1.41509E+00, 3.11551E+00, 0.00000E+00, 0.00000E+00, 1.84790E-01, 0.00000E+00, 8.54967E-01, 1.41509E+03,-1.10358E+00, 5.80587E+00, 2.64927E-01, 2.20947E-02,-1.17464E-02,-2.81274E-04, 1.41512E+03,-1.10402E+00, 5.81696E+00, 2.65190E-01, 3.26792E+00,-4.32942E+00, 2.28112E+01, 1.03995E+00, 3.84004E+03, 9.87116E+01, 1.13818E+03, 9.98208E+01, 5.75714E-01, 2.66365E+00, 9.99998E+01, 3.00886E+01, 4.09605E-03,-1.87053E-04, 0.00000E+00, 0.00000E+00, 0.00000E+00,
 1568, 3.13387E+01,TRUE,0, 0.00000E+00, 3.82337E+00, 1.41507E+00, 3.11693E+00, 0.00000E+00, 0.00000E+00, 1.84768E-01, 0.00000E+00, 8.54765E-01, 1.41507E+03,-1.10314E+00, 5.79476E+00, 2.64662E-01, 2.20947E-02,-1.17569E-02,-2.83033E-04, 1.41509E+03,-1.10358E+00, 5.80587E+00, 2.64927E-01, 3.26784E+00,-4.32758E+00, 2.27672E+01, 1.03889E+00, 3.86485E+03, 9.87339E+01, 1.14218E+03, 9.98244E+01, 5.75910E-01, 2.66424E+00, 9.99998E+01, 3.00916E+01, 4.08826E-03,-1.86868E-04, 0.00000E+00, 0.00000E+00, 0.00000E+00,
 1569, 3.13587E+01,TRUE,0, 0.00000E+00, 3.82501E+00, 1.41505E+00, 3.11835E+00, 0.00000E+00, 0.00000E+00, 1.84747E-01, 0.00000E+00, 8.54564E-01, 1.41505E+03,-1.10270E+00, 5.78364E+00, 2.64395E-01, 2.20947E-02,-1.17679E-02,-2.84851E-04, 1.41507E+03,-1.10314E+00, 5.79476E+00, 2.64662E-01, 3.26777E+00,-4.32575E+00, 2.27231E+01, 1.03783E+00, 3.88975E+03, 9.87558E+01, 1.14617E+03, 9.98279E+01, 5.76105E-01, 2.66483E+00, 9.99998E+01, 3.00946E+01, 4.08045E-03,-1.86681E-04, 0.00000E+00, 0.00000E+00, 0.00000E+00,
 1570, 3.13787E+01,TRUE,0, 0.00000E+00, 3.82665E+00, 1.41503E+00, 3.11977E+00, 0.00000E+00, 0.00000E+00, 1.84725E-01, 0.00000E+00, 8.54364E-01, 1.41503E+03,-1.10226E+00, 5.77249E+00, 2.64126E-01, 2.20947E-02,-1.17784E-02,-2.86609E-04, 1.41505E+03,-1.10270E+00, 5.78364E+00, 2.64395E-01, 3.26769E+00,-4.32393E+00, 2.26790E+01, 1.03675E+00, 3.91473E+03, 9.87773E+01, 1.15016E+03, 9.98313E+01, 5.76301E-01, 2.66542E+00, 9.99998E+01, 3.00976E+01, 4.07263E-03,-1.86493E-04, 0.00000E+00, 0.00000E+00, 0.00000E+00,
 1571, 3.13987E+01,TRUE,0, 0.00000E+00, 3.82828E+00, 1.41501E+00, 3.12118E+00, 0.00000E+00, 0.00000E+00, 1.84704E-01, 0.00000E+00, 8.54164E-01, 1.41501E+03,-1.10182E+00, 5.76133E+00, 2.63855E-01, 2.20947E-02,-1.17884E-02,-2.88397E-04, 1.41503E+03,-1.10226E+00, 5.77249E+00, 2.64126E-01, 3.26761E+00,-4.32211E+00, 2.26347E+01, 1.03567E+00, 3.93979E+03, 9.87984E+01, 1.15416E+03, 9.98347E+01, 5.76496E-01, 2.66600E+00, 9.99998E+01, 3.01006E+01, 4.06480E-03,-1.86303E-04, 0.00000E+00, 0.00000E+00, 0.00000E+00,
 1572, 3.14187E+01,TRUE,0, 0.00000E+00, 3.82992E+00, 1.41498E+00, 3.12260E+00, 0.00000E+00, 0.00000E+00, 1.84683E-01, 0.00000E+00, 8.53965E-01, 1.41498E+03,-1.10139E+00, 5.75015E+00, 2.63582E-01, 2.20947E-02,-1.17984E-02,-2.90126E-04, 1.41501E+03,-1.10182E+00, 5.76133E+00, 2.63855E-01, 3.26754E+00,-4.32030E+00, 2.25904E+01, 1.03459E+00, 3.96493E+03, 9.88192E+01, 1.15815E+03, 9.98380E+01, 5.76690E-01, 2.66659E+00, 9.99998E+01, 3.01036E+01, 4.05696E-03,-1.86112E-04, 0.00000E+00, 0.00000E+00, 0.00000E+00,
 1573, 3.14387E+01,TRUE,0, 0.00000E+00, 3.83154E+00, 1.41496E+00, 3.12400E+00, 0.00000E+00, 0.00000E+00, 1.84662E-01, 0.00000E+00, 8.53766E-01, 1.41496E+03,-1.10096E+00, 5.73895E+00, 2.63307E-01, 2.20947E-02,-1.18089E-02,-2.91884E-04, 1.41498E+03,-1.10139E+00, 5.75015E+00, 2.63582E-01, 3.26746E+00,-4.31850E+00, 2.25461E+01, 1.03349E+00, 3.99015E+03, 9.88396E+01, 1.16214E+03, 9.98412E+01, 5.76884E-01, 2.66717E+00, 9.99998E+01, 3.01065E+01, 4.04910E-03,-1.85919E-04, 0.00000E+00, 0.00000E+00, 0.00000E+00,
 1574, 3.14587E+01,TRUE,0, 0.00000E+00, 3.83317E+00, 1.41494E+00, 3.12541E+00, 0.00000E+00, 0.00000E+00, 1.84641E-01, 0.00000E+00, 8.53568E-01, 1.41494E+03,-1.10053E+00, 5.72773E+00, 2.63030E-01, 2.20947E-02,-1.18184E-02,-2.93612E-04, 1.41496E+03,-1.10096E+00, 5.73895E+00, 2.63307E-01, 3.26738E+00,-4.31670E+00, 2.25016E+01, 1.03239E+00, 4.01545E+03, 9.88597E+01, 1.16614E+03, 9.98444E+01, 5.77078E-01, 2.66775E+00, 9.99998E+01, 3.01095E+01, 4.04123E-03,-1.85726E-04, 0.00000E+00, 0.00000E+00, 0.00000E+00,
 1575, 3.14787E+01,TRUE,0, 0.00000E+00, 3.83479E+00, 1.41492E+00, 3.12681E+00, 0.00000E+00, 0.00000E+00, 1.84620E-01, 0.00000E+00, 8.53371E-01, 1.41492E+03,-1.10010E+00, 5.71650E+00, 2.62751E-01, 2.20947E-02,-1.18275E-02,-2.95341E-04, 1.41494E+03,-1.10053E+00, 5.72773E+00, 2.63030E-01, 3.26731E+00,-4.31492E+00, 2.24571E+01, 1.03128E+00, 4.04083E+03, 9.88795E+01, 1.17013E+03, 9.98475E+01, 5.77271E-01, 2.66833E+00, 9.99998E+01, 3.01125E+01, 4.03335E-03,-1.85531E-04, 0.00000E+00, 0.00000E+00, 0.00000E+00,
 1576, 3.14987E+01,TRUE,0, 0.00000E+00, 3.83641E+00, 1.41490E+00, 3.12821E+00, 0.00000E+00, 0.00000E+00, 1.84599E-01, 0.00000E+00, 8.53174E-01, 1.41490E+03,-1.09967E+00, 5.70525E+00, 2.62470E-01, 2.20947E-02,-1.18370E-02,-2.97010E-04, 1.41492E+03,-1.10010E+00, 5.71650E+00, 2.62751E-01, 3.26723E+00,-4.31314E+00, 2.24125E+01, 1.03016E+00, 4.06629E+03, 9.88989E+01, 1.17413E+03, 9.98505E+01, 5.77464E-01, 2.66891E+00, 9.99998E+01, 3.01154E+01, 4.02546E-03,-1.85334E-04, 0.00000E+00, 0.00000E+00, 0.00000E+00,
 1577, 3.15187E+01,TRUE,0, 0.00000E+00, 3.83802E+00, 1.41487E+00, 3.12961E+00, 0.00000E+00, 0.00000E+00, 1.84578E-01, 0.00000E+00, 8.52978E-01, 1.41487E+03,-1.09925E+00, 5.69399E+00, 2.62188E-01, 2.20947E-02,-1.18461E-02,-2.98709E-04, 1.41490E+03,-1.09967E+00, 5.70525E+00, 2.62470E-01, 3.26715E+00,-4.31137E+00, 2.23679E+01, 1.02904E+00, 4.09183E+03, 9.89180E+01, 1.17812E+03, 9.98535E+01, 5.77656E-01, 2.66948E+00, 9.99998E+01, 3.01184E+01, 4.01755E-03,-1.85136E-04, 0.00000E+00, 0.00000E+00, 0.00000E+00,
 1578, 3.15387E+01,TRUE,0, 0.00000E+00, 3.83963E+00, 1.41485E+00, 3.13100E+00, 0.00000E+00, 0.00000E+00, 1.84557E-01, 0.00000E+00, 8.52783E-01, 1.41485E+03,-1.09883E+00, 5.68271E+00, 2.61903E-01, 2.20947E-02,-1.18551E-02,-3.00348E-04, 1.41487E+03,-1.09925E+00, 5.69399E+00, 2.62188E-01, 3.26708E+00,-4.30960E+00, 2.23232E+01, 1.02791E+00, 4.11745E+03, 9.89368E+01, 1.18211E+03, 9.98565E+01, 5.77848E-01, 2.67006E+00, 9.99998E+01, 3.01213E+01, 4.00964E-03,-1.84937E-04, 0.00000E+00, 0.00000E+00, 0.00000E+00,
 1579, 3.15587E+01,TRUE,0, 0.00000E+00, 3.84123E+00, 1.41483E+00, 3.13238E+00, 0.00000E+00, 0.00000E+00, 1.84536E-01, 0.00000E+00, 8.52588E-01, 1.41483E+03,-1.09841E+00, 5.67141E+00, 2.61617E-01, 2.19727E-02,-1.18628E-02,-3.02017E-04, 1.41485E+03,-1.09883E+00, 5.68271E+00, 2.61903E-01, 3.26700E+00,-4.30784E+00, 2.22785E+01, 1.02677E+00, 4.14315E+03, 9.89552E+01, 1.18611E+03, 9.98593E+01, 5.78039E-01, 2.67063E+00, 9.99998E+01, 3.01242E+01, 4.00171E-03,-1.84737E-04, 0.00000E+00, 0.00000E+00, 0.00000E+00,
 1580, 3.15787E+01,TRUE,0, 0.00000E+00, 3.84283E+00, 1.41481E+00, 3.13377E+00, 0.00000E+00, 0.00000E+00, 1.84516E-01, 0.00000E+00, 8.52394E-01, 1.41481E+03,-1.09799E+00, 5.66010E+00, 2.61329E-01, 2.19727E-02,-1.18718E-02,-3.03656E-04, 1.41483E+03,-1.09841E+00, 5.67141E+00, 2.61617E-01, 3.26692E+00,-4.30609E+00, 2.22337E+01, 1.02562E+00, 4.16893E+03, 9.89733E+01, 1.19010E+03, 9.98621E+01, 5.78230E-01, 2.67120E+00, 9.99998E+01, 3.01272E+01, 3.99377E-03,-1.84535E-04, 0.00000E+00, 0.00000E+00, 0.00000E+00,
 1581, 3.15987E+01,TRUE,0, 0.00000E+00, 3.84443E+00, 1.41479E+00, 3.13515E+00, 0.00000E+00, 0.00000E+00, 1.84495E-01, 0.00000E+00, 8.52200E-01, 1.41479E+03,-1.09757E+00, 5.64877E+00, 2.61039E-01, 2.19727E-02,-1.18799E-02,-3.05265E-04, 1.41481E+03,-1.09799E+00, 5.66010E+00, 2.61329E-01, 3.26685E+00,-4.30435E+00, 2.21888E+01, 1.02447E+00, 4.19479E+03, 9.89912E+01, 1.19410E+03, 9.98649E+01, 5.78420E-01, 2.67177E+00, 9.99998E+01, 3.01301E+01, 3.98582E-03,-1.84332E-04, 0.00000E+00, 0.00000E+00, 0.00000E+00,
 1582, 3.16187E+01,TRUE,0, 0.00000E+00, 3.84602E+00, 1.41476E+00, 3.13652E+00, 0.00000E+00, 0.00000E+00, 1.84475E-01, 0.00000E+00, 8.52008E-01, 1.41476E+03,-1.09716E+00, 5.63742E+00, 2.60747E-01, 2.19727E-02,-1.18876E-02,-3.06875E-04, 1.41479E+03,-1.09757E+00, 5.64877E+00, 2.61039E-01, 3.26677E+00,-4.30261E+00, 2.21439E+01, 1.02331E+00, 4.22074E+03, 9.90087E+01, 1.19809E+03, 9.98676E+01, 5.78610E-01, 2.67234E+00, 9.99998E+01, 3.01330E+01, 3.97786E-03,-1.84128E-04, 0.00000E+00, 0.00000E+00, 0.00000E+00,
 1583, 3.16387E+01,TRUE,0, 0.00000E+00, 3.84760E+00, 1.41474E+00, 3.13789E+00, 0.00000E+00, 0.00000E+00, 1.84454E-01, 0.00000E+00, 8.51815E-01, 1.41474E+03,-1.09674E+00, 5.62606E+00, 2.60454E-01, 2.19727E-02,-1.18947E-02,-3.08484E-04, 1.41476E+03,-1.09716E+00, 5.63742E+00, 2.60747E-01, 3.26669E+00,-4.30089E+00, 2.20989E+01, 1.02214E+00, 4.24676E+03, 9.90259E+01, 1.20209E+03, 9.98702E+01, 5.78799E-01, 2.67291E+00, 9.99998E+01, 3.01359E+01, 3.96989E-03,-1.83922E-04, 0.00000E+00, 0.00000E+00, 0.00000E+00,
 1584, 3.16587E+01,TRUE,0, 0.00000E+00, 3.84918E+00, 1.41472E+00, 3.13926E+00, 0.00000E+00, 0.00000E+00, 1.84434E-01, 0.00000E+00, 8.51624E-01, 1.41472E+03,-1.09633E+00, 5.61469E+00, 2.60158E-01, 2.19727E-02,-1.19019E-02,-3.10093E-04, 1.41474E+03,-1.09674E+00, 5.62606E+00, 2.60454E-01, 3.26662E+00,-4.29917E+00, 2.20538E+01, 1.02096E+00, 4.27286E+03, 9.90429E+01, 1.20608E+03, 9.98728E+01, 5.78987E-01, 2.67347E+00, 9.99998E+01, 3.01388E+01, 3.96190E-03,-1.83715E-04, 0.00000E+00, 0.00000E+00, 0.00000E+00,
 1585, 3.16787E+01,TRUE,0, 0.00000E+00, 3.85076E+00, 1.41470E+00, 3.14063E+00, 0.00000E+00, 0.00000E+00, 1.84414E-01, 0.00000E+00, 8.51434E-01, 1.41470E+03,-1.09592E+00, 5.60330E+00, 2.59861E-01, 2.19727E-02,-1.19095E-02,-3.11643E-04, 1.41472E+03,-1.09633E+00, 5.61469E+00, 2.60158E-01, 3.26654E+00,-4.29745E+00, 2.20087E+01, 1.01978E+00, 4.29904E+03, 9.90595E+01, 1.21008E+03, 9.98753E+01, 5.79175E-01, 2.67403E+00, 9.99998E+01, 3.01416E+01, 3.95391E-03,-1.83507E-04, 0.00000E+00, 0.00000E+00, 0.00000E+00,
 1586, 3.16987E+01,TRUE,0, 0.00000E+00, 3.85233E+00, 1.41468E+00, 3.14198E+00, 0.00000E+00, 0.00000E+00, 1.84394E-01, 0.00000E+00, 8.51244E-01, 1.41468E+03,-1.09551E+00, 5.59190E+00, 2.59562E-01, 2.19727E-02,-1.19166E-02,-3.13222E-04, 1.41470E+03,-1.09592E+00, 5.60330E+00, 2.59861E-01, 3.26646E+00,-4.29575E+00, 2.19636E+01, 1.01859E+00, 4.32531E+03, 9.90759E+01, 1.21407E+03, 9.98778E+01, 5.79363E-01, 2.67459E+00, 9.99998E+01, 3.01445E+01, 3.94591E-03,-1.83298E-04, 0.00000E+00, 0.00000E+00, 0.00000E+00,
 1587, 3.17187E+01,TRUE,0, 0.00000E+00, 3.85389E+00, 1.41465E+00, 3.14334E+00, 0.00000E+00, 0.00000E+00, 1.84374E-01, 0.00000E+00, 8.51055E-01, 1.41465E+03,-1.09511E+00, 5.58048E+00, 2.59261E-01, 2.19727E-02,-1.19238E-02,-3.14802E-04, 1.41468E+03,-1.09551E+00, 5.59190E+00, 2.59562E-01, 3.26639E+00,-4.29405E+00, 2.19184E+01, 1.01740E+00, 4.35165E+03, 9.90919E+01, 1.21807E+03, 9.98802E+01, 5.79549E-01, 2.67515E+00, 9.99998E+01, 3.01474E+01, 3.93789E-03,-1.83087E-04, 0.00000E+00, 0.00000E+00, 0.00000E+00,
 1588, 3.17387E+01,TRUE,0, 0.00000E+00, 3.85545E+00, 1.41463E+00, 3.14469E+00, 0.00000E+00, 0.00000E+00, 1.84354E-01, 0.00000E+00, 8.50867E-01, 1.41463E+03,-1.09470E+00, 5.56905E+00, 2.58959E-01, 2.19727E-02,-1.19309E-02,-3.16352E-04, 1.41465E+03,-1.09511E+00, 5.58048E+00, 2.59261E-01, 3.26631E+00,-4.29236E+00, 2.18731E+01, 1.01619E+00, 4.37807E+03, 9.91078E+01, 1.22206E+03, 9.98826E+01, 5.79735E-01, 2.67571E+00, 9.99998E+01, 3.01502E+01, 3.92987E-03,-1.82875E-04, 0.00000E+00, 0.00000E+00, 0.00000E+00,
 1589, 3.17587E+01,TRUE,0, 0.00000E+00, 3.85701E+00, 1.41461E+00, 3.14603E+00, 0.00000E+00, 0.00000E+00, 1.84334E-01, 0.00000E+00, 8.50680E-01, 1.41461E+03,-1.09430E+00, 5.55761E+00, 2.58655E-01, 2.19727E-02,-1.19381E-02,-3.17901E-04, 1.41463E+03,-1.09470E+00, 5.56905E+00, 2.58959E-01, 3.26623E+00,-4.29067E+00, 2.18278E+01, 1.01498E+00, 4.40458E+03, 9.91233E+01, 1.22606E+03, 9.98850E+01, 5.79921E-01, 2.67626E+00, 9.99998E+01, 3.01531E+01, 3.92184E-03,-1.82662E-04, 0.00000E+00, 0.00000E+00, 0.00000E+00,
 1590, 3.17787E+01,TRUE,0, 0.00000E+00, 3.85856E+00, 1.41459E+00, 3.14737E+00, 0.00000E+00, 0.00000E+00, 1.84314E-01, 0.00000E+00, 8.50493E-01, 1.41459E+03,-1.09390E+00, 5.54615E+00, 2.58349E-01, 2.19727E-02,-1.19448E-02,-3.19391E-04, 1.41461E+03,-1.09430E+00, 5.55761E+00, 2.58655E-01, 3.26616E+00,-4.28899E+00, 2.17824E+01, 1.01377E+00, 4.43116E+03, 9.91386E+01, 1.23005E+03, 9.98873E+01, 5.80106E-01, 2.67682E+00, 9.99998E+01, 3.01559E+01, 3.91379E-03,-1.82448E-04, 0.00000E+00, 0.00000E+00, 0.00000E+00,
 1591, 3.17986E+01,TRUE,0, 0.00000E+00, 3.86010E+00, 1.41457E+00, 3.14870E+00, 0.00000E+00, 0.00000E+00, 1.84295E-01, 0.00000E+00, 8.50308E-01, 1.41457E+03,-1.09350E+00, 5.53467E+00, 2.58041E-01, 2.19727E-02,-1.19510E-02,-3.20911E-04, 1.41459E+03,-1.09390E+00, 5.54615E+00, 2.58349E-01, 3.26608E+00,-4.28732E+00, 2.17370E+01, 1.01255E+00, 4.45782E+03, 9.91536E+01, 1.23405E+03, 9.98895E+01, 5.80290E-01, 2.67737E+00, 9.99998E+01, 3.01587E+01, 3.90574E-03,-1.82232E-04, 0.00000E+00, 0.00000E+00, 0.00000E+00,
 1592, 3.18186E+01,TRUE,0, 0.00000E+00, 3.86164E+00, 1.41454E+00, 3.15003E+00, 0.00000E+00, 0.00000E+00, 1.84275E-01, 0.00000E+00, 8.50123E-01, 1.41454E+03,-1.09311E+00, 5.52319E+00, 2.57732E-01, 2.19727E-02,-1.19567E-02,-3.22402E-04, 1.41457E+03,-1.09350E+00, 5.53467E+00, 2.58041E-01, 3.26600E+00,-4.28566E+00, 2.16915E+01, 1.01132E+00, 4.48457E+03, 9.91683E+01, 1.23804E+03, 9.98917E+01, 5.80473E-01, 2.67792E+00, 9.99998E+01, 3.01615E+01, 3.89768E-03,-1.82016E-04, 0.00000E+00, 0.00000E+00, 0.00000E+00,
 1593, 3.18386E+01,TRUE,0, 0.00000E+00, 3.86317E+00, 1.41452E+00, 3.15136E+00, 0.00000E+00, 0.00000E+00, 1.84256E-01, 0.00000E+00, 8.49939E-01, 1.41452E+03,-1.09271E+00, 5.51169E+00, 2.57421E-01, 2.19727E-02,-1.19629E-02,-3.23892E-04, 1.41454E+03,-1.09311E+00, 5.52319E+00, 2.57732E-01, 3.26593E+00,-4.28401E+00, 2.16460E+01, 1.01008E+00, 4.51139E+03, 9.91828E+01, 1.24204E+03, 9.98939E+01, 5.80656E-01, 2.67846E+00, 9.99998E+01, 3.01643E+01, 3.88961E-03,-1.81798E-04, 0.00000E+00, 0.00000E+00, 0.00000E+00,
 1594, 3.18586E+01,TRUE,0, 0.00000E+00, 3.86469E+00, 1.41450E+00, 3.15268E+00, 0.00000E+00, 0.00000E+00, 1.84237E-01, 0.00000E+00, 8.49756E-01, 1.41450E+03,-1.09232E+00, 5.50018E+00, 2.57108E-01, 2.18506E-02,-1.19681E-02,-3.25382E-04, 1.41452E+03,-1.09271E+00, 5.51169E+00, 2.57421E-01, 3.26585E+00,-4.28236E+00, 2.16004E+01, 1.00884E+00, 4.53830E+03, 9.91971E+01, 1.24603E+03, 9.98960E+01, 5.80838E-01, 2.67901E+00, 9.99998E+01, 3.01671E+01, 3.88153E-03,-1.81579E-04, 0.00000E+00, 0.00000E+00, 0.00000E+00,
 1595, 3.18786E+01,TRUE,0, 0.00000E+00, 3.86621E+00, 1.41448E+00, 3.15399E+00, 0.00000E+00, 0.00000E+00, 1.84217E-01, 0.00000E+00, 8.49573E-01, 1.41448E+03,-1.09193E+00, 5.48866E+00, 2.56794E-01, 2.18506E-02,-1.19734E-02,-3.26842E-04, 1.41450E+03,-1.09232E+00, 5.50018E+00, 2.57108E-01, 3.26577E+00,-4.28072E+00, 2.15548E+01, 1.00759E+00, 4.56528E+03, 9.92111E+01, 1.25003E+03, 9.98981E+01, 5.81020E-01, 2.67955E+00, 9.99998E+01, 3.01699E+01, 3.87344E-03,-1.81359E-04, 0.00000E+00, 0.00000E+00, 0.00000E+00,
 1596, 3.18986E+01,TRUE,0, 0.00000E+00, 3.86773E+00, 1.41446E+00, 3.15530E+00, 0.00000E+00, 0.00000E+00, 1.84198E-01, 0.00000E+00, 8.49392E-01, 1.41446E+03,-1.09154E+00, 5.47712E+00, 2.56478E-01, 2.18506E-02,-1.19786E-02,-3.28302E-04, 1.41448E+03,-1.09193E+00, 5.48866E+00, 2.56794E-01, 3.26569E+00,-4.27908E+00, 2.15091E+01, 1.00633E+00, 4.59234E+03, 9.92249E+01, 1.25403E+03, 9.99001E+01, 5.81200E-01, 2.68009E+00, 9.99998E+01, 3.01726E+01, 3.86534E-03,-1.81137E-04, 0.00000E+00, 0.00000E+00, 0.00000E+00,
 1597, 3.19186E+01,TRUE,0, 0.00000E+00, 3.86924E+00, 1.41443E+00, 3.15660E+00, 0.00000E+00, 0.00000E+00, 1.84179E-01, 0.00000E+00, 8.49211E-01, 1.41443E+03,-1.09115E+00, 5.46558E+00, 2.56161E-01, 2.18506E-02,-1.19839E-02,-3.29733E-04, 1.41446E+03,-1.09154E+00, 5.47712E+00, 2.56478E-01, 3.26562E+00,-4.27746E+00, 2.14634E+01, 1.00507E+00, 4.61949E+03, 9.92384E+01, 1.25802E+03, 9.99021E+01, 5.81380E-01, 2.68062E+00, 9.99998E+01, 3.01754E+01, 3.85723E-03,-1.80915E-04, 0.00000E+00, 0.00000E+00, 0.00000E+00,
 1598, 3.19386E+01,TRUE,0, 0.00000E+00, 3.87074E+00, 1.41441E+00, 3.15790E+00, 0.00000E+00, 0.00000E+00, 1.84160E-01, 0.00000E+00, 8.49032E-01, 1.41441E+03,-1.09076E+00, 5.45402E+00, 2.55842E-01, 2.18506E-02,-1.19891E-02,-3.31163E-04, 1.41443E+03,-1.09115E+00, 5.46558E+00, 2.56161E-01, 3.26554E+00,-4.27584E+00, 2.14177E+01, 1.00380E+00, 4.64671E+03, 9.92517E+01, 1.26202E+03, 9.99040E+01, 5.81560E-01, 2.68116E+00, 9.99998E+01, 3.01781E+01, 3.84912E-03,-1.80691E-04, 0.00000E+00, 0.00000E+00, 0.00000E+00,
 1599, 3.19586E+01,TRUE,0, 0.00000E+00, 3.87223E+00, 1.41439E+00, 3.15919E+00, 0.00000E+00, 0.00000E+00, 1.84141E-01, 0.00000E+00, 8.48853E-01, 1.41439E+03,-1.09038E+00, 5.44245E+00, 2.55521E-01, 2.18506E-02,-1.19944E-02,-3.32594E-04, 1.41441E+03,-1.09076E+00, 5.45402E+00, 2.55842E-01, 3.26547E+00,-4.27423E+00, 2.13719E+01, 1.00253E+00, 4.67402E+03, 9.92648E+01, 1.26602E+03, 9.99060E+01, 5.81738E-01, 2.68169E+00, 9.99998E+01, 3.01809E+01, 3.84099E-03,-1.80466E-04, 0.00000E+00, 0.00000E+00, 0.00000E+00,
 1600, 3.19786E+01,TRUE,0, 0.00000E+00, 3.87372E+00, 1.41437E+00, 3.16048E+00, 0.00000E+00, 0.00000E+00, 1.84123E-01, 0.00000E+00, 8.48675E-01, 1.41437E+03,-1.09000E+00, 5.43086E+00, 2.55199E-01, 2.18506E-02,-1.19991E-02,-3.33995E-04, 1.41439E+03,-1.09038E+00, 5.44245E+00, 2.55521E-01, 3.26539E+00,-4.27262E+00, 2.13260E+01, 1.00125E+00, 4.70141E+03, 9.92777E+01, 1.27001E+03, 9.99078E+01, 5.81916E-01, 2.68222E+00, 9.99998E+01, 3.01836E+01, 3.83286E-03,-1.80240E-04, 0.00000E+00, 0.00000E+00, 0.00000E+00,
 1601, 3.19986E+01,TRUE,0, 0.00000E+00, 3.87520E+00, 1.41435E+00, 3.16176E+00, 0.00000E+00, 0.00000E+00, 1.84104E-01, 0.00000E+00, 8.48498E-01, 1.41435E+03,-1.08962E+00, 5.41927E+00, 2.54875E-01, 2.18506E-02,-1.20039E-02,-3.35395E-04, 1.41437E+03,-1.09000E+00, 5.43086E+00, 2.55199E-01, 3.26531E+00,-4.27102E+00, 2.12802E+01, 9.99964E-01, 4.72887E+03, 9.92903E+01, 1.27401E+03, 9.99097E+01, 5.82093E-01, 2.68275E+00, 9.99998E+01, 3.01863E+01, 3.82472E-03,-1.80013E-04, 0.00000E+00, 0.00000E+00, 0.00000E+00,
 1602, 3.20186E+01,TRUE,0, 0.00000E+00, 3.87667E+00, 1.41432E+00, 3.16304E+00, 0.00000E+00, 0.00000E+00, 1.84085E-01, 0.00000E+00, 8.48322E-01, 1.41432E+03,-1.08924E+00, 5.40767E+00, 2.54549E-01, 2.18506E-02,-1.20087E-02,-3.36826E-04, 1.41435E+03,-1.08962E+00, 5.41927E+00, 2.54875E-01, 3.26524E+00,-4.26943E+00, 2.12342E+01, 9.98671E-01, 4.75642E+03, 9.93027E+01, 1.27800E+03, 9.99115E+01, 5.82269E-01, 2.68327E+00, 9.99998E+01, 3.01890E+01, 3.81657E-03,-1.79785E-04, 0.00000E+00, 0.00000E+00, 0.00000E+00,
 1603, 3.20386E+01,TRUE,0, 0.00000E+00, 3.87814E+00, 1.41430E+00, 3.16430E+00, 0.00000E+00, 0.00000E+00, 1.84067E-01, 0.00000E+00, 8.48147E-01, 1.41430E+03,-1.08886E+00, 5.39605E+00, 2.54222E-01, 2.18506E-02,-1.20125E-02,-3.38227E-04, 1.41432E+03,-1.08924E+00, 5.40767E+00, 2.54549E-01, 3.26516E+00,-4.26785E+00, 2.11883E+01, 9.97372E-01, 4.78404E+03, 9.93149E+01, 1.28200E+03, 9.99132E+01, 5.82444E-01, 2.68380E+00, 9.99998E+01, 3.01917E+01, 3.80841E-03,-1.79556E-04, 0.00000E+00, 0.00000E+00, 0.00000E+00,
 1604, 3.20586E+01,TRUE,0, 0.00000E+00, 3.87960E+00, 1.41428E+00, 3.16557E+00, 0.00000E+00, 0.00000E+00, 1.84049E-01, 0.00000E+00, 8.47974E-01, 1.41428E+03,-1.08849E+00, 5.38442E+00, 2.53894E-01, 2.18506E-02,-1.20163E-02,-3.39627E-04, 1.41430E+03,-1.08886E+00, 5.39605E+00, 2.54222E-01, 3.26508E+00,-4.26627E+00, 2.11423E+01, 9.96068E-01, 4.81175E+03, 9.93269E+01, 1.28600E+03, 9.99150E+01, 5.82619E-01, 2.68432E+00, 9.99998E+01, 3.01943E+01, 3.80025E-03,-1.79325E-04, 0.00000E+00, 0.00000E+00, 0.00000E+00,
 1605, 3.20786E+01,TRUE,0, 0.00000E+00, 3.88106E+00, 1.41426E+00, 3.16682E+00, 0.00000E+00, 0.00000E+00, 1.84031E-01, 0.00000E+00, 8.47800E-01, 1.41426E+03,-1.08811E+00, 5.37279E+00, 2.53563E-01, 2.18506E-02,-1.20201E-02,-3.40968E-04, 1.41428E+03,-1.08849E+00, 5.38442E+00, 2.53894E-01, 3.26501E+00,-4.26470E+00, 2.10962E+01, 9.94757E-01, 4.83954E+03, 9.93387E+01, 1.28999E+03, 9.99167E+01, 5.82792E-01, 2.68483E+00, 9.99998E+01, 3.01970E+01, 3.79208E-03,-1.79094E-04, 0.00000E+00, 0.00000E+00, 0.00000E+00,
 1606, 3.20986E+01,TRUE,0, 0.00000E+00, 3.88250E+00, 1.41424E+00, 3.16807E+00, 0.00000E+00, 0.00000E+00, 1.84013E-01, 0.00000E+00, 8.47628E-01, 1.41424E+03,-1.08774E+00, 5.36114E+00, 2.53232E-01, 2.18506E-02,-1.20239E-02,-3.42369E-04, 1.41426E+03,-1.08811E+00, 5.37279E+00, 2.53563E-01, 3.26493E+00,-4.26314E+00, 2.10501E+01, 9.93440E-01, 4.86740E+03, 9.93503E+01, 1.29399E+03, 9.99183E+01, 5.82965E-01, 2.68535E+00, 9.99998E+01, 3.01996E+01, 3.78390E-03,-1.78861E-04, 0.00000E+00, 0.00000E+00, 0.00000E+00,
 1607, 3.21186E+01,TRUE,0, 0.00000E+00, 3.88394E+00, 1.41422E+00, 3.16932E+00, 0.00000E+00, 0.00000E+00, 1.83995E-01, 0.00000E+00, 8.47457E-01, 1.41422E+03,-1.08737E+00, 5.34948E+00, 2.52899E-01, 2.18506E-02,-1.20273E-02,-3.43710E-04, 1.41424E+03,-1.08774E+00, 5.36114E+00, 2.53232E-01, 3.26485E+00,-4.26158E+00, 2.10040E+01, 9.92118E-01, 4.89535E+03, 9.93617E+01, 1.29799E+03, 9.99199E+01, 5.83137E-01, 2.68586E+00, 9.99998E+01, 3.02022E+01, 3.77571E-03,-1.78628E-04, 0.00000E+00, 0.00000E+00, 0.00000E+00,
 1608, 3.21386E+01,TRUE,0, 0.00000E+00, 3.88537E+00, 1.41419E+00, 3.17055E+00, 0.00000E+00, 0.00000E+00, 1.83977E-01, 0.00000E+00, 8.47287E-01, 1.41419E+03,-1.08701E+00, 5.33782E+00, 2.52564E-01, 2.18506E-02,-1.20311E-02,-3.45051E-04, 1.41422E+03,-1.08737E+00, 5.34948E+00, 2.52899E-01, 3.26478E+00,-4.26004E+00, 2.09578E+01, 9.90789E-01, 4.92338E+03, 9.93729E+01, 1.30198E+03, 9.99215E+01, 5.83308E-01, 2.68637E+00, 9.99998E+01, 3.02049E+01, 3.76752E-03,-1.78393E-04, 0.00000E+00, 0.00000E+00, 0.00000E+00,
 1609, 3.21586E+01,TRUE,0, 0.00000E+00, 3.88680E+00, 1.41417E+00, 3.17178E+00, 0.00000E+00, 0.00000E+00, 1.83959E-01, 0.00000E+00, 8.47118E-01, 1.41417E+03,-1.08664E+00, 5.32614E+00, 2.52228E-01, 2.18506E-02,-1.20354E-02,-3.46392E-04, 1.41419E+03,-1.08701E+00, 5.33782E+00, 2.52564E-01, 3.26470E+00,-4.25849E+00, 2.09116E+01, 9.89455E-01, 4.95148E+03, 9.93839E+01, 1.30598E+03, 9.99231E+01, 5.83478E-01, 2.68688E+00, 9.99998E+01, 3.02075E+01, 3.75932E-03,-1.78157E-04, 0.00000E+00, 0.00000E+00, 0.00000E+00,
 1610, 3.21786E+01,TRUE,0, 0.00000E+00, 3.88821E+00, 1.41415E+00, 3.17301E+00, 0.00000E+00, 0.00000E+00, 1.83941E-01, 0.00000E+00, 8.46950E-01, 1.41415E+03,-1.08627E+00, 5.31446E+00, 2.51890E-01, 2.17285E-02,-1.20373E-02,-3.47644E-04, 1.41417E+03,-1.08664E+00, 5.32614E+00, 2.52228E-01, 3.26462E+00,-4.25696E+00, 2.08654E+01, 9.88115E-01, 4.97967E+03, 9.93947E+01, 1.30998E+03, 9.99246E+01, 5.83648E-01, 2.68738E+00, 9.99998E+01, 3.02101E+01, 3.75111E-03,-1.77921E-04, 0.00000E+00, 0.00000E+00, 0.00000E+00,
 1611, 3.21986E+01,TRUE,0, 0.00000E+00, 3.88962E+00, 1.41413E+00, 3.17423E+00, 0.00000E+00, 0.00000E+00, 1.83924E-01, 0.00000E+00, 8.46783E-01, 1.41413E+03,-1.08591E+00, 5.30276E+00, 2.51551E-01, 2.17285E-02,-1.20401E-02,-3.48955E-04, 1.41415E+03,-1.08627E+00, 5.31446E+00, 2.51890E-01, 3.26454E+00,-4.25543E+00, 2.08191E+01, 9.86769E-01, 5.00794E+03, 9.94053E+01, 1.31397E+03, 9.99261E+01, 5.83816E-01, 2.68788E+00, 9.99998E+01, 3.02126E+01, 3.74290E-03,-1.77683E-04, 0.00000E+00, 0.00000E+00, 0.00000E+00,
 1612, 3.22186E+01,TRUE,0, 0.00000E+00, 3.89102E+00, 1.41411E+00, 3.17544E+00, 0.00000E+00, 0.00000E+00, 1.83906E-01, 0.00000E+00, 8.46617E-01, 1.41411E+03,-1.08555E+00, 5.29106E+00, 2.51211E-01, 2.17285E-02,-1.20425E-02,-3.50237E-04, 1.41413E+03,-1.08591E+00, 5.30276E+00, 2.51551E-01, 3.26447E+00,-4.25391E+00, 2.07728E+01, 9.85418E-01, 5.03629E+03, 9.94158E+01, 1.31797E+03, 9.99276E+01, 5.83984E-01, 2.68838E+00, 9.99998E+01, 3.02152E+01, 3.73468E-03,-1.77444E-04, 0.00000E+00, 0.00000E+00, 0.00000E+00,
 1613, 3.22386E+01,TRUE,0, 0.00000E+00, 3.89242E+00, 1.41408E+00, 3.17664E+00, 0.00000E+00, 0.00000E+00, 1.83889E-01, 0.00000E+00, 8.46452E-01, 1.41408E+03,-1.08519E+00, 5.27934E+00, 2.50869E-01, 2.17285E-02,-1.20449E-02,-3.51489E-04, 1.41411E+03,-1.08555E+00, 5.29106E+00, 2.51211E-01, 3.26439E+00,-4.25240E+00, 2.07265E+01, 9.84060E-01, 5.06471E+03, 9.94260E+01, 1.32197E+03, 9.99290E+01, 5.84150E-01, 2.68888E+00, 9.99998E+01, 3.02177E+01, 3.72645E-03,-1.77204E-04, 0.00000E+00, 0.00000E+00, 0.00000E+00,
 1614, 3.22586E+01,TRUE,0, 0.00000E+00, 3.89380E+00, 1.41406E+00, 3.17784E+00, 0.00000E+00, 0.00000E+00, 1.83872E-01, 0.00000E+00, 8.46288E-01, 1.41406E+03,-1.08483E+00, 5.26762E+00, 2.50525E-01, 2.17285E-02,-1.20473E-02,-3.52770E-04, 1.41408E+03,-1.08519E+00, 5.27934E+00, 2.50869E-01, 3.26432E+00,-4.25089E+00, 2.06801E+01, 9.82698E-01, 5.09322E+03, 9.94361E+01, 1.32597E+03, 9.99305E+01, 5.84316E-01, 2.68937E+00, 9.99998E+01, 3.02203E+01, 3.71821E-03,-1.76963E-04, 0.00000E+00, 0.00000E+00, 0.00000E+00,
 1615, 3.22786E+01,TRUE,0, 0.00000E+00, 3.89518E+00, 1.41404E+00, 3.17903E+00, 0.00000E+00, 0.00000E+00, 1.83855E-01, 0.00000E+00, 8.46125E-01, 1.41404E+03,-1.08448E+00, 5.25589E+00, 2.50181E-01, 2.17285E-02,-1.20497E-02,-3.54052E-04, 1.41406E+03,-1.08483E+00, 5.26762E+00, 2.50525E-01, 3.26424E+00,-4.24939E+00, 2.06337E+01, 9.81330E-01, 5.12181E+03, 9.94460E+01, 1.32996E+03, 9.99318E+01, 5.84481E-01, 2.68986E+00, 9.99998E+01, 3.02228E+01, 3.70998E-03,-1.76722E-04, 0.00000E+00, 0.00000E+00, 0.00000E+00,
 1616, 3.22986E+01,TRUE,0, 0.00000E+00, 3.89655E+00, 1.41402E+00, 3.18021E+00, 0.00000E+00, 0.00000E+00, 1.83838E-01, 0.00000E+00, 8.45964E-01, 1.41402E+03,-1.08413E+00, 5.24415E+00, 2.49834E-01, 2.17285E-02,-1.20516E-02,-3.55303E-04, 1.41404E+03,-1.08448E+00, 5.25589E+00, 2.50181E-01, 3.26416E+00,-4.24790E+00, 2.05873E+01, 9.79957E-01, 5.15048E+03, 9.94558E+01, 1.33396E+03, 9.99332E+01, 5.84645E-01, 2.69035E+00, 9.99998E+01, 3.02253E+01, 3.70173E-03,-1.76479E-04, 0.00000E+00, 0.00000E+00, 0.00000E+00,
 1617, 3.23186E+01,TRUE,0, 0.00000E+00, 3.89791E+00, 1.41400E+00, 3.18139E+00, 0.00000E+00, 0.00000E+00, 1.83821E-01, 0.00000E+00, 8.45803E-01, 1.41400E+03,-1.08377E+00, 5.23241E+00, 2.49487E-01, 2.17285E-02,-1.20535E-02,-3.56570E-04, 1.41402E+03,-1.08413E+00, 5.24415E+00, 2.49834E-01, 3.26409E+00,-4.24641E+00, 2.05408E+01, 9.78578E-01, 5.17923E+03, 9.94653E+01, 1.33796E+03, 9.99345E+01, 5.84808E-01, 2.69083E+00, 9.99998E+01, 3.02278E+01, 3.69348E-03,-1.76235E-04, 0.00000E+00, 0.00000E+00, 0.00000E+00,
 1618, 3.23386E+01,TRUE,0, 0.00000E+00, 3.89926E+00, 1.41398E+00, 3.18256E+00, 0.00000E+00, 0.00000E+00, 1.83805E-01, 0.00000E+00, 8.45643E-01, 1.41398E+03,-1.08342E+00, 5.22065E+00, 2.49138E-01, 2.17285E-02,-1.20554E-02,-3.57822E-04, 1.41400E+03,-1.08377E+00, 5.23241E+00, 2.49487E-01, 3.26401E+00,-4.24494E+00, 2.04944E+01, 9.77193E-01, 5.20805E+03, 9.94748E+01, 1.34195E+03, 9.99358E+01, 5.84970E-01, 2.69131E+00, 9.99998E+01, 3.02302E+01, 3.68522E-03,-1.75990E-04, 0.00000E+00, 0.00000E+00, 0.00000E+00,
 1619, 3.23586E+01,TRUE,0, 0.00000E+00, 3.90061E+00, 1.41395E+00, 3.18372E+00, 0.00000E+00, 0.00000E+00, 1.83788E-01, 0.00000E+00, 8.45485E-01, 1.41395E+03,-1.08307E+00, 5.20889E+00, 2.48788E-01, 2.17285E-02,-1.20578E-02,-3.59043E-04, 1.41398E+03,-1.08342E+00, 5.22065E+00, 2.49138E-01, 3.26393E+00,-4.24346E+00, 2.04478E+01, 9.75804E-01, 5.23696E+03, 9.94840E+01, 1.34595E+03, 9.99371E+01, 5.85131E-01, 2.69179E+00, 9.99998E+01, 3.02327E+01, 3.67696E-03,-1.75744E-04, 0.00000E+00, 0.00000E+00, 0.00000E+00,
 1620, 3.23786E+01,TRUE,0, 0.00000E+00, 3.90194E+00, 1.41393E+00, 3.18488E+00, 0.00000E+00, 0.00000E+00, 1.83772E-01, 0.00000E+00, 8.45328E-01, 1.41393E+03,-1.08273E+00, 5.19712E+00, 2.48436E-01, 2.17285E-02,-1.20592E-02,-3.60250E-04, 1.41395E+03,-1.08307E+00, 5.20889E+00, 2.48788E-01, 3.26386E+00,-4.24200E+00, 2.04013E+01, 9.74409E-01, 5.26595E+03, 9.94931E+01, 1.34995E+03, 9.99384E+01, 5.85291E-01, 2.69226E+00, 9.99998E+01, 3.02351E+01, 3.66869E-03,-1.75498E-04, 0.00000E+00, 0.00000E+00, 0.00000E+00,
 1621, 3.23986E+01,TRUE,0, 0.00000E+00, 3.90327E+00, 1.41391E+00, 3.18602E+00, 0.00000E+00, 0.00000E+00, 1.83756E-01, 0.00000E+00, 8.45172E-01, 1.41391E+03,-1.08238E+00, 5.18535E+00, 2.48083E-01, 2.17285E-02,-1.20606E-02,-3.61457E-04, 1.41393E+03,-1.08273E+00, 5.19712E+00, 2.48436E-01, 3.26378E+00,-4.24054E+00, 2.03547E+01, 9.73009E-01, 5.29502E+03, 9.95020E+01, 1.35395E+03, 9.99396E+01, 5.85450E-01, 2.69274E+00, 9.99998E+01, 3.02376E+01, 3.66042E-03,-1.75250E-04, 0.00000E+00, 0.00000E+00, 0.00000E+00,
 1622, 3.24186E+01,TRUE,0, 0.00000E+00, 3.90459E+00, 1.41389E+00, 3.18716E+00, 0.00000E+00, 0.00000E+00, 1.83739E-01, 0.00000E+00, 8.45017E-01, 1.41389E+03,-1.08204E+00, 5.17356E+00, 2.47729E-01, 2.17285E-02,-1.20621E-02,-3.62679E-04, 1.41391E+03,-1.08238E+00, 5.18535E+00, 2.48083E-01, 3.26370E+00,-4.23909E+00, 2.03081E+01, 9.71603E-01, 5.32417E+03, 9.95108E+01, 1.35794E+03, 9.99408E+01, 5.85607E-01, 2.69320E+00, 9.99998E+01, 3.02400E+01, 3.65214E-03,-1.75001E-04, 0.00000E+00, 0.00000E+00, 0.00000E+00,
 1623, 3.24386E+01,TRUE,0, 0.00000E+00, 3.90590E+00, 1.41387E+00, 3.18829E+00, 0.00000E+00, 0.00000E+00, 1.83723E-01, 0.00000E+00, 8.44863E-01, 1.41387E+03,-1.08170E+00, 5.16177E+00, 2.47373E-01, 2.17285E-02,-1.20635E-02,-3.63857E-04, 1.41389E+03,-1.08204E+00, 5.17356E+00, 2.47729E-01, 3.26363E+00,-4.23764E+00, 2.02615E+01, 9.70192E-01, 5.35340E+03, 9.95194E+01, 1.36194E+03, 9.99420E+01, 5.85764E-01, 2.69367E+00, 9.99998E+01, 3.02424E+01, 3.64385E-03,-1.74752E-04, 0.00000E+00, 0.00000E+00, 0.00000E+00,
 1624, 3.24586E+01,TRUE,0, 0.00000E+00, 3.90720E+00, 1.41385E+00, 3.18942E+00, 0.00000E+00, 0.00000E+00, 1.83708E-01, 0.00000E+00, 8.44710E-01, 1.41385E+03,-1.08136E+00, 5.14997E+00, 2.47016E-01, 2.17285E-02,-1.20635E-02,-3.65019E-04, 1.41387E+03,-1.08170E+00, 5.16177E+00, 2.47373E-01, 3.26355E+00,-4.23620E+00, 2.02148E+01, 9.68777E-01, 5.38271E+03, 9.95279E+01, 1.36594E+03, 9.99431E+01, 5.85920E-01, 2.69413E+00, 9.99998E+01, 3.02448E+01, 3.63556E-03,-1.74501E-04, 0.00000E+00, 0.00000E+00, 0.00000E+00,
 1625, 3.24786E+01,TRUE,0, 0.00000E+00, 3.90849E+00, 1.41382E+00, 3.19053E+00, 0.00000E+00, 0.00000E+00, 1.83692E-01, 0.00000E+00, 8.44558E-01, 1.41382E+03,-1.08102E+00, 5.13817E+00, 2.46657E-01, 2.17285E-02,-1.20640E-02,-3.66196E-04, 1.41385E+03,-1.08136E+00, 5.14997E+00, 2.47016E-01, 3.26347E+00,-4.23477E+00, 2.01682E+01, 9.67355E-01, 5.41210E+03, 9.95362E+01, 1.36994E+03, 9.99442E+01, 5.86075E-01, 2.69459E+00, 9.99998E+01, 3.02471E+01, 3.62727E-03,-1.74250E-04, 0.00000E+00, 0.00000E+00, 0.00000E+00,
 1626, 3.24986E+01,TRUE,0, 0.00000E+00, 3.90978E+00, 1.41380E+00, 3.19164E+00, 0.00000E+00, 0.00000E+00, 1.83676E-01, 0.00000E+00, 8.44408E-01, 1.41380E+03,-1.08068E+00, 5.12636E+00, 2.46298E-01, 2.17285E-02,-1.20645E-02,-3.67329E-04, 1.41382E+03,-1.08102E+00, 5.13817E+00, 2.46657E-01, 3.26340E+00,-4.23335E+00, 2.01215E+01, 9.65930E-01, 5.44156E+03, 9.95444E+01, 1.37394E+03, 9.99453E+01, 5.86229E-01, 2.69505E+00, 9.99998E+01, 3.02495E+01, 3.61897E-03,-1.73997E-04, 0.00000E+00, 0.00000E+00, 0.00000E+00,
 1627, 3.25185E+01,TRUE,0, 0.00000E+00, 3.91105E+00, 1.41378E+00, 3.19274E+00, 0.00000E+00, 0.00000E+00, 1.83661E-01, 0.00000E+00, 8.44258E-01, 1.41378E+03,-1.08035E+00, 5.11454E+00, 2.45937E-01, 2.17285E-02,-1.20645E-02,-3.68476E-04, 1.41380E+03,-1.08068E+00, 5.12636E+00, 2.46298E-01, 3.26332E+00,-4.23193E+00, 2.00747E+01, 9.64499E-01, 5.47111E+03, 9.95524E+01, 1.37793E+03, 9.99464E+01, 5.86382E-01, 2.69550E+00, 9.99998E+01, 3.02518E+01, 3.61067E-03,-1.73744E-04, 0.00000E+00, 0.00000E+00, 0.00000E+00,
 1628, 3.25385E+01,TRUE,0, 0.00000E+00, 3.91231E+00, 1.41376E+00, 3.19384E+00, 0.00000E+00, 0.00000E+00, 1.83645E-01, 0.00000E+00, 8.44110E-01, 1.41376E+03,-1.08001E+00, 5.10272E+00, 2.45575E-01, 2.16064E-02,-1.20645E-02,-3.69594E-04, 1.41378E+03,-1.08035E+00, 5.11454E+00, 2.45937E-01, 3.26324E+00,-4.23052E+00, 2.00280E+01, 9.63063E-01, 5.50074E+03, 9.95603E+01, 1.38193E+03, 9.99475E+01, 5.86533E-01, 2.69595E+00, 9.99998E+01, 3.02541E+01, 3.60236E-03,-1.73490E-04, 0.00000E+00, 0.00000E+00, 0.00000E+00,
 1629, 3.25585E+01,TRUE,0, 0.00000E+00, 3.91357E+00, 1.41374E+00, 3.19492E+00, 0.00000E+00, 0.00000E+00, 1.83630E-01, 0.00000E+00, 8.43963E-01, 1.41374E+03,-1.07968E+00, 5.09089E+00, 2.45211E-01, 2.16064E-02,-1.20640E-02,-3.70726E-04, 1.41376E+03,-1.08001E+00, 5.10272E+00, 2.45575E-01, 3.26317E+00,-4.22911E+00, 1.99812E+01, 9.61622E-01, 5.53045E+03, 9.95681E+01, 1.38593E+03, 9.99485E+01, 5.86684E-01, 2.69640E+00, 9.99998E+01, 3.02564E+01, 3.59405E-03,-1.73235E-04, 0.00000E+00, 0.00000E+00, 0.00000E+00,
 1630, 3.25785E+01,TRUE,0, 0.00000E+00, 3.91482E+00, 1.41372E+00, 3.19600E+00, 0.00000E+00, 0.00000E+00, 1.83615E-01, 0.00000E+00, 8.43817E-01, 1.41372E+03,-1.07935E+00, 5.07906E+00, 2.44847E-01, 2.16064E-02,-1.20635E-02,-3.71814E-04, 1.41374E+03,-1.07968E+00, 5.09089E+00, 2.45211E-01, 3.26309E+00,-4.22772E+00, 1.99344E+01, 9.60176E-01, 5.56024E+03, 9.95757E+01, 1.38993E+03, 9.99496E+01, 5.86833E-01, 2.69684E+00, 9.99998E+01, 3.02587E+01, 3.58573E-03,-1.72979E-04, 0.00000E+00, 0.00000E+00, 0.00000E+00,
 1631, 3.25985E+01,TRUE,0, 0.00000E+00, 3.91605E+00, 1.41369E+00, 3.19707E+00, 0.00000E+00, 0.00000E+00, 1.83600E-01, 0.00000E+00, 8.43673E-01, 1.41369E+03,-1.07902E+00, 5.06722E+00, 2.44481E-01, 2.16064E-02,-1.20630E-02,-3.72887E-04, 1.41372E+03,-1.07935E+00, 5.07906E+00, 2.44847E-01, 3.26301E+00,-4.22633E+00, 1.98876E+01, 9.58726E-01, 5.59011E+03, 9.95832E+01, 1.39393E+03, 9.99506E+01, 5.86982E-01, 2.69728E+00, 9.99998E+01, 3.02610E+01, 3.57741E-03,-1.72722E-04, 0.00000E+00, 0.00000E+00, 0.00000E+00,
 1632, 3.26185E+01,TRUE,0, 0.00000E+00, 3.91728E+00, 1.41367E+00, 3.19813E+00, 0.00000E+00, 0.00000E+00, 1.83585E-01, 0.00000E+00, 8.43529E-01, 1.41367E+03,-1.07870E+00, 5.05537E+00, 2.44114E-01, 2.16064E-02,-1.20625E-02,-3.73960E-04, 1.41369E+03,-1.07902E+00, 5.06722E+00, 2.44481E-01, 3.26294E+00,-4.22494E+00, 1.98408E+01, 9.57271E-01, 5.62006E+03, 9.95906E+01, 1.39792E+03, 9.99515E+01, 5.87129E-01, 2.69771E+00, 9.99998E+01, 3.02632E+01, 3.56909E-03,-1.72465E-04, 0.00000E+00, 0.00000E+00, 0.00000E+00,
 1633, 3.26385E+01,TRUE,0, 0.00000E+00, 3.91850E+00, 1.41365E+00, 3.19918E+00, 0.00000E+00, 0.00000E+00, 1.83571E-01, 0.00000E+00, 8.43387E-01, 1.41365E+03,-1.07837E+00, 5.04352E+00, 2.43745E-01, 2.16064E-02,-1.20616E-02,-3.75032E-04, 1.41367E+03,-1.07870E+00, 5.05537E+00, 2.44114E-01, 3.26286E+00,-4.22357E+00, 1.97940E+01, 9.55811E-01, 5.65009E+03, 9.95978E+01, 1.40192E+03, 9.99525E+01, 5.87275E-01, 2.69815E+00, 9.99998E+01, 3.02655E+01, 3.56076E-03,-1.72206E-04, 0.00000E+00, 0.00000E+00, 0.00000E+00,
 1634, 3.26585E+01,TRUE,0, 0.00000E+00, 3.91971E+00, 1.41363E+00, 3.20022E+00, 0.00000E+00, 0.00000E+00, 1.83556E-01, 0.00000E+00, 8.43246E-01, 1.41363E+03,-1.07805E+00, 5.03166E+00, 2.43376E-01, 2.16064E-02,-1.20606E-02,-3.76076E-04, 1.41365E+03,-1.07837E+00, 5.04352E+00, 2.43745E-01, 3.26279E+00,-4.22220E+00, 1.97471E+01, 9.54347E-01, 5.68020E+03, 9.96049E+01, 1.40592E+03, 9.99534E+01, 5.87420E-01, 2.69858E+00, 9.99998E+01, 3.02677E+01, 3.55243E-03,-1.71947E-04, 0.00000E+00, 0.00000E+00, 0.00000E+00,
 1635, 3.26785E+01,TRUE,0, 0.00000E+00, 3.92091E+00, 1.41361E+00, 3.20126E+00, 0.00000E+00, 0.00000E+00, 1.83542E-01, 0.00000E+00, 8.43106E-01, 1.41361E+03,-1.07773E+00, 5.01980E+00, 2.43005E-01, 2.16064E-02,-1.20597E-02,-3.77163E-04, 1.41363E+03,-1.07805E+00, 5.03166E+00, 2.43376E-01, 3.26271E+00,-4.22083E+00, 1.97002E+01, 9.52877E-01, 5.71039E+03, 9.96119E+01, 1.40992E+03, 9.99544E+01, 5.87564E-01, 2.69900E+00, 9.99998E+01, 3.02699E+01, 3.54409E-03,-1.71686E-04, 0.00000E+00, 0.00000E+00, 0.00000E+00,
 1636, 3.26985E+01,TRUE,0, 0.00000E+00, 3.92210E+00, 1.41359E+00, 3.20229E+00, 0.00000E+00, 0.00000E+00, 1.83527E-01, 0.00000E+00, 8.42968E-01, 1.41359E+03,-1.07741E+00, 5.00794E+00, 2.42633E-01, 2.16064E-02,-1.20587E-02,-3.78206E-04, 1.41361E+03,-1.07773E+00, 5.01980E+00, 2.43005E-01, 3.26263E+00,-4.21947E+00, 1.96533E+01, 9.51403E-01, 5.74067E+03, 9.96188E+01, 1.41392E+03, 9.99553E+01, 5.87707E-01, 2.69942E+00, 9.99998E+01, 3.02720E+01, 3.53576E-03,-1.71425E-04, 0.00000E+00, 0.00000E+00, 0.00000E+00,
 1637, 3.27185E+01,TRUE,0, 0.00000E+00, 3.92328E+00, 1.41356E+00, 3.20330E+00, 0.00000E+00, 0.00000E+00, 1.83513E-01, 0.00000E+00, 8.42831E-01, 1.41356E+03,-1.07709E+00, 4.99607E+00, 2.42260E-01, 2.16064E-02,-1.20578E-02,-3.79220E-04, 1.41359E+03,-1.07741E+00, 5.00794E+00, 2.42633E-01, 3.26256E+00,-4.21812E+00, 1.96064E+01, 9.49925E-01, 5.77102E+03, 9.96255E+01, 1.41791E+03, 9.99562E+01, 5.87849E-01, 2.69984E+00, 9.99998E+01, 3.02742E+01, 3.52741E-03,-1.71163E-04, 0.00000E+00, 0.00000E+00, 0.00000E+00,
 1638, 3.27385E+01,TRUE,0, 0.00000E+00, 3.92445E+00, 1.41354E+00, 3.20431E+00, 0.00000E+00, 0.00000E+00, 1.83499E-01, 0.00000E+00, 8.42695E-01, 1.41354E+03,-1.07677E+00, 4.98420E+00, 2.41886E-01, 2.16064E-02,-1.20564E-02,-3.80248E-04, 1.41356E+03,-1.07709E+00, 4.99607E+00, 2.42260E-01, 3.26248E+00,-4.21678E+00, 1.95595E+01, 9.48442E-01, 5.80145E+03, 9.96321E+01, 1.42191E+03, 9.99570E+01, 5.87989E-01, 2.70026E+00, 9.99998E+01, 3.02764E+01, 3.51907E-03,-1.70901E-04, 0.00000E+00, 0.00000E+00, 0.00000E+00,
 1639, 3.27585E+01,TRUE,0, 0.00000E+00, 3.92561E+00, 1.41352E+00, 3.20531E+00, 0.00000E+00, 0.00000E+00, 1.83485E-01, 0.00000E+00, 8.42560E-01, 1.41352E+03,-1.07646E+00, 4.97232E+00, 2.41510E-01, 2.16064E-02,-1.20544E-02,-3.81261E-04, 1.41354E+03,-1.07677E+00, 4.98420E+00, 2.41886E-01, 3.26240E+00,-4.21544E+00, 1.95126E+01, 9.46954E-01, 5.83196E+03, 9.96386E+01, 1.42591E+03, 9.99579E+01, 5.88129E-01, 2.70067E+00, 9.99998E+01, 3.02785E+01, 3.51072E-03,-1.70637E-04, 0.00000E+00, 0.00000E+00, 0.00000E+00,
 1640, 3.27785E+01,TRUE,0, 0.00000E+00, 3.92676E+00, 1.41350E+00, 3.20631E+00, 0.00000E+00, 0.00000E+00, 1.83472E-01, 0.00000E+00, 8.42426E-01, 1.41350E+03,-1.07614E+00, 4.96044E+00, 2.41134E-01, 2.16064E-02,-1.20525E-02,-3.82274E-04, 1.41352E+03,-1.07646E+00, 4.97232E+00, 2.41510E-01, 3.26233E+00,-4.21411E+00, 1.94656E+01, 9.45463E-01, 5.86255E+03, 9.96450E+01, 1.42991E+03, 9.99587E+01, 5.88267E-01, 2.70108E+00, 9.99998E+01, 3.02806E+01, 3.50237E-03,-1.70373E-04, 0.00000E+00, 0.00000E+00, 0.00000E+00,
 1641, 3.27985E+01,TRUE,0, 0.00000E+00, 3.92789E+00, 1.41348E+00, 3.20729E+00, 0.00000E+00, 0.00000E+00, 1.83458E-01, 0.00000E+00, 8.42294E-01, 1.41348E+03,-1.07583E+00, 4.94855E+00, 2.40756E-01, 2.16064E-02,-1.20506E-02,-3.83273E-04, 1.41350E+03,-1.07614E+00, 4.96044E+00, 2.41134E-01, 3.26225E+00,-4.21278E+00, 1.94186E+01, 9.43966E-01, 5.89322E+03, 9.96513E+01, 1.43391E+03, 9.99595E+01, 5.88404E-01, 2.70148E+00, 9.99998E+01, 3.02827E+01, 3.49402E-03,-1.70107E-04, 0.00000E+00, 0.00000E+00, 0.00000E+00,
 1642, 3.28185E+01,TRUE,0, 0.00000E+00, 3.92902E+00, 1.41346E+00, 3.20826E+00, 0.00000E+00, 0.00000E+00, 1.83445E-01, 0.00000E+00, 8.42163E-01, 1.41346E+03,-1.07552E+00, 4.93667E+00, 2.40377E-01, 2.16064E-02,-1.20482E-02,-3.84286E-04, 1.41348E+03,-1.07583E+00, 4.94855E+00, 2.40756E-01, 3.26217E+00,-4.21146E+00, 1.93717E+01, 9.42466E-01, 5.92397E+03, 9.96575E+01, 1.43791E+03, 9.99603E+01, 5.88539E-01, 2.70188E+00, 9.99998E+01, 3.02847E+01, 3.48566E-03,-1.69841E-04, 0.00000E+00, 0.00000E+00, 0.00000E+00,
 1643, 3.28385E+01,TRUE,0, 0.00000E+00, 3.93014E+00, 1.41343E+00, 3.20923E+00, 0.00000E+00, 0.00000E+00, 1.83431E-01, 0.00000E+00, 8.42034E-01, 1.41344E+03,-1.07521E+00, 4.92477E+00, 2.39997E-01, 2.16064E-02,-1.20459E-02,-3.85270E-04, 1.41346E+03,-1.07552E+00, 4.93667E+00, 2.40377E-01, 3.26210E+00,-4.21015E+00, 1.93247E+01, 9.40961E-01, 5.95480E+03, 9.96636E+01, 1.44190E+03, 9.99611E+01, 5.88674E-01, 2.70228E+00, 9.99998E+01, 3.02868E+01, 3.47730E-03,-1.69575E-04, 0.00000E+00, 0.00000E+00, 0.00000E+00,
 1644, 3.28585E+01,TRUE,0, 0.00000E+00, 3.93125E+00, 1.41341E+00, 3.21019E+00, 0.00000E+00, 0.00000E+00, 1.83418E-01, 0.00000E+00, 8.41905E-01, 1.41341E+03,-1.07491E+00, 4.91288E+00, 2.39616E-01, 2.16064E-02,-1.20440E-02,-3.86223E-04, 1.41344E+03,-1.07521E+00, 4.92477E+00, 2.39997E-01, 3.26202E+00,-4.20885E+00, 1.92777E+01, 9.39452E-01, 5.98571E+03, 9.96695E+01, 1.44590E+03, 9.99619E+01, 5.88807E-01, 2.70267E+00, 9.99998E+01, 3.02888E+01, 3.46894E-03,-1.69307E-04, 0.00000E+00, 0.00000E+00, 0.00000E+00,
 1645, 3.28785E+01,TRUE,0, 0.00000E+00, 3.93235E+00, 1.41339E+00, 3.21113E+00, 0.00000E+00, 0.00000E+00, 1.83405E-01, 0.00000E+00, 8.41778E-01, 1.41339E+03,-1.07460E+00, 4.90098E+00, 2.39234E-01, 2.16064E-02,-1.20416E-02,-3.87192E-04, 1.41341E+03,-1.07491E+00, 4.91288E+00, 2.39616E-01, 3.26194E+00,-4.20755E+00, 1.92306E+01, 9.37938E-01, 6.01670E+03, 9.96754E+01, 1.44990E+03, 9.99626E+01, 5.88939E-01, 2.70306E+00, 9.99998E+01, 3.02909E+01, 3.46057E-03,-1.69039E-04, 0.00000E+00, 0.00000E+00, 0.00000E+00,
 1646, 3.28985E+01,TRUE,0, 0.00000E+00, 3.93343E+00, 1.41337E+00, 3.21207E+00, 0.00000E+00, 0.00000E+00, 1.83393E-01, 0.00000E+00, 8.41653E-01, 1.41337E+03,-1.07430E+00, 4.88908E+00, 2.38851E-01, 2.16064E-02,-1.20392E-02,-3.88131E-04, 1.41339E+03,-1.07460E+00, 4.90098E+00, 2.39234E-01, 3.26187E+00,-4.20625E+00, 1.91836E+01, 9.36420E-01, 6.04777E+03, 9.96811E+01, 1.45390E+03, 9.99634E+01, 5.89070E-01, 2.70345E+00, 9.99998E+01, 3.02929E+01, 3.45221E-03,-1.68770E-04, 0.00000E+00, 0.00000E+00, 0.00000E+00,
 1647, 3.29185E+01,TRUE,0, 0.00000E+00, 3.93451E+00, 1.41335E+00, 3.21300E+00, 0.00000E+00, 0.00000E+00, 1.83380E-01, 0.00000E+00, 8.41528E-01, 1.41335E+03,-1.07400E+00, 4.87717E+00, 2.38467E-01, 2.14844E-02,-1.20358E-02,-3.89054E-04, 1.41337E+03,-1.07430E+00, 4.88908E+00, 2.38851E-01, 3.26179E+00,-4.20497E+00, 1.91366E+01, 9.34898E-01, 6.07893E+03, 9.96868E+01, 1.45790E+03, 9.99641E+01, 5.89200E-01, 2.70383E+00, 9.99998E+01, 3.02948E+01, 3.44384E-03,-1.68500E-04, 0.00000E+00, 0.00000E+00, 0.00000E+00,
 1648, 3.29385E+01,TRUE,0, 0.00000E+00, 3.93558E+00, 1.41333E+00, 3.21392E+00, 0.00000E+00, 0.00000E+00, 1.83367E-01, 0.00000E+00, 8.41405E-01, 1.41333E+03,-1.07370E+00, 4.86527E+00, 2.38081E-01, 2.14844E-02,-1.20330E-02,-3.89978E-04, 1.41335E+03,-1.07400E+00, 4.87717E+00, 2.38467E-01, 3.26171E+00,-4.20369E+00, 1.90895E+01, 9.33372E-01, 6.11016E+03, 9.96924E+01, 1.46190E+03, 9.99648E+01, 5.89328E-01, 2.70421E+00, 9.99998E+01, 3.02968E+01, 3.43547E-03,-1.68229E-04, 0.00000E+00, 0.00000E+00, 0.00000E+00,
 1649, 3.29585E+01,TRUE,0, 0.00000E+00, 3.93663E+00, 1.41331E+00, 3.21483E+00, 0.00000E+00, 0.00000E+00, 1.83355E-01, 0.00000E+00, 8.41283E-01, 1.41331E+03,-1.07340E+00, 4.85336E+00, 2.37695E-01, 2.14844E-02,-1.20292E-02,-3.90902E-04, 1.41333E+03,-1.07370E+00, 4.86527E+00, 2.38081E-01, 3.26164E+00,-4.20241E+00, 1.90425E+01, 9.31843E-01, 6.14147E+03, 9.96978E+01, 1.46589E+03, 9.99655E+01, 5.89455E-01, 2.70459E+00, 9.99998E+01, 3.02987E+01, 3.42710E-03,-1.67958E-04, 0.00000E+00, 0.00000E+00, 0.00000E+00,
 1650, 3.29785E+01,TRUE,0, 0.00000E+00, 3.93768E+00, 1.41328E+00, 3.21574E+00, 0.00000E+00, 0.00000E+00, 1.83343E-01, 0.00000E+00, 8.41163E-01, 1.41328E+03,-1.07310E+00, 4.84145E+00, 2.37308E-01, 2.14844E-02,-1.20254E-02,-3.91796E-04, 1.41331E+03,-1.07340E+00, 4.85336E+00, 2.37695E-01, 3.26156E+00,-4.20115E+00, 1.89954E+01, 9.30309E-01, 6.17286E+03, 9.97032E+01, 1.46989E+03, 9.99662E+01, 5.89581E-01, 2.70496E+00, 9.99998E+01, 3.03007E+01, 3.41872E-03,-1.67686E-04, 0.00000E+00, 0.00000E+00, 0.00000E+00,
 1651, 3.29985E+01,TRUE,0, 0.00000E+00, 3.93871E+00, 1.41326E+00, 3.21663E+00, 0.00000E+00, 0.00000E+00, 1.83330E-01, 0.00000E+00, 8.41043E-01, 1.41326E+03,-1.07281E+00, 4.82953E+00, 2.36919E-01, 2.14844E-02,-1.20220E-02,-3.92660E-04, 1.41328E+03,-1.07310E+00, 4.84145E+00, 2.37308E-01, 3.26149E+00,-4.19988E+00, 1.89484E+01, 9.28771E-01, 6.20433E+03, 9.97085E+01, 1.47389E+03, 9.99669E+01, 5.89706E-01, 2.70532E+00, 9.99998E+01, 3.03026E+01, 3.41035E-03,-1.67413E-04, 0.00000E+00, 0.00000E+00, 0.00000E+00,
 1652, 3.30185E+01,TRUE,0, 0.00000E+00, 3.93974E+00, 1.41324E+00, 3.21751E+00, 0.00000E+00, 0.00000E+00, 1.83319E-01, 0.00000E+00, 8.40926E-01, 1.41324E+03,-1.07251E+00, 4.81762E+00, 2.36530E-01, 2.14844E-02,-1.20187E-02,-3.93555E-04, 1.41326E+03,-1.07281E+00, 4.82953E+00, 2.36919E-01, 3.26141E+00,-4.19863E+00, 1.89013E+01, 9.27229E-01, 6.23588E+03, 9.97136E+01, 1.47789E+03, 9.99675E+01, 5.89829E-01, 2.70569E+00, 9.99998E+01, 3.03045E+01, 3.40197E-03,-1.67140E-04, 0.00000E+00, 0.00000E+00, 0.00000E+00,
 1653, 3.30385E+01,TRUE,0, 0.00000E+00, 3.94075E+00, 1.41322E+00, 3.21838E+00, 0.00000E+00, 0.00000E+00, 1.83307E-01, 0.00000E+00, 8.40809E-01, 1.41322E+03,-1.07222E+00, 4.80570E+00, 2.36139E-01, 2.14844E-02,-1.20153E-02,-3.94434E-04, 1.41324E+03,-1.07251E+00, 4.81762E+00, 2.36530E-01, 3.26133E+00,-4.19738E+00, 1.88542E+01, 9.25683E-01, 6.26752E+03, 9.97187E+01, 1.48189E+03, 9.99682E+01, 5.89951E-01, 2.70605E+00, 9.99998E+01, 3.03063E+01, 3.39359E-03,-1.66865E-04, 0.00000E+00, 0.00000E+00, 0.00000E+00,
 1654, 3.30585E+01,TRUE,0, 0.00000E+00, 3.94175E+00, 1.41320E+00, 3.21925E+00, 0.00000E+00, 0.00000E+00, 1.83295E-01, 0.00000E+00, 8.40694E-01, 1.41320E+03,-1.07193E+00, 4.79378E+00, 2.35748E-01, 2.14844E-02,-1.20115E-02,-3.95298E-04, 1.41322E+03,-1.07222E+00, 4.80570E+00, 2.36139E-01, 3.26126E+00,-4.19614E+00, 1.88072E+01, 9.24133E-01, 6.29923E+03, 9.97237E+01, 1.48589E+03, 9.99688E+01, 5.90072E-01, 2.70640E+00, 9.99998E+01, 3.03082E+01, 3.38521E-03,-1.66590E-04, 0.00000E+00, 0.00000E+00, 0.00000E+00,
 1655, 3.30785E+01,TRUE,0, 0.00000E+00, 3.94274E+00, 1.41318E+00, 3.22010E+00, 0.00000E+00, 0.00000E+00, 1.83284E-01, 0.00000E+00, 8.40580E-01, 1.41318E+03,-1.07164E+00, 4.78186E+00, 2.35355E-01, 2.14844E-02,-1.20072E-02,-3.96132E-04, 1.41320E+03,-1.07193E+00, 4.79378E+00, 2.35748E-01, 3.26118E+00,-4.19490E+00, 1.87601E+01, 9.22580E-01, 6.33102E+03, 9.97286E+01, 1.48989E+03, 9.99694E+01, 5.90192E-01, 2.70675E+00, 9.99998E+01, 3.03100E+01, 3.37683E-03,-1.66315E-04, 0.00000E+00, 0.00000E+00, 0.00000E+00,
 1656, 3.30984E+01,TRUE,0, 0.00000E+00, 3.94372E+00, 1.41316E+00, 3.22095E+00, 0.00000E+00, 0.00000E+00, 1.83272E-01, 0.00000E+00, 8.40468E-01, 1.41316E+03,-1.07135E+00, 4.76994E+00, 2.34962E-01, 2.14844E-02,-1.20029E-02,-3.96967E-04, 1.41318E+03,-1.07164E+00, 4.78186E+00, 2.35355E-01, 3.26110E+00,-4.19368E+00, 1.87130E+01, 9.21023E-01, 6.36289E+03, 9.97335E+01, 1.49389E+03, 9.99700E+01, 5.90310E-01, 2.70710E+00, 9.99998E+01, 3.03118E+01, 3.36845E-03,-1.66038E-04, 0.00000E+00, 0.00000E+00, 0.00000E+00,
 1657, 3.31184E+01,TRUE,0, 0.00000E+00, 3.94469E+00, 1.41313E+00, 3.22178E+00, 0.00000E+00, 0.00000E+00, 1.83261E-01, 0.00000E+00, 8.40357E-01, 1.41313E+03,-1.07107E+00, 4.75802E+00, 2.34568E-01, 2.14844E-02,-1.19982E-02,-3.97831E-04, 1.41316E+03,-1.07135E+00, 4.76994E+00, 2.34962E-01, 3.26103E+00,-4.19245E+00, 1.86659E+01, 9.19461E-01, 6.39484E+03, 9.97382E+01, 1.49788E+03, 9.99706E+01, 5.90427E-01, 2.70745E+00, 9.99998E+01, 3.03136E+01, 3.36007E-03,-1.65761E-04, 0.00000E+00, 0.00000E+00, 0.00000E+00,
 1658, 3.31384E+01,TRUE,0, 0.00000E+00, 3.94564E+00, 1.41311E+00, 3.22261E+00, 0.00000E+00, 0.00000E+00, 1.83250E-01, 0.00000E+00, 8.40247E-01, 1.41311E+03,-1.07078E+00, 4.74610E+00, 2.34172E-01, 2.14844E-02,-1.19944E-02,-3.98651E-04, 1.41313E+03,-1.07107E+00, 4.75802E+00, 2.34568E-01, 3.26095E+00,-4.19123E+00, 1.86188E+01, 9.17897E-01, 6.42688E+03, 9.97428E+01, 1.50188E+03, 9.99712E+01, 5.90542E-01, 2.70779E+00, 9.99998E+01, 3.03154E+01, 3.35168E-03,-1.65483E-04, 0.00000E+00, 0.00000E+00, 0.00000E+00,
 1659, 3.31584E+01,TRUE,0, 0.00000E+00, 3.94659E+00, 1.41309E+00, 3.22342E+00, 0.00000E+00, 0.00000E+00, 1.83239E-01, 0.00000E+00, 8.40139E-01, 1.41309E+03,-1.07050E+00, 4.73417E+00, 2.33776E-01, 2.14844E-02,-1.19901E-02,-3.99470E-04, 1.41311E+03,-1.07078E+00, 4.74610E+00, 2.34172E-01, 3.26087E+00,-4.19002E+00, 1.85717E+01, 9.16328E-01, 6.45899E+03, 9.97474E+01, 1.50588E+03, 9.99718E+01, 5.90657E-01, 2.70812E+00, 9.99998E+01, 3.03171E+01, 3.34330E-03,-1.65205E-04, 0.00000E+00, 0.00000E+00, 0.00000E+00,
 1660, 3.31784E+01,TRUE,0, 0.00000E+00, 3.94752E+00, 1.41307E+00, 3.22423E+00, 0.00000E+00, 0.00000E+00, 1.83228E-01, 0.00000E+00, 8.40032E-01, 1.41307E+03,-1.07022E+00, 4.72225E+00, 2.33379E-01, 2.14844E-02,-1.19853E-02,-4.00290E-04, 1.41309E+03,-1.07050E+00, 4.73417E+00, 2.33776E-01, 3.26080E+00,-4.18882E+00, 1.85246E+01, 9.14756E-01, 6.49118E+03, 9.97519E+01, 1.50988E+03, 9.99723E+01, 5.90770E-01, 2.70845E+00, 9.99998E+01, 3.03188E+01, 3.33491E-03,-1.64926E-04, 0.00000E+00, 0.00000E+00, 0.00000E+00,
 1661, 3.31984E+01,TRUE,0, 0.00000E+00, 3.94845E+00, 1.41305E+00, 3.22502E+00, 0.00000E+00, 0.00000E+00, 1.83218E-01, 0.00000E+00, 8.39927E-01, 1.41305E+03,-1.06994E+00, 4.71032E+00, 2.32981E-01, 2.14844E-02,-1.19805E-02,-4.01095E-04, 1.41307E+03,-1.07022E+00, 4.72225E+00, 2.33379E-01, 3.26072E+00,-4.18762E+00, 1.84775E+01, 9.13180E-01, 6.52345E+03, 9.97563E+01, 1.51388E+03, 9.99729E+01, 5.90881E-01, 2.70878E+00, 9.99998E+01, 3.03205E+01, 3.32653E-03,-1.64646E-04, 0.00000E+00, 0.00000E+00, 0.00000E+00,
 1662, 3.32184E+01,TRUE,0, 0.00000E+00, 3.94936E+00, 1.41303E+00, 3.22581E+00, 0.00000E+00, 0.00000E+00, 1.83207E-01, 0.00000E+00, 8.39822E-01, 1.41303E+03,-1.06966E+00, 4.69840E+00, 2.32582E-01, 2.14844E-02,-1.19753E-02,-4.01899E-04, 1.41305E+03,-1.06994E+00, 4.71032E+00, 2.32981E-01, 3.26065E+00,-4.18643E+00, 1.84304E+01, 9.11601E-01, 6.55581E+03, 9.97607E+01, 1.51788E+03, 9.99734E+01, 5.90992E-01, 2.70910E+00, 9.99998E+01, 3.03222E+01, 3.31814E-03,-1.64366E-04, 0.00000E+00, 0.00000E+00, 0.00000E+00,
 1663, 3.32384E+01,TRUE,0, 0.00000E+00, 3.95026E+00, 1.41300E+00, 3.22658E+00, 0.00000E+00, 0.00000E+00, 1.83197E-01, 0.00000E+00, 8.39720E-01, 1.41301E+03,-1.06938E+00, 4.68647E+00, 2.32182E-01, 2.14844E-02,-1.19700E-02,-4.02689E-04, 1.41303E+03,-1.06966E+00, 4.69840E+00, 2.32582E-01, 3.26057E+00,-4.18524E+00, 1.83833E+01, 9.10018E-01, 6.58824E+03, 9.97649E+01, 1.52188E+03, 9.99739E+01, 5.91101E-01, 2.70942E+00, 9.99998E+01, 3.03239E+01, 3.30975E-03,-1.64085E-04, 0.00000E+00, 0.00000E+00, 0.00000E+00,
 1664, 3.32584E+01,TRUE,0, 0.00000E+00, 3.95114E+00, 1.41298E+00, 3.22735E+00, 0.00000E+00, 0.00000E+00, 1.83187E-01, 0.00000E+00, 8.39618E-01, 1.41298E+03,-1.06911E+00, 4.67455E+00, 2.31781E-01, 2.14844E-02,-1.19648E-02,-4.03464E-04, 1.41301E+03,-1.06938E+00, 4.68647E+00, 2.32182E-01, 3.26049E+00,-4.18406E+00, 1.83363E+01, 9.08432E-01, 6.62075E+03, 9.97691E+01, 1.52588E+03, 9.99744E+01, 5.91208E-01, 2.70974E+00, 9.99998E+01, 3.03255E+01, 3.30137E-03,-1.63803E-04, 0.00000E+00, 0.00000E+00, 0.00000E+00,
 1665, 3.32784E+01,TRUE,0, 0.00000E+00, 3.95202E+00, 1.41296E+00, 3.22810E+00, 0.00000E+00, 0.00000E+00, 1.83177E-01, 0.00000E+00, 8.39518E-01, 1.41296E+03,-1.06883E+00, 4.66262E+00, 2.31379E-01, 2.14844E-02,-1.19596E-02,-4.04254E-04, 1.41298E+03,-1.06911E+00, 4.67455E+00, 2.31781E-01, 3.26042E+00,-4.18288E+00, 1.82892E+01, 9.06842E-01, 6.65334E+03, 9.97732E+01, 1.52987E+03, 9.99749E+01, 5.91314E-01, 2.71005E+00, 9.99998E+01, 3.03272E+01, 3.29298E-03,-1.63521E-04, 0.00000E+00, 0.00000E+00, 0.00000E+00,
 1666, 3.32984E+01,TRUE,0, 0.00000E+00, 3.95288E+00, 1.41294E+00, 3.22885E+00, 0.00000E+00, 0.00000E+00, 1.83167E-01, 0.00000E+00, 8.39420E-01, 1.41294E+03,-1.06856E+00, 4.65070E+00, 2.30976E-01, 2.14844E-02,-1.19543E-02,-4.05014E-04, 1.41296E+03,-1.06883E+00, 4.66262E+00, 2.31379E-01, 3.26034E+00,-4.18172E+00, 1.82421E+01, 9.05249E-01, 6.68602E+03, 9.97773E+01, 1.53387E+03, 9.99754E+01, 5.91419E-01, 2.71036E+00, 9.99998E+01, 3.03288E+01, 3.28459E-03,-1.63238E-04, 0.00000E+00, 0.00000E+00, 0.00000E+00,
 1667, 3.33184E+01,TRUE,0, 0.00000E+00, 3.95374E+00, 1.41292E+00, 3.22958E+00, 0.00000E+00, 0.00000E+00, 1.83158E-01, 0.00000E+00, 8.39323E-01, 1.41292E+03,-1.06829E+00, 4.63877E+00, 2.30573E-01, 2.14844E-02,-1.19481E-02,-4.05788E-04, 1.41294E+03,-1.06856E+00, 4.65070E+00, 2.30976E-01, 3.26026E+00,-4.18055E+00, 1.81950E+01, 9.03652E-01, 6.71877E+03, 9.97813E+01, 1.53787E+03, 9.99759E+01, 5.91522E-01, 2.71066E+00, 9.99998E+01, 3.03304E+01, 3.27621E-03,-1.62954E-04, 0.00000E+00, 0.00000E+00, 0.00000E+00,
 1668, 3.33384E+01,TRUE,0, 0.00000E+00, 3.95458E+00, 1.41290E+00, 3.23031E+00, 0.00000E+00, 0.00000E+00, 1.83148E-01, 0.00000E+00, 8.39227E-01, 1.41290E+03,-1.06802E+00, 4.62685E+00, 2.30168E-01, 2.13623E-02,-1.19424E-02,-4.06504E-04, 1.41292E+03,-1.06829E+00, 4.63877E+00, 2.30573E-01, 3.26019E+00,-4.17940E+00, 1.81479E+01, 9.02052E-01, 6.75160E+03, 9.97851E+01, 1.54187E+03, 9.99764E+01, 5.91624E-01, 2.71096E+00, 9.99998E+01, 3.03319E+01, 3.26782E-03,-1.62670E-04, 0.00000E+00, 0.00000E+00, 0.00000E+00,
 1669, 3.33584E+01,TRUE,0, 0.00000E+00, 3.95541E+00, 1.41288E+00, 3.23102E+00, 0.00000E+00, 0.00000E+00, 1.83139E-01, 0.00000E+00, 8.39133E-01, 1.41288E+03,-1.06776E+00, 4.61493E+00, 2.29763E-01, 2.13623E-02,-1.19367E-02,-4.07204E-04, 1.41290E+03,-1.06802E+00, 4.62685E+00, 2.30168E-01, 3.26011E+00,-4.17825E+00, 1.81008E+01, 9.00449E-01, 6.78452E+03, 9.97890E+01, 1.54587E+03, 9.99769E+01, 5.91725E-01, 2.71125E+00, 9.99998E+01, 3.03335E+01, 3.25943E-03,-1.62385E-04, 0.00000E+00, 0.00000E+00, 0.00000E+00,
 1670, 3.33784E+01,TRUE,0, 0.00000E+00, 3.95623E+00, 1.41285E+00, 3.23172E+00, 0.00000E+00, 0.00000E+00, 1.83130E-01, 0.00000E+00, 8.39040E-01, 1.41285E+03,-1.06749E+00, 4.60300E+00, 2.29357E-01, 2.13623E-02,-1.19300E-02,-4.07919E-04, 1.41288E+03,-1.06776E+00, 4.61493E+00, 2.29763E-01, 3.26003E+00,-4.17710E+00, 1.80538E+01, 8.98842E-01, 6.81751E+03, 9.97927E+01, 1.54987E+03, 9.99773E+01, 5.91824E-01, 2.71155E+00, 9.99998E+01, 3.03350E+01, 3.25105E-03,-1.62100E-04, 0.00000E+00, 0.00000E+00, 0.00000E+00,
 1671, 3.33984E+01,TRUE,0, 0.00000E+00, 3.95703E+00, 1.41283E+00, 3.23242E+00, 0.00000E+00, 0.00000E+00, 1.83121E-01, 0.00000E+00, 8.38948E-01, 1.41283E+03,-1.06722E+00, 4.59108E+00, 2.28950E-01, 2.13623E-02,-1.19238E-02,-4.08620E-04, 1.41285E+03,-1.06749E+00, 4.60300E+00, 2.29357E-01, 3.25996E+00,-4.17596E+00, 1.80067E+01, 8.97233E-01, 6.85058E+03, 9.97964E+01, 1.55387E+03, 9.99778E+01, 5.91922E-01, 2.71183E+00, 9.99998E+01, 3.03365E+01, 3.24266E-03,-1.61814E-04, 0.00000E+00, 0.00000E+00, 0.00000E+00,
 1672, 3.34184E+01,TRUE,0, 0.00000E+00, 3.95783E+00, 1.41281E+00, 3.23310E+00, 0.00000E+00, 0.00000E+00, 1.83112E-01, 0.00000E+00, 8.38858E-01, 1.41281E+03,-1.06696E+00, 4.57916E+00, 2.28542E-01, 2.13623E-02,-1.19176E-02,-4.09320E-04, 1.41283E+03,-1.06722E+00, 4.59108E+00, 2.28950E-01, 3.25988E+00,-4.17483E+00, 1.79597E+01, 8.95620E-01, 6.88374E+03, 9.98001E+01, 1.55787E+03, 9.99782E+01, 5.92019E-01, 2.71211E+00, 9.99998E+01, 3.03380E+01, 3.23428E-03,-1.61527E-04, 0.00000E+00, 0.00000E+00, 0.00000E+00,
 1673, 3.34384E+01,TRUE,0, 0.00000E+00, 3.95861E+00, 1.41279E+00, 3.23378E+00, 0.00000E+00, 0.00000E+00, 1.83103E-01, 0.00000E+00, 8.38770E-01, 1.41279E+03,-1.06670E+00, 4.56724E+00, 2.28134E-01, 2.13623E-02,-1.19109E-02,-4.10020E-04, 1.41281E+03,-1.06696E+00, 4.57916E+00, 2.28542E-01, 3.25981E+00,-4.17371E+00, 1.79126E+01, 8.94004E-01, 6.91697E+03, 9.98036E+01, 1.56187E+03, 9.99786E+01, 5.92114E-01, 2.71239E+00, 9.99998E+01, 3.03394E+01, 3.22589E-03,-1.61240E-04, 0.00000E+00, 0.00000E+00, 0.00000E+00,
 1674, 3.34584E+01,TRUE,0, 0.00000E+00, 3.95938E+00, 1.41277E+00, 3.23444E+00, 0.00000E+00, 0.00000E+00, 1.83095E-01, 0.00000E+00, 8.38683E-01, 1.41277E+03,-1.06644E+00, 4.55533E+00, 2.27724E-01, 2.13623E-02,-1.19047E-02,-4.10706E-04, 1.41279E+03,-1.06670E+00, 4.56724E+00, 2.28134E-01, 3.25973E+00,-4.17259E+00, 1.78656E+01, 8.92385E-01, 6.95028E+03, 9.98071E+01, 1.56587E+03, 9.99790E+01, 5.92208E-01, 2.71267E+00, 9.99998E+01, 3.03409E+01, 3.21751E-03,-1.60953E-04, 0.00000E+00, 0.00000E+00, 0.00000E+00,
 1675, 3.34784E+01,TRUE,0, 0.00000E+00, 3.96014E+00, 1.41275E+00, 3.23509E+00, 0.00000E+00, 0.00000E+00, 1.83086E-01, 0.00000E+00, 8.38597E-01, 1.41275E+03,-1.06618E+00, 4.54341E+00, 2.27314E-01, 2.13623E-02,-1.18976E-02,-4.11376E-04, 1.41277E+03,-1.06644E+00, 4.55533E+00, 2.27724E-01, 3.25965E+00,-4.17147E+00, 1.78185E+01, 8.90763E-01, 6.98367E+03, 9.98106E+01, 1.56987E+03, 9.99794E+01, 5.92300E-01, 2.71294E+00, 9.99998E+01, 3.03423E+01, 3.20913E-03,-1.60664E-04, 0.00000E+00, 0.00000E+00, 0.00000E+00,
 1676, 3.34984E+01,TRUE,0, 0.00000E+00, 3.96088E+00, 1.41273E+00, 3.23573E+00, 0.00000E+00, 0.00000E+00, 1.83078E-01, 0.00000E+00, 8.38513E-01, 1.41273E+03,-1.06592E+00, 4.53150E+00, 2.26903E-01, 2.13623E-02,-1.18904E-02,-4.12017E-04, 1.41275E+03,-1.06618E+00, 4.54341E+00, 2.27314E-01, 3.25958E+00,-4.17036E+00, 1.77715E+01, 8.89137E-01, 7.01715E+03, 9.98140E+01, 1.57386E+03, 9.99799E+01, 5.92391E-01, 2.71320E+00, 9.99998E+01, 3.03437E+01, 3.20075E-03,-1.60375E-04, 0.00000E+00, 0.00000E+00, 0.00000E+00,
 1677, 3.35184E+01,TRUE,0, 0.00000E+00, 3.96162E+00, 1.41271E+00, 3.23636E+00, 0.00000E+00, 0.00000E+00, 1.83070E-01, 0.00000E+00, 8.38430E-01, 1.41271E+03,-1.06567E+00, 4.51958E+00, 2.26491E-01, 2.13623E-02,-1.18828E-02,-4.12673E-04, 1.41273E+03,-1.06592E+00, 4.53150E+00, 2.26903E-01, 3.25950E+00,-4.16926E+00, 1.77245E+01, 8.87509E-01, 7.05070E+03, 9.98173E+01, 1.57786E+03, 9.99802E+01, 5.92481E-01, 2.71346E+00, 9.99998E+01, 3.03451E+01, 3.19237E-03,-1.60086E-04, 0.00000E+00, 0.00000E+00, 0.00000E+00,
 1678, 3.35384E+01,TRUE,0, 0.00000E+00, 3.96234E+00, 1.41268E+00, 3.23698E+00, 0.00000E+00, 0.00000E+00, 1.83062E-01, 0.00000E+00, 8.38349E-01, 1.41268E+03,-1.06542E+00, 4.50767E+00, 2.26079E-01, 2.13623E-02,-1.18756E-02,-4.13328E-04, 1.41271E+03,-1.06567E+00, 4.51958E+00, 2.26491E-01, 3.25942E+00,-4.16816E+00, 1.76775E+01, 8.85878E-01, 7.08433E+03, 9.98205E+01, 1.58186E+03, 9.99806E+01, 5.92569E-01, 2.71372E+00, 9.99998E+01, 3.03464E+01, 3.18399E-03,-1.59796E-04, 0.00000E+00, 0.00000E+00, 0.00000E+00,
 1679, 3.35584E+01,TRUE,0, 0.00000E+00, 3.96304E+00, 1.41266E+00, 3.23759E+00, 0.00000E+00, 0.00000E+00, 1.83054E-01, 0.00000E+00, 8.38269E-01, 1.41266E+03,-1.06516E+00, 4.49577E+00, 2.25666E-01, 2.13623E-02,-1.18680E-02,-4.13954E-04, 1.41268E+03,-1.06542E+00, 4.50767E+00, 2.26079E-01, 3.25935E+00,-4.16707E+00, 1.76305E+01, 8.84244E-01, 7.11805E+03, 9.98237E+01, 1.58586E+03, 9.99810E+01, 5.92655E-01, 2.71397E+00, 9.99998E+01, 3.03477E+01, 3.17561E-03,-1.59505E-04, 0.00000E+00, 0.00000E+00, 0.00000E+00,
 1680, 3.35784E+01,TRUE,0, 0.00000E+00, 3.96374E+00, 1.41264E+00, 3.23819E+00, 0.00000E+00, 0.00000E+00, 1.83047E-01, 0.00000E+00, 8.38190E-01, 1.41264E+03,-1.06491E+00, 4.48386E+00, 2.25252E-01, 2.13623E-02,-1.18604E-02,-4.14565E-04, 1.41266E+03,-1.06516E+00, 4.49577E+00, 2.25666E-01, 3.25927E+00,-4.16598E+00, 1.75835E+01, 8.82607E-01, 7.15184E+03, 9.98269E+01, 1.58986E+03, 9.99814E+01, 5.92740E-01, 2.71422E+00, 9.99998E+01, 3.03491E+01, 3.16724E-03,-1.59214E-04, 0.00000E+00, 0.00000E+00, 0.00000E+00,
 1681, 3.35984E+01,TRUE,0, 0.00000E+00, 3.96443E+00, 1.41262E+00, 3.23878E+00, 0.00000E+00, 0.00000E+00, 1.83039E-01, 0.00000E+00, 8.38113E-01, 1.41262E+03,-1.06466E+00, 4.47196E+00, 2.24837E-01, 2.13623E-02,-1.18532E-02,-4.15206E-04, 1.41264E+03,-1.06491E+00, 4.48386E+00, 2.25252E-01, 3.25920E+00,-4.16491E+00, 1.75365E+01, 8.80967E-01, 7.18571E+03, 9.98300E+01, 1.59386E+03, 9.99818E+01, 5.92824E-01, 2.71446E+00, 9.99998E+01, 3.03503E+01, 3.15886E-03,-1.58923E-04, 0.00000E+00, 0.00000E+00, 0.00000E+00,
 1682, 3.36184E+01,TRUE,0, 0.00000E+00, 3.96510E+00, 1.41260E+00, 3.23936E+00, 0.00000E+00, 0.00000E+00, 1.83032E-01, 0.00000E+00, 8.38038E-01, 1.41260E+03,-1.06441E+00, 4.46006E+00, 2.24421E-01, 2.13623E-02,-1.18461E-02,-4.15817E-04, 1.41262E+03,-1.06466E+00, 4.47196E+00, 2.24837E-01, 3.25912E+00,-4.16383E+00, 1.74896E+01, 8.79324E-01, 7.21967E+03, 9.98330E+01, 1.59786E+03, 9.99821E+01, 5.92906E-01, 2.71470E+00, 9.99998E+01, 3.03516E+01, 3.15049E-03,-1.58631E-04, 0.00000E+00, 0.00000E+00, 0.00000E+00,
 1683, 3.36384E+01,TRUE,0, 0.00000E+00, 3.96576E+00, 1.41258E+00, 3.23992E+00, 0.00000E+00, 0.00000E+00, 1.83025E-01, 0.00000E+00, 8.37964E-01, 1.41258E+03,-1.06417E+00, 4.44816E+00, 2.24005E-01, 2.13623E-02,-1.18380E-02,-4.16428E-04, 1.41260E+03,-1.06441E+00, 4.46006E+00, 2.24421E-01, 3.25904E+00,-4.16276E+00, 1.74426E+01, 8.77678E-01, 7.25370E+03, 9.98360E+01, 1.60186E+03, 9.99825E+01, 5.92987E-01, 2.71494E+00, 9.99998E+01, 3.03529E+01, 3.14212E-03,-1.58338E-04, 0.00000E+00, 0.00000E+00, 0.00000E+00,
 1684, 3.36584E+01,TRUE,0, 0.00000E+00, 3.96640E+00, 1.41256E+00, 3.24048E+00, 0.00000E+00, 0.00000E+00, 1.83018E-01, 0.00000E+00, 8.37891E-01, 1.41256E+03,-1.06392E+00, 4.43626E+00, 2.23588E-01, 2.13623E-02,-1.18308E-02,-4.17039E-04, 1.41258E+03,-1.06417E+00, 4.44816E+00, 2.24005E-01, 3.25897E+00,-4.16170E+00, 1.73957E+01, 8.76030E-01, 7.28782E+03, 9.98389E+01, 1.60586E+03, 9.99828E+01, 5.93066E-01, 2.71517E+00, 9.99998E+01, 3.03541E+01, 3.13375E-03,-1.58045E-04, 0.00000E+00, 0.00000E+00, 0.00000E+00,
 1685, 3.36784E+01,TRUE,0, 0.00000E+00, 3.96704E+00, 1.41253E+00, 3.24102E+00, 0.00000E+00, 0.00000E+00, 1.83011E-01, 0.00000E+00, 8.37820E-01, 1.41253E+03,-1.06368E+00, 4.42437E+00, 2.23170E-01, 2.13623E-02,-1.18227E-02,-4.17605E-04, 1.41256E+03,-1.06392E+00, 4.43626E+00, 2.23588E-01, 3.25889E+00,-4.16064E+00, 1.73488E+01, 8.74379E-01, 7.32201E+03, 9.98418E+01, 1.60986E+03, 9.99831E+01, 5.93144E-01, 2.71540E+00, 9.99998E+01, 3.03553E+01, 3.12538E-03,-1.57751E-04, 0.00000E+00, 0.00000E+00, 0.00000E+00,
 1686, 3.36983E+01,TRUE,0, 0.00000E+00, 3.96766E+00, 1.41251E+00, 3.24156E+00, 0.00000E+00, 0.00000E+00, 1.83005E-01, 0.00000E+00, 8.37750E-01, 1.41251E+03,-1.06343E+00, 4.41248E+00, 2.22752E-01, 2.13623E-02,-1.18146E-02,-4.18201E-04, 1.41253E+03,-1.06368E+00, 4.42437E+00, 2.23170E-01, 3.25881E+00,-4.15959E+00, 1.73019E+01, 8.72725E-01, 7.35628E+03, 9.98447E+01, 1.61386E+03, 9.99835E+01, 5.93221E-01, 2.71562E+00, 9.99998E+01, 3.03565E+01, 3.11702E-03,-1.57457E-04, 0.00000E+00, 0.00000E+00, 0.00000E+00,
 1687, 3.37183E+01,TRUE,0, 0.00000E+00, 3.96827E+00, 1.41249E+00, 3.24208E+00, 0.00000E+00, 0.00000E+00, 1.82998E-01, 0.00000E+00, 8.37682E-01, 1.41249E+03,-1.06319E+00, 4.40060E+00, 2.22333E-01, 2.13623E-02,-1.18065E-02,-4.18767E-04, 1.41251E+03,-1.06343E+00, 4.41248E+00, 2.22752E-01, 3.25874E+00,-4.15854E+00, 1.72550E+01, 8.71069E-01, 7.39064E+03, 9.98474E+01, 1.61786E+03, 9.99838E+01, 5.93296E-01, 2.71583E+00, 9.99998E+01, 3.03576E+01, 3.10866E-03,-1.57163E-04, 0.00000E+00, 0.00000E+00, 0.00000E+00,
 1688, 3.37383E+01,TRUE,0, 0.00000E+00, 3.96886E+00, 1.41247E+00, 3.24259E+00, 0.00000E+00, 0.00000E+00, 1.82992E-01, 0.00000E+00, 8.37616E-01, 1.41247E+03,-1.06295E+00, 4.38872E+00, 2.21913E-01, 2.13623E-02,-1.17974E-02,-4.19334E-04, 1.41249E+03,-1.06319E+00, 4.40060E+00, 2.22333E-01, 3.25866E+00,-4.15750E+00, 1.72081E+01, 8.69410E-01, 7.42507E+03, 9.98502E+01, 1.62185E+03, 9.99841E+01, 5.93369E-01, 2.71605E+00, 9.99998E+01, 3.03587E+01, 3.10030E-03,-1.56867E-04, 0.00000E+00, 0.00000E+00, 0.00000E+00,
 1689, 3.37583E+01,TRUE,0, 0.00000E+00, 3.96945E+00, 1.41245E+00, 3.24310E+00, 0.00000E+00, 0.00000E+00, 1.82986E-01, 0.00000E+00, 8.37551E-01, 1.41245E+03,-1.06272E+00, 4.37684E+00, 2.21493E-01, 2.13623E-02,-1.17888E-02,-4.19870E-04, 1.41247E+03,-1.06295E+00, 4.38872E+00, 2.21913E-01, 3.25858E+00,-4.15647E+00, 1.71612E+01, 8.67748E-01, 7.45959E+03, 9.98528E+01, 1.62585E+03, 9.99844E+01, 5.93441E-01, 2.71626E+00, 9.99998E+01, 3.03599E+01, 3.09194E-03,-1.56572E-04, 0.00000E+00, 0.00000E+00, 0.00000E+00,
 1690, 3.37783E+01,TRUE,0, 0.00000E+00, 3.97002E+00, 1.41243E+00, 3.24359E+00, 0.00000E+00, 0.00000E+00, 1.82980E-01, 0.00000E+00, 8.37487E-01, 1.41243E+03,-1.06248E+00, 4.36496E+00, 2.21072E-01, 2.13623E-02,-1.17807E-02,-4.20421E-04, 1.41245E+03,-1.06272E+00, 4.37684E+00, 2.21493E-01, 3.25851E+00,-4.15544E+00, 1.71144E+01, 8.66084E-01, 7.49418E+03, 9.98555E+01, 1.62985E+03, 9.99847E+01, 5.93512E-01, 2.71646E+00, 9.99998E+01, 3.03610E+01, 3.08358E-03,-1.56276E-04, 0.00000E+00, 0.00000E+00, 0.00000E+00,
 1691, 3.37983E+01,TRUE,0, 0.00000E+00, 3.97058E+00, 1.41241E+00, 3.24406E+00, 0.00000E+00, 0.00000E+00, 1.82974E-01, 0.00000E+00, 8.37425E-01, 1.41241E+03,-1.06224E+00, 4.35309E+00, 2.20650E-01, 2.13623E-02,-1.17722E-02,-4.20958E-04, 1.41243E+03,-1.06248E+00, 4.36496E+00, 2.21072E-01, 3.25843E+00,-4.15442E+00, 1.70675E+01, 8.64417E-01, 7.52885E+03, 9.98581E+01, 1.63385E+03, 9.99850E+01, 5.93580E-01, 2.71666E+00, 9.99998E+01, 3.03620E+01, 3.07523E-03,-1.55979E-04, 0.00000E+00, 0.00000E+00, 0.00000E+00,
 1692, 3.38183E+01,TRUE,0, 0.00000E+00, 3.97113E+00, 1.41239E+00, 3.24453E+00, 0.00000E+00, 0.00000E+00, 1.82969E-01, 0.00000E+00, 8.37364E-01, 1.41239E+03,-1.06201E+00, 4.34123E+00, 2.20228E-01, 2.12402E-02,-1.17631E-02,-4.21450E-04, 1.41241E+03,-1.06224E+00, 4.35309E+00, 2.20650E-01, 3.25836E+00,-4.15340E+00, 1.70207E+01, 8.62748E-01, 7.56361E+03, 9.98606E+01, 1.63785E+03, 9.99853E+01, 5.93648E-01, 2.71686E+00, 9.99998E+01, 3.03631E+01, 3.06688E-03,-1.55682E-04, 0.00000E+00, 0.00000E+00, 0.00000E+00,
 1693, 3.38383E+01,TRUE,0, 0.00000E+00, 3.97166E+00, 1.41236E+00, 3.24499E+00, 0.00000E+00, 0.00000E+00, 1.82963E-01, 0.00000E+00, 8.37305E-01, 1.41236E+03,-1.06178E+00, 4.32936E+00, 2.19805E-01, 2.12402E-02,-1.17540E-02,-4.21956E-04, 1.41239E+03,-1.06201E+00, 4.34123E+00, 2.20228E-01, 3.25828E+00,-4.15239E+00, 1.69739E+01, 8.61076E-01, 7.59844E+03, 9.98631E+01, 1.64185E+03, 9.99856E+01, 5.93714E-01, 2.71705E+00, 9.99998E+01, 3.03641E+01, 3.05853E-03,-1.55385E-04, 0.00000E+00, 0.00000E+00, 0.00000E+00,
 1694, 3.38583E+01,TRUE,0, 0.00000E+00, 3.97218E+00, 1.41234E+00, 3.24544E+00, 0.00000E+00, 0.00000E+00, 1.82958E-01, 0.00000E+00, 8.37247E-01, 1.41234E+03,-1.06154E+00, 4.31751E+00, 2.19381E-01, 2.12402E-02,-1.17445E-02,-4.22448E-04, 1.41236E+03,-1.06178E+00, 4.32936E+00, 2.19805E-01, 3.25820E+00,-4.15138E+00, 1.69271E+01, 8.59402E-01, 7.63335E+03, 9.98655E+01, 1.64585E+03, 9.99859E+01, 5.93779E-01, 2.71723E+00, 9.99998E+01, 3.03651E+01, 3.05019E-03,-1.55087E-04, 0.00000E+00, 0.00000E+00, 0.00000E+00,
 1695, 3.38783E+01,TRUE,0, 0.00000E+00, 3.97269E+00, 1.41232E+00, 3.24587E+00, 0.00000E+00, 0.00000E+00, 1.82953E-01, 0.00000E+00, 8.37191E-01, 1.41232E+03,-1.06131E+00, 4.30565E+00, 2.18957E-01, 2.12402E-02,-1.17350E-02,-4.22940E-04, 1.41234E+03,-1.06154E+00, 4.31751E+00, 2.19381E-01, 3.25813E+00,-4.15038E+00, 1.68804E+01, 8.57726E-01, 7.66835E+03, 9.98680E+01, 1.64985E+03, 9.99862E+01, 5.93842E-01, 2.71742E+00, 9.99998E+01, 3.03661E+01, 3.04185E-03,-1.54789E-04, 0.00000E+00, 0.00000E+00, 0.00000E+00,
 1696, 3.38983E+01,TRUE,0, 0.00000E+00, 3.97318E+00, 1.41230E+00, 3.24630E+00, 0.00000E+00, 0.00000E+00, 1.82948E-01, 0.00000E+00, 8.37136E-01, 1.41230E+03,-1.06109E+00, 4.29380E+00, 2.18532E-01, 2.12402E-02,-1.17254E-02,-4.23431E-04, 1.41232E+03,-1.06131E+00, 4.30565E+00, 2.18957E-01, 3.25805E+00,-4.14938E+00, 1.68336E+01, 8.56047E-01, 7.70342E+03, 9.98703E+01, 1.65385E+03, 9.99864E+01, 5.93903E-01, 2.71759E+00, 9.99998E+01, 3.03670E+01, 3.03351E-03,-1.54490E-04, 0.00000E+00, 0.00000E+00, 0.00000E+00,
 1697, 3.39183E+01,TRUE,0, 0.00000E+00, 3.97367E+00, 1.41228E+00, 3.24671E+00, 0.00000E+00, 0.00000E+00, 1.82943E-01, 0.00000E+00, 8.37083E-01, 1.41228E+03,-1.06086E+00, 4.28196E+00, 2.18106E-01, 2.12402E-02,-1.17159E-02,-4.23893E-04, 1.41230E+03,-1.06109E+00, 4.29380E+00, 2.18532E-01, 3.25798E+00,-4.14839E+00, 1.67869E+01, 8.54366E-01, 7.73858E+03, 9.98726E+01, 1.65785E+03, 9.99867E+01, 5.93964E-01, 2.71777E+00, 9.99998E+01, 3.03680E+01, 3.02517E-03,-1.54191E-04, 0.00000E+00, 0.00000E+00, 0.00000E+00,
 1698, 3.39383E+01,TRUE,0, 0.00000E+00, 3.97414E+00, 1.41226E+00, 3.24711E+00, 0.00000E+00, 0.00000E+00, 1.82938E-01, 0.00000E+00, 8.37031E-01, 1.41226E+03,-1.06063E+00, 4.27012E+00, 2.17680E-01, 2.12402E-02,-1.17064E-02,-4.24355E-04, 1.41228E+03,-1.06086E+00, 4.28196E+00, 2.18106E-01, 3.25790E+00,-4.14741E+00, 1.67402E+01, 8.52682E-01, 7.77381E+03, 9.98749E+01, 1.66185E+03, 9.99869E+01, 5.94022E-01, 2.71794E+00, 9.99998E+01, 3.03689E+01, 3.01684E-03,-1.53891E-04, 0.00000E+00, 0.00000E+00, 0.00000E+00,
 1699, 3.39583E+01,TRUE,0, 0.00000E+00, 3.97459E+00, 1.41224E+00, 3.24750E+00, 0.00000E+00, 0.00000E+00, 1.82934E-01, 0.00000E+00, 8.36981E-01, 1.41224E+03,-1.06041E+00, 4.25828E+00, 2.17254E-01, 2.12402E-02,-1.16963E-02,-4.24832E-04, 1.41226E+03,-1.06063E+00, 4.27012E+00, 2.17680E-01, 3.25782E+00,-4.14643E+00, 1.66935E+01, 8.50997E-01, 7.80913E+03, 9.98772E+01, 1.66585E+03, 9.99872E+01, 5.94079E-01, 2.71810E+00, 9.99998E+01, 3.03698E+01, 3.00851E-03,-1.53591E-04, 0.00000E+00, 0.00000E+00, 0.00000E+00,
 1700, 3.39783E+01,TRUE,0, 0.00000E+00, 3.97504E+00, 1.41222E+00, 3.24788E+00, 0.00000E+00, 0.00000E+00, 1.82930E-01, 0.00000E+00, 8.36932E-01, 1.41222E+03,-1.06019E+00, 4.24645E+00, 2.16826E-01, 2.12402E-02,-1.16863E-02,-4.25264E-04, 1.41224E+03,-1.06041E+00, 4.25828E+00, 2.17254E-01, 3.25775E+00,-4.14545E+00, 1.66469E+01, 8.49309E-01, 7.84452E+03, 9.98794E+01, 1.66985E+03, 9.99874E+01, 5.94135E-01, 2.71826E+00, 9.99998E+01, 3.03706E+01, 3.00018E-03,-1.53290E-04, 0.00000E+00, 0.00000E+00, 0.00000E+00,
 1701, 3.39983E+01,TRUE,0, 0.00000E+00, 3.97547E+00, 1.41219E+00, 3.24825E+00, 0.00000E+00, 0.00000E+00, 1.82926E-01, 0.00000E+00, 8.36885E-01, 1.41219E+03,-1.05996E+00, 4.23463E+00, 2.16399E-01, 2.12402E-02,-1.16768E-02,-4.25711E-04, 1.41222E+03,-1.06019E+00, 4.24645E+00, 2.16826E-01, 3.25767E+00,-4.14448E+00, 1.66002E+01, 8.47619E-01, 7.88000E+03, 9.98815E+01, 1.67385E+03, 9.99877E+01, 5.94189E-01, 2.71842E+00, 9.99998E+01, 3.03715E+01, 2.99186E-03,-1.52989E-04, 0.00000E+00, 0.00000E+00, 0.00000E+00,
 1702, 3.40183E+01,TRUE,0, 0.00000E+00, 3.97589E+00, 1.41217E+00, 3.24861E+00, 0.00000E+00, 0.00000E+00, 1.82922E-01, 0.00000E+00, 8.36840E-01, 1.41217E+03,-1.05974E+00, 4.22281E+00, 2.15970E-01, 2.12402E-02,-1.16668E-02,-4.26143E-04, 1.41219E+03,-1.05996E+00, 4.23463E+00, 2.16399E-01, 3.25760E+00,-4.14352E+00, 1.65536E+01, 8.45927E-01, 7.91555E+03, 9.98837E+01, 1.67785E+03, 9.99879E+01, 5.94241E-01, 2.71857E+00, 9.99998E+01, 3.03723E+01, 2.98354E-03,-1.52688E-04, 0.00000E+00, 0.00000E+00, 0.00000E+00,
 1703, 3.40383E+01,TRUE,0, 0.00000E+00, 3.97629E+00, 1.41215E+00, 3.24896E+00, 0.00000E+00, 0.00000E+00, 1.82918E-01, 0.00000E+00, 8.36795E-01, 1.41215E+03,-1.05952E+00, 4.21099E+00, 2.15541E-01, 2.12402E-02,-1.16563E-02,-4.26590E-04, 1.41217E+03,-1.05974E+00, 4.22281E+00, 2.15970E-01, 3.25752E+00,-4.14256E+00, 1.65070E+01, 8.44232E-01, 7.95118E+03, 9.98857E+01, 1.68185E+03, 9.99882E+01, 5.94292E-01, 2.71871E+00, 9.99998E+01, 3.03731E+01, 2.97522E-03,-1.52386E-04, 0.00000E+00, 0.00000E+00, 0.00000E+00,
 1704, 3.40583E+01,TRUE,0, 0.00000E+00, 3.97668E+00, 1.41213E+00, 3.24929E+00, 0.00000E+00, 0.00000E+00, 1.82914E-01, 0.00000E+00, 8.36753E-01, 1.41213E+03,-1.05931E+00, 4.19918E+00, 2.15112E-01, 2.12402E-02,-1.16463E-02,-4.27023E-04, 1.41215E+03,-1.05952E+00, 4.21099E+00, 2.15541E-01, 3.25744E+00,-4.14161E+00, 1.64605E+01, 8.42536E-01, 7.98690E+03, 9.98878E+01, 1.68585E+03, 9.99884E+01, 5.94342E-01, 2.71885E+00, 9.99998E+01, 3.03739E+01, 2.96691E-03,-1.52084E-04, 0.00000E+00, 0.00000E+00, 0.00000E+00,
 1705, 3.40783E+01,TRUE,0, 0.00000E+00, 3.97706E+00, 1.41211E+00, 3.24961E+00, 0.00000E+00, 0.00000E+00, 1.82911E-01, 0.00000E+00, 8.36712E-01, 1.41211E+03,-1.05909E+00, 4.18738E+00, 2.14682E-01, 2.12402E-02,-1.16353E-02,-4.27440E-04, 1.41213E+03,-1.05931E+00, 4.19918E+00, 2.15112E-01, 3.25737E+00,-4.14066E+00, 1.64139E+01, 8.40838E-01, 8.02269E+03, 9.98898E+01, 1.68984E+03, 9.99886E+01, 5.94390E-01, 2.71899E+00, 9.99998E+01, 3.03746E+01, 2.95860E-03,-1.51782E-04, 0.00000E+00, 0.00000E+00, 0.00000E+00,
 1706, 3.40983E+01,TRUE,0, 0.00000E+00, 3.97743E+00, 1.41209E+00, 3.24993E+00, 0.00000E+00, 0.00000E+00, 1.82908E-01, 0.00000E+00, 8.36672E-01, 1.41209E+03,-1.05888E+00, 4.17558E+00, 2.14251E-01, 2.12402E-02,-1.16248E-02,-4.27842E-04, 1.41211E+03,-1.05909E+00, 4.18738E+00, 2.14682E-01, 3.25729E+00,-4.13972E+00, 1.63674E+01, 8.39137E-01, 8.05857E+03, 9.98918E+01, 1.69384E+03, 9.99888E+01, 5.94436E-01, 2.71912E+00, 9.99998E+01, 3.03754E+01, 2.95030E-03,-1.51479E-04, 0.00000E+00, 0.00000E+00, 0.00000E+00,
 1707, 3.41183E+01,TRUE,0, 0.00000E+00, 3.97778E+00, 1.41207E+00, 3.25023E+00, 0.00000E+00, 0.00000E+00, 1.82904E-01, 0.00000E+00, 8.36634E-01, 1.41207E+03,-1.05866E+00, 4.16379E+00, 2.13820E-01, 2.12402E-02,-1.16138E-02,-4.28244E-04, 1.41209E+03,-1.05888E+00, 4.17558E+00, 2.14251E-01, 3.25721E+00,-4.13878E+00, 1.63209E+01, 8.37435E-01, 8.09452E+03, 9.98937E+01, 1.69784E+03, 9.99891E+01, 5.94481E-01, 2.71925E+00, 9.99998E+01, 3.03761E+01, 2.94200E-03,-1.51176E-04, 0.00000E+00, 0.00000E+00, 0.00000E+00,
 1708, 3.41383E+01,TRUE,0, 0.00000E+00, 3.97812E+00, 1.41205E+00, 3.25052E+00, 0.00000E+00, 0.00000E+00, 1.82902E-01, 0.00000E+00, 8.36597E-01, 1.41205E+03,-1.05845E+00, 4.15200E+00, 2.13389E-01, 2.12402E-02,-1.16034E-02,-4.28617E-04, 1.41207E+03,-1.05866E+00, 4.16379E+00, 2.13820E-01, 3.25714E+00,-4.13785E+00, 1.62744E+01, 8.35730E-01, 8.13056E+03, 9.98956E+01, 1.70184E+03, 9.99893E+01, 5.94525E-01, 2.71937E+00, 9.99998E+01, 3.03768E+01, 2.93370E-03,-1.50872E-04, 0.00000E+00, 0.00000E+00, 0.00000E+00,
 1709, 3.41583E+01,TRUE,0, 0.00000E+00, 3.97845E+00, 1.41202E+00, 3.25080E+00, 0.00000E+00, 0.00000E+00, 1.82899E-01, 0.00000E+00, 8.36562E-01, 1.41202E+03,-1.05824E+00, 4.14022E+00, 2.12956E-01, 2.12402E-02,-1.15924E-02,-4.29004E-04, 1.41205E+03,-1.05845E+00, 4.15200E+00, 2.13389E-01, 3.25706E+00,-4.13692E+00, 1.62280E+01, 8.34024E-01, 8.16667E+03, 9.98975E+01, 1.70584E+03, 9.99895E+01, 5.94566E-01, 2.71949E+00, 9.99998E+01, 3.03774E+01, 2.92541E-03,-1.50568E-04, 0.00000E+00, 0.00000E+00, 0.00000E+00,
 1710, 3.41783E+01,TRUE,0, 0.00000E+00, 3.97876E+00, 1.41200E+00, 3.25106E+00, 0.00000E+00, 0.00000E+00, 1.82896E-01, 0.00000E+00, 8.36529E-01, 1.41200E+03,-1.05803E+00, 4.12845E+00, 2.12524E-01, 2.12402E-02,-1.15819E-02,-4.29377E-04, 1.41202E+03,-1.05824E+00, 4.14022E+00, 2.12956E-01, 3.25699E+00,-4.13600E+00, 1.61816E+01, 8.32315E-01, 8.20287E+03, 9.98993E+01, 1.70984E+03, 9.99897E+01, 5.94607E-01, 2.71961E+00, 9.99998E+01, 3.03781E+01, 2.91712E-03,-1.50264E-04, 0.00000E+00, 0.00000E+00, 0.00000E+00,
 1711, 3.41983E+01,TRUE,0, 0.00000E+00, 3.97906E+00, 1.41198E+00, 3.25132E+00, 0.00000E+00, 0.00000E+00, 1.82894E-01, 0.00000E+00, 8.36497E-01, 1.41198E+03,-1.05782E+00, 4.11668E+00, 2.12091E-01, 2.12402E-02,-1.15705E-02,-4.29735E-04, 1.41200E+03,-1.05803E+00, 4.12845E+00, 2.12524E-01, 3.25691E+00,-4.13508E+00, 1.61352E+01, 8.30605E-01, 8.23914E+03, 9.99011E+01, 1.71384E+03, 9.99899E+01, 5.94646E-01, 2.71972E+00, 9.99998E+01, 3.03787E+01, 2.90884E-03,-1.49959E-04, 0.00000E+00, 0.00000E+00, 0.00000E+00,
 1712, 3.42183E+01,TRUE,0, 0.00000E+00, 3.97935E+00, 1.41196E+00, 3.25156E+00, 0.00000E+00, 0.00000E+00, 1.82891E-01, 0.00000E+00, 8.36466E-01, 1.41196E+03,-1.05761E+00, 4.10492E+00, 2.11657E-01, 2.12402E-02,-1.15590E-02,-4.30062E-04, 1.41198E+03,-1.05782E+00, 4.11668E+00, 2.12091E-01, 3.25683E+00,-4.13417E+00, 1.60888E+01, 8.28893E-01, 8.27549E+03, 9.99029E+01, 1.71784E+03, 9.99901E+01, 5.94683E-01, 2.71982E+00, 9.99998E+01, 3.03793E+01, 2.90056E-03,-1.49654E-04, 0.00000E+00, 0.00000E+00, 0.00000E+00,
 1713, 3.42383E+01,TRUE,0, 0.00000E+00, 3.97963E+00, 1.41194E+00, 3.25180E+00, 0.00000E+00, 0.00000E+00, 1.82889E-01, 0.00000E+00, 8.36437E-01, 1.41194E+03,-1.05741E+00, 4.09317E+00, 2.11223E-01, 2.12402E-02,-1.15480E-02,-4.30405E-04, 1.41196E+03,-1.05761E+00, 4.10492E+00, 2.11657E-01, 3.25676E+00,-4.13327E+00, 1.60425E+01, 8.27179E-01, 8.31193E+03, 9.99047E+01, 1.72184E+03, 9.99903E+01, 5.94719E-01, 2.71992E+00, 9.99998E+01, 3.03799E+01, 2.89229E-03,-1.49349E-04, 0.00000E+00, 0.00000E+00, 0.00000E+00,
 1714, 3.42583E+01,TRUE,0, 0.00000E+00, 3.97989E+00, 1.41192E+00, 3.25202E+00, 0.00000E+00, 0.00000E+00, 1.82887E-01, 0.00000E+00, 8.36410E-01, 1.41192E+03,-1.05720E+00, 4.08142E+00, 2.10789E-01, 2.12402E-02,-1.15366E-02,-4.30748E-04, 1.41194E+03,-1.05741E+00, 4.09317E+00, 2.11223E-01, 3.25668E+00,-4.13236E+00, 1.59962E+01, 8.25464E-01, 8.34844E+03, 9.99064E+01, 1.72584E+03, 9.99905E+01, 5.94753E-01, 2.72002E+00, 9.99998E+01, 3.03804E+01, 2.88402E-03,-1.49043E-04, 0.00000E+00, 0.00000E+00, 0.00000E+00,
 1715, 3.42783E+01,TRUE,0, 0.00000E+00, 3.98014E+00, 1.41190E+00, 3.25223E+00, 0.00000E+00, 0.00000E+00, 1.82886E-01, 0.00000E+00, 8.36384E-01, 1.41190E+03,-1.05700E+00, 4.06968E+00, 2.10354E-01, 2.12402E-02,-1.15252E-02,-4.31091E-04, 1.41192E+03,-1.05720E+00, 4.08142E+00, 2.10789E-01, 3.25660E+00,-4.13147E+00, 1.59499E+01, 8.23747E-01, 8.38504E+03, 9.99081E+01, 1.72984E+03, 9.99906E+01, 5.94785E-01, 2.72011E+00, 9.99998E+01, 3.03809E+01, 2.87575E-03,-1.48737E-04, 0.00000E+00, 0.00000E+00, 0.00000E+00,
 1716, 3.42982E+01,TRUE,0, 0.00000E+00, 3.98037E+00, 1.41188E+00, 3.25243E+00, 0.00000E+00, 0.00000E+00, 1.82884E-01, 0.00000E+00, 8.36359E-01, 1.41188E+03,-1.05680E+00, 4.05795E+00, 2.09918E-01, 2.12402E-02,-1.15132E-02,-4.31418E-04, 1.41190E+03,-1.05700E+00, 4.06968E+00, 2.10354E-01, 3.25653E+00,-4.13058E+00, 1.59036E+01, 8.22028E-01, 8.42171E+03, 9.99097E+01, 1.73384E+03, 9.99908E+01, 5.94816E-01, 2.72020E+00, 9.99998E+01, 3.03814E+01, 2.86749E-03,-1.48431E-04, 0.00000E+00, 0.00000E+00, 0.00000E+00,
 1717, 3.43182E+01,TRUE,0, 0.00000E+00, 3.98059E+00, 1.41185E+00, 3.25261E+00, 0.00000E+00, 0.00000E+00, 1.82883E-01, 0.00000E+00, 8.36337E-01, 1.41185E+03,-1.05660E+00, 4.04622E+00, 2.09482E-01, 2.12402E-02,-1.15018E-02,-4.31746E-04, 1.41188E+03,-1.05680E+00, 4.05795E+00, 2.09918E-01, 3.25645E+00,-4.12969E+00, 1.58574E+01, 8.20307E-01, 8.45847E+03, 9.99113E+01, 1.73784E+03, 9.99910E+01, 5.94846E-01, 2.72028E+00, 9.99998E+01, 3.03819E+01, 2.85924E-03,-1.48124E-04, 0.00000E+00, 0.00000E+00, 0.00000E+00,
 1718, 3.43382E+01,TRUE,0, 0.00000E+00, 3.98080E+00, 1.41183E+00, 3.25279E+00, 0.00000E+00, 0.00000E+00, 1.82881E-01, 0.00000E+00, 8.36315E-01, 1.41183E+03,-1.05640E+00, 4.03450E+00, 2.09046E-01, 2.12402E-02,-1.14899E-02,-4.32059E-04, 1.41185E+03,-1.05660E+00, 4.04622E+00, 2.09482E-01, 3.25638E+00,-4.12881E+00, 1.58112E+01, 8.18584E-01, 8.49530E+03, 9.99129E+01, 1.74184E+03, 9.99912E+01, 5.94874E-01, 2.72036E+00, 9.99998E+01, 3.03824E+01, 2.85098E-03,-1.47817E-04, 0.00000E+00, 0.00000E+00, 0.00000E+00,
 1719, 3.43582E+01,TRUE,0, 0.00000E+00, 3.98100E+00, 1.41181E+00, 3.25295E+00, 0.00000E+00, 0.00000E+00, 1.82880E-01, 0.00000E+00, 8.36295E-01, 1.41181E+03,-1.05620E+00, 4.02279E+00, 2.08609E-01, 2.12402E-02,-1.14775E-02,-4.32357E-04, 1.41183E+03,-1.05640E+00, 4.03450E+00, 2.09046E-01, 3.25630E+00,-4.12793E+00, 1.57651E+01, 8.16860E-01, 8.53222E+03, 9.99145E+01, 1.74584E+03, 9.99913E+01, 5.94900E-01, 2.72043E+00, 9.99998E+01, 3.03828E+01, 2.84274E-03,-1.47510E-04, 0.00000E+00, 0.00000E+00, 0.00000E+00,
 1720, 3.43782E+01,TRUE,0, 0.00000E+00, 3.98118E+00, 1.41179E+00, 3.25311E+00, 0.00000E+00, 0.00000E+00, 1.82879E-01, 0.00000E+00, 8.36277E-01, 1.41179E+03,-1.05600E+00, 4.01108E+00, 2.08172E-01, 2.12402E-02,-1.14655E-02,-4.32655E-04, 1.41181E+03,-1.05620E+00, 4.02279E+00, 2.08609E-01, 3.25622E+00,-4.12706E+00, 1.57189E+01, 8.15135E-01, 8.56921E+03, 9.99160E+01, 1.74984E+03, 9.99915E+01, 5.94925E-01, 2.72050E+00, 9.99998E+01, 3.03832E+01, 2.83450E-03,-1.47202E-04, 0.00000E+00, 0.00000E+00, 0.00000E+00,
 1721, 3.43982E+01,TRUE,0, 0.00000E+00, 3.98135E+00, 1.41177E+00, 3.25325E+00, 0.00000E+00, 0.00000E+00, 1.82878E-01, 0.00000E+00, 8.36260E-01, 1.41177E+03,-1.05581E+00, 3.99939E+00, 2.07735E-01, 2.11182E-02,-1.14529E-02,-4.32923E-04, 1.41179E+03,-1.05600E+00, 4.01108E+00, 2.08172E-01, 3.25615E+00,-4.12619E+00, 1.56728E+01, 8.13407E-01, 8.60629E+03, 9.99175E+01, 1.75384E+03, 9.99917E+01, 5.94949E-01, 2.72056E+00, 9.99998E+01, 3.03836E+01, 2.82626E-03,-1.46894E-04, 0.00000E+00, 0.00000E+00, 0.00000E+00,
 1722, 3.44182E+01,TRUE,0, 0.00000E+00, 3.98151E+00, 1.41175E+00, 3.25338E+00, 0.00000E+00, 0.00000E+00, 1.82878E-01, 0.00000E+00, 8.36245E-01, 1.41175E+03,-1.05561E+00, 3.98770E+00, 2.07297E-01, 2.11182E-02,-1.14405E-02,-4.33177E-04, 1.41177E+03,-1.05581E+00, 3.99939E+00, 2.07735E-01, 3.25607E+00,-4.12533E+00, 1.56267E+01, 8.11679E-01, 8.64344E+03, 9.99190E+01, 1.75784E+03, 9.99918E+01, 5.94971E-01, 2.72062E+00, 9.99998E+01, 3.03840E+01, 2.81803E-03,-1.46586E-04, 0.00000E+00, 0.00000E+00, 0.00000E+00,
 1723, 3.44382E+01,TRUE,0, 0.00000E+00, 3.98165E+00, 1.41173E+00, 3.25350E+00, 0.00000E+00, 0.00000E+00, 1.82877E-01, 0.00000E+00, 8.36231E-01, 1.41173E+03,-1.05542E+00, 3.97602E+00, 2.06858E-01, 2.11182E-02,-1.14284E-02,-4.33430E-04, 1.41175E+03,-1.05561E+00, 3.98770E+00, 2.07297E-01, 3.25600E+00,-4.12448E+00, 1.55807E+01, 8.09949E-01, 8.68067E+03, 9.99205E+01, 1.76184E+03, 9.99920E+01, 5.94991E-01, 2.72068E+00, 9.99998E+01, 3.03843E+01, 2.80981E-03,-1.46278E-04, 0.00000E+00, 0.00000E+00, 0.00000E+00,
 1724, 3.44582E+01,TRUE,0, 0.00000E+00, 3.98178E+00, 1.41171E+00, 3.25361E+00, 0.00000E+00, 0.00000E+00, 1.82877E-01, 0.00000E+00, 8.36218E-01, 1.41171E+03,-1.05523E+00, 3.96434E+00, 2.06420E-01, 2.11182E-02,-1.14160E-02,-4.33668E-04, 1.41173E+03,-1.05542E+00, 3.97602E+00, 2.06858E-01, 3.25592E+00,-4.12362E+00, 1.55347E+01, 8.08217E-01, 8.71799E+03, 9.99219E+01, 1.76584E+03, 9.99921E+01, 5.95010E-01, 2.72073E+00, 9.99998E+01, 3.03846E+01, 2.80159E-03,-1.45969E-04, 0.00000E+00, 0.00000E+00, 0.00000E+00,
 1725, 3.44782E+01,TRUE,0, 0.00000E+00, 3.98190E+00, 1.41168E+00, 3.25370E+00, 0.00000E+00, 0.00000E+00, 1.82877E-01, 0.00000E+00, 8.36208E-01, 1.41168E+03,-1.05503E+00, 3.95268E+00, 2.05980E-01, 2.11182E-02,-1.14031E-02,-4.33907E-04, 1.41171E+03,-1.05523E+00, 3.96434E+00, 2.06420E-01, 3.25584E+00,-4.12278E+00, 1.54887E+01, 8.06484E-01, 8.75538E+03, 9.99233E+01, 1.76984E+03, 9.99923E+01, 5.95027E-01, 2.72077E+00, 9.99998E+01, 3.03849E+01, 2.79337E-03,-1.45660E-04, 0.00000E+00, 0.00000E+00, 0.00000E+00,
 1726, 3.44982E+01,TRUE,0, 0.00000E+00, 3.98201E+00, 1.41166E+00, 3.25379E+00, 0.00000E+00, 0.00000E+00, 1.82877E-01, 0.00000E+00, 8.36198E-01, 1.41166E+03,-1.05485E+00, 3.94102E+00, 2.05541E-01, 2.11182E-02,-1.13907E-02,-4.34145E-04, 1.41168E+03,-1.05503E+00, 3.95268E+00, 2.05980E-01, 3.25577E+00,-4.12194E+00, 1.54428E+01, 8.04749E-01, 8.79286E+03, 9.99247E+01, 1.77384E+03, 9.99924E+01, 5.95043E-01, 2.72081E+00, 9.99998E+01, 3.03852E+01, 2.78516E-03,-1.45351E-04, 0.00000E+00, 0.00000E+00, 0.00000E+00,
 1727, 3.45182E+01,TRUE,0, 0.00000E+00, 3.98210E+00, 1.41164E+00, 3.25386E+00, 0.00000E+00, 0.00000E+00, 1.82877E-01, 0.00000E+00, 8.36190E-01, 1.41164E+03,-1.05466E+00, 3.92937E+00, 2.05101E-01, 2.11182E-02,-1.13778E-02,-4.34369E-04, 1.41166E+03,-1.05485E+00, 3.94102E+00, 2.05541E-01, 3.25569E+00,-4.12110E+00, 1.53969E+01, 8.03014E-01, 8.83041E+03, 9.99260E+01, 1.77784E+03, 9.99926E+01, 5.95057E-01, 2.72085E+00, 9.99998E+01, 3.03854E+01, 2.77696E-03,-1.45041E-04, 0.00000E+00, 0.00000E+00, 0.00000E+00,
 1728, 3.45382E+01,TRUE,0, 0.00000E+00, 3.98217E+00, 1.41162E+00, 3.25392E+00, 0.00000E+00, 0.00000E+00, 1.82877E-01, 0.00000E+00, 8.36184E-01, 1.41162E+03,-1.05447E+00, 3.91773E+00, 2.04661E-01, 2.11182E-02,-1.13647E-02,-4.34607E-04, 1.41164E+03,-1.05466E+00, 3.92937E+00, 2.05101E-01, 3.25562E+00,-4.12027E+00, 1.53510E+01, 8.01276E-01, 8.86805E+03, 9.99274E+01, 1.78184E+03, 9.99927E+01, 5.95070E-01, 2.72088E+00, 9.99998E+01, 3.03857E+01, 2.76876E-03,-1.44731E-04, 0.00000E+00, 0.00000E+00, 0.00000E+00,
 1729, 3.45582E+01,TRUE,0, 0.00000E+00, 3.98224E+00, 1.41160E+00, 3.25398E+00, 0.00000E+00, 0.00000E+00, 1.82878E-01, 0.00000E+00, 8.36179E-01, 1.41160E+03,-1.05428E+00, 3.90609E+00, 2.04220E-01, 2.11182E-02,-1.13518E-02,-4.34846E-04, 1.41162E+03,-1.05447E+00, 3.91773E+00, 2.04661E-01, 3.25554E+00,-4.11944E+00, 1.53052E+01, 7.99538E-01, 8.90576E+03, 9.99287E+01, 1.78583E+03, 9.99929E+01, 5.95081E-01, 2.72091E+00, 9.99998E+01, 3.03859E+01, 2.76057E-03,-1.44421E-04, 0.00000E+00, 0.00000E+00, 0.00000E+00,
 1730, 3.45782E+01,TRUE,0, 0.00000E+00, 3.98229E+00, 1.41158E+00, 3.25402E+00, 0.00000E+00, 0.00000E+00, 1.82879E-01, 0.00000E+00, 8.36176E-01, 1.41158E+03,-1.05410E+00, 3.89447E+00, 2.03779E-01, 2.11182E-02,-1.13389E-02,-4.35084E-04, 1.41160E+03,-1.05428E+00, 3.90609E+00, 2.04220E-01, 3.25546E+00,-4.11862E+00, 1.52594E+01, 7.97798E-01, 8.94356E+03, 9.99299E+01, 1.78983E+03, 9.99930E+01, 5.95090E-01, 2.72093E+00, 9.99998E+01, 3.03860E+01, 2.75238E-03,-1.44111E-04, 0.00000E+00, 0.00000E+00, 0.00000E+00,
 1731, 3.45982E+01,TRUE,0, 0.00000E+00, 3.98233E+00, 1.41156E+00, 3.25404E+00, 0.00000E+00, 0.00000E+00, 1.82880E-01, 0.00000E+00, 8.36175E-01, 1.41156E+03,-1.05392E+00, 3.88285E+00, 2.03338E-01, 2.11182E-02,-1.13256E-02,-4.35293E-04, 1.41158E+03,-1.05410E+00, 3.89447E+00, 2.03779E-01, 3.25539E+00,-4.11780E+00, 1.52136E+01, 7.96057E-01, 8.98143E+03, 9.99312E+01, 1.79383E+03, 9.99931E+01, 5.95098E-01, 2.72095E+00, 9.99998E+01, 3.03862E+01, 2.74420E-03,-1.43800E-04, 0.00000E+00, 0.00000E+00, 0.00000E+00,
 1732, 3.46182E+01,TRUE,0, 0.00000E+00, 3.98236E+00, 1.41154E+00, 3.25406E+00, 0.00000E+00, 0.00000E+00, 1.82881E-01, 0.00000E+00, 8.36174E-01, 1.41154E+03,-1.05373E+00, 3.87125E+00, 2.02896E-01, 2.11182E-02,-1.13125E-02,-4.35486E-04, 1.41156E+03,-1.05392E+00, 3.88285E+00, 2.03338E-01, 3.25531E+00,-4.11699E+00, 1.51679E+01, 7.94314E-01, 9.01939E+03, 9.99324E+01, 1.79783E+03, 9.99932E+01, 5.95105E-01, 2.72096E+00, 9.99998E+01, 3.03863E+01, 2.73603E-03,-1.43489E-04, 0.00000E+00, 0.00000E+00, 0.00000E+00,
 1733, 3.46382E+01,TRUE,0, 0.00000E+00, 3.98237E+00, 1.41152E+00, 3.25407E+00, 0.00000E+00, 0.00000E+00, 1.82882E-01, 0.00000E+00, 8.36176E-01, 1.41152E+03,-1.05355E+00, 3.85965E+00, 2.02455E-01, 2.11182E-02,-1.12991E-02,-4.35665E-04, 1.41154E+03,-1.05373E+00, 3.87125E+00, 2.02896E-01, 3.25524E+00,-4.11618E+00, 1.51222E+01, 7.92571E-01, 9.05742E+03, 9.99336E+01, 1.80183E+03, 9.99934E+01, 5.95110E-01, 2.72097E+00, 9.99998E+01, 3.03865E+01, 2.72786E-03,-1.43178E-04, 0.00000E+00, 0.00000E+00, 0.00000E+00,
 1734, 3.46582E+01,TRUE,0, 0.00000E+00, 3.98237E+00, 1.41149E+00, 3.25406E+00, 0.00000E+00, 0.00000E+00, 1.82883E-01, 0.00000E+00, 8.36179E-01, 1.41149E+03,-1.05337E+00, 3.84806E+00, 2.02012E-01, 2.11182E-02,-1.12853E-02,-4.35859E-04, 1.41152E+03,-1.05355E+00, 3.85965E+00, 2.02455E-01, 3.25516E+00,-4.11538E+00, 1.50765E+01, 7.90826E-01, 9.09554E+03, 9.99348E+01, 1.80583E+03, 9.99935E+01, 5.95113E-01, 2.72098E+00, 9.99998E+01, 3.03865E+01, 2.71970E-03,-1.42867E-04, 0.00000E+00, 0.00000E+00, 0.00000E+00,
 1735, 3.46782E+01,TRUE,0, 0.00000E+00, 3.98235E+00, 1.41147E+00, 3.25404E+00, 0.00000E+00, 0.00000E+00, 1.82885E-01, 0.00000E+00, 8.36183E-01, 1.41147E+03,-1.05319E+00, 3.83648E+00, 2.01570E-01, 2.11182E-02,-1.12720E-02,-4.36038E-04, 1.41149E+03,-1.05337E+00, 3.84806E+00, 2.02012E-01, 3.25508E+00,-4.11458E+00, 1.50309E+01, 7.89080E-01, 9.13373E+03, 9.99360E+01, 1.80983E+03, 9.99936E+01, 5.95115E-01, 2.72097E+00, 9.99998E+01, 3.03866E+01, 2.71154E-03,-1.42556E-04, 0.00000E+00, 0.00000E+00, 0.00000E+00,
 1736, 3.46982E+01,TRUE,0, 0.00000E+00, 3.98233E+00, 1.41145E+00, 3.25401E+00, 0.00000E+00, 0.00000E+00, 1.82886E-01, 0.00000E+00, 8.36189E-01, 1.41145E+03,-1.05302E+00, 3.82491E+00, 2.01127E-01, 2.11182E-02,-1.12586E-02,-4.36217E-04, 1.41147E+03,-1.05319E+00, 3.83648E+00, 2.01570E-01, 3.25501E+00,-4.11378E+00, 1.49853E+01, 7.87333E-01, 9.17201E+03, 9.99372E+01, 1.81383E+03, 9.99937E+01, 5.95115E-01, 2.72097E+00, 9.99998E+01, 3.03866E+01, 2.70339E-03,-1.42244E-04, 0.00000E+00, 0.00000E+00, 0.00000E+00,
 1737, 3.47182E+01,TRUE,0, 0.00000E+00, 3.98229E+00, 1.41143E+00, 3.25397E+00, 0.00000E+00, 0.00000E+00, 1.82888E-01, 0.00000E+00, 8.36196E-01, 1.41143E+03,-1.05284E+00, 3.81334E+00, 2.00684E-01, 2.11182E-02,-1.12448E-02,-4.36395E-04, 1.41145E+03,-1.05302E+00, 3.82491E+00, 2.01127E-01, 3.25493E+00,-4.11299E+00, 1.49398E+01, 7.85585E-01, 9.21036E+03, 9.99383E+01, 1.81783E+03, 9.99939E+01, 5.95114E-01, 2.72096E+00, 9.99998E+01, 3.03867E+01, 2.69525E-03,-1.41932E-04, 0.00000E+00, 0.00000E+00, 0.00000E+00,
 1738, 3.47382E+01,TRUE,0, 0.00000E+00, 3.98223E+00, 1.41141E+00, 3.25392E+00, 0.00000E+00, 0.00000E+00, 1.82890E-01, 0.00000E+00, 8.36205E-01, 1.41141E+03,-1.05266E+00, 3.80179E+00, 2.00240E-01, 2.11182E-02,-1.12309E-02,-4.36544E-04, 1.41143E+03,-1.05284E+00, 3.81334E+00, 2.00684E-01, 3.25486E+00,-4.11221E+00, 1.48943E+01, 7.83836E-01, 9.24880E+03, 9.99394E+01, 1.82183E+03, 9.99940E+01, 5.95111E-01, 2.72095E+00, 9.99998E+01, 3.03867E+01, 2.68711E-03,-1.41620E-04, 0.00000E+00, 0.00000E+00, 0.00000E+00,
 1739, 3.47582E+01,TRUE,0, 0.00000E+00, 3.98217E+00, 1.41139E+00, 3.25386E+00, 0.00000E+00, 0.00000E+00, 1.82893E-01, 0.00000E+00, 8.36215E-01, 1.41139E+03,-1.05249E+00, 3.79025E+00, 1.99797E-01, 2.11182E-02,-1.12169E-02,-4.36693E-04, 1.41141E+03,-1.05266E+00, 3.80179E+00, 2.00240E-01, 3.25478E+00,-4.11143E+00, 1.48488E+01, 7.82085E-01, 9.28731E+03, 9.99405E+01, 1.82583E+03, 9.99941E+01, 5.95107E-01, 2.72093E+00, 9.99998E+01, 3.03866E+01, 2.67898E-03,-1.41307E-04, 0.00000E+00, 0.00000E+00, 0.00000E+00,
 1740, 3.47782E+01,TRUE,0, 0.00000E+00, 3.98209E+00, 1.41137E+00, 3.25379E+00, 0.00000E+00, 0.00000E+00, 1.82895E-01, 0.00000E+00, 8.36227E-01, 1.41137E+03,-1.05232E+00, 3.77871E+00, 1.99353E-01, 2.11182E-02,-1.12026E-02,-4.36842E-04, 1.41139E+03,-1.05249E+00, 3.79025E+00, 1.99797E-01, 3.25470E+00,-4.11065E+00, 1.48034E+01, 7.80334E-01, 9.32591E+03, 9.99416E+01, 1.82983E+03, 9.99942E+01, 5.95101E-01, 2.72090E+00, 9.99998E+01, 3.03866E+01, 2.67086E-03,-1.40995E-04, 0.00000E+00, 0.00000E+00, 0.00000E+00,
 1741, 3.47982E+01,TRUE,0, 0.00000E+00, 3.98200E+00, 1.41135E+00, 3.25370E+00, 0.00000E+00, 0.00000E+00, 1.82897E-01, 0.00000E+00, 8.36241E-01, 1.41135E+03,-1.05215E+00, 3.76719E+00, 1.98908E-01, 2.11182E-02,-1.11887E-02,-4.36962E-04, 1.41137E+03,-1.05232E+00, 3.77871E+00, 1.99353E-01, 3.25463E+00,-4.10988E+00, 1.47580E+01, 7.78582E-01, 9.36458E+03, 9.99426E+01, 1.83383E+03, 9.99943E+01, 5.95094E-01, 2.72088E+00, 9.99998E+01, 3.03865E+01, 2.66274E-03,-1.40682E-04, 0.00000E+00, 0.00000E+00, 0.00000E+00,
 1742, 3.48182E+01,TRUE,0, 0.00000E+00, 3.98189E+00, 1.41133E+00, 3.25360E+00, 0.00000E+00, 0.00000E+00, 1.82900E-01, 0.00000E+00, 8.36256E-01, 1.41133E+03,-1.05197E+00, 3.75567E+00, 1.98464E-01, 2.11182E-02,-1.11744E-02,-4.37081E-04, 1.41135E+03,-1.05215E+00, 3.76719E+00, 1.98908E-01, 3.25455E+00,-4.10911E+00, 1.47126E+01, 7.76829E-01, 9.40334E+03, 9.99436E+01, 1.83783E+03, 9.99944E+01, 5.95085E-01, 2.72084E+00, 9.99998E+01, 3.03864E+01, 2.65463E-03,-1.40369E-04, 0.00000E+00, 0.00000E+00, 0.00000E+00,
 1743, 3.48382E+01,TRUE,0, 0.00000E+00, 3.98177E+00, 1.41130E+00, 3.25350E+00, 0.00000E+00, 0.00000E+00, 1.82903E-01, 0.00000E+00, 8.36272E-01, 1.41130E+03,-1.05181E+00, 3.74417E+00, 1.98019E-01, 2.11182E-02,-1.11601E-02,-4.37200E-04, 1.41133E+03,-1.05197E+00, 3.75567E+00, 1.98464E-01, 3.25447E+00,-4.10835E+00, 1.46673E+01, 7.75074E-01, 9.44217E+03, 9.99447E+01, 1.84183E+03, 9.99945E+01, 5.95074E-01, 2.72081E+00, 9.99998E+01, 3.03863E+01, 2.64652E-03,-1.40056E-04, 0.00000E+00, 0.00000E+00, 0.00000E+00,
 1744, 3.48582E+01,TRUE,0, 0.00000E+00, 3.98164E+00, 1.41128E+00, 3.25338E+00, 0.00000E+00, 0.00000E+00, 1.82906E-01, 0.00000E+00, 8.36290E-01, 1.41128E+03,-1.05164E+00, 3.73268E+00, 1.97574E-01, 2.11182E-02,-1.11458E-02,-4.37319E-04, 1.41130E+03,-1.05181E+00, 3.74417E+00, 1.98019E-01, 3.25440E+00,-4.10759E+00, 1.46220E+01, 7.73319E-01, 9.48109E+03, 9.99456E+01, 1.84583E+03, 9.99946E+01, 5.95062E-01, 2.72077E+00, 9.99998E+01, 3.03862E+01, 2.63843E-03,-1.39743E-04, 0.00000E+00, 0.00000E+00, 0.00000E+00,
 1745, 3.48782E+01,TRUE,0, 0.00000E+00, 3.98150E+00, 1.41126E+00, 3.25325E+00, 0.00000E+00, 0.00000E+00, 1.82909E-01, 0.00000E+00, 8.36309E-01, 1.41126E+03,-1.05147E+00, 3.72119E+00, 1.97129E-01, 2.11182E-02,-1.11313E-02,-4.37424E-04, 1.41128E+03,-1.05164E+00, 3.73268E+00, 1.97574E-01, 3.25432E+00,-4.10684E+00, 1.45768E+01, 7.71563E-01, 9.52008E+03, 9.99466E+01, 1.84983E+03, 9.99947E+01, 5.95049E-01, 2.72072E+00, 9.99998E+01, 3.03860E+01, 2.63034E-03,-1.39429E-04, 0.00000E+00, 0.00000E+00, 0.00000E+00,
 1746, 3.48981E+01,TRUE,0, 0.00000E+00, 3.98134E+00, 1.41124E+00, 3.25311E+00, 0.00000E+00, 0.00000E+00, 1.82912E-01, 0.00000E+00, 8.36330E-01, 1.41124E+03,-1.05130E+00, 3.70972E+00, 1.96683E-01, 2.11182E-02,-1.11167E-02,-4.37498E-04, 1.41126E+03,-1.05147E+00, 3.72119E+00, 1.97129E-01, 3.25425E+00,-4.10609E+00, 1.45316E+01, 7.69806E-01, 9.55916E+03, 9.99476E+01, 1.85383E+03, 9.99948E+01, 5.95034E-01, 2.72067E+00, 9.99998E+01, 3.03858E+01, 2.62225E-03,-1.39116E-04, 0.00000E+00, 0.00000E+00, 0.00000E+00,
 1747, 3.49181E+01,TRUE,0, 0.00000E+00, 3.98117E+00, 1.41122E+00, 3.25295E+00, 0.00000E+00, 0.00000E+00, 1.82916E-01, 0.00000E+00, 8.36353E-01, 1.41122E+03,-1.05114E+00, 3.69825E+00, 1.96237E-01, 2.11182E-02,-1.11022E-02,-4.37573E-04, 1.41124E+03,-1.05130E+00, 3.70972E+00, 1.96683E-01, 3.25417E+00,-4.10534E+00, 1.44865E+01, 7.68049E-01, 9.59831E+03, 9.99485E+01, 1.85783E+03, 9.99949E+01, 5.95017E-01, 2.72062E+00, 9.99998E+01, 3.03856E+01, 2.61418E-03,-1.38802E-04, 0.00000E+00, 0.00000E+00, 0.00000E+00,
 1748, 3.49381E+01,TRUE,0, 0.00000E+00, 3.98099E+00, 1.41120E+00, 3.25279E+00, 0.00000E+00, 0.00000E+00, 1.82920E-01, 0.00000E+00, 8.36377E-01, 1.41120E+03,-1.05097E+00, 3.68680E+00, 1.95791E-01, 2.11182E-02,-1.10874E-02,-4.37647E-04, 1.41122E+03,-1.05114E+00, 3.69825E+00, 1.96237E-01, 3.25409E+00,-4.10460E+00, 1.44414E+01, 7.66290E-01, 9.63755E+03, 9.99495E+01, 1.86183E+03, 9.99950E+01, 5.94999E-01, 2.72056E+00, 9.99998E+01, 3.03854E+01, 2.60611E-03,-1.38488E-04, 0.00000E+00, 0.00000E+00, 0.00000E+00,
 1749, 3.49581E+01,TRUE,0, 0.00000E+00, 3.98079E+00, 1.41118E+00, 3.25261E+00, 0.00000E+00, 0.00000E+00, 1.82923E-01, 0.00000E+00, 8.36402E-01, 1.41118E+03,-1.05081E+00, 3.67535E+00, 1.95345E-01, 2.11182E-02,-1.10724E-02,-4.37722E-04, 1.41120E+03,-1.05097E+00, 3.68680E+00, 1.95791E-01, 3.25402E+00,-4.10387E+00, 1.43963E+01, 7.64531E-01, 9.67686E+03, 9.99504E+01, 1.86583E+03, 9.99951E+01, 5.94979E-01, 2.72049E+00, 9.99998E+01, 3.03851E+01, 2.59805E-03,-1.38174E-04, 0.00000E+00, 0.00000E+00, 0.00000E+00,
 1750, 3.49781E+01,TRUE,0, 0.00000E+00, 3.98058E+00, 1.41116E+00, 3.25243E+00, 0.00000E+00, 0.00000E+00, 1.82927E-01, 0.00000E+00, 8.36429E-01, 1.41116E+03,-1.05065E+00, 3.66392E+00, 1.94899E-01, 2.11182E-02,-1.10571E-02,-4.37781E-04, 1.41118E+03,-1.05081E+00, 3.67535E+00, 1.95345E-01, 3.25394E+00,-4.10314E+00, 1.43513E+01, 7.62771E-01, 9.71626E+03, 9.99513E+01, 1.86983E+03, 9.99952E+01, 5.94958E-01, 2.72042E+00, 9.99998E+01, 3.03848E+01, 2.58999E-03,-1.37859E-04, 0.00000E+00, 0.00000E+00, 0.00000E+00,
 1751, 3.49981E+01,TRUE,0, 0.00000E+00, 3.98036E+00, 1.41114E+00, 3.25223E+00, 0.00000E+00, 0.00000E+00, 1.82932E-01, 0.00000E+00, 8.36457E-01, 1.41114E+03,-1.05049E+00, 3.65250E+00, 1.94452E-01, 2.11182E-02,-1.10421E-02,-4.37841E-04, 1.41116E+03,-1.05065E+00, 3.66392E+00, 1.94899E-01, 3.25387E+00,-4.10241E+00, 1.43063E+01, 7.61010E-01, 9.75573E+03, 9.99521E+01, 1.87383E+03, 9.99953E+01, 5.94935E-01, 2.72035E+00, 9.99998E+01, 3.03845E+01, 2.58194E-03,-1.37545E-04, 0.00000E+00, 0.00000E+00, 0.00000E+00,
 1752, 3.50181E+01,TRUE,0, 0.00000E+00, 3.98013E+00, 1.41111E+00, 3.25202E+00, 0.00000E+00, 0.00000E+00, 1.82936E-01, 0.00000E+00, 8.36487E-01, 1.41111E+03,-1.05033E+00, 3.64108E+00, 1.94006E-01, 2.11182E-02,-1.10269E-02,-4.37886E-04, 1.41114E+03,-1.05049E+00, 3.65250E+00, 1.94452E-01, 3.25379E+00,-4.10169E+00, 1.42613E+01, 7.59248E-01, 9.79529E+03, 9.99530E+01, 1.87783E+03, 9.99954E+01, 5.94911E-01, 2.72027E+00, 9.99998E+01, 3.03842E+01, 2.57390E-03,-1.37230E-04, 0.00000E+00, 0.00000E+00, 0.00000E+00,
 1753, 3.50381E+01,TRUE,0, 0.00000E+00, 3.97988E+00, 1.41109E+00, 3.25180E+00, 0.00000E+00, 0.00000E+00, 1.82940E-01, 0.00000E+00, 8.36518E-01, 1.41109E+03,-1.05017E+00, 3.62968E+00, 1.93559E-01, 2.11182E-02,-1.10118E-02,-4.37945E-04, 1.41111E+03,-1.05033E+00, 3.64108E+00, 1.94006E-01, 3.25371E+00,-4.10097E+00, 1.42165E+01, 7.57486E-01, 9.83492E+03, 9.99538E+01, 1.88183E+03, 9.99954E+01, 5.94886E-01, 2.72019E+00, 9.99998E+01, 3.03839E+01, 2.56587E-03,-1.36916E-04, 0.00000E+00, 0.00000E+00, 0.00000E+00,
 1754, 3.50581E+01,TRUE,0, 0.00000E+00, 3.97962E+00, 1.41107E+00, 3.25157E+00, 0.00000E+00, 0.00000E+00, 1.82945E-01, 0.00000E+00, 8.36551E-01, 1.41107E+03,-1.05001E+00, 3.61829E+00, 1.93112E-01, 2.11182E-02,-1.09963E-02,-4.38005E-04, 1.41109E+03,-1.05017E+00, 3.62968E+00, 1.93559E-01, 3.25364E+00,-4.10025E+00, 1.41716E+01, 7.55724E-01, 9.87464E+03, 9.99547E+01, 1.88583E+03, 9.99955E+01, 5.94858E-01, 2.72010E+00, 9.99998E+01, 3.03835E+01, 2.55785E-03,-1.36601E-04, 0.00000E+00, 0.00000E+00, 0.00000E+00,
 1755, 3.50781E+01,TRUE,0, 0.00000E+00, 3.97935E+00, 1.41105E+00, 3.25133E+00, 0.00000E+00, 0.00000E+00, 1.82950E-01, 0.00000E+00, 8.36586E-01, 1.41105E+03,-1.04986E+00, 3.60691E+00, 1.92664E-01, 2.11182E-02,-1.09813E-02,-4.38049E-04, 1.41107E+03,-1.05001E+00, 3.61829E+00, 1.93112E-01, 3.25356E+00,-4.09954E+00, 1.41268E+01, 7.53960E-01, 9.91443E+03, 9.99555E+01, 1.88983E+03, 9.99956E+01, 5.94830E-01, 2.72001E+00, 9.99998E+01, 3.03831E+01, 2.54983E-03,-1.36286E-04, 0.00000E+00, 0.00000E+00, 0.00000E+00,
 1756, 3.50981E+01,TRUE,0, 0.00000E+00, 3.97906E+00, 1.41103E+00, 3.25108E+00, 0.00000E+00, 0.00000E+00, 1.82955E-01, 0.00000E+00, 8.36621E-01, 1.41103E+03,-1.04970E+00, 3.59554E+00, 1.92217E-01, 2.09961E-02,-1.09656E-02,-4.38049E-04, 1.41105E+03,-1.04986E+00, 3.60691E+00, 1.92664E-01, 3.25349E+00,-4.09884E+00, 1.40820E+01, 7.52196E-01, 9.95431E+03, 9.99563E+01, 1.89383E+03, 9.99957E+01, 5.94800E-01, 2.71992E+00, 9.99998E+01, 3.03827E+01, 2.54182E-03,-1.35971E-04, 0.00000E+00, 0.00000E+00, 0.00000E+00,
 1757, 3.51181E+01,TRUE,0, 0.00000E+00, 3.97877E+00, 1.41101E+00, 3.25081E+00, 0.00000E+00, 0.00000E+00, 1.82960E-01, 0.00000E+00, 8.36658E-01, 1.41101E+03,-1.04955E+00, 3.58419E+00, 1.91769E-01, 2.09961E-02,-1.09499E-02,-4.38035E-04, 1.41103E+03,-1.04970E+00, 3.59554E+00, 1.92217E-01, 3.25341E+00,-4.09813E+00, 1.40373E+01, 7.50432E-01, 9.99426E+03, 9.99571E+01, 1.89783E+03, 9.99958E+01, 5.94768E-01, 2.71982E+00, 9.99998E+01, 3.03823E+01, 2.53382E-03,-1.35656E-04, 0.00000E+00, 0.00000E+00, 0.00000E+00,
 1758, 3.51381E+01,TRUE,0, 0.00000E+00, 3.97846E+00, 1.41099E+00, 3.25054E+00, 0.00000E+00, 0.00000E+00, 1.82965E-01, 0.00000E+00, 8.36697E-01, 1.41099E+03,-1.04940E+00, 3.57284E+00, 1.91321E-01, 2.09961E-02,-1.09339E-02,-4.38020E-04, 1.41101E+03,-1.04955E+00, 3.58419E+00, 1.91769E-01, 3.25333E+00,-4.09744E+00, 1.39927E+01, 7.48667E-01, 1.00343E+04, 9.99578E+01, 1.90183E+03, 9.99958E+01, 5.94735E-01, 2.71971E+00, 9.99998E+01, 3.03818E+01, 2.52582E-03,-1.35340E-04, 0.00000E+00, 0.00000E+00, 0.00000E+00,
 1759, 3.51581E+01,TRUE,0, 0.00000E+00, 3.97813E+00, 1.41097E+00, 3.25025E+00, 0.00000E+00, 0.00000E+00, 1.82970E-01, 0.00000E+00, 8.36737E-01, 1.41097E+03,-1.04924E+00, 3.56151E+00, 1.90873E-01, 2.09961E-02,-1.09181E-02,-4.38020E-04, 1.41099E+03,-1.04940E+00, 3.57284E+00, 1.91321E-01, 3.25326E+00,-4.09674E+00, 1.39480E+01, 7.46901E-01, 1.00744E+04, 9.99586E+01, 1.90583E+03, 9.99959E+01, 5.94700E-01, 2.71961E+00, 9.99998E+01, 3.03813E+01, 2.51784E-03,-1.35025E-04, 0.00000E+00, 0.00000E+00, 0.00000E+00,
 1760, 3.51781E+01,TRUE,0, 0.00000E+00, 3.97780E+00, 1.41095E+00, 3.24996E+00, 0.00000E+00, 0.00000E+00, 1.82976E-01, 0.00000E+00, 8.36778E-01, 1.41095E+03,-1.04909E+00, 3.55018E+00, 1.90425E-01, 2.09961E-02,-1.09024E-02,-4.38035E-04, 1.41097E+03,-1.04924E+00, 3.56151E+00, 1.90873E-01, 3.25318E+00,-4.09605E+00, 1.39035E+01, 7.45135E-01, 1.01146E+04, 9.99594E+01, 1.90983E+03, 9.99960E+01, 5.94664E-01, 2.71949E+00, 9.99998E+01, 3.03808E+01, 2.50986E-03,-1.34709E-04, 0.00000E+00, 0.00000E+00, 0.00000E+00,
 1761, 3.51981E+01,TRUE,0, 0.00000E+00, 3.97745E+00, 1.41093E+00, 3.24965E+00, 0.00000E+00, 0.00000E+00, 1.82982E-01, 0.00000E+00, 8.36821E-01, 1.41093E+03,-1.04894E+00, 3.53887E+00, 1.89977E-01, 2.09961E-02,-1.08864E-02,-4.38035E-04, 1.41095E+03,-1.04909E+00, 3.55018E+00, 1.90425E-01, 3.25311E+00,-4.09537E+00, 1.38589E+01, 7.43369E-01, 1.01549E+04, 9.99601E+01, 1.91383E+03, 9.99961E+01, 5.94626E-01, 2.71938E+00, 9.99998E+01, 3.03803E+01, 2.50189E-03,-1.34394E-04, 0.00000E+00, 0.00000E+00, 0.00000E+00,
 1762, 3.52181E+01,TRUE,0, 0.00000E+00, 3.97709E+00, 1.41090E+00, 3.24933E+00, 0.00000E+00, 0.00000E+00, 1.82988E-01, 0.00000E+00, 8.36866E-01, 1.41090E+03,-1.04879E+00, 3.52757E+00, 1.89529E-01, 2.09961E-02,-1.08705E-02,-4.38005E-04, 1.41093E+03,-1.04894E+00, 3.53887E+00, 1.89977E-01, 3.25303E+00,-4.09469E+00, 1.38145E+01, 7.41602E-01, 1.01952E+04, 9.99608E+01, 1.91783E+03, 9.99961E+01, 5.94587E-01, 2.71925E+00, 9.99998E+01, 3.03797E+01, 2.49392E-03,-1.34078E-04, 0.00000E+00, 0.00000E+00, 0.00000E+00,
 1763, 3.52381E+01,TRUE,0, 0.00000E+00, 3.97672E+00, 1.41088E+00, 3.24900E+00, 0.00000E+00, 0.00000E+00, 1.82994E-01, 0.00000E+00, 8.36912E-01, 1.41088E+03,-1.04865E+00, 3.51628E+00, 1.89080E-01, 2.09961E-02,-1.08545E-02,-4.37990E-04, 1.41090E+03,-1.04879E+00, 3.52757E+00, 1.89529E-01, 3.25295E+00,-4.09401E+00, 1.37700E+01, 7.39834E-01, 1.02357E+04, 9.99615E+01, 1.92183E+03, 9.99962E+01, 5.94547E-01, 2.71913E+00, 9.99998E+01, 3.03792E+01, 2.48597E-03,-1.33762E-04, 0.00000E+00, 0.00000E+00, 0.00000E+00,
 1764, 3.52581E+01,TRUE,0, 0.00000E+00, 3.97633E+00, 1.41086E+00, 3.24866E+00, 0.00000E+00, 0.00000E+00, 1.83000E-01, 0.00000E+00, 8.36959E-01, 1.41086E+03,-1.04850E+00, 3.50500E+00, 1.88632E-01, 2.09961E-02,-1.08383E-02,-4.37945E-04, 1.41088E+03,-1.04865E+00, 3.51628E+00, 1.89080E-01, 3.25288E+00,-4.09334E+00, 1.37256E+01, 7.38067E-01, 1.02762E+04, 9.99622E+01, 1.92583E+03, 9.99963E+01, 5.94504E-01, 2.71900E+00, 9.99998E+01, 3.03786E+01, 2.47802E-03,-1.33446E-04, 0.00000E+00, 0.00000E+00, 0.00000E+00,
 1765, 3.52781E+01,TRUE,0, 0.00000E+00, 3.97593E+00, 1.41084E+00, 3.24831E+00, 0.00000E+00, 0.00000E+00, 1.83006E-01, 0.00000E+00, 8.37008E-01, 1.41084E+03,-1.04835E+00, 3.49374E+00, 1.88183E-01, 2.09961E-02,-1.08223E-02,-4.37900E-04, 1.41086E+03,-1.04850E+00, 3.50500E+00, 1.88632E-01, 3.25280E+00,-4.09267E+00, 1.36813E+01, 7.36299E-01, 1.03168E+04, 9.99629E+01, 1.92982E+03, 9.99963E+01, 5.94461E-01, 2.71886E+00, 9.99998E+01, 3.03780E+01, 2.47009E-03,-1.33130E-04, 0.00000E+00, 0.00000E+00, 0.00000E+00,
 1766, 3.52981E+01,TRUE,0, 0.00000E+00, 3.97552E+00, 1.41082E+00, 3.24795E+00, 0.00000E+00, 0.00000E+00, 1.83013E-01, 0.00000E+00, 8.37058E-01, 1.41082E+03,-1.04821E+00, 3.48249E+00, 1.87734E-01, 2.09961E-02,-1.08061E-02,-4.37856E-04, 1.41084E+03,-1.04835E+00, 3.49374E+00, 1.88183E-01, 3.25273E+00,-4.09201E+00, 1.36370E+01, 7.34530E-01, 1.03575E+04, 9.99635E+01, 1.93382E+03, 9.99964E+01, 5.94416E-01, 2.71872E+00, 9.99998E+01, 3.03773E+01, 2.46216E-03,-1.32814E-04, 0.00000E+00, 0.00000E+00, 0.00000E+00,
 1767, 3.53181E+01,TRUE,0, 0.00000E+00, 3.97510E+00, 1.41080E+00, 3.24758E+00, 0.00000E+00, 0.00000E+00, 1.83019E-01, 0.00000E+00, 8.37110E-01, 1.41080E+03,-1.04806E+00, 3.47125E+00, 1.87286E-01, 2.09961E-02,-1.07899E-02,-4.37826E-04, 1.41082E+03,-1.04821E+00, 3.48249E+00, 1.87734E-01, 3.25265E+00,-4.09135E+00, 1.35928E+01, 7.32762E-01, 1.03982E+04, 9.99642E+01, 1.93782E+03, 9.99965E+01, 5.94369E-01, 2.71858E+00, 9.99998E+01, 3.03767E+01, 2.45423E-03,-1.32498E-04, 0.00000E+00, 0.00000E+00, 0.00000E+00,
 1768, 3.53381E+01,TRUE,0, 0.00000E+00, 3.97466E+00, 1.41078E+00, 3.24720E+00, 0.00000E+00, 0.00000E+00, 1.83026E-01, 0.00000E+00, 8.37163E-01, 1.41078E+03,-1.04792E+00, 3.46002E+00, 1.86837E-01, 2.09961E-02,-1.07737E-02,-4.37781E-04, 1.41080E+03,-1.04806E+00, 3.47125E+00, 1.87286E-01, 3.25258E+00,-4.09069E+00, 1.35486E+01, 7.30993E-01, 1.04391E+04, 9.99648E+01, 1.94182E+03, 9.99965E+01, 5.94321E-01, 2.71843E+00, 9.99998E+01, 3.03760E+01, 2.44632E-03,-1.32182E-04, 0.00000E+00, 0.00000E+00, 0.00000E+00,
 1769, 3.53581E+01,TRUE,0, 0.00000E+00, 3.97421E+00, 1.41076E+00, 3.24680E+00, 0.00000E+00, 0.00000E+00, 1.83033E-01, 0.00000E+00, 8.37218E-01, 1.41076E+03,-1.04778E+00, 3.44880E+00, 1.86388E-01, 2.09961E-02,-1.07572E-02,-4.37722E-04, 1.41078E+03,-1.04792E+00, 3.46002E+00, 1.86837E-01, 3.25250E+00,-4.09004E+00, 1.35044E+01, 7.29223E-01, 1.04800E+04, 9.99655E+01, 1.94582E+03, 9.99966E+01, 5.94272E-01, 2.71828E+00, 9.99998E+01, 3.03753E+01, 2.43842E-03,-1.31865E-04, 0.00000E+00, 0.00000E+00, 0.00000E+00,
 1770, 3.53781E+01,TRUE,0, 0.00000E+00, 3.97375E+00, 1.41074E+00, 3.24640E+00, 0.00000E+00, 0.00000E+00, 1.83040E-01, 0.00000E+00, 8.37274E-01, 1.41074E+03,-1.04764E+00, 3.43760E+00, 1.85939E-01, 2.09961E-02,-1.07405E-02,-4.37677E-04, 1.41076E+03,-1.04778E+00, 3.44880E+00, 1.86388E-01, 3.25242E+00,-4.08939E+00, 1.34603E+01, 7.27454E-01, 1.05210E+04, 9.99661E+01, 1.94982E+03, 9.99967E+01, 5.94221E-01, 2.71812E+00, 9.99998E+01, 3.03746E+01, 2.43052E-03,-1.31549E-04, 0.00000E+00, 0.00000E+00, 0.00000E+00,
 1771, 3.53981E+01,TRUE,0, 0.00000E+00, 3.97328E+00, 1.41072E+00, 3.24598E+00, 0.00000E+00, 0.00000E+00, 1.83048E-01, 0.00000E+00, 8.37331E-01, 1.41072E+03,-1.04750E+00, 3.42640E+00, 1.85489E-01, 2.09961E-02,-1.07238E-02,-4.37617E-04, 1.41074E+03,-1.04764E+00, 3.43760E+00, 1.85939E-01, 3.25235E+00,-4.08875E+00, 1.34163E+01, 7.25684E-01, 1.05620E+04, 9.99667E+01, 1.95382E+03, 9.99967E+01, 5.94169E-01, 2.71796E+00, 9.99998E+01, 3.03738E+01, 2.42263E-03,-1.31233E-04, 0.00000E+00, 0.00000E+00, 0.00000E+00,
 1772, 3.54181E+01,TRUE,0, 0.00000E+00, 3.97280E+00, 1.41069E+00, 3.24556E+00, 0.00000E+00, 0.00000E+00, 1.83055E-01, 0.00000E+00, 8.37390E-01, 1.41069E+03,-1.04736E+00, 3.41522E+00, 1.85040E-01, 2.09961E-02,-1.07071E-02,-4.37543E-04, 1.41072E+03,-1.04750E+00, 3.42640E+00, 1.85489E-01, 3.25227E+00,-4.08811E+00, 1.33723E+01, 7.23914E-01, 1.06032E+04, 9.99673E+01, 1.95782E+03, 9.99968E+01, 5.94115E-01, 2.71780E+00, 9.99998E+01, 3.03731E+01, 2.41475E-03,-1.30916E-04, 0.00000E+00, 0.00000E+00, 0.00000E+00,
 1773, 3.54381E+01,TRUE,0, 0.00000E+00, 3.97230E+00, 1.41067E+00, 3.24512E+00, 0.00000E+00, 0.00000E+00, 1.83063E-01, 0.00000E+00, 8.37450E-01, 1.41067E+03,-1.04722E+00, 3.40406E+00, 1.84591E-01, 2.09961E-02,-1.06907E-02,-4.37453E-04, 1.41069E+03,-1.04736E+00, 3.41522E+00, 1.85040E-01, 3.25220E+00,-4.08747E+00, 1.33284E+01, 7.22144E-01, 1.06444E+04, 9.99679E+01, 1.96182E+03, 9.99968E+01, 5.94060E-01, 2.71763E+00, 9.99998E+01, 3.03723E+01, 2.40688E-03,-1.30600E-04, 0.00000E+00, 0.00000E+00, 0.00000E+00,
 1774, 3.54581E+01,TRUE,0, 0.00000E+00, 3.97179E+00, 1.41065E+00, 3.24467E+00, 0.00000E+00, 0.00000E+00, 1.83070E-01, 0.00000E+00, 8.37512E-01, 1.41065E+03,-1.04709E+00, 3.39290E+00, 1.84141E-01, 2.09961E-02,-1.06740E-02,-4.37364E-04, 1.41067E+03,-1.04722E+00, 3.40406E+00, 1.84591E-01, 3.25212E+00,-4.08684E+00, 1.32845E+01, 7.20374E-01, 1.06857E+04, 9.99685E+01, 1.96582E+03, 9.99969E+01, 5.94003E-01, 2.71745E+00, 9.99998E+01, 3.03715E+01, 2.39902E-03,-1.30283E-04, 0.00000E+00, 0.00000E+00, 0.00000E+00,
 1775, 3.54781E+01,TRUE,0, 0.00000E+00, 3.97127E+00, 1.41063E+00, 3.24422E+00, 0.00000E+00, 0.00000E+00, 1.83078E-01, 0.00000E+00, 8.37575E-01, 1.41063E+03,-1.04695E+00, 3.38176E+00, 1.83692E-01, 2.09961E-02,-1.06568E-02,-4.37289E-04, 1.41065E+03,-1.04709E+00, 3.39290E+00, 1.84141E-01, 3.25204E+00,-4.08621E+00, 1.32406E+01, 7.18603E-01, 1.07271E+04, 9.99690E+01, 1.96982E+03, 9.99969E+01, 5.93945E-01, 2.71727E+00, 9.99998E+01, 3.03706E+01, 2.39117E-03,-1.29966E-04, 0.00000E+00, 0.00000E+00, 0.00000E+00,
 1776, 3.54980E+01,TRUE,0, 0.00000E+00, 3.97074E+00, 1.41061E+00, 3.24375E+00, 0.00000E+00, 0.00000E+00, 1.83086E-01, 0.00000E+00, 8.37639E-01, 1.41061E+03,-1.04682E+00, 3.37063E+00, 1.83242E-01, 2.09961E-02,-1.06397E-02,-4.37185E-04, 1.41063E+03,-1.04695E+00, 3.38176E+00, 1.83692E-01, 3.25197E+00,-4.08558E+00, 1.31968E+01, 7.16832E-01, 1.07686E+04, 9.99696E+01, 1.97382E+03, 9.99970E+01, 5.93886E-01, 2.71709E+00, 9.99998E+01, 3.03698E+01, 2.38332E-03,-1.29650E-04, 0.00000E+00, 0.00000E+00, 0.00000E+00,
 1777, 3.55180E+01,TRUE,0, 0.00000E+00, 3.97019E+00, 1.41059E+00, 3.24327E+00, 0.00000E+00, 0.00000E+00, 1.83094E-01, 0.00000E+00, 8.37705E-01, 1.41059E+03,-1.04668E+00, 3.35951E+00, 1.82793E-01, 2.09961E-02,-1.06227E-02,-4.37081E-04, 1.41061E+03,-1.04682E+00, 3.37063E+00, 1.83242E-01, 3.25189E+00,-4.08496E+00, 1.31531E+01, 7.15062E-01, 1.08102E+04, 9.99701E+01, 1.97782E+03, 9.99970E+01, 5.93825E-01, 2.71690E+00, 9.99998E+01, 3.03689E+01, 2.37549E-03,-1.29333E-04, 0.00000E+00, 0.00000E+00, 0.00000E+00,
 1778, 3.55380E+01,TRUE,0, 0.00000E+00, 3.96963E+00, 1.41057E+00, 3.24278E+00, 0.00000E+00, 0.00000E+00, 1.83103E-01, 0.00000E+00, 8.37773E-01, 1.41057E+03,-1.04655E+00, 3.34841E+00, 1.82343E-01, 2.09961E-02,-1.06061E-02,-4.36991E-04, 1.41059E+03,-1.04668E+00, 3.35951E+00, 1.82793E-01, 3.25182E+00,-4.08434E+00, 1.31094E+01, 7.13291E-01, 1.08518E+04, 9.99707E+01, 1.98182E+03, 9.99971E+01, 5.93762E-01, 2.71671E+00, 9.99998E+01, 3.03680E+01, 2.36766E-03,-1.29016E-04, 0.00000E+00, 0.00000E+00, 0.00000E+00,
 1779, 3.55580E+01,TRUE,0, 0.00000E+00, 3.96906E+00, 1.41055E+00, 3.24228E+00, 0.00000E+00, 0.00000E+00, 1.83111E-01, 0.00000E+00, 8.37841E-01, 1.41055E+03,-1.04642E+00, 3.33732E+00, 1.81894E-01, 2.09961E-02,-1.05889E-02,-4.36887E-04, 1.41057E+03,-1.04655E+00, 3.34841E+00, 1.82343E-01, 3.25174E+00,-4.08373E+00, 1.30658E+01, 7.11520E-01, 1.08935E+04, 9.99712E+01, 1.98582E+03, 9.99971E+01, 5.93698E-01, 2.71652E+00, 9.99998E+01, 3.03671E+01, 2.35984E-03,-1.28700E-04, 0.00000E+00, 0.00000E+00, 0.00000E+00,
 1780, 3.55780E+01,TRUE,0, 0.00000E+00, 3.96848E+00, 1.41053E+00, 3.24177E+00, 0.00000E+00, 0.00000E+00, 1.83120E-01, 0.00000E+00, 8.37911E-01, 1.41053E+03,-1.04629E+00, 3.32624E+00, 1.81444E-01, 2.09961E-02,-1.05717E-02,-4.36768E-04, 1.41055E+03,-1.04642E+00, 3.33732E+00, 1.81894E-01, 3.25166E+00,-4.08312E+00, 1.30222E+01, 7.09749E-01, 1.09353E+04, 9.99717E+01, 1.98982E+03, 9.99972E+01, 5.93633E-01, 2.71632E+00, 9.99998E+01, 3.03661E+01, 2.35203E-03,-1.28383E-04, 0.00000E+00, 0.00000E+00, 0.00000E+00,
 1781, 3.55980E+01,TRUE,0, 0.00000E+00, 3.96789E+00, 1.41051E+00, 3.24125E+00, 0.00000E+00, 0.00000E+00, 1.83129E-01, 0.00000E+00, 8.37983E-01, 1.41051E+03,-1.04616E+00, 3.31518E+00, 1.80995E-01, 2.09961E-02,-1.05546E-02,-4.36634E-04, 1.41053E+03,-1.04629E+00, 3.32624E+00, 1.81444E-01, 3.25159E+00,-4.08251E+00, 1.29787E+01, 7.07978E-01, 1.09772E+04, 9.99722E+01, 1.99382E+03, 9.99972E+01, 5.93566E-01, 2.71612E+00, 9.99998E+01, 3.03652E+01, 2.34423E-03,-1.28066E-04, 0.00000E+00, 0.00000E+00, 0.00000E+00,
 1782, 3.56180E+01,TRUE,0, 0.00000E+00, 3.96728E+00, 1.41048E+00, 3.24072E+00, 0.00000E+00, 0.00000E+00, 1.83138E-01, 0.00000E+00, 8.38056E-01, 1.41048E+03,-1.04603E+00, 3.30413E+00, 1.80545E-01, 2.09961E-02,-1.05376E-02,-4.36485E-04, 1.41051E+03,-1.04616E+00, 3.31518E+00, 1.80995E-01, 3.25151E+00,-4.08191E+00, 1.29352E+01, 7.06208E-01, 1.10191E+04, 9.99727E+01, 1.99782E+03, 9.99973E+01, 5.93498E-01, 2.71591E+00, 9.99998E+01, 3.03642E+01, 2.33644E-03,-1.27749E-04, 0.00000E+00, 0.00000E+00, 0.00000E+00,
 1783, 3.56380E+01,TRUE,0, 0.00000E+00, 3.96666E+00, 1.41046E+00, 3.24018E+00, 0.00000E+00, 0.00000E+00, 1.83147E-01, 0.00000E+00, 8.38130E-01, 1.41046E+03,-1.04590E+00, 3.29309E+00, 1.80095E-01, 2.09961E-02,-1.05200E-02,-4.36336E-04, 1.41048E+03,-1.04603E+00, 3.30413E+00, 1.80545E-01, 3.25144E+00,-4.08131E+00, 1.28918E+01, 7.04437E-01, 1.10612E+04, 9.99732E+01, 2.00182E+03, 9.99973E+01, 5.93429E-01, 2.71570E+00, 9.99998E+01, 3.03632E+01, 2.32866E-03,-1.27433E-04, 0.00000E+00, 0.00000E+00, 0.00000E+00,
 1784, 3.56580E+01,TRUE,0, 0.00000E+00, 3.96604E+00, 1.41044E+00, 3.23963E+00, 0.00000E+00, 0.00000E+00, 1.83156E-01, 0.00000E+00, 8.38206E-01, 1.41044E+03,-1.04577E+00, 3.28206E+00, 1.79646E-01, 2.09961E-02,-1.05023E-02,-4.36187E-04, 1.41046E+03,-1.04590E+00, 3.29309E+00, 1.80095E-01, 3.25136E+00,-4.08072E+00, 1.28484E+01, 7.02666E-01, 1.11033E+04, 9.99737E+01, 2.00582E+03, 9.99974E+01, 5.93358E-01, 2.71548E+00, 9.99998E+01, 3.03622E+01, 2.32089E-03,-1.27116E-04, 0.00000E+00, 0.00000E+00, 0.00000E+00,
 1785, 3.56780E+01,TRUE,0, 0.00000E+00, 3.96540E+00, 1.41042E+00, 3.23907E+00, 0.00000E+00, 0.00000E+00, 1.83165E-01, 0.00000E+00, 8.38283E-01, 1.41042E+03,-1.04565E+00, 3.27105E+00, 1.79196E-01, 2.09961E-02,-1.04845E-02,-4.36008E-04, 1.41044E+03,-1.04577E+00, 3.28206E+00, 1.79646E-01, 3.25129E+00,-4.08013E+00, 1.28051E+01, 7.00896E-01, 1.11455E+04, 9.99741E+01, 2.00982E+03, 9.99974E+01, 5.93286E-01, 2.71526E+00, 9.99998E+01, 3.03611E+01, 2.31313E-03,-1.26799E-04, 0.00000E+00, 0.00000E+00, 0.00000E+00,
 1786, 3.56980E+01,TRUE,0, 0.00000E+00, 3.96474E+00, 1.41040E+00, 3.23850E+00, 0.00000E+00, 0.00000E+00, 1.83175E-01, 0.00000E+00, 8.38361E-01, 1.41040E+03,-1.04552E+00, 3.26005E+00, 1.78747E-01, 2.09961E-02,-1.04671E-02,-4.35844E-04, 1.41042E+03,-1.04565E+00, 3.27105E+00, 1.79196E-01, 3.25121E+00,-4.07954E+00, 1.27618E+01, 6.99125E-01, 1.11878E+04, 9.99746E+01, 2.01382E+03, 9.99975E+01, 5.93212E-01, 2.71503E+00, 9.99998E+01, 3.03601E+01, 2.30538E-03,-1.26482E-04, 0.00000E+00, 0.00000E+00, 0.00000E+00,
 1787, 3.57180E+01,TRUE,0, 0.00000E+00, 3.96408E+00, 1.41038E+00, 3.23792E+00, 0.00000E+00, 0.00000E+00, 1.83185E-01, 0.00000E+00, 8.38441E-01, 1.41038E+03,-1.04540E+00, 3.24907E+00, 1.78297E-01, 2.09961E-02,-1.04499E-02,-4.35680E-04, 1.41040E+03,-1.04552E+00, 3.26005E+00, 1.78747E-01, 3.25113E+00,-4.07895E+00, 1.27186E+01, 6.97355E-01, 1.12301E+04, 9.99751E+01, 2.01782E+03, 9.99975E+01, 5.93137E-01, 2.71481E+00, 9.99998E+01, 3.03590E+01, 2.29763E-03,-1.26165E-04, 0.00000E+00, 0.00000E+00, 0.00000E+00,
 1788, 3.57380E+01,TRUE,0, 0.00000E+00, 3.96340E+00, 1.41036E+00, 3.23733E+00, 0.00000E+00, 0.00000E+00, 1.83194E-01, 0.00000E+00, 8.38522E-01, 1.41036E+03,-1.04527E+00, 3.23810E+00, 1.77847E-01, 2.09961E-02,-1.04322E-02,-4.35516E-04, 1.41038E+03,-1.04540E+00, 3.24907E+00, 1.78297E-01, 3.25106E+00,-4.07837E+00, 1.26755E+01, 6.95585E-01, 1.12726E+04, 9.99755E+01, 2.02182E+03, 9.99976E+01, 5.93061E-01, 2.71457E+00, 9.99998E+01, 3.03579E+01, 2.28990E-03,-1.25849E-04, 0.00000E+00, 0.00000E+00, 0.00000E+00,
 1789, 3.57580E+01,TRUE,0, 0.00000E+00, 3.96272E+00, 1.41034E+00, 3.23673E+00, 0.00000E+00, 0.00000E+00, 1.83204E-01, 0.00000E+00, 8.38605E-01, 1.41034E+03,-1.04515E+00, 3.22714E+00, 1.77398E-01, 2.09961E-02,-1.04146E-02,-4.35337E-04, 1.41036E+03,-1.04527E+00, 3.23810E+00, 1.77847E-01, 3.25098E+00,-4.07780E+00, 1.26324E+01, 6.93815E-01, 1.13151E+04, 9.99759E+01, 2.02582E+03, 9.99976E+01, 5.92983E-01, 2.71434E+00, 9.99998E+01, 3.03567E+01, 2.28217E-03,-1.25532E-04, 0.00000E+00, 0.00000E+00, 0.00000E+00,
 1790, 3.57780E+01,TRUE,0, 0.00000E+00, 3.96202E+00, 1.41032E+00, 3.23612E+00, 0.00000E+00, 0.00000E+00, 1.83214E-01, 0.00000E+00, 8.38689E-01, 1.41032E+03,-1.04503E+00, 3.21620E+00, 1.76948E-01, 2.09961E-02,-1.03967E-02,-4.35159E-04, 1.41034E+03,-1.04515E+00, 3.22714E+00, 1.77398E-01, 3.25091E+00,-4.07722E+00, 1.25894E+01, 6.92045E-01, 1.13577E+04, 9.99764E+01, 2.02982E+03, 9.99976E+01, 5.92903E-01, 2.71410E+00, 9.99998E+01, 3.03556E+01, 2.27446E-03,-1.25215E-04, 0.00000E+00, 0.00000E+00, 0.00000E+00,
 1791, 3.57980E+01,TRUE,0, 0.00000E+00, 3.96131E+00, 1.41030E+00, 3.23550E+00, 0.00000E+00, 0.00000E+00, 1.83225E-01, 0.00000E+00, 8.38774E-01, 1.41030E+03,-1.04491E+00, 3.20527E+00, 1.76499E-01, 2.09961E-02,-1.03788E-02,-4.34965E-04, 1.41032E+03,-1.04503E+00, 3.21620E+00, 1.76948E-01, 3.25083E+00,-4.07665E+00, 1.25464E+01, 6.90275E-01, 1.14003E+04, 9.99768E+01, 2.03382E+03, 9.99977E+01, 5.92823E-01, 2.71385E+00, 9.99998E+01, 3.03544E+01, 2.26675E-03,-1.24899E-04, 0.00000E+00, 0.00000E+00, 0.00000E+00,
 1792, 3.58180E+01,TRUE,0, 0.00000E+00, 3.96059E+00, 1.41027E+00, 3.23487E+00, 0.00000E+00, 0.00000E+00, 1.83235E-01, 0.00000E+00, 8.38860E-01, 1.41027E+03,-1.04479E+00, 3.19435E+00, 1.76050E-01, 2.09961E-02,-1.03607E-02,-4.34756E-04, 1.41030E+03,-1.04491E+00, 3.20527E+00, 1.76499E-01, 3.25075E+00,-4.07609E+00, 1.25034E+01, 6.88506E-01, 1.14431E+04, 9.99772E+01, 2.03782E+03, 9.99977E+01, 5.92741E-01, 2.71360E+00, 9.99998E+01, 3.03532E+01, 2.25906E-03,-1.24582E-04, 0.00000E+00, 0.00000E+00, 0.00000E+00,
 1793, 3.58380E+01,TRUE,0, 0.00000E+00, 3.95985E+00, 1.41025E+00, 3.23423E+00, 0.00000E+00, 0.00000E+00, 1.83246E-01, 0.00000E+00, 8.38948E-01, 1.41025E+03,-1.04467E+00, 3.18345E+00, 1.75600E-01, 2.09961E-02,-1.03426E-02,-4.34548E-04, 1.41027E+03,-1.04479E+00, 3.19435E+00, 1.76050E-01, 3.25068E+00,-4.07553E+00, 1.24606E+01, 6.86737E-01, 1.14859E+04, 9.99776E+01, 2.04182E+03, 9.99977E+01, 5.92658E-01, 2.71335E+00, 9.99998E+01, 3.03520E+01, 2.25137E-03,-1.24265E-04, 0.00000E+00, 0.00000E+00, 0.00000E+00,
 1794, 3.58580E+01,TRUE,0, 0.00000E+00, 3.95911E+00, 1.41023E+00, 3.23358E+00, 0.00000E+00, 0.00000E+00, 1.83256E-01, 0.00000E+00, 8.39038E-01, 1.41023E+03,-1.04455E+00, 3.17256E+00, 1.75151E-01, 2.09961E-02,-1.03242E-02,-4.34354E-04, 1.41025E+03,-1.04467E+00, 3.18345E+00, 1.75600E-01, 3.25060E+00,-4.07497E+00, 1.24178E+01, 6.84968E-01, 1.15289E+04, 9.99780E+01, 2.04582E+03, 9.99978E+01, 5.92573E-01, 2.71309E+00, 9.99998E+01, 3.03508E+01, 2.24369E-03,-1.23949E-04, 0.00000E+00, 0.00000E+00, 0.00000E+00,
 1795, 3.58780E+01,TRUE,0, 0.00000E+00, 3.95835E+00, 1.41021E+00, 3.23292E+00, 0.00000E+00, 0.00000E+00, 1.83267E-01, 0.00000E+00, 8.39128E-01, 1.41021E+03,-1.04443E+00, 3.16169E+00, 1.74702E-01, 2.09961E-02,-1.03064E-02,-4.34145E-04, 1.41023E+03,-1.04455E+00, 3.17256E+00, 1.75151E-01, 3.25052E+00,-4.07441E+00, 1.23750E+01, 6.83199E-01, 1.15718E+04, 9.99784E+01, 2.04982E+03, 9.99978E+01, 5.92487E-01, 2.71283E+00, 9.99998E+01, 3.03495E+01, 2.23603E-03,-1.23632E-04, 0.00000E+00, 0.00000E+00, 0.00000E+00,
 1796, 3.58980E+01,TRUE,0, 0.00000E+00, 3.95759E+00, 1.41019E+00, 3.23225E+00, 0.00000E+00, 0.00000E+00, 1.83278E-01, 0.00000E+00, 8.39220E-01, 1.41019E+03,-1.04432E+00, 3.15083E+00, 1.74253E-01, 2.09961E-02,-1.02882E-02,-4.33922E-04, 1.41021E+03,-1.04443E+00, 3.16169E+00, 1.74702E-01, 3.25045E+00,-4.07386E+00, 1.23323E+01, 6.81431E-01, 1.16149E+04, 9.99788E+01, 2.05382E+03, 9.99979E+01, 5.92400E-01, 2.71257E+00, 9.99998E+01, 3.03482E+01, 2.22837E-03,-1.23315E-04, 0.00000E+00, 0.00000E+00, 0.00000E+00,
 1797, 3.59180E+01,TRUE,0, 0.00000E+00, 3.95681E+00, 1.41017E+00, 3.23157E+00, 0.00000E+00, 0.00000E+00, 1.83289E-01, 0.00000E+00, 8.39313E-01, 1.41017E+03,-1.04420E+00, 3.13999E+00, 1.73804E-01, 2.09961E-02,-1.02699E-02,-4.33683E-04, 1.41019E+03,-1.04432E+00, 3.15083E+00, 1.74253E-01, 3.25037E+00,-4.07331E+00, 1.22897E+01, 6.79663E-01, 1.16581E+04, 9.99792E+01, 2.05782E+03, 9.99979E+01, 5.92311E-01, 2.71230E+00, 9.99998E+01, 3.03470E+01, 2.22073E-03,-1.22999E-04, 0.00000E+00, 0.00000E+00, 0.00000E+00,
 1798, 3.59380E+01,TRUE,0, 0.00000E+00, 3.95602E+00, 1.41015E+00, 3.23088E+00, 0.00000E+00, 0.00000E+00, 1.83300E-01, 0.00000E+00, 8.39408E-01, 1.41015E+03,-1.04409E+00, 3.12916E+00, 1.73355E-01, 2.09961E-02,-1.02513E-02,-4.33475E-04, 1.41017E+03,-1.04420E+00, 3.13999E+00, 1.73804E-01, 3.25030E+00,-4.07276E+00, 1.22471E+01, 6.77896E-01, 1.17013E+04, 9.99795E+01, 2.06182E+03, 9.99979E+01, 5.92221E-01, 2.71202E+00, 9.99998E+01, 3.03456E+01, 2.21309E-03,-1.22683E-04, 0.00000E+00, 0.00000E+00, 0.00000E+00,
 1799, 3.59580E+01,TRUE,0, 0.00000E+00, 3.95522E+00, 1.41013E+00, 3.23018E+00, 0.00000E+00, 0.00000E+00, 1.83312E-01, 0.00000E+00, 8.39504E-01, 1.41013E+03,-1.04397E+00, 3.11834E+00, 1.72906E-01, 2.09961E-02,-1.02329E-02,-4.33236E-04, 1.41015E+03,-1.04409E+00, 3.12916E+00, 1.73355E-01, 3.25022E+00,-4.07222E+00, 1.22045E+01, 6.76129E-01, 1.17446E+04, 9.99799E+01, 2.06582E+03, 9.99980E+01, 5.92130E-01, 2.71175E+00, 9.99998E+01, 3.03443E+01, 2.20546E-03,-1.22366E-04, 0.00000E+00, 0.00000E+00, 0.00000E+00,
 1800, 3.59780E+01,TRUE,0, 0.00000E+00, 3.95441E+00, 1.41011E+00, 3.22947E+00, 0.00000E+00, 0.00000E+00, 1.83323E-01, 0.00000E+00, 8.39601E-01, 1.41011E+03,-1.04386E+00, 3.10754E+00, 1.72457E-01, 2.09961E-02,-1.02146E-02,-4.